type,start_seconds,end_seconds,start,end,duration,score,loudness_db,low_db,center_advantage_db
HARSH,6.496,6.496,00:00:06.50,00:00:06.50,0.0,17.174687434919747,-33.60268020629883,-49.19001770019531,-63.53386688232422
RECOVERY,7.072,23.52,00:00:07.07,00:00:23.52,16.448,-0.04054585964524542,-63.30951998812481,-69.30459050669253,-0.5691624309705654
SWELL,11.25,19.25,00:00:11.25,00:00:19.25,8.0,16.755980608642794,-56.28863578796387,-61.48765075683594,-0.0553705132525902
IMPACT,37.44,37.44,00:00:37.44,00:00:37.44,0.0,9.323557213313752,-38.204715728759766,-49.6989860534668,22.71124267578125
IMPACT,38.592,38.592,00:00:38.59,00:00:38.59,0.0,11.599703280310665,-42.03603363037109,-47.155517578125,19.40772819519043
HARSH,38.784,38.784,00:00:38.78,00:00:38.78,0.0,24.792509749675908,-44.59951400756836,-51.05698394775391,18.631061553955085
SWELL,39.5,43.5,00:00:39.50,00:00:43.50,4.0,6.587702182510519,-47.4707483215332,-49.41093963623047,-3.2902432556152337
RECOVERY,45.152,51.872,00:00:45.15,00:00:51.87,6.719999999999999,-0.12652130760322824,-46.212405019461826,-47.860384918502156,-3.1739992078446666
SWELL,48.75,56.75,00:00:48.75,00:00:56.75,8.0,23.40066592504032,-39.07405799102783,-40.92218451690674,-4.1667309112548825
IMPACT,58.048,58.048,00:00:58.05,00:00:58.05,0.0,11.425973273804535,-48.91196441650391,-62.95949935913086,25.970623016357422
HARSH,58.176,58.176,00:00:58.18,00:00:58.18,0.0,25.69583760062737,-46.378116607666016,-63.32855987548828,27.927139282226562
IMPACT,58.848,58.848,00:00:58.85,00:00:58.85,0.0,8.58235109545382,-51.93582534790039,-61.39804458618164,19.4070816040039
RECOVERY,58.976,66.272,00:00:58.98,00:01:06.27,7.2960000000000065,-0.11736719030068098,-57.73391810254759,-59.75865176671457,4.730668913329012
HARSH,62.592,62.592,00:01:02.59,00:01:02.59,0.0,26.81266472583048,-49.72795867919922,-60.69354248046875,21.171810150146484
IMPACT,62.592,62.592,00:01:02.59,00:01:02.59,0.0,13.651664889899486,-49.72795867919922,-60.69354248046875,21.171810150146484
IMPACT,64.384,64.384,00:01:04.38,00:01:04.38,0.0,9.539536023658073,-52.12875747680664,-59.48673629760742,16.80290985107422
IMPACT,66.816,66.816,00:01:06.82,00:01:06.82,0.0,18.223758380712056,-42.79161834716797,-56.1174430847168,26.82238006591797
HARSH,66.848,66.848,00:01:06.85,00:01:06.85,0.0,23.361229057396173,-41.48442077636719,-54.628902435302734,29.304698944091797
RECOVERY,67.296,72.736,00:01:07.30,00:01:12.74,5.439999999999998,-0.1193389510021759,-57.924429642526725,-59.316545742994165,1.1288667422289036
HARSH,70.144,70.144,00:01:10.14,00:01:10.14,0.0,11.871036870471146,-50.97631072998047,-58.03789520263672,18.728443145751953
IMPACT,73.984,73.984,00:01:13.98,00:01:13.98,0.0,15.190290501325068,-43.12910079956055,-49.13368988037109,26.3075180053711
HARSH,74.816,74.816,00:01:14.82,00:01:14.82,0.0,26.18829959174069,-44.41448974609375,-56.461463928222656,22.89051055908203
IMPACT,74.816,74.816,00:01:14.82,00:01:14.82,0.0,19.069623045748983,-44.41448974609375,-56.461463928222656,22.89051055908203
IMPACT,75.584,75.584,00:01:15.58,00:01:15.58,0.0,12.452611226662063,-50.60977554321289,-57.06239318847656,15.4632568359375
RECOVERY,76.44800000000001,87.936,00:01:16.45,00:01:27.94,11.488,-0.13138671072588556,-54.18439066145155,-55.46539745330811,-0.7135454813639323
SWELL,78.75,82.75,00:01:18.75,00:01:22.75,4.0,9.00391377483863,-53.98225512695313,-55.03132669067383,-3.0690144653320313
IMPACT,83.264,83.264,00:01:23.26,00:01:23.26,0.0,12.249952734912023,-45.549461364746094,-48.66196441650391,9.922721862792969
HARSH,84.64,84.64,00:01:24.64,00:01:24.64,0.0,15.111857714704955,-50.664642333984375,-53.13195037841797,8.443416595458991
IMPACT,84.672,84.672,00:01:24.67,00:01:24.67,0.0,8.863532982720647,-51.04692459106445,-53.924922943115234,9.452880859375
IMPACT,85.696,85.696,00:01:25.70,00:01:25.70,0.0,8.973733648816403,-48.09550476074219,-52.5739860534668,15.219551086425788
SWELL,88.5,96.5,00:01:28.50,00:01:36.50,8.0,23.41937101470394,-42.81685740661621,-51.87080387878418,7.9005879821777345
IMPACT,89.024,89.024,00:01:29.02,00:01:29.02,0.0,13.671066686806872,-37.70322799682617,-47.203887939453125,30.576711654663086
HARSH,89.088,89.088,00:01:29.09,00:01:29.09,0.0,27.718079070062007,-39.22380065917969,-48.13652038574219,28.471935272216797
IMPACT,90.368,90.368,00:01:30.37,00:01:30.37,0.0,13.761652476522674,-36.444129943847656,-39.873294830322266,26.31872177124023
HIGH_LOAD,95.168,100.832,00:01:35.17,00:01:40.83,5.663999999999987,0.5616553665340719,-32.589833752492844,-45.81549635897861,2.3850893063491645
HARSH,101.12,101.12,00:01:41.12,00:01:41.12,0.0,18.631006306828287,-49.673583984375,-59.21737289428711,31.6254653930664
IMPACT,101.12,101.12,00:01:41.12,00:01:41.12,0.0,10.745424400866076,-49.673583984375,-59.21737289428711,31.6254653930664
IMPACT,102.72,102.72,00:01:42.72,00:01:42.72,0.0,13.589065832232189,-43.07706451416016,-52.85488510131836,44.266109466552734
IMPACT,103.904,103.904,00:01:43.90,00:01:43.90,0.0,11.681067472391458,-51.43593597412109,-63.39373016357422,36.5185661315918
IMPACT,104.8,104.8,00:01:44.80,00:01:44.80,0.0,14.605552924528745,-43.47200775146485,-56.91034698486328,43.94465255737305
IMPACT,105.952,105.952,00:01:45.95,00:01:45.95,0.0,21.671366797920882,-44.84577178955078,-58.475093841552734,41.582496643066406
HARSH,106.176,106.176,00:01:46.18,00:01:46.18,0.0,39.85395239554306,-46.38158416748047,-64.8934097290039,40.91302490234375
IMPACT,107.84,107.84,00:01:47.84,00:01:47.84,0.0,15.865698232687688,-47.147743225097656,-63.05488967895508,40.39000701904297
IMPACT,109.088,109.088,00:01:49.09,00:01:49.09,0.0,27.27034429584301,-46.03907775878906,-73.66036224365234,40.98774719238281
IMPACT,110.016,110.016,00:01:50.02,00:01:50.02,0.0,8.127493622075704,-48.94133758544922,-64.75386047363281,37.97986602783203
HARSH,111.168,111.168,00:01:51.17,00:01:51.17,0.0,29.036501400658718,-49.75976943969727,-70.42413330078125,35.45336151123047
IMPACT,111.168,111.168,00:01:51.17,00:01:51.17,0.0,15.519009752115005,-49.75976943969727,-70.42413330078125,35.45336151123047
IMPACT,112.384,112.384,00:01:52.38,00:01:52.38,0.0,13.86840741502512,-45.57558059692383,-63.16127014160156,27.921749114990234
IMPACT,113.152,113.152,00:01:53.15,00:01:53.15,0.0,15.81882584508155,-46.19390487670898,-62.03792953491211,23.62482452392578
HARSH,114.752,114.752,00:01:54.75,00:01:54.75,0.0,15.971758728522467,-49.51860427856445,-64.42361450195312,22.554477691650384
IMPACT,115.04,115.04,00:01:55.04,00:01:55.04,0.0,13.147190515106212,-37.74316787719727,-62.04103469848633,34.486083984375
SWELL,115.5,123.5,00:01:55.50,00:02:03.50,8.0,23.978368555997275,-44.66971091461182,-48.85378663635254,-7.286176162719727
IMPACT,119.2,119.2,00:01:59.20,00:01:59.20,0.0,11.515606093694494,-42.62693786621094,-53.91889953613281,21.004562377929688
IMPACT,120.736,120.736,00:02:00.74,00:02:00.74,0.0,10.836942865682957,-38.94067001342773,-42.07301330566406,6.420597076416016
IMPACT,140.96,140.96,00:02:20.96,00:02:20.96,0.0,8.37939224363094,-36.86000442504883,-41.097618103027344,13.232032775878906
HARSH,141.824,141.824,00:02:21.82,00:02:21.82,0.0,18.226072648754354,-40.05229568481445,-43.7204704284668,14.892257690429688
IMPACT,142.272,142.272,00:02:22.27,00:02:22.27,0.0,10.55845824898475,-40.42324066162109,-44.53862762451172,11.208469390869148
IMPACT,143.008,143.008,00:02:23.01,00:02:23.01,0.0,9.023731881439016,-45.85018157958984,-48.94437789916992,8.609947204589844
IMPACT,146.464,146.464,00:02:26.46,00:02:26.46,0.0,12.797482730539267,-35.85830307006836,-36.02178192138672,-5.165721893310547
IMPACT,147.456,147.456,00:02:27.46,00:02:27.46,0.0,10.063608183718294,-46.912330627441406,-47.84865951538086,2.5969886779785156
IMPACT,151.2,151.2,00:02:31.20,00:02:31.20,0.0,9.67674685254984,-38.38238906860352,-39.14781188964844,-2.3816261291503906
IMPACT,153.184,153.184,00:02:33.18,00:02:33.18,0.0,10.09210453274731,-39.73637008666992,-40.28316116333008,-0.561614990234375
IMPACT,154.528,154.528,00:02:34.53,00:02:34.53,0.0,8.62381288953616,-37.51396179199219,-37.54864883422852,-12.699321746826165
HARSH,155.552,155.552,00:02:35.55,00:02:35.55,0.0,14.456108752577281,-38.88712310791016,-42.08800506591797,12.307958602905273
IMPACT,155.552,155.552,00:02:35.55,00:02:35.55,0.0,7.992244433577743,-38.88712310791016,-42.08800506591797,12.307958602905273
IMPACT,156.704,156.704,00:02:36.70,00:02:36.70,0.0,11.954374801076183,-47.16350173950195,-50.96542739868164,11.657508850097663
IMPACT,159.008,159.008,00:02:39.01,00:02:39.01,0.0,17.317741715247568,-29.963638305664062,-40.63079833984375,32.2163028717041
RECOVERY,166.208,171.488,00:02:46.21,00:02:51.49,5.280000000000001,-0.17336513327902642,-50.0029818523361,-50.88564259172922,-4.728826890508812
HARSH,169.792,169.792,00:02:49.79,00:02:49.79,0.0,12.44086118565122,-49.6074447631836,-51.78013229370117,7.774486541748047
IMPACT,169.792,169.792,00:02:49.79,00:02:49.79,0.0,10.242799461335922,-49.6074447631836,-51.78013229370117,7.774486541748047
IMPACT,170.656,170.656,00:02:50.66,00:02:50.66,0.0,7.997699754826413,-50.39714813232422,-51.725624084472656,4.946651458740234
IMPACT,176.192,176.192,00:02:56.19,00:02:56.19,0.0,15.857715773240118,-45.442909240722656,-54.21884536743164,20.509124755859375
IMPACT,177.05599999999998,177.05599999999998,00:02:57.06,00:02:57.06,0.0,17.092665697230142,-34.32880783081055,-42.83624649047852,29.450777053833004
HARSH,177.92000000000002,177.92000000000002,00:02:57.92,00:02:57.92,0.0,26.184323772576384,-46.61097717285156,-54.841156005859375,18.139877319335938
IMPACT,178.4,178.4,00:02:58.40,00:02:58.40,0.0,17.290561073423504,-43.396217346191406,-50.20756530761719,20.878311157226562
SWELL,179.75,187.75,00:02:59.75,00:03:07.75,8.0,13.773824313233582,-40.45915536499023,-41.28582774353028,-3.666988998413086
IMPACT,181.728,181.728,00:03:01.73,00:03:01.73,0.0,11.23409005671478,-39.243045806884766,-40.62870407104492,2.8020896911621094
HARSH,182.72,182.72,00:03:02.72,00:03:02.72,0.0,20.691349824907395,-37.85675048828125,-39.70063400268555,9.028192520141602
IMPACT,224.16,224.16,00:03:44.16,00:03:44.16,0.0,9.593495950689691,-33.69020080566406,-34.895477294921875,-7.157497406005859
IMPACT,229.6,229.6,00:03:49.60,00:03:49.60,0.0,12.986468006452872,-24.69190788269043,-25.234886169433597,9.239295959472656
IMPACT,237.312,237.312,00:03:57.31,00:03:57.31,0.0,7.613897236216492,-46.36302947998047,-50.11963272094727,11.187107086181634
IMPACT,238.912,238.912,00:03:58.91,00:03:58.91,0.0,8.218984961790596,-43.7446403503418,-51.44282531738281,18.77147674560547
IMPACT,239.68,239.68,00:03:59.68,00:03:59.68,0.0,9.005736547343147,-48.76596832275391,-53.42359161376953,9.748226165771477
HARSH,239.744,239.744,00:03:59.74,00:03:59.74,0.0,23.248312428038474,-47.15681457519531,-53.18857192993164,13.10513687133789
SWELL,241.25,245.25,00:04:01.25,00:04:05.25,4.0,6.61559885702048,-49.52151983642578,-51.419378387451175,0.8462356567382815
IMPACT,245.824,245.824,00:04:05.82,00:04:05.82,0.0,10.946928780768058,-42.40610122680664,-44.12971496582031,6.9268035888671875
IMPACT,254.112,254.112,00:04:14.11,00:04:14.11,0.0,7.639919923060724,-46.83315658569336,-48.2685546875,3.8951263427734375
IMPACT,256.416,256.416,00:04:16.42,00:04:16.42,0.0,17.199833628539675,-34.984375,-37.96658706665039,25.59170913696289
IMPACT,259.328,259.328,00:04:19.33,00:04:19.33,0.0,8.413134701574208,-43.8841552734375,-47.262969970703125,11.189659118652344
RECOVERY,265.024,303.168,00:04:25.02,00:05:03.17,38.144000000000005,-0.09060056017515813,-48.28498252299485,-51.660148777286246,-20.566144436422956
SWELL,296.5,304.5,00:04:56.50,00:05:04.50,8.0,8.866910522885597,-45.81576725769043,-52.18892559814453,-22.67924252319336
IMPACT,306.752,306.752,00:05:06.75,00:05:06.75,0.0,9.52564140718349,-40.24781036376953,-47.16399765014648,22.767549514770508
HARSH,308.032,308.032,00:05:08.03,00:05:08.03,0.0,14.90852547071955,-49.53791046142578,-58.53239440917969,13.93527603149414
DRUM_RUN,308.224,308.224,00:05:08.22,00:05:08.22,0.0,2.426113295787391,-34.862640380859375,-48.71487045288086,30.224260330200195
IMPACT,308.64,308.64,00:05:08.64,00:05:08.64,0.0,8.165212319797948,-37.18952560424805,-51.91670227050781,26.89403533935547
IMPACT,309.632,309.632,00:05:09.63,00:05:09.63,0.0,7.8508024160160215,-44.23501968383789,-49.55431365966797,19.820178985595703
IMPACT,310.432,310.432,00:05:10.43,00:05:10.43,0.0,11.974790564058848,-49.88208770751953,-59.71332931518555,16.66743850708007
HARSH,312.096,312.096,00:05:12.10,00:05:12.10,0.0,22.65660476424943,-43.05889892578125,-53.20524215698242,22.277183532714844
IMPACT,312.096,312.096,00:05:12.10,00:05:12.10,0.0,10.070278281781025,-43.05889892578125,-53.20524215698242,22.277183532714844
IMPACT,314.88,314.88,00:05:14.88,00:05:14.88,0.0,8.522982436873933,-43.668487548828125,-51.00120544433594,20.466190338134766
RECOVERY,318.944,336.352,00:05:18.94,00:05:36.35,17.40799999999996,-0.11038006266606237,-48.108500314415046,-51.819067837776394,-12.862982128738263
IMPACT,337.376,337.376,00:05:37.38,00:05:37.38,0.0,7.687253153377011,-47.22738265991211,-54.46894073486328,9.381240844726562
HARSH,341.472,341.472,00:05:41.47,00:05:41.47,0.0,13.934696960153682,-47.22013473510742,-53.40580368041992,9.134479522705078
IMPACT,341.504,341.504,00:05:41.50,00:05:41.50,0.0,9.398931849868132,-47.32473373413086,-53.34695816040039,9.493743896484375
RECOVERY,343.168,355.456,00:05:43.17,00:05:55.46,12.288000000000011,-0.14719290943565697,-48.63472002698229,-54.207630018754436,-13.45075231775061
HARSH,358.912,358.912,00:05:58.91,00:05:58.91,0.0,14.103194864516897,-51.48982238769531,-58.23005676269531,7.152088165283196
IMPACT,365.824,365.824,00:06:05.82,00:06:05.82,0.0,8.335952960286123,-37.14686965942383,-39.86246871948242,10.878087997436523
IMPACT,379.424,379.424,00:06:19.42,00:06:19.42,0.0,10.69753477645014,-43.51095199584961,-48.71908187866211,-2.2851600646972656
IMPACT,388.32,388.32,00:06:28.32,00:06:28.32,0.0,9.303864420820112,-39.044193267822266,-49.1009521484375,-14.041500091552727
RECOVERY,388.992,394.816,00:06:28.99,00:06:34.82,5.823999999999955,-0.18289109144798335,-44.88703138841306,-51.05789036568397,-8.164501336102928
HIGH_LOAD,403.328,409.984,00:06:43.33,00:06:49.98,6.656000000000006,0.630597992555208,-41.080685410202975,-49.484417527486265,17.935362510133587
BARRAGE,403.488,427.392,00:06:43.49,00:07:07.39,23.903999999999996,2.0343825594560045,-41.17810455363065,-46.78284790936638,10.334234831804897
IMPACT,403.616,403.616,00:06:43.62,00:06:43.62,0.0,10.06672521589727,-36.709598541259766,-45.57215118408203,25.575481414794922
IMPACT,405.024,405.024,00:06:45.02,00:06:45.02,0.0,10.893860066218114,-46.08657836914063,-51.99253463745117,11.780120849609375
HARSH,405.056,405.056,00:06:45.06,00:06:45.06,0.0,19.347145494900605,-42.993350982666016,-52.79079055786133,14.225223541259766
DRUM_RUN,406.112,406.112,00:06:46.11,00:06:46.11,0.0,3.1421627532804663,-35.735843658447266,-45.86726379394531,21.4535083770752
IMPACT,406.176,406.176,00:06:46.18,00:06:46.18,0.0,8.930937215908784,-33.644195556640625,-46.65679550170898,22.411968231201172
IMPACT,407.808,407.808,00:06:47.81,00:06:47.81,0.0,9.123261101734439,-42.042930603027344,-52.40092849731445,22.478130340576165
HARSH,408.864,408.864,00:06:48.86,00:06:48.86,0.0,14.887167441579296,-41.00506591796875,-47.43914794921875,22.22905731201172
IMPACT,409.376,409.376,00:06:49.38,00:06:49.38,0.0,10.430463014540983,-37.72844696044922,-49.71333312988281,25.890512466430664
HIGH_LOAD,410.656,416.416,00:06:50.66,00:06:56.42,5.759999999999991,0.5835637108713874,-42.763016864081116,-48.030092228842044,11.544059331904458
IMPACT,410.944,410.944,00:06:50.94,00:06:50.94,0.0,11.422332985964829,-44.01119995117188,-48.26496124267578,18.255386352539062
IMPACT,412.128,412.128,00:06:52.13,00:06:52.13,0.0,19.820985997108362,-39.51788330078125,-49.40729141235352,22.267738342285156
HARSH,412.416,412.416,00:06:52.42,00:06:52.42,0.0,13.182923965009758,-41.20784759521485,-47.13222503662109,18.5658016204834
DRUM_RUN,412.96,412.96,00:06:52.96,00:06:52.96,0.0,3.4159567884328284,-42.13097381591797,-46.44018173217773,16.134445190429688
IMPACT,413.44,413.44,00:06:53.44,00:06:53.44,0.0,16.780976569086196,-39.95404815673828,-48.58808898925781,18.01705551147461
IMPACT,415.264,415.264,00:06:55.26,00:06:55.26,0.0,12.783103085315668,-42.27827453613281,-47.945194244384766,9.670101165771491
HIGH_LOAD,416.8,427.008,00:06:56.80,00:07:07.01,10.20799999999997,0.5956334097118304,-39.58315111398697,-43.89371209144592,6.628818768262863
IMPACT,418.016,418.016,00:06:58.02,00:06:58.02,0.0,11.074361019545426,-36.554534912109375,-46.23672866821289,19.409362792968754
IMPACT,419.392,419.392,00:06:59.39,00:06:59.39,0.0,10.737109730998705,-39.30964660644531,-41.34886932373047,4.439682006835945
IMPACT,421.088,421.088,00:07:01.09,00:07:01.09,0.0,8.159285216721637,-38.29132461547852,-43.514984130859375,9.540731430053711
HARSH,421.28,421.28,00:07:01.28,00:07:01.28,0.0,13.443525095152216,-41.57730865478516,-45.63811874389648,7.621829986572266
IMPACT,421.984,421.984,00:07:01.98,00:07:01.98,0.0,10.630497769764268,-37.085479736328125,-46.79231643676758,13.934226989746094
IMPACT,423.648,423.648,00:07:03.65,00:07:03.65,0.0,10.584648578473498,-35.08783721923828,-43.78023147583008,15.768348693847653
DRUM_RUN,424.576,424.576,00:07:04.58,00:07:04.58,0.0,2.2223839793463633,-40.87794494628906,-42.91580581665039,-15.533161163330078
IMPACT,425.152,425.152,00:07:05.15,00:07:05.15,0.0,11.308248789069692,-38.11002349853516,-44.82511138916016,10.441780090332038
IMPACT,425.92,425.92,00:07:05.92,00:07:05.92,0.0,10.88202738116034,-36.52120208740234,-42.190574645996094,9.01327896118164
RECOVERY,432.864,446.56,00:07:12.86,00:07:26.56,13.696000000000026,-0.12490230664671556,-46.208678816859816,-48.68006822279283,-11.271055012594013
SWELL,436.75,442.75,00:07:16.75,00:07:22.75,6.0,6.310978803079514,-47.69149910829921,-49.57181649029574,-13.019866229378604
IMPACT,447.328,447.328,00:07:27.33,00:07:27.33,0.0,7.6880104959884585,-38.227840423583984,-43.33930969238281,18.395729064941406
HARSH,447.424,447.424,00:07:27.42,00:07:27.42,0.0,20.533840841012992,-42.29341506958008,-45.79576110839844,12.30533218383789
HARSH,451.2,451.2,00:07:31.20,00:07:31.20,0.0,13.540973639338,-42.93321228027344,-47.48754501342773,11.858505249023438
SWELL,453.5,459.5,00:07:33.50,00:07:39.50,6.0,11.664457229019305,-35.981577700756965,-38.80492931731204,-21.752635955810547
SWELL,468.75,472.75,00:07:48.75,00:07:52.75,4.0,10.965949256837924,-32.89038302612305,-34.538309722900394,-25.25975312805176
RECOVERY,476.096,482.08,00:07:56.10,00:08:02.08,5.9839999999999804,-0.18620254526728833,-35.88049525402962,-36.45773674579377,-23.14293180628026
RECOVERY,485.152,496.864,00:08:05.15,00:08:16.86,11.711999999999989,-0.11271473222611214,-43.40451902134867,-44.92749846663722,-24.62463337329168
SWELL,491.5,499.5,00:08:11.50,00:08:19.50,8.0,19.450057475175065,-41.37373443603516,-43.60019094085693,-22.440546989440918
IMPACT,497.632,497.632,00:08:17.63,00:08:17.63,0.0,11.264449561076813,-39.77111053466797,-43.20176696777344,-5.689353942871101
IMPACT,498.944,498.944,00:08:18.94,00:08:18.94,0.0,14.167293822600607,-29.05095863342285,-31.934232711791992,-2.53631591796875
IMPACT,500.704,500.704,00:08:20.70,00:08:20.70,0.0,10.688694035956376,-31.262636184692383,-33.24205780029297,11.210390090942383
IMPACT,504.032,504.032,00:08:24.03,00:08:24.03,0.0,8.727722433118885,-28.5538387298584,-29.016544342041016,-17.995712280273438
IMPACT,525.28,525.28,00:08:45.28,00:08:45.28,0.0,11.942776186267583,-26.94778060913086,-29.412803649902344,14.09526252746582
IMPACT,543.008,543.008,00:09:03.01,00:09:03.01,0.0,8.227219928155945,-30.965940475463867,-33.181766510009766,-0.7523612976074219
HARSH,546.816,546.816,00:09:06.82,00:09:06.82,0.0,13.948602788963061,-32.04442596435547,-35.43033981323242,4.020763397216797
IMPACT,546.848,546.848,00:09:06.85,00:09:06.85,0.0,13.39302536416657,-28.38988304138184,-30.376686096191406,0.8019218444824183
IMPACT,558.112,558.112,00:09:18.11,00:09:18.11,0.0,8.140560853696195,-26.419795989990234,-29.51826477050781,19.178964614868164
HARSH,559.04,559.04,00:09:19.04,00:09:19.04,0.0,22.58507883976976,-28.790809631347656,-31.72687721252441,11.402839660644528
IMPACT,559.04,559.04,00:09:19.04,00:09:19.04,0.0,11.196922139505144,-28.790809631347656,-31.72687721252441,11.402839660644528
IMPACT,562.688,562.688,00:09:22.69,00:09:22.69,0.0,8.26209630837216,-25.542165756225582,-27.29845428466797,21.908456802368164
RECOVERY,581.12,588.928,00:09:41.12,00:09:48.93,7.807999999999993,-0.08485080625573257,-69.43617516342475,-74.64126178975008,7.518575336622155
HARSH,589.408,589.408,00:09:49.41,00:09:49.41,0.0,14.435518421556244,-43.02056884765625,-62.45809173583984,-33.61892318725586
IMPACT,589.472,589.472,00:09:49.47,00:09:49.47,0.0,23.11900432935314,-39.621673583984375,-58.76704406738281,-17.98079299926757
HARSH,598.368,598.368,00:09:58.37,00:09:58.37,0.0,16.046995776495862,-38.27071762084961,-41.73930740356445,5.8228607177734375
HARSH,603.328,603.328,00:10:03.33,00:10:03.33,0.0,15.517021644640614,-34.10773468017578,-40.15892791748047,9.748481750488281
IMPACT,603.328,603.328,00:10:03.33,00:10:03.33,0.0,8.047262276891413,-34.10773468017578,-40.15892791748047,9.748481750488281
HARSH,606.528,606.528,00:10:06.53,00:10:06.53,0.0,19.1866546935182,-34.743865966796875,-40.65208053588867,9.141136169433594
IMPACT,606.528,606.528,00:10:06.53,00:10:06.53,0.0,10.167326118985686,-34.743865966796875,-40.65208053588867,9.141136169433594
IMPACT,607.744,607.744,00:10:07.74,00:10:07.74,0.0,8.95990254094327,-26.508773803710938,-30.023813247680664,-22.301284790039062
HARSH,612.384,612.384,00:10:12.38,00:10:12.38,0.0,19.84703621219604,-42.20003128051758,-49.2685775756836,7.354957580566399
IMPACT,612.384,612.384,00:10:12.38,00:10:12.38,0.0,8.123772394747373,-42.20003128051758,-49.2685775756836,7.354957580566399
HARSH,615.456,615.456,00:10:15.46,00:10:15.46,0.0,28.369024894684877,-35.87356185913086,-45.28873825073242,19.818248748779297
IMPACT,615.52,615.52,00:10:15.52,00:10:15.52,0.0,13.291256266729038,-34.92190933227539,-49.96076202392578,21.39856338500977
IMPACT,617.664,617.664,00:10:17.66,00:10:17.66,0.0,7.621112558247445,-40.19488525390625,-48.60101318359375,14.939121246337894
HARSH,619.136,619.136,00:10:19.14,00:10:19.14,0.0,12.291163071432116,-44.76750183105469,-49.484893798828125,5.279083251953125
IMPACT,622.208,622.208,00:10:22.21,00:10:22.21,0.0,14.063754186919942,-32.40290832519531,-40.591678619384766,23.8638973236084
HARSH,622.848,622.848,00:10:22.85,00:10:22.85,0.0,20.391066612885744,-34.481040954589844,-39.76087188720703,19.867664337158203
IMPACT,626.24,626.24,00:10:26.24,00:10:26.24,0.0,9.014930110359398,-29.51907730102539,-34.543975830078125,20.710514068603516
IMPACT,628.096,628.096,00:10:28.10,00:10:28.10,0.0,8.505575251014397,-34.69007110595703,-39.26819610595703,11.564599990844727
HARSH,628.928,628.928,00:10:28.93,00:10:28.93,0.0,23.798342739915267,-34.84430694580078,-40.18401718139648,16.51479148864746
IMPACT,628.928,628.928,00:10:28.93,00:10:28.93,0.0,10.991595169733126,-34.84430694580078,-40.18401718139648,16.51479148864746
HARSH,639.968,639.968,00:10:39.97,00:10:39.97,0.0,11.710050948012068,-32.50820541381836,-37.08727645874024,6.981620788574219
IMPACT,639.968,639.968,00:10:39.97,00:10:39.97,0.0,8.248784510820784,-32.50820541381836,-37.08727645874024,6.981620788574219
IMPACT,643.84,643.84,00:10:43.84,00:10:43.84,0.0,10.247457538048836,-28.38224220275879,-30.418846130371094,16.144113540649414
IMPACT,645.92,645.92,00:10:45.92,00:10:45.92,0.0,8.317074149812894,-24.768299102783203,-25.224750518798828,16.747203826904297
IMPACT,649.824,649.824,00:10:49.82,00:10:49.82,0.0,11.166571085665613,-38.4815559387207,-45.54973983764648,11.546180725097656
HARSH,649.856,649.856,00:10:49.86,00:10:49.86,0.0,23.609437738350017,-39.3978271484375,-46.35624313354492,10.974723815917976
IMPACT,650.848,650.848,00:10:50.85,00:10:50.85,0.0,8.708820396710891,-39.018585205078125,-44.31597900390625,9.854578018188473
IMPACT,654.304,654.304,00:10:54.30,00:10:54.30,0.0,11.339471052633426,-37.86709213256836,-44.275169372558594,11.098356246948242
HIGH_LOAD,655.52,659.872,00:10:55.52,00:10:59.87,4.351999999999975,0.508814661382433,-38.42154740939175,-42.932172817035315,3.932101437645237
HARSH,657.152,657.152,00:10:57.15,00:10:57.15,0.0,28.345140170085745,-35.225948333740234,-43.484745025634766,16.752605438232422
IMPACT,657.632,657.632,00:10:57.63,00:10:57.63,0.0,15.619161510004439,-35.32929229736328,-42.95331573486328,13.771512985229489
HIGH_LOAD,663.296,667.296,00:11:03.30,00:11:07.30,4.0,0.47825321877557436,-40.19313563997783,-46.69744046529134,-1.7824932885548426
IMPACT,663.744,663.744,00:11:03.74,00:11:03.74,0.0,9.799904808747808,-37.7535400390625,-46.74829864501953,8.947830200195312
HARSH,663.776,663.776,00:11:03.78,00:11:03.78,0.0,14.816922698730062,-38.20738983154297,-46.880615234375,9.909408569335938
HIGH_LOAD,673.856,689.248,00:11:13.86,00:11:29.25,15.392000000000053,0.5048574180928408,-43.437561169699514,-47.13942995506698,-0.37181790933569436
HARSH,676.288,676.288,00:11:16.29,00:11:16.29,0.0,19.81794767827072,-42.37663650512695,-48.85429382324219,9.972949981689446
IMPACT,676.32,676.32,00:11:16.32,00:11:16.32,0.0,8.652416034035316,-42.73992538452149,-50.304481506347656,10.334571838378906
IMPACT,679.776,679.776,00:11:19.78,00:11:19.78,0.0,13.474298824376294,-42.11602020263672,-47.65495681762695,8.699714660644531
HARSH,680.032,680.032,00:11:20.03,00:11:20.03,0.0,31.727668744013645,-42.90692901611328,-47.84397888183594,9.837226867675781
IMPACT,684.32,684.32,00:11:24.32,00:11:24.32,0.0,16.24220835567067,-39.3056755065918,-47.86503601074219,12.696990966796875
HARSH,684.384,684.384,00:11:24.38,00:11:24.38,0.0,29.324936574042844,-40.81562423706055,-48.805545806884766,12.278976440429691
IMPACT,686.4,686.4,00:11:26.40,00:11:26.40,0.0,11.652690175511555,-41.16562271118164,-47.60651397705078,5.136943817138665
HIGH_LOAD,689.376,693.504,00:11:29.38,00:11:33.50,4.128000000000043,0.4851071240562383,-43.84314208397498,-47.629469064565804,-3.3452508779672465
BARRAGE,689.824,695.04,00:11:29.82,00:11:35.04,5.216000000000008,1.0497589279627977,-43.80257236666796,-47.6015539867122,-4.097259940170661
HARSH,692.256,692.256,00:11:32.26,00:11:32.26,0.0,18.004024079493558,-43.553802490234375,-47.922393798828125,4.562091827392578
IMPACT,692.256,692.256,00:11:32.26,00:11:32.26,0.0,9.16501136479304,-43.553802490234375,-47.922393798828125,4.562091827392578
HARSH,700.576,700.576,00:11:40.58,00:11:40.58,0.0,19.29547530988401,-43.5062255859375,-47.91143035888672,9.841644287109375
IMPACT,700.608,700.608,00:11:40.61,00:11:40.61,0.0,8.49278242209695,-43.1676139831543,-48.21149444580078,9.670822143554688
SWELL,702.0,704.0,00:11:42.00,00:11:44.00,2.0,7.721098324364668,-45.26130257883379,-48.541475234493134,-1.825023466540921
IMPACT,715.392,715.392,00:11:55.39,00:11:55.39,0.0,15.775843092236652,-36.9117546081543,-46.17610168457031,17.360092163085938
HARSH,715.424,715.424,00:11:55.42,00:11:55.42,0.0,25.855424382311455,-38.12423324584961,-46.072044372558594,15.464153289794922
HARSH,720.864,720.864,00:12:00.86,00:12:00.86,0.0,15.843804443576047,-41.98619079589844,-43.9244499206543,6.036182403564453
IMPACT,720.896,720.896,00:12:00.90,00:12:00.90,0.0,9.4128152396848,-42.04204940795898,-43.97365951538086,6.3317718505859375
IMPACT,722.144,722.144,00:12:02.14,00:12:02.14,0.0,7.642405616971025,-43.28944778442383,-46.18000030517578,6.269138336181641
IMPACT,723.712,723.712,00:12:03.71,00:12:03.71,0.0,9.676918279936137,-41.00743103027344,-43.489784240722656,11.64422607421875
HARSH,727.712,727.712,00:12:07.71,00:12:07.71,0.0,16.023014143903907,-41.32997512817383,-48.65585708618164,14.172208786010742
IMPACT,727.712,727.712,00:12:07.71,00:12:07.71,0.0,9.402151480089078,-41.32997512817383,-48.65585708618164,14.172208786010742
HARSH,730.72,730.72,00:12:10.72,00:12:10.72,0.0,12.301487152182569,-42.228553771972656,-48.85145568847656,16.936660766601562
IMPACT,733.088,733.088,00:12:13.09,00:12:13.09,0.0,8.402986865199054,-37.90445327758789,-49.70343780517578,23.05278015136718
HARSH,737.76,737.76,00:12:17.76,00:12:17.76,0.0,15.817864662669098,-44.52721405029297,-53.75416564941406,25.98731231689453
RECOVERY,738.624,746.752,00:12:18.62,00:12:26.75,8.127999999999929,-0.0989044782297471,-54.08856810027478,-55.79443494011374,6.428541310628256
SWELL,741.75,749.75,00:12:21.75,00:12:29.75,8.0,28.242227762038667,-44.95525980377197,-45.875529266357425,-1.3025231094360352
IMPACT,756.704,756.704,00:12:36.70,00:12:36.70,0.0,9.563325710849535,-37.19263458251953,-38.54143524169922,0.495941162109375
IMPACT,758.144,758.144,00:12:38.14,00:12:38.14,0.0,7.683997281811954,-36.77704620361328,-40.78475570678711,14.259729385375977
BARRAGE,760.64,767.744,00:12:40.64,00:12:47.74,7.104000000000042,1.2858803606879308,-49.445849226194646,-56.20016936229484,20.11491977518255
IMPACT,763.328,763.328,00:12:43.33,00:12:43.33,0.0,13.279552148879262,-36.648681640625,-44.63764572143555,31.594022750854496
DRUM_RUN,763.36,763.36,00:12:43.36,00:12:43.36,0.0,1.9229385337877365,-36.547969818115234,-44.074214935302734,31.140514373779297
HARSH,764.8,764.8,00:12:44.80,00:12:44.80,0.0,35.91450330135993,-45.62549209594727,-50.939979553222656,28.713619232177734
IMPACT,764.8,764.8,00:12:44.80,00:12:44.80,0.0,17.25077737243283,-45.62549209594727,-50.939979553222656,28.713619232177734
IMPACT,767.648,767.648,00:12:47.65,00:12:47.65,0.0,10.400699897442948,-41.832767486572266,-62.75715637207031,34.28181838989258
BARRAGE,768.128,781.248,00:12:48.13,00:13:01.25,13.120000000000005,1.6791274063627943,-49.21752538008121,-55.40144479013708,23.69461575069943
IMPACT,768.384,768.384,00:12:48.38,00:12:48.38,0.0,8.982977638546881,-41.11824035644531,-60.88325881958008,33.682342529296875
IMPACT,769.216,769.216,00:12:49.22,00:12:49.22,0.0,15.583038267842873,-48.491355895996094,-55.87295150756836,25.99945831298828
HARSH,770.496,770.496,00:12:50.50,00:12:50.50,0.0,35.04362989723357,-44.63817596435547,-62.19255447387695,29.81826400756836
IMPACT,770.56,770.56,00:12:50.56,00:12:50.56,0.0,19.290759590539942,-43.62839126586914,-61.17640686035156,30.282089233398438
IMPACT,771.5840000000001,771.5840000000001,00:12:51.58,00:12:51.58,0.0,9.692173458863495,-41.20134735107422,-51.69185256958008,34.228288650512695
IMPACT,772.32,772.32,00:12:52.32,00:12:52.32,0.0,9.986126638736945,-47.80746841430664,-55.90328979492188,27.459209442138665
IMPACT,773.568,773.568,00:12:53.57,00:12:53.57,0.0,10.568035657845266,-42.95883941650391,-50.03146743774414,30.03631591796875
IMPACT,774.72,774.72,00:12:54.72,00:12:54.72,0.0,13.928312363400824,-39.990013122558594,-47.6671142578125,36.76136016845703
HARSH,775.68,775.68,00:12:55.68,00:12:55.68,0.0,24.18268587835933,-38.05902099609375,-49.54839706420898,35.68206024169922
IMPACT,775.68,775.68,00:12:55.68,00:12:55.68,0.0,26.245656522347055,-38.05902099609375,-49.54839706420898,35.68206024169922
DRUM_RUN,776.704,776.704,00:12:56.70,00:12:56.70,0.0,2.458686685130583,-39.937801361083984,-47.01424026489258,34.69955062866211
IMPACT,776.896,776.896,00:12:56.90,00:12:56.90,0.0,15.721033706225336,-38.28567886352539,-62.11882019042969,35.274024963378906
IMPACT,777.632,777.632,00:12:57.63,00:12:57.63,0.0,9.88146590121868,-39.4858283996582,-44.31949234008789,34.345998764038086
IMPACT,778.528,778.528,00:12:58.53,00:12:58.53,0.0,15.219644503047551,-46.18434524536133,-50.18686294555664,27.655040740966797
HARSH,779.168,779.168,00:12:59.17,00:12:59.17,0.0,16.950771279812894,-46.55347442626953,-63.03759002685547,27.50731658935547
IMPACT,779.84,779.84,00:12:59.84,00:12:59.84,0.0,11.976699544998933,-38.41889953613281,-43.79232025146485,37.9544677734375
IMPACT,780.992,780.992,00:13:00.99,00:13:00.99,0.0,9.176317655542185,-50.141395568847656,-52.93254852294922,24.91321563720703
IMPACT,782.208,782.208,00:13:02.21,00:13:02.21,0.0,13.06200812575592,-46.213623046875,-56.83491134643555,27.256977081298828
HARSH,782.336,782.336,00:13:02.34,00:13:02.34,0.0,24.658681586877574,-44.016746520996094,-51.959434509277344,30.572551727294922
HIGH_LOAD,787.808,792.032,00:13:07.81,00:13:12.03,4.224000000000046,0.5352220053709021,-48.858570299650495,-54.40639048411434,34.997809092203774
IMPACT,787.84,787.84,00:13:07.84,00:13:07.84,0.0,12.37421118578534,-43.063663482666016,-48.229583740234375,35.95398712158203
HARSH,788.0,788.0,00:13:08.00,00:13:08.00,0.0,22.218311654658645,-48.278202056884766,-65.00289916992188,32.48229980468751
BARRAGE,788.352,793.312,00:13:08.35,00:13:13.31,4.960000000000036,1.5128426077116515,-51.06878131475204,-57.25672858800643,33.43209933619345
DRUM_RUN,789.568,789.568,00:13:09.57,00:13:09.57,0.0,2.824565993952701,-45.79924774169922,-47.36854934692383,34.409210205078125
IMPACT,789.92,789.92,00:13:09.92,00:13:09.92,0.0,9.138339504392137,-45.75107955932617,-52.95999526977539,39.602352142333984
IMPACT,790.816,790.816,00:13:10.82,00:13:10.82,0.0,18.95735269252957,-41.628173828125,-49.436180114746094,45.34196853637695
HARSH,791.68,791.68,00:13:11.68,00:13:11.68,0.0,12.971988052383365,-52.963008880615234,-59.46543884277344,35.26667022705078
IMPACT,791.712,791.712,00:13:11.71,00:13:11.71,0.0,7.78434266079547,-53.11003112792969,-62.8018798828125,35.223915100097656
IMPACT,796.096,796.096,00:13:16.10,00:13:16.10,0.0,8.152880215005922,-47.75541687011719,-60.02936935424805,31.782737731933594
HARSH,796.928,796.928,00:13:16.93,00:13:16.93,0.0,16.589925180480794,-45.15681457519531,-47.60231018066406,40.71195602416992
IMPACT,796.928,796.928,00:13:16.93,00:13:16.93,0.0,13.828989229069954,-45.15681457519531,-47.60231018066406,40.71195602416992
IMPACT,797.664,797.664,00:13:17.66,00:13:17.66,0.0,13.296840601776994,-42.72793197631836,-47.012298583984375,44.421321868896484
IMPACT,798.496,798.496,00:13:18.50,00:13:18.50,0.0,11.002090615132849,-53.1490478515625,-66.914306640625,34.644119262695305
IMPACT,800.736,800.736,00:13:20.74,00:13:20.74,0.0,10.771071220509453,-46.74830627441406,-52.30510330200195,33.43850326538086
HARSH,801.024,801.024,00:13:21.02,00:13:21.02,0.0,18.201447288005056,-49.13516998291016,-58.22997283935547,28.53855514526368
BARRAGE,801.856,820.672,00:13:21.86,00:13:40.67,18.81600000000003,1.6561707164168318,-51.49450150572383,-58.009507048109796,28.295691973112618
IMPACT,803.712,803.712,00:13:23.71,00:13:23.71,0.0,10.595748801593,-39.570919036865234,-41.76293182373047,41.61924743652344
HARSH,804.288,804.288,00:13:24.29,00:13:24.29,0.0,29.398767957738922,-42.4671630859375,-49.32834243774414,38.26547622680664
DRUM_RUN,804.416,804.416,00:13:24.42,00:13:24.42,0.0,2.9079389164779306,-34.21635437011719,-40.30908203125,45.54546356201172
IMPACT,804.96,804.96,00:13:24.96,00:13:24.96,0.0,9.590859831591592,-44.09400939941406,-56.71470642089844,37.53985595703125
IMPACT,805.728,805.728,00:13:25.73,00:13:25.73,0.0,12.80507812915989,-38.85176086425781,-45.25623321533203,42.21788787841797
HIGH_LOAD,808.864,813.5360000000001,00:13:28.86,00:13:33.54,4.6720000000000255,0.5308723224204552,-50.068732333021096,-54.59053984142485,32.3190645610585
IMPACT,808.96,808.96,00:13:28.96,00:13:28.96,0.0,21.868232769163967,-51.78834533691406,-68.17732238769531,34.175117492675774
HARSH,809.856,809.856,00:13:29.86,00:13:29.86,0.0,13.650079402210324,-49.85515594482422,-57.84018707275391,30.161422729492188
IMPACT,810.08,810.08,00:13:30.08,00:13:30.08,0.0,13.660657130802724,-41.10678863525391,-45.71725845336914,39.16350173950195
IMPACT,811.328,811.328,00:13:31.33,00:13:31.33,0.0,12.280464075125327,-50.33967971801758,-59.22528076171875,30.32076644897461
HARSH,812.96,812.96,00:13:32.96,00:13:32.96,0.0,21.542063819941703,-39.1903076171875,-46.9780502319336,41.16268730163574
IMPACT,812.96,812.96,00:13:32.96,00:13:32.96,0.0,15.516953553368536,-39.1903076171875,-46.9780502319336,41.16268730163574
IMPACT,814.4639999999999,814.4639999999999,00:13:34.46,00:13:34.46,0.0,11.742692035703422,-44.5281982421875,-62.96279144287109,42.35508346557617
IMPACT,815.648,815.648,00:13:35.65,00:13:35.65,0.0,14.828614074589195,-40.4599838256836,-47.56576156616211,40.693180084228516
IMPACT,816.768,816.768,00:13:36.77,00:13:36.77,0.0,10.39636501878721,-42.39419937133789,-48.311988830566406,38.816877365112305
HARSH,818.4639999999999,818.4639999999999,00:13:38.46,00:13:38.46,0.0,22.26896176466496,-49.2588996887207,-58.82364273071289,20.621742248535156
IMPACT,818.496,818.496,00:13:38.50,00:13:38.50,0.0,18.614196162895794,-49.20134735107422,-58.326690673828125,19.90407943725586
HARSH,825.216,825.216,00:13:45.22,00:13:45.22,0.0,15.796181152460246,-43.00083923339844,-52.28556823730469,18.0433120727539
IMPACT,825.792,825.792,00:13:45.79,00:13:45.79,0.0,13.625479236214725,-46.08799362182617,-52.97441101074219,14.694305419921868
IMPACT,826.976,826.976,00:13:46.98,00:13:46.98,0.0,9.9283381280943,-45.09040451049805,-48.07583618164063,16.280181884765625
IMPACT,828.128,828.128,00:13:48.13,00:13:48.13,0.0,9.638236411979443,-48.53955078125,-52.40534973144531,10.292633056640632
DRUM_RUN,828.544,828.544,00:13:48.54,00:13:48.54,0.0,2.0716410094223323,-43.18296432495117,-44.94758605957031,17.65328598022461
IMPACT,829.152,829.152,00:13:49.15,00:13:49.15,0.0,10.590984563966241,-45.74784851074219,-52.89158630371094,15.283966064453125
HARSH,829.184,829.184,00:13:49.18,00:13:49.18,0.0,11.703468599138999,-47.60801696777344,-52.462440490722656,12.830677032470703
IMPACT,832.32,832.32,00:13:52.32,00:13:52.32,0.0,8.404712349572472,-47.90039443969727,-51.85356140136719,11.062515258789062
HARSH,832.704,832.704,00:13:52.70,00:13:52.70,0.0,13.667097063927642,-49.69181060791016,-53.20207595825195,9.276142120361328
IMPACT,833.152,833.152,00:13:53.15,00:13:53.15,0.0,8.819019166049678,-45.335636138916016,-50.89713287353516,15.42095947265625
HIGH_LOAD,835.52,843.808,00:13:55.52,00:14:03.81,8.288000000000011,0.5243163958377076,-43.83249985621526,-46.52540013239934,4.275999546051025
IMPACT,835.648,835.648,00:13:55.65,00:13:55.65,0.0,10.000719634316155,-42.99505233764648,-49.14205551147461,17.608497619628906
BARRAGE,835.968,840.512,00:13:55.97,00:14:00.51,4.543999999999983,1.3080482104256645,-45.02787991503735,-48.81078597382232,8.381071904322484
HARSH,836.448,836.448,00:13:56.45,00:13:56.45,0.0,18.022131258561064,-44.537208557128906,-51.401161193847656,17.040145874023438
IMPACT,836.448,836.448,00:13:56.45,00:13:56.45,0.0,10.862177965412108,-44.537208557128906,-51.401161193847656,17.040145874023438
IMPACT,837.408,837.408,00:13:57.41,00:13:57.41,0.0,8.714064772074357,-40.48431015014648,-49.4835090637207,20.633842468261722
IMPACT,838.432,838.432,00:13:58.43,00:13:58.43,0.0,12.097696759061781,-45.71270751953125,-51.10122299194336,12.481502532958977
DRUM_RUN,839.04,839.04,00:13:59.04,00:13:59.04,0.0,2.483404150653084,-49.42372894287109,-49.69872283935547,-22.818618774414055
IMPACT,839.872,839.872,00:13:59.87,00:13:59.87,0.0,17.909689692160164,-36.83646011352539,-44.04262924194336,19.00408363342285
HARSH,840.032,840.032,00:14:00.03,00:14:00.03,0.0,24.65242964643007,-36.88492965698242,-44.80428314208984,19.821912765502937
SWELL,840.75,846.75,00:14:00.75,00:14:06.75,6.0,8.890472873915762,-39.85882088972286,-40.535083872749205,-5.3640889356480566
IMPACT,840.8,840.8,00:14:00.80,00:14:00.80,0.0,8.09894673462885,-39.3851318359375,-42.29884338378906,14.868106842041016
IMPACT,841.888,841.888,00:14:01.89,00:14:01.89,0.0,9.148897171756031,-41.38999176025391,-43.82290267944336,8.442153930664062
IMPACT,843.872,843.872,00:14:03.87,00:14:03.87,0.0,10.039617575630693,-37.4371337890625,-40.233436584472656,8.655792236328125
HARSH,843.936,843.936,00:14:03.94,00:14:03.94,0.0,15.484757922608134,-36.70782470703125,-40.04837417602539,9.782257080078125
IMPACT,850.56,850.56,00:14:10.56,00:14:10.56,0.0,10.336136163378843,-38.52436828613281,-40.87143325805664,8.624509811401367
IMPACT,852.928,852.928,00:14:12.93,00:14:12.93,0.0,9.010765751969686,-42.11676025390625,-45.37298583984375,15.245586395263672
HARSH,855.008,855.008,00:14:15.01,00:14:15.01,0.0,19.64186947751478,-49.34962463378906,-53.742950439453125,15.620189666748054
IMPACT,855.008,855.008,00:14:15.01,00:14:15.01,0.0,8.118021231458783,-49.34962463378906,-53.742950439453125,15.620189666748054
IMPACT,861.568,861.568,00:14:21.57,00:14:21.57,0.0,12.039429936249395,-39.565425872802734,-51.53317260742188,30.864856719970703
IMPACT,862.592,862.592,00:14:22.59,00:14:22.59,0.0,8.952291018690211,-40.24317169189453,-54.85136413574219,30.521156311035156
BARRAGE,865.376,879.872,00:14:25.38,00:14:39.87,14.495999999999981,2.1522763688331836,-44.941256065200605,-53.345086320381334,25.721702432842505
HIGH_LOAD,865.6,878.816,00:14:25.60,00:14:38.82,13.216000000000008,0.5988786109406375,-43.71440230475532,-52.655843568884805,27.8037528530987
IMPACT,866.592,866.592,00:14:26.59,00:14:26.59,0.0,8.295293134509512,-37.57449722290039,-53.90386581420898,34.35588455200195
IMPACT,867.456,867.456,00:14:27.46,00:14:27.46,0.0,7.943207443442067,-43.135772705078125,-55.22029495239258,28.871673583984375
DRUM_RUN,867.584,867.584,00:14:27.58,00:14:27.58,0.0,2.7228846197184366,-40.25083923339844,-54.7587776184082,32.425773620605476
IMPACT,868.768,868.768,00:14:28.77,00:14:28.77,0.0,8.98726785432667,-40.5998420715332,-50.96502304077149,31.350502014160156
IMPACT,869.728,869.728,00:14:29.73,00:14:29.73,0.0,8.379534473298747,-43.88152313232422,-51.45628356933594,28.530963897705078
HARSH,870.24,870.24,00:14:30.24,00:14:30.24,0.0,17.445843422666186,-48.88224029541016,-56.31305694580078,22.158977508544922
IMPACT,871.328,871.328,00:14:31.33,00:14:31.33,0.0,10.73010472313163,-40.98024368286133,-49.58650588989258,31.497623443603516
IMPACT,872.32,872.32,00:14:32.32,00:14:32.32,0.0,8.904392293463697,-36.89430236816406,-47.30112457275391,35.08721160888672
DRUM_RUN,872.352,872.352,00:14:32.35,00:14:32.35,0.0,2.9843837088299447,-37.07850646972656,-46.568885803222656,35.11628532409668
IMPACT,873.44,873.44,00:14:33.44,00:14:33.44,0.0,11.02728877752295,-40.8544921875,-51.12744140625,31.70917701721191
IMPACT,875.104,875.104,00:14:35.10,00:14:35.10,0.0,17.005975495194114,-37.50568389892578,-52.650638580322266,34.53125762939453
HARSH,875.36,875.36,00:14:35.36,00:14:35.36,0.0,18.89288353951904,-45.03096771240234,-51.15837478637695,26.645645141601562
IMPACT,876.128,876.128,00:14:36.13,00:14:36.13,0.0,10.94858922521969,-36.56707382202149,-51.1137580871582,35.29082107543945
DRUM_RUN,876.896,876.896,00:14:36.90,00:14:36.90,0.0,3.9970352730139935,-35.78412628173828,-46.82991027832031,37.377079010009766
IMPACT,877.216,877.216,00:14:37.22,00:14:37.22,0.0,11.36788878156111,-35.38869857788086,-51.90470886230469,37.31141662597656
IMPACT,878.592,878.592,00:14:38.59,00:14:38.59,0.0,10.029828871057031,-42.6963119506836,-49.19145202636719,27.335285186767578
IMPACT,880.832,880.832,00:14:40.83,00:14:40.83,0.0,11.997399558281296,-37.40844345092773,-46.85899353027344,33.60275459289551
HARSH,881.44,881.44,00:14:41.44,00:14:41.44,0.0,16.66465998380466,-49.90696716308594,-54.85160446166992,20.54051589965821
RECOVERY,882.496,887.712,00:14:42.50,00:14:47.71,5.216000000000008,-0.1046319524660558,-55.96516385892542,-58.56529024170666,4.356565824369105
HARSH,887.04,887.04,00:14:47.04,00:14:47.04,0.0,18.973510545661206,-51.81647491455078,-57.68752670288086,14.687713623046875
IMPACT,887.072,887.072,00:14:47.07,00:14:47.07,0.0,10.430812667635136,-51.93050003051758,-57.992034912109375,14.616901397705085
IMPACT,889.152,889.152,00:14:49.15,00:14:49.15,0.0,8.075727131469817,-39.46099472045898,-42.88874816894531,29.452680587768555
IMPACT,891.808,891.808,00:14:51.81,00:14:51.81,0.0,12.997222167983763,-33.34945297241211,-36.60976409912109,30.556495666503906
HARSH,896.992,896.992,00:14:56.99,00:14:56.99,0.0,20.28450349555843,-46.45677185058594,-55.96273422241211,20.99939727783203
IMPACT,897.024,897.024,00:14:57.02,00:14:57.02,0.0,16.20747720734736,-45.98806381225586,-56.02731704711914,22.011409759521484
IMPACT,897.984,897.984,00:14:57.98,00:14:57.98,0.0,14.804825597206406,-35.450958251953125,-38.48265838623047,31.681079864501957
RECOVERY,899.84,909.536,00:14:59.84,00:15:09.54,9.695999999999913,-0.15041748228894,-50.45582232977215,-52.54362356035333,4.530962291516755
SWELL,903.0,911.0,00:15:03.00,00:15:11.00,8.0,9.613953743368313,-48.62402189636231,-50.68248194885254,3.22227458190918
HARSH,905.024,905.024,00:15:05.02,00:15:05.02,0.0,11.926802212183533,-51.187744140625,-53.62081909179688,8.625507354736328
IMPACT,905.056,905.056,00:15:05.06,00:15:05.06,0.0,7.92661824542915,-50.54690933227539,-52.61452102661133,7.755966186523445
RECOVERY,917.056,928.16,00:15:17.06,00:15:28.16,11.103999999999928,-0.1296981307975768,-53.367037093502354,-58.185926557957444,9.329352039030228
HARSH,921.472,921.472,00:15:21.47,00:15:21.47,0.0,12.218403937257223,-51.12377548217773,-56.66406631469727,11.705257415771484
HARSH,928.416,928.416,00:15:28.42,00:15:28.42,0.0,15.765270358023608,-49.87398147583008,-58.77307891845703,21.05689239501953
IMPACT,928.448,928.448,00:15:28.45,00:15:28.45,0.0,11.627977551963294,-49.23738098144531,-57.502906799316406,21.209060668945305
HIGH_LOAD,929.952,935.936,00:15:29.95,00:15:35.94,5.984000000000037,0.567714873535641,-45.05366658149882,-55.53842309180727,30.80089773015773
BARRAGE,930.624,937.664,00:15:30.62,00:15:37.66,7.039999999999964,1.4986883207426007,-47.632310461674344,-56.648653125331414,27.629527432886185
IMPACT,932.608,932.608,00:15:32.61,00:15:32.61,0.0,9.645036834205284,-42.21106719970703,-55.90631866455078,38.73033142089844
HARSH,933.92,933.92,00:15:33.92,00:15:33.92,0.0,27.51575136514758,-42.67240905761719,-67.26264953613281,38.87177276611328
IMPACT,933.92,933.92,00:15:33.92,00:15:33.92,0.0,19.11440772927578,-42.67240905761719,-67.26264953613281,38.87177276611328
IMPACT,935.648,935.648,00:15:35.65,00:15:35.65,0.0,11.998764233001255,-38.1395378112793,-49.19247055053711,36.320796966552734
IMPACT,938.432,938.432,00:15:38.43,00:15:38.43,0.0,9.278767370924406,-45.6550407409668,-48.32946395874024,27.45476531982422
HARSH,939.008,939.008,00:15:39.01,00:15:39.01,0.0,17.612433520529592,-49.30215835571289,-53.84781265258789,23.63888931274414
DRUM_RUN,939.104,939.104,00:15:39.10,00:15:39.10,0.0,1.950963275617778,-41.61164093017578,-48.30259323120117,32.50312042236328
IMPACT,940.768,940.768,00:15:40.77,00:15:40.77,0.0,11.626805988051093,-39.48881530761719,-48.8557243347168,33.68473815917969
IMPACT,944.16,944.16,00:15:44.16,00:15:44.16,0.0,11.528359527063705,-36.625144958496094,-46.130218505859375,36.04946517944336
HARSH,945.408,945.408,00:15:45.41,00:15:45.41,0.0,23.647526748261026,-45.59235382080078,-57.60685729980469,26.32271957397461
IMPACT,945.408,945.408,00:15:45.41,00:15:45.41,0.0,10.790230775102206,-45.59235382080078,-57.60685729980469,26.32271957397461
RECOVERY,951.36,957.088,00:15:51.36,00:15:57.09,5.727999999999952,-0.12796150931099476,-56.330674425760904,-60.42099672953288,5.603738678826226
BARRAGE,964.672,969.12,00:16:04.67,00:16:09.12,4.447999999999979,1.5743261024479624,-45.57015154702323,-56.436333084106444,30.34977275303432
IMPACT,965.728,965.728,00:16:05.73,00:16:05.73,0.0,13.07416660460784,-40.03839111328125,-49.21247863769531,36.078163146972656
IMPACT,966.848,966.848,00:16:06.85,00:16:06.85,0.0,14.921945502517849,-42.30343246459961,-51.69380569458008,33.79909324645996
IMPACT,967.68,967.68,00:16:07.68,00:16:07.68,0.0,12.978044258151396,-33.15569305419922,-60.05146408081055,43.07512855529785
HARSH,967.968,967.968,00:16:07.97,00:16:07.97,0.0,37.66815138730687,-44.58153533935547,-60.11373519897461,29.757064819335938
RECOVERY,970.56,981.76,00:16:10.56,00:16:21.76,11.200000000000045,-0.08250344391429394,-58.29939386308023,-61.718276118960475,6.086177355126489
HARSH,973.472,973.472,00:16:13.47,00:16:13.47,0.0,14.611509498432,-44.40715026855469,-53.043827056884766,26.41314697265625
HARSH,981.824,981.824,00:16:21.82,00:16:21.82,0.0,22.986176040501302,-48.74788284301758,-59.511817932128906,25.43144989013672
IMPACT,981.824,981.824,00:16:21.82,00:16:21.82,0.0,11.749219950808573,-48.74788284301758,-59.511817932128906,25.43144989013672
IMPACT,985.664,985.664,00:16:25.66,00:16:25.66,0.0,14.988040332369266,-35.46661376953125,-60.04638671875,37.562469482421875
HARSH,986.016,986.016,00:16:26.02,00:16:26.02,0.0,24.453743882389396,-41.84544372558594,-47.61378860473633,33.677982330322266
IMPACT,986.496,986.496,00:16:26.50,00:16:26.50,0.0,7.883150723577601,-43.23158264160156,-47.14183044433594,32.17306900024414
RECOVERY,987.264,996.0,00:16:27.26,00:16:36.00,8.73599999999999,-0.056641807081260445,-60.90290456618706,-63.14076564259773,4.8745018482208256
IMPACT,996.288,996.288,00:16:36.29,00:16:36.29,0.0,10.343347147851306,-37.31479644775391,-44.295536041259766,37.997314453125
HARSH,996.896,996.896,00:16:36.90,00:16:36.90,0.0,15.799192451231667,-50.53551483154297,-54.52556991577149,23.65658950805664
IMPACT,998.304,998.304,00:16:38.30,00:16:38.30,0.0,9.706338653151162,-50.400169372558594,-57.6826400756836,24.171592712402344
IMPACT,999.808,999.808,00:16:39.81,00:16:39.81,0.0,9.611739254245887,-50.25730895996094,-62.56355285644531,23.643218994140625
IMPACT,1000.64,1000.64,00:16:40.64,00:16:40.64,0.0,8.351328499352444,-48.70869445800781,-52.56000518798828,26.163822174072266
IMPACT,1003.008,1003.008,00:16:43.01,00:16:43.01,0.0,10.266377777916071,-38.7922477722168,-43.84382247924805,29.42561531066894
IMPACT,1003.968,1003.968,00:16:43.97,00:16:43.97,0.0,7.899693707337736,-38.629844665527344,-42.29676818847656,31.554229736328125
IMPACT,1004.736,1004.736,00:16:44.74,00:16:44.74,0.0,15.397295506103585,-45.57928085327149,-59.18547821044922,24.54107666015625
HARSH,1005.632,1005.632,00:16:45.63,00:16:45.63,0.0,41.11835883138828,-45.36054992675781,-58.90982818603516,23.638553619384766
IMPACT,1005.696,1005.696,00:16:45.70,00:16:45.70,0.0,27.1556206653211,-45.35283660888672,-59.09317779541016,24.447021484375
HARSH,1008.672,1008.672,00:16:48.67,00:16:48.67,0.0,20.677898055243766,-45.94178009033203,-58.9336166381836,22.577049255371094
IMPACT,1008.672,1008.672,00:16:48.67,00:16:48.67,0.0,14.798512720976024,-45.94178009033203,-58.9336166381836,22.577049255371094
IMPACT,1012.096,1012.096,00:16:52.10,00:16:52.10,0.0,9.437935071036089,-41.039207458496094,-48.954139709472656,29.539762496948242
IMPACT,1013.504,1013.504,00:16:53.50,00:16:53.50,0.0,13.02522925808457,-42.828834533691406,-52.718788146972656,27.052291870117188
HARSH,1014.496,1014.496,00:16:54.50,00:16:54.50,0.0,22.73581843965715,-49.76583099365234,-61.9084587097168,18.74744796752929
IMPACT,1015.264,1015.264,00:16:55.26,00:16:55.26,0.0,12.79414347225863,-45.2396354675293,-62.875823974609375,22.91775894165039
IMPACT,1026.88,1026.88,00:17:06.88,00:17:06.88,0.0,10.781606340736717,-31.55066299438477,-38.23454284667969,18.623184204101566
IMPACT,1038.272,1038.272,00:17:18.27,00:17:18.27,0.0,7.6244490955960496,-36.553321838378906,-42.12286376953125,13.64844131469727
HARSH,1044.32,1044.32,00:17:24.32,00:17:24.32,0.0,13.372132188989687,-37.94185256958008,-39.361289978027344,-1.6533584594726491
IMPACT,1044.352,1044.352,00:17:24.35,00:17:24.35,0.0,10.318650848765492,-37.224002838134766,-38.47281646728516,-2.4370765686035156
HARSH,1063.488,1063.488,00:17:43.49,00:17:43.49,0.0,13.399791696594944,-38.18511581420898,-42.11974334716797,9.30650520324707
IMPACT,1066.56,1066.56,00:17:46.56,00:17:46.56,0.0,8.245804300064968,-43.58550262451172,-48.17794799804688,13.996009826660156
IMPACT,1072.32,1072.32,00:17:52.32,00:17:52.32,0.0,15.523475259238865,-45.40920639038086,-50.60763549804688,11.848628997802734
IMPACT,1073.344,1073.344,00:17:53.34,00:17:53.34,0.0,13.553122793284885,-42.6412353515625,-49.35749816894531,12.956100463867188
HARSH,1074.112,1074.112,00:17:54.11,00:17:54.11,0.0,15.498078559787675,-41.8222770690918,-47.98826599121094,17.365528106689453
IMPACT,1074.112,1074.112,00:17:54.11,00:17:54.11,0.0,7.852377457033619,-41.8222770690918,-47.98826599121094,17.365528106689453
BARRAGE,1074.912,1079.84,00:17:54.91,00:17:59.84,4.927999999999884,1.4527220090720492,-45.10352539554719,-49.993595049458165,5.900052605905841
IMPACT,1076.224,1076.224,00:17:56.22,00:17:56.22,0.0,11.522467601541882,-44.0245246887207,-51.18259048461914,14.096450805664062
IMPACT,1077.024,1077.024,00:17:57.02,00:17:57.02,0.0,9.636042035411997,-42.09968185424805,-53.90729904174805,14.667495727539055
IMPACT,1078.144,1078.144,00:17:58.14,00:17:58.14,0.0,9.824322943142427,-41.543113708496094,-46.95867156982422,9.354629516601562
IMPACT,1079.36,1079.36,00:17:59.36,00:17:59.36,0.0,10.497449646715971,-43.90522003173828,-51.890602111816406,11.696823120117188
HARSH,1079.712,1079.712,00:17:59.71,00:17:59.71,0.0,13.293327579817904,-45.6112060546875,-51.95602035522461,7.698272705078132
HARSH,1083.712,1083.712,00:18:03.71,00:18:03.71,0.0,15.587318404000714,-45.23199462890625,-51.91501998901367,7.908039093017578
IMPACT,1085.632,1085.632,00:18:05.63,00:18:05.63,0.0,9.45209408938317,-34.35374450683594,-37.37977600097656,8.114025115966797
RECOVERY,1087.264,1105.632,00:18:07.26,00:18:25.63,18.368000000000166,-0.15534224649972653,-40.23188191289487,-41.07387607076894,-22.457893809442936
IMPACT,1108.512,1108.512,00:18:28.51,00:18:28.51,0.0,9.119729508787666,-39.85557174682617,-41.77958679199219,7.298515319824226
HARSH,1110.208,1110.208,00:18:30.21,00:18:30.21,0.0,12.187787320330381,-37.99414443969727,-40.27875518798828,6.111839294433594
IMPACT,1110.24,1110.24,00:18:30.24,00:18:30.24,0.0,8.076978732986515,-37.12683868408203,-38.91236114501953,5.394262313842773
HARSH,1127.52,1127.52,00:18:47.52,00:18:47.52,0.0,15.53867257903016,-34.25684356689453,-37.6008415222168,9.868171691894531
IMPACT,1164.672,1164.672,00:19:24.67,00:19:24.67,0.0,8.513316458846996,-32.62120819091797,-34.14698028564453,1.6287460327148438
IMPACT,1167.104,1167.104,00:19:27.10,00:19:27.10,0.0,8.00613552970025,-32.50336456298828,-33.37841796875,-1.9171676635742152
IMPACT,1174.432,1174.432,00:19:34.43,00:19:34.43,0.0,8.455952645627033,-40.109981536865234,-41.61827087402344,3.0018081665039062
HARSH,1177.376,1177.376,00:19:37.38,00:19:37.38,0.0,13.334970221883449,-41.659664154052734,-43.547760009765625,3.8264617919921804
SWELL,1188.25,1190.25,00:19:48.25,00:19:50.25,2.0,10.582988449943414,-40.04262185475183,-40.398087516663566,-12.065520574176123
RECOVERY,1193.92,1199.616,00:19:53.92,00:19:59.62,5.695999999999913,-0.16748173710941835,-41.285441798204815,-42.36166366918127,-17.633591252332295
SWELL,1197.5,1205.5,00:19:57.50,00:20:05.50,8.0,9.267156569047785,-40.71773031616211,-42.24400372314453,-14.938879364013673
SWELL,1209.5,1213.5,00:20:09.50,00:20:13.50,4.0,7.229797831066833,-35.002876708984374,-37.82447227478028,-13.144399871826172
HIGH_LOAD,1212.672,1218.496,00:20:12.67,00:20:18.50,5.824000000000069,0.5503453876665518,-30.794466789954345,-36.417104054018445,0.1044168628630091
HARSH,1213.152,1213.152,00:20:13.15,00:20:13.15,0.0,13.83221578105698,-26.11071014404297,-28.6923942565918,15.882879257202148
IMPACT,1213.184,1213.184,00:20:13.18,00:20:13.18,0.0,13.509128926587668,-25.811378479003903,-28.428451538085938,15.51400184631348
IMPACT,1214.976,1214.976,00:20:14.98,00:20:14.98,0.0,7.811175908843873,-31.346349716186523,-42.32637786865234,6.193532943725586
HIGH_LOAD,1223.136,1230.432,00:20:23.14,00:20:30.43,7.296000000000049,0.5116875757910027,-32.16813424789229,-36.723880992706164,0.2600492202558892
IMPACT,1226.912,1226.912,00:20:26.91,00:20:26.91,0.0,9.753330857214314,-21.9650821685791,-24.718414306640625,6.774423599243164
HARSH,1226.944,1226.944,00:20:26.94,00:20:26.94,0.0,12.44263851288572,-21.88706588745117,-24.139158248901367,8.283875465393063
IMPACT,1229.76,1229.76,00:20:29.76,00:20:29.76,0.0,8.635648149263503,-20.40404891967773,-22.9702262878418,1.5014457702636719
HIGH_LOAD,1243.328,1248.288,00:20:43.33,00:20:48.29,4.960000000000036,0.5511729817167828,-33.55634294412075,-35.23235972722372,10.562418986589481
IMPACT,1245.568,1245.568,00:20:45.57,00:20:45.57,0.0,19.790989088914085,-31.25252723693848,-33.55037307739258,13.425497055053707
DRUM_RUN,1245.696,1245.696,00:20:45.70,00:20:45.70,0.0,2.1538201479804777,-35.79592514038086,-35.93592834472656,7.116613388061523
IMPACT,1261.088,1261.088,00:21:01.09,00:21:01.09,0.0,9.067672907910945,-26.31378173828125,-26.53503799438477,-6.9723720550537145
HARSH,1272.608,1272.608,00:21:12.61,00:21:12.61,0.0,14.482201613465577,-29.55077171325684,-38.05484390258789,15.139945983886719
IMPACT,1275.584,1275.584,00:21:15.58,00:21:15.58,0.0,8.62982643229885,-34.451194763183594,-44.83584976196289,5.501605987548828
HARSH,1277.408,1277.408,00:21:17.41,00:21:17.41,0.0,15.81157321371818,-36.38776397705078,-49.32504653930664,18.11289978027344
IMPACT,1277.408,1277.408,00:21:17.41,00:21:17.41,0.0,10.836331551826593,-36.38776397705078,-49.32504653930664,18.11289978027344
SWELL,1282.25,1286.25,00:21:22.25,00:21:26.25,4.0,9.644817225954156,-41.06466723632813,-47.88927093505859,18.540567626953123
BARRAGE,1282.304,1291.168,00:21:22.30,00:21:31.17,8.863999999999805,2.0535278010695968,-40.587146800199,-46.23223241627645,13.884141283927203
HARSH,1282.624,1282.624,00:21:22.62,00:21:22.62,0.0,14.560227151635406,-47.411808013916016,-54.18499374389648,15.611431121826172
HIGH_LOAD,1282.784,1291.136,00:21:22.78,00:21:31.14,8.351999999999862,0.6122895199516066,-40.27323370489455,-46.05427129032048,13.712608461161606
IMPACT,1284.288,1284.288,00:21:24.29,00:21:24.29,0.0,12.690869539550059,-32.59683990478516,-44.72309112548828,30.124719619750984
IMPACT,1285.152,1285.152,00:21:25.15,00:21:25.15,0.0,11.588175775473202,-35.4133415222168,-48.470497131347656,24.480575561523438
DRUM_RUN,1285.952,1285.952,00:21:25.95,00:21:25.95,0.0,3.011894621891031,-36.24125671386719,-44.91482162475586,17.89052391052246
IMPACT,1286.304,1286.304,00:21:26.30,00:21:26.30,0.0,10.663163232642923,-34.35309600830078,-45.63777542114258,24.01644897460937
IMPACT,1288.48,1288.48,00:21:28.48,00:21:28.48,0.0,13.060739709588663,-35.12605667114258,-45.773963928222656,20.785232543945312
IMPACT,1290.016,1290.016,00:21:30.02,00:21:30.02,0.0,9.007435680227566,-34.07271194458008,-44.65100860595703,22.009901046752926
HARSH,1290.72,1290.72,00:21:30.72,00:21:30.72,0.0,18.043000290347013,-44.32829284667969,-48.69227600097656,12.38777160644532
IMPACT,1291.936,1291.936,00:21:31.94,00:21:31.94,0.0,13.503078705571733,-41.77633666992188,-47.36742401123047,14.174633026123047
IMPACT,1294.336,1294.336,00:21:34.34,00:21:34.34,0.0,11.941146921679227,-35.30756378173828,-38.37120819091797,14.186285018920895
IMPACT,1296.64,1296.64,00:21:36.64,00:21:36.64,0.0,9.453858554170052,-35.49899673461914,-37.54002380371094,11.360368728637695
IMPACT,1299.136,1299.136,00:21:39.14,00:21:39.14,0.0,19.208955882354957,-36.02429962158203,-42.09495162963867,13.735034942626953
HARSH,1299.168,1299.168,00:21:39.17,00:21:39.17,0.0,34.893956933855904,-36.79791641235352,-41.28404998779297,11.219293594360355
IMPACT,1304.8,1304.8,00:21:44.80,00:21:44.80,0.0,9.55692691672847,-39.072696685791016,-44.92204284667969,15.378862380981445
IMPACT,1306.72,1306.72,00:21:46.72,00:21:46.72,0.0,9.131380888651842,-45.244422912597656,-47.95687103271485,7.427558898925781
HARSH,1308.896,1308.896,00:21:48.90,00:21:48.90,0.0,21.63407916561713,-36.80114364624024,-43.10065460205078,16.976657867431644
IMPACT,1308.928,1308.928,00:21:48.93,00:21:48.93,0.0,18.626897120976054,-36.6936149597168,-42.83647155761719,16.569986343383793
IMPACT,1310.144,1310.144,00:21:50.14,00:21:50.14,0.0,10.127259490395653,-40.15773010253906,-43.48895263671875,9.427513122558594
RECOVERY,1311.52,1319.584,00:21:51.52,00:21:59.58,8.064000000000078,-0.15393191848426793,-45.92107230024376,-46.43635548527533,-5.801554909807892
IMPACT,1323.584,1323.584,00:22:03.58,00:22:03.58,0.0,8.106635854337503,-41.97982406616211,-45.23356628417969,14.77032470703125
HARSH,1326.048,1326.048,00:22:06.05,00:22:06.05,0.0,13.568602697741268,-42.4061279296875,-47.942626953125,15.596630096435547
IMPACT,1326.048,1326.048,00:22:06.05,00:22:06.05,0.0,8.239429856538168,-42.4061279296875,-47.942626953125,15.596630096435547
HARSH,1332.064,1332.064,00:22:12.06,00:22:12.06,0.0,14.26411314242463,-40.597442626953125,-43.652000427246094,8.9755859375
IMPACT,1332.064,1332.064,00:22:12.06,00:22:12.06,0.0,10.656355423122744,-40.597442626953125,-43.652000427246094,8.9755859375
IMPACT,1340.928,1340.928,00:22:20.93,00:22:20.93,0.0,12.143825889640809,-28.871387481689453,-29.923019409179688,2.010953903198242
RECOVERY,1357.344,1373.28,00:22:37.34,00:22:53.28,15.935999999999922,-0.10021083759159531,-50.36287224412203,-51.960026651202796,-2.1224488390232614
IMPACT,1358.88,1358.88,00:22:38.88,00:22:38.88,0.0,10.026671319132207,-43.85787963867188,-45.91377639770508,3.8116111755371094
IMPACT,1378.88,1378.88,00:22:58.88,00:22:58.88,0.0,12.142333979385546,-40.85804748535156,-53.04531097412109,21.391265869140632
IMPACT,1383.008,1383.008,00:23:03.01,00:23:03.01,0.0,13.619735695933914,-45.48727035522461,-52.44841003417969,19.941852569580085
IMPACT,1390.4,1390.4,00:23:10.40,00:23:10.40,0.0,8.030714609640409,-40.21772766113281,-54.06333923339844,27.311325073242188
RECOVERY,1391.808,1397.056,00:23:11.81,00:23:17.06,5.248000000000047,-0.1201791530583213,-53.5825934901382,-54.700756905295634,-2.579367088549064
IMPACT,1399.072,1399.072,00:23:19.07,00:23:19.07,0.0,8.328483828856612,-42.269561767578125,-54.8765983581543,24.59614181518555
IMPACT,1401.6,1401.6,00:23:21.60,00:23:21.60,0.0,8.518824926461264,-42.83053588867188,-49.10763549804688,17.52386474609375
HIGH_LOAD,1401.92,1407.168,00:23:21.92,00:23:27.17,5.24799999999982,0.5037116309139659,-47.40194309119022,-52.313676776308,13.814463274406664
BARRAGE,1402.176,1407.136,00:23:22.18,00:23:27.14,4.960000000000036,1.4290342265101716,-47.201905592893944,-52.35835014245449,14.541458863478441
IMPACT,1402.944,1402.944,00:23:22.94,00:23:22.94,0.0,12.589047247876938,-42.24986267089844,-50.24471282958984,20.13444137573243
DRUM_RUN,1403.616,1403.616,00:23:23.62,00:23:23.62,0.0,3.15512702847788,-49.84458541870117,-53.24789047241211,13.757850646972663
IMPACT,1404.64,1404.64,00:23:24.64,00:23:24.64,0.0,13.043354949708666,-39.66962432861328,-51.73662185668945,25.055850982666026
IMPACT,1405.504,1405.504,00:23:25.50,00:23:25.50,0.0,8.07764334961671,-42.66450881958008,-52.50911331176758,21.857437133789062
IMPACT,1415.232,1415.232,00:23:35.23,00:23:35.23,0.0,9.610442122679174,-47.5936279296875,-53.09116744995117,16.897491455078132
HARSH,1415.744,1415.744,00:23:35.74,00:23:35.74,0.0,17.71475277987835,-49.11294937133789,-57.78730010986328,20.794918060302727
IMPACT,1420.16,1420.16,00:23:40.16,00:23:40.16,0.0,8.451977010761363,-44.0312385559082,-50.25170135498047,19.7689208984375
IMPACT,1423.808,1423.808,00:23:43.81,00:23:43.81,0.0,10.048217683749632,-45.337310791015625,-50.40465545654297,17.020187377929695
IMPACT,1428.8,1428.8,00:23:48.80,00:23:48.80,0.0,10.066892338212421,-42.53194427490234,-47.64338684082031,18.00472640991211
RECOVERY,1430.208,1451.04,00:23:50.21,00:24:11.04,20.83199999999988,-0.10551050682779428,-48.91047614044938,-49.67618554355177,-12.529673523698117
IMPACT,1451.808,1451.808,00:24:11.81,00:24:11.81,0.0,10.71352171969149,-41.44432830810547,-43.59956359863281,7.034812927246094
RECOVERY,1455.584,1471.232,00:24:15.58,00:24:31.23,15.64799999999991,-0.12169315619924574,-44.584649743839186,-46.60119393017827,-20.17849079832739
HARSH,1473.44,1473.44,00:24:33.44,00:24:33.44,0.0,21.701295431418952,-50.484161376953125,-55.98363876342773,12.4892578125
IMPACT,1473.44,1473.44,00:24:33.44,00:24:33.44,0.0,7.631909811929327,-50.484161376953125,-55.98363876342773,12.4892578125
RECOVERY,1474.752,1483.264,00:24:34.75,00:24:43.26,8.511999999999944,-0.12867455406761016,-59.65188725789388,-62.003529409344274,5.3758603188558975
IMPACT,1476.0,1476.0,00:24:36.00,00:24:36.00,0.0,13.629084456592942,-48.95721435546875,-58.19477462768555,20.63418960571289
HARSH,1477.568,1477.568,00:24:37.57,00:24:37.57,0.0,11.620701326852094,-50.58607482910156,-54.49561309814453,8.806037902832031
IMPACT,1484.32,1484.32,00:24:44.32,00:24:44.32,0.0,10.383725747830328,-47.51102066040039,-53.18096923828125,35.56630325317383
HARSH,1484.928,1484.928,00:24:44.93,00:24:44.93,0.0,15.831135976571757,-44.23749542236328,-54.6278190612793,36.746639251708984
IMPACT,1486.816,1486.816,00:24:46.82,00:24:46.82,0.0,10.253116981309583,-50.8478889465332,-58.02574157714844,24.424373626708984
RECOVERY,1487.584,1494.784,00:24:47.58,00:24:54.78,7.2000000000000455,-0.10011088285261839,-52.71853295047726,-53.822055242757884,-12.47908572797422
SWELL,1488.25,1496.25,00:24:48.25,00:24:56.25,8.0,31.898367104969694,-49.09056047058105,-49.774038772583005,-15.483175675074259
IMPACT,1504.032,1504.032,00:25:04.03,00:25:04.03,0.0,7.929562698469177,-42.105262756347656,-57.24845123291016,25.58933258056641
HARSH,1509.792,1509.792,00:25:09.79,00:25:09.79,0.0,18.953754903022134,-48.74456787109375,-57.76904678344727,18.047386169433594
IMPACT,1510.4,1510.4,00:25:10.40,00:25:10.40,0.0,11.295916813360204,-39.78904342651367,-54.05420303344727,29.5692195892334
HARSH,1515.68,1515.68,00:25:15.68,00:25:15.68,0.0,25.189931253392288,-43.46040344238281,-51.62864685058594,26.191741943359375
IMPACT,1515.68,1515.68,00:25:15.68,00:25:15.68,0.0,14.092983958214413,-43.46040344238281,-51.62864685058594,26.191741943359375
IMPACT,1518.24,1518.24,00:25:18.24,00:25:18.24,0.0,10.78092437864035,-42.87664794921875,-56.2172737121582,29.27480697631836
HARSH,1521.024,1521.024,00:25:21.02,00:25:21.02,0.0,25.750366011858354,-52.62767791748047,-65.62889862060547,30.02826690673828
IMPACT,1521.024,1521.024,00:25:21.02,00:25:21.02,0.0,9.982805548573818,-52.62767791748047,-65.62889862060547,30.02826690673828
IMPACT,1522.336,1522.336,00:25:22.34,00:25:22.34,0.0,9.922610540590721,-54.36857604980469,-62.21896362304688,26.53929901123047
HARSH,1525.984,1525.984,00:25:25.98,00:25:25.98,0.0,19.28637011136241,-53.28685760498047,-65.91986846923828,28.49452590942382
IMPACT,1525.984,1525.984,00:25:25.98,00:25:25.98,0.0,11.532552884439449,-53.28685760498047,-65.91986846923828,28.49452590942382
IMPACT,1527.52,1527.52,00:25:27.52,00:25:27.52,0.0,7.861559575312055,-46.35311508178711,-65.47482299804688,36.62550735473633
RECOVERY,1530.336,1539.36,00:25:30.34,00:25:39.36,9.023999999999887,-0.0501483715946715,-67.55445681191165,-71.00984466876243,14.158734165254186
IMPACT,1539.904,1539.904,00:25:39.90,00:25:39.90,0.0,17.2487010016661,-40.964134216308594,-47.43888473510742,48.72540855407715
IMPACT,1541.6,1541.6,00:25:41.60,00:25:41.60,0.0,14.034045826280186,-36.2814826965332,-38.88518905639648,43.452674865722656
HARSH,1541.76,1541.76,00:25:41.76,00:25:41.76,0.0,29.39052921463595,-44.18576049804688,-47.25621795654297,33.649871826171875
IMPACT,1543.84,1543.84,00:25:43.84,00:25:43.84,0.0,7.957712477386973,-33.28082656860352,-37.75987243652344,29.135604858398438
IMPACT,1554.08,1554.08,00:25:54.08,00:25:54.08,0.0,8.392988924594631,-33.519737243652344,-38.82078552246094,17.707540512084957
HARSH,1554.784,1554.784,00:25:54.78,00:25:54.78,0.0,17.550316252656245,-36.374656677246094,-40.70090866088867,14.225074768066406
HARSH,1562.528,1562.528,00:26:02.53,00:26:02.53,0.0,22.492458810634908,-39.79423141479492,-46.29220962524414,17.160701751708977
IMPACT,1562.528,1562.528,00:26:02.53,00:26:02.53,0.0,11.329637603782905,-39.79423141479492,-46.29220962524414,17.160701751708977
IMPACT,1566.144,1566.144,00:26:06.14,00:26:06.14,0.0,8.003248269289694,-33.877986907958984,-41.75331878662109,19.675804138183594
BARRAGE,1567.744,1570.848,00:26:07.74,00:26:10.85,3.104000000000042,1.3129015928844987,-44.484073230198454,-46.92374030911193,11.506482318956024
IMPACT,1568.48,1568.48,00:26:08.48,00:26:08.48,0.0,8.473453248531204,-31.76997756958008,-36.02913665771485,29.48935508728027
HARSH,1569.824,1569.824,00:26:09.82,00:26:09.82,0.0,23.924556054024556,-44.953521728515625,-52.25627136230469,16.597976684570312
IMPACT,1569.824,1569.824,00:26:09.82,00:26:09.82,0.0,9.767243173756397,-44.953521728515625,-52.25627136230469,16.597976684570312
SWELL,1571.0,1575.0,00:26:11.00,00:26:15.00,4.0,21.123698888351456,-37.333432083129885,-38.584270080566405,-2.8937076568603515
IMPACT,1571.264,1571.264,00:26:11.26,00:26:11.26,0.0,15.766259271932697,-45.02119445800781,-47.31720352172852,7.421146392822266
IMPACT,1572.128,1572.128,00:26:12.13,00:26:12.13,0.0,10.47861954567519,-32.07538986206055,-42.47260284423828,23.5386962890625
HIGH_LOAD,1580.672,1594.688,00:26:20.67,00:26:34.69,14.016000000000076,0.500375136664226,-27.49483144581997,-28.318981235825664,-3.5759627878801696
IMPACT,1582.752,1582.752,00:26:22.75,00:26:22.75,0.0,9.185685333394213,-27.088964462280277,-28.56110382080078,10.376550674438477
IMPACT,1592.896,1592.896,00:26:32.90,00:26:32.90,0.0,7.808513506938481,-25.009641647338867,-26.18897247314453,-5.857091903686523
IMPACT,1597.056,1597.056,00:26:37.06,00:26:37.06,0.0,18.696450385581972,-27.464900970458984,-28.92562866210937,-5.666511535644531
IMPACT,1607.2,1607.2,00:26:47.20,00:26:47.20,0.0,10.172195381033006,-40.42536926269531,-47.835670471191406,23.5272560119629
HARSH,1607.36,1607.36,00:26:47.36,00:26:47.36,0.0,16.51449213000984,-45.31193161010742,-52.28063201904297,20.456275939941406
IMPACT,1616.736,1616.736,00:26:56.74,00:26:56.74,0.0,10.646971066394427,-49.85793685913086,-56.34464645385742,20.275543212890632
HARSH,1616.832,1616.832,00:26:56.83,00:26:56.83,0.0,18.923605398312585,-43.8730697631836,-51.206275939941406,27.430912017822266
RECOVERY,1617.984,1624.928,00:26:57.98,00:27:04.93,6.944000000000187,-0.1457853922730178,-54.528477362536506,-56.32689393769711,5.231938825834781
IMPACT,1625.472,1625.472,00:27:05.47,00:27:05.47,0.0,10.820271162388979,-43.185916900634766,-46.79680633544922,25.665924072265625
IMPACT,1635.072,1635.072,00:27:15.07,00:27:15.07,0.0,10.538482007448604,-49.12108612060547,-53.45116424560547,14.822223663330078
HARSH,1635.168,1635.168,00:27:15.17,00:27:15.17,0.0,19.73939730509965,-47.71458053588867,-53.59214782714844,18.00081634521485
RECOVERY,1637.28,1642.4,00:27:17.28,00:27:22.40,5.120000000000118,-0.12521310741088323,-53.603846390054834,-53.98339379352072,0.21449988228934205
RECOVERY,1643.328,1649.792,00:27:23.33,00:27:29.79,6.463999999999942,-0.09760695440432472,-54.46624494655966,-54.93329930422929,6.674042650044258
IMPACT,1653.056,1653.056,00:27:33.06,00:27:33.06,0.0,8.542601984713963,-46.37223052978516,-54.74493408203125,25.4739990234375
IMPACT,1654.048,1654.048,00:27:34.05,00:27:34.05,0.0,12.367535889360129,-43.50273895263672,-54.37570190429688,29.34587860107422
HARSH,1656.896,1656.896,00:27:36.90,00:27:36.90,0.0,19.879221242583654,-50.63785171508789,-59.08238983154297,21.86139678955078
IMPACT,1656.896,1656.896,00:27:36.90,00:27:36.90,0.0,12.138880080394536,-50.63785171508789,-59.08238983154297,21.86139678955078
IMPACT,1661.536,1661.536,00:27:41.54,00:27:41.54,0.0,12.22320533035472,-38.13551330566406,-46.84638977050781,36.28912925720215
HARSH,1662.112,1662.112,00:27:42.11,00:27:42.11,0.0,15.083640827799085,-52.14356231689453,-60.34416198730469,23.271976470947266
IMPACT,1662.592,1662.592,00:27:42.59,00:27:42.59,0.0,7.796002241155959,-52.87405014038086,-60.34696960449219,19.50726699829101
IMPACT,1668.096,1668.096,00:27:48.10,00:27:48.10,0.0,9.687674748728663,-44.66147613525391,-47.45934295654297,27.33298110961914
RECOVERY,1669.792,1674.976,00:27:49.79,00:27:54.98,5.1840000000001965,-0.10849813400511263,-54.92683389581786,-55.98969310924319,13.544275131693647
IMPACT,1669.856,1669.856,00:27:49.86,00:27:49.86,0.0,9.237859927071511,-42.82690048217773,-51.17876434326172,24.81390380859375
IMPACT,1676.0,1676.0,00:27:56.00,00:27:56.00,0.0,10.0682360046609,-42.78318405151367,-51.942832946777344,26.194889068603516
RECOVERY,1678.272,1706.176,00:27:58.27,00:28:26.18,27.903999999999996,-0.12059683490625706,-48.57593297357548,-51.95317728713343,2.1872168952793323
IMPACT,1707.072,1707.072,00:28:27.07,00:28:27.07,0.0,15.483738634532024,-40.25649642944336,-51.60937881469727,35.15765190124512
IMPACT,1708.672,1708.672,00:28:28.67,00:28:28.67,0.0,8.816594770753536,-41.28034210205078,-51.6938362121582,39.4806022644043
DRUM_RUN,1709.024,1709.024,00:28:29.02,00:28:29.02,0.0,2.0894566707887887,-41.112213134765625,-49.60131072998047,37.59767532348633
HARSH,1709.216,1709.216,00:28:29.22,00:28:29.22,0.0,21.659473088136398,-52.23059844970703,-58.60470581054688,28.251338958740234
IMPACT,1712.64,1712.64,00:28:32.64,00:28:32.64,0.0,9.258303615178646,-48.31085968017578,-52.140724182128906,31.728229522705078
IMPACT,1714.432,1714.432,00:28:34.43,00:28:34.43,0.0,12.62822034007204,-39.29169845581055,-54.70935821533203,42.19821548461914
HARSH,1715.456,1715.456,00:28:35.46,00:28:35.46,0.0,13.825221616099503,-50.02341842651367,-62.65679931640625,31.25653076171875
RECOVERY,1715.872,1729.024,00:28:35.87,00:28:49.02,13.151999999999816,-0.05981980388916773,-64.92473574518,-67.93212182313493,12.029762443986911
HARSH,1729.408,1729.408,00:28:49.41,00:28:49.41,0.0,21.412853984133854,-42.06534576416016,-48.152870178222656,29.357404708862312
IMPACT,1729.472,1729.472,00:28:49.47,00:28:49.47,0.0,22.697737946094122,-42.02798461914063,-48.062477111816406,29.817039489746097
RECOVERY,1732.096,1747.328,00:28:52.10,00:29:07.33,15.231999999999971,-0.11154225454243351,-52.237254296708656,-54.80746656693753,0.9957933445896493
IMPACT,1732.192,1732.192,00:28:52.19,00:28:52.19,0.0,16.965581370095702,-35.933746337890625,-40.035400390625,33.62704277038575
RECOVERY,1751.84,1757.344,00:29:11.84,00:29:17.34,5.504000000000133,-0.17175280720372776,-43.124691274124764,-46.10994810865105,-0.09153242607337202
HARSH,1758.752,1758.752,00:29:18.75,00:29:18.75,0.0,16.42924328927663,-47.12162780761719,-52.73904800415039,5.0941162109375
IMPACT,1758.752,1758.752,00:29:18.75,00:29:18.75,0.0,7.805358557265358,-47.12162780761719,-52.73904800415039,5.0941162109375
HIGH_LOAD,1759.552,1764.992,00:29:19.55,00:29:24.99,5.440000000000055,0.5159054387385771,-48.81666025083665,-56.07258420799211,20.705955404984323
BARRAGE,1759.744,1765.344,00:29:19.74,00:29:25.34,5.600000000000136,1.6055850445664748,-49.03127923878756,-56.22387851368297,21.663501663641497
IMPACT,1759.84,1759.84,00:29:19.84,00:29:19.84,0.0,12.24767774608486,-42.12227249145508,-47.84739685058594,14.246612548828125
IMPACT,1760.736,1760.736,00:29:20.74,00:29:20.74,0.0,27.586194301094064,-38.571815490722656,-46.53704071044922,27.30638885498047
IMPACT,1762.464,1762.464,00:29:22.46,00:29:22.46,0.0,8.574453656299193,-41.14704513549805,-54.24219131469727,34.20247840881348
IMPACT,1764.32,1764.32,00:29:24.32,00:29:24.32,0.0,8.221895138590572,-42.86027908325195,-63.94528198242188,34.2703971862793
HARSH,1764.416,1764.416,00:29:24.42,00:29:24.42,0.0,22.413078478099038,-43.85417556762695,-48.58715438842773,32.95716094970703
IMPACT,1765.472,1765.472,00:29:25.47,00:29:25.47,0.0,12.449683151831772,-46.50404357910156,-53.479530334472656,32.11500549316406
IMPACT,1769.6,1769.6,00:29:29.60,00:29:29.60,0.0,11.637648426447436,-42.87922668457031,-45.20623016357422,11.953231811523438
RECOVERY,1771.424,1777.536,00:29:31.42,00:29:37.54,6.11200000000008,-0.15907176232487524,-43.41752072175344,-43.827894707520805,4.231447994709014
IMPACT,1778.848,1778.848,00:29:38.85,00:29:38.85,0.0,8.270013682860203,-37.459747314453125,-39.41879653930664,15.141407012939453
IMPACT,1781.824,1781.824,00:29:41.82,00:29:41.82,0.0,11.940325760183674,-39.88950347900391,-42.31929397583008,11.26795578002929
IMPACT,1782.624,1782.624,00:29:42.62,00:29:42.62,0.0,8.575338657656033,-38.512184143066406,-40.4276123046875,7.45724868774413
IMPACT,1790.112,1790.112,00:29:50.11,00:29:50.11,0.0,11.515945814448623,-37.82994842529297,-42.40596389770508,17.606313705444336
RECOVERY,1792.992,1816.192,00:29:52.99,00:30:16.19,23.200000000000045,-0.10131259484300031,-55.52172445397075,-61.8012260037677,4.39796454085354
IMPACT,1796.064,1796.064,00:29:56.06,00:29:56.06,0.0,9.683126908176982,-48.240684509277344,-49.52003479003906,4.803592681884773
IMPACT,1813.28,1813.28,00:30:13.28,00:30:13.28,0.0,8.040274891409934,-53.12726593017578,-60.12382125854492,6.121429443359382
IMPACT,1818.08,1818.08,00:30:18.08,00:30:18.08,0.0,8.098730134018666,-40.56674575805664,-48.32700347900391,2.586456298828125
RECOVERY,1819.488,1835.36,00:30:19.49,00:30:35.36,15.871999999999844,-0.13405490416227162,-51.809006489498515,-55.68560051870058,1.6569679766833423
SWELL,1834.0,1840.0,00:30:34.00,00:30:40.00,6.0,15.751657846475524,-42.19870456144771,-44.93611028742663,5.12661542229474
RECOVERY,1844.384,1858.336,00:30:44.38,00:30:58.34,13.951999999999998,-0.12446123591624646,-49.321100021117886,-51.11838429361514,0.9003114329322798
IMPACT,1851.232,1851.232,00:30:51.23,00:30:51.23,0.0,8.578712539364323,-41.52442169189453,-42.66565704345703,-7.968658447265625
IMPACT,1852.864,1852.864,00:30:52.86,00:30:52.86,0.0,8.826225418252724,-45.12630462646485,-47.272193908691406,-4.6887969970703125
SWELL,1854.0,1862.0,00:30:54.00,00:31:02.00,8.0,14.510643449912429,-45.94813287353516,-49.81632597351074,1.2016261596679687
IMPACT,1860.64,1860.64,00:31:00.64,00:31:00.64,0.0,7.977328276559227,-41.35610961914063,-48.19488906860352,8.383049011230469
HARSH,1860.896,1860.896,00:31:00.90,00:31:00.90,0.0,11.75338830779294,-40.95310974121094,-47.9653205871582,10.289009094238281
IMPACT,1865.664,1865.664,00:31:05.66,00:31:05.66,0.0,8.159624544548834,-46.03761672973633,-52.946250915527344,10.960559844970703
IMPACT,1881.792,1881.792,00:31:21.79,00:31:21.79,0.0,9.288496226037209,-42.48604583740234,-45.82841873168945,26.910322189331055
IMPACT,1883.072,1883.072,00:31:23.07,00:31:23.07,0.0,13.963529243563855,-44.62708282470703,-46.95281982421875,28.032444000244148
HARSH,1883.136,1883.136,00:31:23.14,00:31:23.14,0.0,13.483305345693795,-46.6330680847168,-48.76107025146485,25.237293243408203
IMPACT,1883.808,1883.808,00:31:23.81,00:31:23.81,0.0,7.8479163617987915,-49.1026611328125,-62.47517395019531,16.96831512451172
IMPACT,1886.176,1886.176,00:31:26.18,00:31:26.18,0.0,13.127782852675582,-47.58462905883789,-49.94564437866211,35.107872009277344
RECOVERY,1886.592,1917.76,00:31:26.59,00:31:57.76,31.167999999999893,-0.04147692701524306,-62.66366931621845,-69.35088064340445,5.371112194491168
HARSH,1886.656,1886.656,00:31:26.66,00:31:26.66,0.0,16.313498906399666,-48.15183639526367,-68.05467224121094,39.967529296875
SWELL,1916.75,1922.75,00:31:56.75,00:32:02.75,6.0,24.457147571621007,-49.68623684561826,-53.93273919661415,23.968209394159164
IMPACT,1917.536,1917.536,00:31:57.54,00:31:57.54,0.0,19.51577384007056,-39.28487014770508,-44.36725234985352,43.5111026763916
HARSH,1919.616,1919.616,00:31:59.62,00:31:59.62,0.0,32.04062631039378,-43.3216552734375,-49.49430465698242,35.18682861328125
IMPACT,1919.648,1919.648,00:31:59.65,00:31:59.65,0.0,12.652887580723531,-42.16801452636719,-48.803958892822266,35.64126014709473
HARSH,1927.68,1927.68,00:32:07.68,00:32:07.68,0.0,24.770924750937073,-45.04281997680664,-49.09330749511719,13.144340515136726
IMPACT,1927.712,1927.712,00:32:07.71,00:32:07.71,0.0,9.402300607969352,-44.89209747314453,-48.82955932617188,12.863544464111328
SWELL,1937.5,1943.5,00:32:17.50,00:32:23.50,6.0,11.088317349685227,-44.14114816138085,-44.84483006659975,-0.23493482711467326
IMPACT,1943.904,1943.904,00:32:23.90,00:32:23.90,0.0,8.764777615823695,-36.79647064208984,-39.51749420166016,11.197559356689453
HARSH,1943.936,1943.936,00:32:23.94,00:32:23.94,0.0,15.054199400056373,-37.38352966308594,-40.22138214111328,11.444053649902344
BARRAGE,1947.968,1954.144,00:32:27.97,00:32:34.14,6.175999999999931,1.487649478066048,-35.84319045863201,-37.37713145226547,4.352460418779826
HIGH_LOAD,1948.032,1954.752,00:32:28.03,00:32:34.75,6.720000000000027,0.5735482604166933,-35.82341652458878,-37.44279848794802,4.479758212916659
IMPACT,1948.576,1948.576,00:32:28.58,00:32:28.58,0.0,8.36748463092404,-33.50735092163086,-36.425559997558594,12.84781646728515
IMPACT,1950.368,1950.368,00:32:30.37,00:32:30.37,0.0,8.140658539055197,-34.04517364501953,-35.22386169433594,6.271060943603519
DRUM_RUN,1952.192,1952.192,00:32:32.19,00:32:32.19,0.0,2.051625617189904,-37.76097869873047,-37.931785583496094,-5.06749343872071
HARSH,1952.64,1952.64,00:32:32.64,00:32:32.64,0.0,14.262058663983398,-36.513771057128906,-39.00666427612305,12.758449554443363
IMPACT,1952.64,1952.64,00:32:32.64,00:32:32.64,0.0,9.088280190500534,-36.513771057128906,-39.00666427612305,12.758449554443363
IMPACT,1974.784,1974.784,00:32:54.78,00:32:54.78,0.0,7.802907091675569,-49.45844650268555,-62.593074798583984,2.6855697631835938
HIGH_LOAD,1977.92,2000.736,00:32:57.92,00:33:20.74,22.81600000000003,0.5870846146547591,-32.478138912959594,-37.77942831108884,5.199789120703518
IMPACT,1978.112,1978.112,00:32:58.11,00:32:58.11,0.0,17.475027940136865,-45.43924331665039,-55.35613632202149,27.643402099609382
HARSH,1978.336,1978.336,00:32:58.34,00:32:58.34,0.0,28.807142396469494,-45.01131439208984,-59.76268768310547,12.70506286621093
IMPACT,1978.944,1978.944,00:32:58.94,00:32:58.94,0.0,9.129627461498865,-19.481842041015625,-22.6118278503418,12.553524971008303
DRUM_RUN,1980.128,1980.128,00:33:00.13,00:33:00.13,0.0,1.9418851174865897,-27.029821395874023,-29.05551147460937,10.498662948608398
HARSH,1984.512,1984.512,00:33:04.51,00:33:04.51,0.0,23.31799274522354,-34.813011169433594,-40.509124755859375,8.328788757324219
IMPACT,1984.512,1984.512,00:33:04.51,00:33:04.51,0.0,11.71363416713546,-34.813011169433594,-40.509124755859375,8.328788757324219
IMPACT,1986.752,1986.752,00:33:06.75,00:33:06.75,0.0,10.628274126940184,-31.93142890930176,-38.31771087646485,6.757114410400394
IMPACT,1988.096,1988.096,00:33:08.10,00:33:08.10,0.0,9.166881507321307,-33.122833251953125,-38.181373596191406,8.525421142578125
HARSH,1988.128,1988.128,00:33:08.13,00:33:08.13,0.0,14.602621881370721,-33.29448699951172,-39.55329132080078,4.404552459716793
IMPACT,1990.688,1990.688,00:33:10.69,00:33:10.69,0.0,7.638033303892258,-30.789325714111328,-36.459014892578125,0.6937370300292969
HARSH,1993.408,1993.408,00:33:13.41,00:33:13.41,0.0,15.43825605530809,-32.090354919433594,-38.91694641113281,5.62028884887695
IMPACT,1993.472,1993.472,00:33:13.47,00:33:13.47,0.0,7.872318932641835,-30.79852867126465,-37.27675247192383,3.9579620361328125
HARSH,1996.608,1996.608,00:33:16.61,00:33:16.61,0.0,15.49063222126716,-34.734806060791016,-38.71855545043945,6.16323471069337
IMPACT,1996.64,1996.64,00:33:16.64,00:33:16.64,0.0,10.316398192093336,-33.55573272705078,-39.392208099365234,6.103599548339844
IMPACT,2011.616,2011.616,00:33:31.62,00:33:31.62,0.0,8.5923853701731,-34.655738830566406,-40.4017448425293,-1.9593696594238281
IMPACT,2012.992,2012.992,00:33:32.99,00:33:32.99,0.0,9.069088571224922,-35.629608154296875,-42.40709686279297,-2.0237960815429688
IMPACT,2014.72,2014.72,00:33:34.72,00:33:34.72,0.0,8.487428941263316,-34.796348571777344,-38.72816848754883,-2.61993408203125
IMPACT,2016.64,2016.64,00:33:36.64,00:33:36.64,0.0,8.050040161815911,-35.17377853393555,-39.116241455078125,-2.624805450439453
RECOVERY,2024.256,2031.584,00:33:44.26,00:33:51.58,7.3279999999999745,-0.14569953050296053,-43.70038433904233,-45.53375935761825,-3.8435873446257216
IMPACT,2034.432,2034.432,00:33:54.43,00:33:54.43,0.0,7.929759667346321,-52.61509323120117,-54.39800262451172,7.839145660400391
IMPACT,2035.424,2035.424,00:33:55.42,00:33:55.42,0.0,9.714725406334642,-41.56316757202149,-43.29779815673828,9.76515197753907
IMPACT,2038.592,2038.592,00:33:58.59,00:33:58.59,0.0,10.559071972528987,-45.7808723449707,-46.57164001464844,0.9353294372558594
HARSH,2039.872,2039.872,00:33:59.87,00:33:59.87,0.0,27.181140743044864,-45.52165985107422,-49.57196044921875,12.99810791015625
IMPACT,2039.872,2039.872,00:33:59.87,00:33:59.87,0.0,18.40230054063984,-45.52165985107422,-49.57196044921875,12.99810791015625
IMPACT,2041.152,2041.152,00:34:01.15,00:34:01.15,0.0,15.28813263937024,-48.3095932006836,-51.846412658691406,11.631916046142578
IMPACT,2041.984,2041.984,00:34:01.98,00:34:01.98,0.0,12.268711703050261,-43.953857421875,-45.77182388305664,1.7490005493164062
IMPACT,2044.608,2044.608,00:34:04.61,00:34:04.61,0.0,15.05540993949114,-38.47037887573242,-40.931785583496094,18.917619705200195
BARRAGE,2044.864,2050.688,00:34:04.86,00:34:10.69,5.824000000000069,1.592380380183595,-47.97333764248207,-54.09190787643683,19.17615659119653
HIGH_LOAD,2044.992,2050.208,00:34:04.99,00:34:10.21,5.216000000000122,0.5666970549717398,-47.26407104585229,-53.98448985960425,21.488408530630718
HARSH,2045.632,2045.632,00:34:05.63,00:34:05.63,0.0,23.66266321038988,-40.53802490234375,-47.85125732421875,23.86980056762695
IMPACT,2045.632,2045.632,00:34:05.63,00:34:05.63,0.0,14.302294242393016,-40.53802490234375,-47.85125732421875,23.86980056762695
IMPACT,2046.496,2046.496,00:34:06.50,00:34:06.50,0.0,9.204805916188993,-43.30387496948242,-52.58763885498047,27.780441284179688
IMPACT,2047.68,2047.68,00:34:07.68,00:34:07.68,0.0,12.061327685112841,-43.87067413330078,-57.90327453613281,33.21873092651367
IMPACT,2049.248,2049.248,00:34:09.25,00:34:09.25,0.0,10.608464629042777,-43.641639709472656,-56.27413177490234,26.305919647216797
HARSH,2049.28,2049.28,00:34:09.28,00:34:09.28,0.0,24.64396709933933,-41.05919647216797,-49.13758087158203,29.18583297729492
IMPACT,2051.2,2051.2,00:34:11.20,00:34:11.20,0.0,9.967360725662182,-42.94496536254883,-51.32499694824219,26.891498565673828
IMPACT,2052.192,2052.192,00:34:12.19,00:34:12.19,0.0,7.992038539534743,-50.67374420166016,-60.37847518920898,20.311721801757812
BARRAGE,2052.768,2061.088,00:34:12.77,00:34:21.09,8.320000000000164,1.3898977139282562,-50.71063372732579,-55.192360275093165,14.0489242889872
IMPACT,2053.504,2053.504,00:34:13.50,00:34:13.50,0.0,10.393908106177765,-48.00825119018555,-59.35137939453125,24.64702606201172
IMPACT,2055.648,2055.648,00:34:15.65,00:34:15.65,0.0,8.545537721248813,-49.2630615234375,-52.22993469238281,13.993400573730462
HARSH,2057.28,2057.28,00:34:17.28,00:34:17.28,0.0,41.23578910208184,-43.04283142089844,-54.38638305664063,22.498523712158203
IMPACT,2057.312,2057.312,00:34:17.31,00:34:17.31,0.0,25.423900529362623,-43.07000732421875,-54.746490478515625,22.81340789794922
IMPACT,2059.2,2059.2,00:34:19.20,00:34:19.20,0.0,22.398409765227598,-46.061126708984375,-57.86930084228516,23.957935333251953
SWELL,2062.25,2070.25,00:34:22.25,00:34:30.25,8.0,15.286740662694022,-39.462488983154294,-43.15438232421875,-7.617068237304688
IMPACT,2063.744,2063.744,00:34:23.74,00:34:23.74,0.0,8.794486094672791,-43.12496948242188,-45.116241455078125,1.239971160888679
HARSH,2086.432,2086.432,00:34:46.43,00:34:46.43,0.0,25.193763686972215,-31.942039489746094,-37.19305419921875,16.259101867675778
IMPACT,2086.464,2086.464,00:34:46.46,00:34:46.46,0.0,14.397724203119942,-31.710947036743164,-36.39122009277344,15.993942260742188
IMPACT,2092.672,2092.672,00:34:52.67,00:34:52.67,0.0,9.889570226738812,-39.13911437988281,-40.77763366699219,3.1710357666015625
IMPACT,2095.008,2095.008,00:34:55.01,00:34:55.01,0.0,7.714103400914366,-36.62931823730469,-37.16216278076172,-5.1239356994628835
HIGH_LOAD,2104.288,2109.888,00:35:04.29,00:35:09.89,5.599999999999909,0.6217636645787501,-30.889550122347746,-36.68992617997256,-3.481644402850758
BARRAGE,2104.704,2108.352,00:35:04.70,00:35:08.35,3.6479999999996835,1.3165749018056077,-28.34687898055367,-33.080489498636,-0.5078612617824391
IMPACT,2104.8,2104.8,00:35:04.80,00:35:04.80,0.0,19.66890419579389,-31.56660270690918,-34.61647415161133,7.77874755859375
IMPACT,2106.4,2106.4,00:35:06.40,00:35:06.40,0.0,14.612885891065527,-23.328914642333984,-26.712574005126957,-7.437862396240234
HARSH,2107.552,2107.552,00:35:07.55,00:35:07.55,0.0,33.1694264458446,-27.909975051879883,-32.80295944213867,2.202085494995117
IMPACT,2107.552,2107.552,00:35:07.55,00:35:07.55,0.0,13.739682641565642,-27.909975051879883,-32.80295944213867,2.202085494995117
IMPACT,2108.48,2108.48,00:35:08.48,00:35:08.48,0.0,10.416897166553882,-32.181678771972656,-39.41666030883789,-15.387544631958004
HARSH,2126.784,2126.784,00:35:26.78,00:35:26.78,0.0,17.27283914340716,-41.61117172241211,-54.45930480957031,10.667797088623047
IMPACT,2126.784,2126.784,00:35:26.78,00:35:26.78,0.0,11.034102029814829,-41.61117172241211,-54.45930480957031,10.667797088623047
HARSH,2144.128,2144.128,00:35:44.13,00:35:44.13,0.0,16.254491589501296,-38.495262145996094,-46.6944465637207,6.183074951171875
HARSH,2158.112,2158.112,00:35:58.11,00:35:58.11,0.0,13.09306857969776,-35.75226211547852,-43.44221115112305,5.393512725830078
SWELL,2160.75,2164.75,00:36:00.75,00:36:04.75,4.0,10.576526049447057,-32.94077360534668,-35.31256216430664,-5.385544815063477
IMPACT,2171.968,2171.968,00:36:11.97,00:36:11.97,0.0,17.67811415955558,-40.64559173583984,-43.47145080566406,11.21506118774414
RECOVERY,2172.128,2178.688,00:36:12.13,00:36:18.69,6.559999999999945,-0.10392721471529702,-57.738385617154314,-59.966957907074864,-3.589695590879859
IMPACT,2175.008,2175.008,00:36:15.01,00:36:15.01,0.0,8.02592908554914,-51.75176239013672,-62.78159332275391,18.12206268310547
HARSH,2177.12,2177.12,00:36:17.12,00:36:17.12,0.0,15.161556916586914,-54.87282180786133,-62.169700622558594,15.152763366699219
SWELL,2177.5,2183.5,00:36:17.50,00:36:23.50,6.0,35.34520157932161,-45.073397565395275,-49.911716511909,17.79219953771581
BARRAGE,2179.808,2185.504,00:36:19.81,00:36:25.50,5.695999999999913,1.6583959390372607,-34.77834304084991,-39.65461416617452,19.985730442920875
HIGH_LOAD,2179.936,2202.368,00:36:19.94,00:36:42.37,22.43199999999979,0.5887457436932219,-30.984296907386888,-34.40430804738971,13.65856164948553
HARSH,2181.248,2181.248,00:36:21.25,00:36:21.25,0.0,22.852059436860912,-45.47737121582031,-53.83821487426758,27.930088043212884
IMPACT,2181.248,2181.248,00:36:21.25,00:36:21.25,0.0,12.328637193660004,-45.47737121582031,-53.83821487426758,27.930088043212884
IMPACT,2182.528,2182.528,00:36:22.53,00:36:22.53,0.0,8.619182530130981,-35.04887390136719,-48.0689811706543,35.98484992980957
DRUM_RUN,2183.36,2183.36,00:36:23.36,00:36:23.36,0.0,2.558102271322768,-21.95269775390625,-23.680980682373047,6.906192779541016
HARSH,2189.76,2189.76,00:36:29.76,00:36:29.76,0.0,19.1374667051931,-24.761075973510746,-26.97860717773437,14.465927124023438
IMPACT,2189.824,2189.824,00:36:29.82,00:36:29.82,0.0,11.699845875419705,-24.302467346191406,-26.39937210083008,15.82239818572998
IMPACT,2192.544,2192.544,00:36:32.54,00:36:32.54,0.0,9.515375170830747,-23.41469955444336,-25.617769241333008,8.289894104003906
IMPACT,2194.304,2194.304,00:36:34.30,00:36:34.30,0.0,10.354987376523873,-27.245359420776367,-30.66357040405273,19.093414306640625
DRUM_RUN,2195.744,2195.744,00:36:35.74,00:36:35.74,0.0,2.007680691930803,-22.210994720458984,-24.03437614440918,10.864470481872555
IMPACT,2196.48,2196.48,00:36:36.48,00:36:36.48,0.0,11.016661876643267,-24.86406517028809,-26.991687774658203,2.163660049438473
IMPACT,2197.408,2197.408,00:36:37.41,00:36:37.41,0.0,10.094099502812835,-25.378210067749023,-28.832447052001957,13.837884902954102
IMPACT,2198.912,2198.912,00:36:38.91,00:36:38.91,0.0,9.53920123860866,-26.745529174804688,-29.926475524902344,20.402545928955078
HARSH,2198.944,2198.944,00:36:38.94,00:36:38.94,0.0,17.384318586901433,-27.459611892700195,-30.894100189208984,19.375465393066406
HARSH,2213.184,2213.184,00:36:53.18,00:36:53.18,0.0,12.938577321821269,-29.98814582824707,-36.13678741455078,20.200679779052734
IMPACT,2213.248,2213.248,00:36:53.25,00:36:53.25,0.0,10.542695603747678,-27.197193145751957,-33.30286407470703,20.616601943969734
HARSH,2220.416,2220.416,00:37:00.42,00:37:00.42,0.0,21.766701363451727,-25.370969772338867,-28.33597183227539,15.661457061767578
IMPACT,2220.448,2220.448,00:37:00.45,00:37:00.45,0.0,10.1649659468899,-23.989696502685547,-25.87244987487793,17.599763870239258
HIGH_LOAD,2222.368,2265.12,00:37:02.37,00:37:45.12,42.75199999999995,0.5822819580415591,-31.56356615938174,-35.54282381147614,9.31119234560137
IMPACT,2223.808,2223.808,00:37:03.81,00:37:03.81,0.0,10.334329422043968,-21.18627166748047,-22.667537689208984,-8.264690399169922
HARSH,2225.088,2225.088,00:37:05.09,00:37:05.09,0.0,29.29963066894521,-27.334453582763672,-31.74438095092773,16.520456314086914
IMPACT,2225.152,2225.152,00:37:05.15,00:37:05.15,0.0,10.372346851198145,-27.028600692749023,-32.25279235839844,12.126821517944336
IMPACT,2227.936,2227.936,00:37:07.94,00:37:07.94,0.0,9.436684324817438,-32.7265510559082,-36.74015426635742,15.935825347900387
HARSH,2228.416,2228.416,00:37:08.42,00:37:08.42,0.0,21.75028781936971,-39.54088592529297,-45.67223358154297,15.363327026367184
IMPACT,2228.8,2228.8,00:37:08.80,00:37:08.80,0.0,9.671365835991812,-22.90931701660156,-25.31405258178711,7.546246528625485
DRUM_RUN,2230.08,2230.08,00:37:10.08,00:37:10.08,0.0,2.04834879417019,-31.682071685791016,-34.14512252807617,15.410369873046875
IMPACT,2231.2,2231.2,00:37:11.20,00:37:11.20,0.0,7.759234136038072,-35.30091094970703,-37.62700653076172,17.34405517578126
HARSH,2231.904,2231.904,00:37:11.90,00:37:11.90,0.0,16.784674166730415,-26.65417861938477,-28.96834945678711,21.989002227783203
IMPACT,2231.936,2231.936,00:37:11.94,00:37:11.94,0.0,14.888799400754294,-25.72232437133789,-28.31190299987793,23.474910736083984
IMPACT,2233.472,2233.472,00:37:13.47,00:37:13.47,0.0,10.496527494896151,-26.485897064208984,-28.554405212402344,23.056243896484375
HARSH,2234.976,2234.976,00:37:14.98,00:37:14.98,0.0,25.32576766864361,-27.354232788085938,-30.319412231445312,23.825210571289062
IMPACT,2235.04,2235.04,00:37:15.04,00:37:15.04,0.0,13.904449218910411,-24.78122901916504,-26.42081451416016,26.479673385620117
DRUM_RUN,2235.072,2235.072,00:37:15.07,00:37:15.07,0.0,2.5829530348387566,-25.478296279907227,-26.560117721557617,25.570499420166016
IMPACT,2236.128,2236.128,00:37:16.13,00:37:16.13,0.0,8.41349394974677,-26.691818237304688,-28.821033477783203,25.664093017578125
HARSH,2239.04,2239.04,00:37:19.04,00:37:19.04,0.0,24.899756891649517,-31.80978012084961,-37.76539611816406,14.36083984375
IMPACT,2239.04,2239.04,00:37:19.04,00:37:19.04,0.0,12.216652763372814,-31.80978012084961,-37.76539611816406,14.36083984375
HARSH,2242.4,2242.4,00:37:22.40,00:37:22.40,0.0,17.286102852475636,-26.755691528320312,-31.90629005432129,23.3389892578125
IMPACT,2242.464,2242.464,00:37:22.46,00:37:22.46,0.0,10.847553652205049,-24.04067039489746,-26.85957145690918,26.189753532409668
IMPACT,2243.424,2243.424,00:37:23.42,00:37:23.42,0.0,9.845344941612513,-25.229774475097656,-29.80541038513184,19.399808883666992
DRUM_RUN,2244.48,2244.48,00:37:24.48,00:37:24.48,0.0,1.9592204283550927,-31.07828140258789,-37.631614685058594,15.51057434082032
HARSH,2245.472,2245.472,00:37:25.47,00:37:25.47,0.0,19.781578776965368,-27.678068161010746,-29.31645393371582,20.243541717529297
IMPACT,2245.472,2245.472,00:37:25.47,00:37:25.47,0.0,8.442154900162414,-27.678068161010746,-29.31645393371582,20.243541717529297
IMPACT,2246.304,2246.304,00:37:26.30,00:37:26.30,0.0,8.516816677851345,-21.380922317504883,-25.34699249267578,27.36299896240235
HARSH,2249.888,2249.888,00:37:29.89,00:37:29.89,0.0,13.020185226251279,-27.570112228393555,-31.26795196533203,19.21788024902344
IMPACT,2249.92,2249.92,00:37:29.92,00:37:29.92,0.0,7.7299587521811395,-27.255634307861328,-31.02788734436035,20.72719383239746
HARSH,2253.92,2253.92,00:37:33.92,00:37:33.92,0.0,23.031287083697205,-26.47794342041016,-29.484310150146484,4.86605072021484
IMPACT,2253.92,2253.92,00:37:33.92,00:37:33.92,0.0,9.894569920313534,-26.47794342041016,-29.484310150146484,4.86605072021484
HARSH,2257.92,2257.92,00:37:37.92,00:37:37.92,0.0,19.180615537245316,-22.907398223876957,-26.005374908447266,23.041932106018066
IMPACT,2257.984,2257.984,00:37:37.98,00:37:37.98,0.0,10.799308477170296,-20.88179588317871,-23.909099578857425,26.02354621887207
IMPACT,2288.384,2288.384,00:38:08.38,00:38:08.38,0.0,8.94253818417128,-30.097461700439453,-32.799293518066406,10.127910614013672
HARSH,2292.16,2292.16,00:38:12.16,00:38:12.16,0.0,12.698646958250201,-33.053653717041016,-35.495445251464844,6.15594673156739
IMPACT,2295.872,2295.872,00:38:15.87,00:38:15.87,0.0,7.922014923837486,-34.437774658203125,-38.879032135009766,7.26304817199707
IMPACT,2301.504,2301.504,00:38:21.50,00:38:21.50,0.0,17.734767075288875,-21.56094741821289,-25.35353660583496,-7.059835433959957
HARSH,2301.536,2301.536,00:38:21.54,00:38:21.54,0.0,29.66630755977567,-23.79940795898437,-27.962440490722656,-2.194599151611328
HIGH_LOAD,2303.296,2310.848,00:38:23.30,00:38:30.85,7.552000000000135,0.49385439896297006,-28.980991105993084,-30.76500056463958,1.6396800173988824
HIGH_LOAD,2314.848,2321.216,00:38:34.85,00:38:41.22,6.367999999999938,0.5528353703949235,-31.95565797805786,-35.14714943885803,13.841929316520691
IMPACT,2315.456,2315.456,00:38:35.46,00:38:35.46,0.0,8.768170044575438,-35.606483459472656,-38.936256408691406,11.902788162231445
IMPACT,2317.056,2317.056,00:38:37.06,00:38:37.06,0.0,8.882401908124294,-34.77747344970703,-40.5872917175293,16.733425140380856
HARSH,2317.952,2317.952,00:38:37.95,00:38:37.95,0.0,20.829399091035757,-32.5997200012207,-36.2718391418457,13.889755249023438
IMPACT,2317.952,2317.952,00:38:37.95,00:38:37.95,0.0,7.658816809681992,-32.5997200012207,-36.2718391418457,13.889755249023438
HARSH,2338.176,2338.176,00:38:58.18,00:38:58.18,0.0,14.158923610105857,-41.00508117675781,-48.282474517822266,19.9576416015625
IMPACT,2338.176,2338.176,00:38:58.18,00:38:58.18,0.0,9.861450231717244,-41.00508117675781,-48.282474517822266,19.9576416015625
IMPACT,2344.256,2344.256,00:39:04.26,00:39:04.26,0.0,9.340886484454842,-44.59757232666016,-57.59212493896485,22.218029022216797
HARSH,2344.32,2344.32,00:39:04.32,00:39:04.32,0.0,20.114103062493342,-44.42143249511719,-52.29841613769531,22.443653106689453
BARRAGE,2347.616,2350.688,00:39:07.62,00:39:10.69,3.0720000000001164,1.2065878612867078,-49.508010235029396,-53.949640529671896,14.044353799721629
IMPACT,2348.448,2348.448,00:39:08.45,00:39:08.45,0.0,10.481288372302465,-41.28906631469727,-46.38933563232422,26.981298446655273
HARSH,2348.544,2348.544,00:39:08.54,00:39:08.54,0.0,18.577426737766984,-45.64033508300781,-52.16291809082031,22.292049407958984
IMPACT,2350.272,2350.272,00:39:10.27,00:39:10.27,0.0,12.98123485956834,-48.22590255737305,-55.010379791259766,19.897983551025398
RECOVERY,2352.096,2373.44,00:39:12.10,00:39:33.44,21.34400000000005,-0.042501771927687296,-55.25495415533374,-57.25559387663881,-7.2435241973328734
HARSH,2374.176,2374.176,00:39:34.18,00:39:34.18,0.0,18.326953894940193,-46.30916595458984,-53.00462341308594,20.302322387695312
IMPACT,2374.528,2374.528,00:39:34.53,00:39:34.53,0.0,10.811301516723171,-41.045013427734375,-58.14884567260742,27.384479522705075
IMPACT,2375.584,2375.584,00:39:35.58,00:39:35.58,0.0,11.154207216768578,-49.06722259521485,-53.93821716308594,15.225349426269531
IMPACT,2376.416,2376.416,00:39:36.42,00:39:36.42,0.0,14.433137386664537,-45.96708679199219,-57.81526565551758,19.616180419921875
IMPACT,2381.728,2381.728,00:39:41.73,00:39:41.73,0.0,10.986122371737782,-38.66249465942383,-53.18854522705078,30.81796073913574
IMPACT,2383.008,2383.008,00:39:43.01,00:39:43.01,0.0,9.354623172954321,-51.34469985961914,-57.73477554321289,17.346683502197273
IMPACT,2384.608,2384.608,00:39:44.61,00:39:44.61,0.0,9.606879439466619,-44.476070404052734,-49.07461166381836,27.686809539794922
BARRAGE,2384.96,2391.68,00:39:44.96,00:39:51.68,6.7199999999998,1.82371103415363,-50.88759965580222,-57.24473253584586,23.21186560138142
HIGH_LOAD,2385.952,2391.2,00:39:45.95,00:39:51.20,5.2479999999995925,0.5644296935752625,-48.246650117816344,-54.91625962690873,26.747544386892606
IMPACT,2386.624,2386.624,00:39:46.62,00:39:46.62,0.0,14.203307345410652,-39.78178787231445,-48.224220275878906,38.22003746032715
IMPACT,2387.936,2387.936,00:39:47.94,00:39:47.94,0.0,17.73053948458386,-40.67314910888672,-61.10631561279297,37.872520446777344
HARSH,2387.968,2387.968,00:39:47.97,00:39:47.97,0.0,25.029879480994758,-39.4617805480957,-52.93302536010742,38.8226432800293
DRUM_RUN,2388.096,2388.096,00:39:48.10,00:39:48.10,0.0,3.117024342279446,-40.28736877441406,-48.78269577026367,36.25150108337402
IMPACT,2388.736,2388.736,00:39:48.74,00:39:48.74,0.0,10.937678040669978,-47.52114868164063,-58.00215911865234,28.120742797851562
IMPACT,2390.016,2390.016,00:39:50.02,00:39:50.02,0.0,12.870904222188969,-47.30110549926758,-55.02095031738281,28.43262481689453
IMPACT,2391.84,2391.84,00:39:51.84,00:39:51.84,0.0,8.173167410458877,-49.89079284667969,-57.68405151367188,24.544235229492188
HARSH,2392.96,2392.96,00:39:52.96,00:39:52.96,0.0,23.167399941280735,-46.33795166015625,-48.525421142578125,28.97217559814453
IMPACT,2392.96,2392.96,00:39:52.96,00:39:52.96,0.0,13.586805715219764,-46.33795166015625,-48.525421142578125,28.97217559814453
IMPACT,2394.368,2394.368,00:39:54.37,00:39:54.37,0.0,12.718575658349582,-45.62849044799805,-48.243682861328125,28.689052581787116
IMPACT,2395.52,2395.52,00:39:55.52,00:39:55.52,0.0,17.003609876803147,-45.89598083496094,-54.93735504150391,27.14116668701172
IMPACT,2398.24,2398.24,00:39:58.24,00:39:58.24,0.0,10.220516611534588,-47.01496124267578,-52.294471740722656,17.549346923828125
HARSH,2398.752,2398.752,00:39:58.75,00:39:58.75,0.0,13.338222621296689,-47.60107421875,-55.65657806396485,17.404918670654297
RECOVERY,2399.52,2422.592,00:39:59.52,00:40:22.59,23.072000000000116,-0.02930197477454404,-62.293887030054655,-65.15608410822057,-4.083203851544815
IMPACT,2428.608,2428.608,00:40:28.61,00:40:28.61,0.0,8.865475830103042,-51.01660919189453,-52.8547477722168,29.178245544433594
IMPACT,2430.592,2430.592,00:40:30.59,00:40:30.59,0.0,13.231331576512233,-37.408016204833984,-46.78945541381836,42.29922294616699
HARSH,2430.944,2430.944,00:40:30.94,00:40:30.94,0.0,12.852752430122091,-44.65266799926758,-51.68429946899414,29.90689468383789
IMPACT,2433.728,2433.728,00:40:33.73,00:40:33.73,0.0,9.228464476558491,-47.23917388916016,-53.29076385498047,32.85267639160156
IMPACT,2439.84,2439.84,00:40:39.84,00:40:39.84,0.0,8.477993253546547,-47.726470947265625,-53.48756408691406,30.73437118530274
HARSH,2443.328,2443.328,00:40:43.33,00:40:43.33,0.0,19.151421424704537,-46.22499847412109,-55.65188980102539,32.54881286621094
IMPACT,2443.328,2443.328,00:40:43.33,00:40:43.33,0.0,10.463650767071979,-46.22499847412109,-55.65188980102539,32.54881286621094
IMPACT,2444.512,2444.512,00:40:44.51,00:40:44.51,0.0,8.944873597776677,-49.72591781616211,-66.2258529663086,26.53404998779297
IMPACT,2453.792,2453.792,00:40:53.79,00:40:53.79,0.0,11.381147649347037,-43.78973388671875,-51.761474609375,30.33956527709961
HARSH,2456.8,2456.8,00:40:56.80,00:40:56.80,0.0,17.74744330113273,-53.27024841308594,-65.20291900634766,17.993549346923828
IMPACT,2457.824,2457.824,00:40:57.82,00:40:57.82,0.0,7.798111582441754,-50.03594207763672,-62.757511138916016,18.66244125366211
SWELL,2458.5,2466.5,00:40:58.50,00:41:06.50,8.0,16.280801869112913,-48.737552337646484,-58.54736557006836,6.240010955810547
HARSH,2463.36,2463.36,00:41:03.36,00:41:03.36,0.0,20.629984589337884,-46.17016220092773,-57.16703414916992,13.202762603759766
IMPACT,2463.36,2463.36,00:41:03.36,00:41:03.36,0.0,9.342210319484442,-46.17016220092773,-57.16703414916992,13.202762603759766
IMPACT,2469.056,2469.056,00:41:09.06,00:41:09.06,0.0,8.336162817026988,-31.40708923339844,-32.07255554199219,25.61916351318359
IMPACT,2472.672,2472.672,00:41:12.67,00:41:12.67,0.0,16.88772523114679,-26.512556076049805,-28.67325592041016,21.876583099365234
BARRAGE,2491.296,2494.368,00:41:31.30,00:41:34.37,3.0720000000001164,1.1223613038733466,-36.17442260820841,-38.64687994337574,15.149260294806098
IMPACT,2491.776,2491.776,00:41:31.78,00:41:31.78,0.0,9.071272305581076,-34.329978942871094,-40.298614501953125,26.524452209472656
IMPACT,2517.536,2517.536,00:41:57.54,00:41:57.54,0.0,11.241810402269763,-39.77410888671875,-43.52660751342773,12.699813842773438
HIGH_LOAD,2520.8,2524.832,00:42:00.80,00:42:04.83,4.031999999999698,0.5651943830624544,-37.67379185533899,-40.43949815044253,8.786466883862113
IMPACT,2521.184,2521.184,00:42:01.18,00:42:01.18,0.0,8.906508139079802,-32.174888610839844,-35.244014739990234,24.69023323059082
HARSH,2521.536,2521.536,00:42:01.54,00:42:01.54,0.0,12.263047188707406,-40.63394165039063,-44.31474304199219,13.45102310180664
DRUM_RUN,2522.752,2522.752,00:42:02.75,00:42:02.75,0.0,1.9624887939907036,-34.25901412963867,-36.500099182128906,10.708343505859375
IMPACT,2525.312,2525.312,00:42:05.31,00:42:05.31,0.0,8.54331198455671,-38.04806518554688,-46.11020660400391,22.6304874420166
HARSH,2528.0,2528.0,00:42:08.00,00:42:08.00,0.0,16.6013394230099,-47.66822052001953,-53.85651016235352,19.56414031982422
IMPACT,2528.0,2528.0,00:42:08.00,00:42:08.00,0.0,7.801413073612703,-47.66822052001953,-53.85651016235352,19.56414031982422
HARSH,2531.008,2531.008,00:42:11.01,00:42:11.01,0.0,12.122462831336732,-45.2353630065918,-51.3687858581543,21.555423736572266
SWELL,2533.0,2541.0,00:42:13.00,00:42:21.00,8.0,19.163052400501222,-36.637259338378904,-43.239481170654294,0.931053527832031
HARSH,2534.56,2534.56,00:42:14.56,00:42:14.56,0.0,18.65483477981759,-44.923587799072266,-51.72705078125,9.239791870117188
HIGH_LOAD,2536.352,2543.52,00:42:16.35,00:42:23.52,7.16800000000012,0.5423578971255745,-32.346055857340495,-38.60252961900499,0.15521234300401476
HARSH,2542.176,2542.176,00:42:22.18,00:42:22.18,0.0,19.02570727588188,-27.190675735473636,-31.749439239501957,19.9976806640625
IMPACT,2542.24,2542.24,00:42:22.24,00:42:22.24,0.0,7.786045925268082,-25.49677848815918,-27.5013427734375,20.711328506469727
IMPACT,2547.456,2547.456,00:42:27.46,00:42:27.46,0.0,9.740164932195682,-37.56521224975586,-45.28324890136719,23.198661804199226
HARSH,2549.536,2549.536,00:42:29.54,00:42:29.54,0.0,16.46767047912581,-48.040000915527344,-55.607452392578125,20.535621643066406
HARSH,2553.12,2553.12,00:42:33.12,00:42:33.12,0.0,20.632743824256966,-38.79783248901367,-44.65250015258789,17.084632873535153
IMPACT,2553.12,2553.12,00:42:33.12,00:42:33.12,0.0,11.00626443939592,-38.79783248901367,-44.65250015258789,17.084632873535153
IMPACT,2555.648,2555.648,00:42:35.65,00:42:35.65,0.0,10.188556263746339,-41.39427185058594,-48.17032241821289,22.664228439331055
HARSH,2556.224,2556.224,00:42:36.22,00:42:36.22,0.0,16.145992757212106,-47.01057815551758,-51.190242767333984,15.306648254394531
IMPACT,2557.824,2557.824,00:42:37.82,00:42:37.82,0.0,10.133980858705586,-47.64735412597656,-55.19377899169922,19.303470611572266
BARRAGE,2558.656,2568.448,00:42:38.66,00:42:48.45,9.791999999999916,1.6960532990153934,-43.365750061184265,-48.36795709964119,18.22262580386979
HARSH,2559.776,2559.776,00:42:39.78,00:42:39.78,0.0,25.276503409424837,-46.07643508911133,-53.29952239990234,24.92938613891601
IMPACT,2559.776,2559.776,00:42:39.78,00:42:39.78,0.0,9.064450144564214,-46.07643508911133,-53.29952239990234,24.92938613891601
HIGH_LOAD,2560.832,2568.512,00:42:40.83,00:42:48.51,7.680000000000291,0.615427752147369,-40.893458948095805,-46.475195097230774,19.707645079901603
IMPACT,2561.12,2561.12,00:42:41.12,00:42:41.12,0.0,9.30737378578862,-50.0831298828125,-54.272438049316406,21.32372283935547
IMPACT,2561.888,2561.888,00:42:41.89,00:42:41.89,0.0,8.370181808048176,-46.33355712890625,-51.7955322265625,17.760841369628906
IMPACT,2562.656,2562.656,00:42:42.66,00:42:42.66,0.0,8.23365291241718,-45.86141586303711,-49.600006103515625,11.88222885131836
HARSH,2563.456,2563.456,00:42:43.46,00:42:43.46,0.0,13.02976084528318,-50.357608795166016,-52.966285705566406,10.694583892822266
IMPACT,2563.744,2563.744,00:42:43.74,00:42:43.74,0.0,9.862695096376829,-34.52647399902344,-40.22223663330078,24.11742401123047
IMPACT,2564.64,2564.64,00:42:44.64,00:42:44.64,0.0,8.286767905016397,-35.26939010620117,-45.0246467590332,33.2064266204834
DRUM_RUN,2565.664,2565.664,00:42:45.66,00:42:45.66,0.0,3.3953332949115795,-39.46683883666992,-45.01617431640625,29.954456329345703
IMPACT,2565.696,2565.696,00:42:45.70,00:42:45.70,0.0,8.535769189825064,-40.503543853759766,-45.20427322387695,28.42574310302734
HARSH,2566.784,2566.784,00:42:46.78,00:42:46.78,0.0,17.265132966797214,-41.97036361694336,-46.04598617553711,13.9829330444336
IMPACT,2566.816,2566.816,00:42:46.82,00:42:46.82,0.0,9.339037732699799,-43.94035339355469,-46.312286376953125,9.883831024169922
IMPACT,2569.312,2569.312,00:42:49.31,00:42:49.31,0.0,10.87569427609584,-44.76925277709961,-51.97532272338867,15.424259185791016
IMPACT,2572.832,2572.832,00:42:52.83,00:42:52.83,0.0,11.282729804693636,-44.48226165771485,-47.819122314453125,9.60103988647461
HARSH,2573.856,2573.856,00:42:53.86,00:42:53.86,0.0,37.08081111404666,-45.58321380615234,-54.82649993896485,18.811843872070312
IMPACT,2573.856,2573.856,00:42:53.86,00:42:53.86,0.0,14.58523669144686,-45.58321380615234,-54.82649993896485,18.811843872070312
IMPACT,2575.104,2575.104,00:42:55.10,00:42:55.10,0.0,9.419204562416429,-47.33612823486328,-51.01176834106445,13.309730529785156
IMPACT,2576.8,2576.8,00:42:56.80,00:42:56.80,0.0,8.237775174784607,-48.78916931152344,-51.726783752441406,11.277614593505852
IMPACT,2588.768,2588.768,00:43:08.77,00:43:08.77,0.0,7.720822159097033,-36.8481674194336,-45.110389709472656,24.66195297241211
IMPACT,2589.728,2589.728,00:43:09.73,00:43:09.73,0.0,9.480749351479787,-42.34753036499024,-44.829715728759766,17.369853973388672
HARSH,2590.208,2590.208,00:43:10.21,00:43:10.21,0.0,19.73940229375797,-41.31877517700195,-49.14583587646485,18.759857177734375
SWELL,2593.0,2601.0,00:43:13.00,00:43:21.00,8.0,14.184540752660563,-37.514662185668946,-41.134206115722655,-4.249645309448242
HARSH,2593.824,2593.824,00:43:13.82,00:43:13.82,0.0,17.428771152404668,-42.073577880859375,-46.2882080078125,5.482757568359382
HARSH,2609.6,2609.6,00:43:29.60,00:43:29.60,0.0,12.847137032686584,-36.25477981567383,-38.8994140625,8.898452758789066
HARSH,2617.12,2617.12,00:43:37.12,00:43:37.12,0.0,16.463750354689306,-37.4155387878418,-40.05866241455078,8.335269927978516
IMPACT,2617.152,2617.152,00:43:37.15,00:43:37.15,0.0,7.841200057150557,-37.46578979492188,-40.08114242553711,7.718990325927734
HARSH,2620.32,2620.32,00:43:40.32,00:43:40.32,0.0,30.22391822663923,-42.11674499511719,-44.333133697509766,21.35441207885743
IMPACT,2620.32,2620.32,00:43:40.32,00:43:40.32,0.0,12.480295070511817,-42.11674499511719,-44.333133697509766,21.35441207885743
BARRAGE,2620.576,2627.968,00:43:40.58,00:43:47.97,7.391999999999825,1.3232481663398428,-53.06912882574673,-59.902752530985865,25.338303060575566
IMPACT,2621.792,2621.792,00:43:41.79,00:43:41.79,0.0,11.485419430800057,-43.487586975097656,-55.328269958496094,28.444087982177734
IMPACT,2622.784,2622.784,00:43:42.78,00:43:42.78,0.0,10.024481259261353,-45.24566268920898,-52.78158187866211,32.85050964355469
HARSH,2624.096,2624.096,00:43:44.10,00:43:44.10,0.0,14.257109818921965,-53.288063049316406,-66.57140350341797,29.639469146728516
IMPACT,2624.096,2624.096,00:43:44.10,00:43:44.10,0.0,11.250448828592313,-53.288063049316406,-66.57140350341797,29.639469146728516
IMPACT,2625.696,2625.696,00:43:45.70,00:43:45.70,0.0,10.597793182692149,-44.405609130859375,-54.13613128662109,40.3980712890625
IMPACT,2628.416,2628.416,00:43:48.42,00:43:48.42,0.0,10.100592733763726,-47.82815933227539,-55.378150939941406,37.783050537109375
HARSH,2631.392,2631.392,00:43:51.39,00:43:51.39,0.0,16.249346160436737,-50.20200347900391,-60.24467468261719,35.02177810668945
IMPACT,2631.936,2631.936,00:43:51.94,00:43:51.94,0.0,7.741696863648227,-41.99267578125,-49.17509078979492,42.197418212890625
IMPACT,2633.6,2633.6,00:43:53.60,00:43:53.60,0.0,9.091803826589809,-50.24864959716797,-54.32096862792969,30.484973907470703
IMPACT,2638.368,2638.368,00:43:58.37,00:43:58.37,0.0,7.886236086269411,-52.648170471191406,-60.25868225097656,26.683998107910156
HARSH,2638.816,2638.816,00:43:58.82,00:43:58.82,0.0,17.54121392260491,-46.9287338256836,-54.020484924316406,33.27555465698242
IMPACT,2640.16,2640.16,00:44:00.16,00:44:00.16,0.0,8.843367580754215,-44.106178283691406,-52.16947937011719,29.585533142089844
IMPACT,2641.472,2641.472,00:44:01.47,00:44:01.47,0.0,9.886726799287826,-44.14608001708984,-53.80815505981445,23.281448364257812
IMPACT,2643.424,2643.424,00:44:03.42,00:44:03.42,0.0,9.45374012817909,-48.77600860595703,-55.63976287841797,22.4742202758789
SWELL,2648.5,2656.5,00:44:08.50,00:44:16.50,8.0,24.996035391949412,-36.520799171447756,-37.67102960205078,2.680552734375
IMPACT,2706.56,2706.56,00:45:06.56,00:45:06.56,0.0,8.076660159111663,-40.34551239013672,-42.60417175292969,20.331642150878906
IMPACT,2716.832,2716.832,00:45:16.83,00:45:16.83,0.0,8.63867816244805,-35.87095642089844,-37.447078704833984,16.4482364654541
SWELL,2724.25,2730.25,00:45:24.25,00:45:30.25,6.0,14.450880199683443,-29.419788705541734,-30.064700441157566,6.810425119197115
IMPACT,2740.128,2740.128,00:45:40.13,00:45:40.13,0.0,8.053024155078258,-44.78401565551758,-48.817420959472656,20.221744537353516
IMPACT,2746.816,2746.816,00:45:46.82,00:45:46.82,0.0,9.593699792194204,-47.51552200317383,-54.25504302978516,21.80809783935547
IMPACT,2748.064,2748.064,00:45:48.06,00:45:48.06,0.0,9.642505885768161,-44.50161743164063,-53.87783432006836,23.817882537841797
HARSH,2748.96,2748.96,00:45:48.96,00:45:48.96,0.0,12.773453103486032,-51.81293869018555,-54.99714660644531,11.28176498413086
RECOVERY,2749.472,2755.648,00:45:49.47,00:45:55.65,6.175999999999931,-0.0969238698653794,-54.60744124343715,-55.24365845906366,-8.234857146272955
HARSH,2758.112,2758.112,00:45:58.11,00:45:58.11,0.0,15.251801161807942,-48.8972282409668,-55.86119842529297,19.847606658935547
BARRAGE,2759.872,2763.712,00:45:59.87,00:46:03.71,3.8400000000001455,1.4302572294671125,-48.53137465547924,-52.44309874605541,12.043154992347906
IMPACT,2761.056,2761.056,00:46:01.06,00:46:01.06,0.0,8.360256267069445,-39.90473937988281,-47.60835647583008,24.37435913085938
HARSH,2763.424,2763.424,00:46:03.42,00:46:03.42,0.0,14.885643932711757,-52.183250427246094,-56.42525100708008,14.41983413696289
IMPACT,2763.616,2763.616,00:46:03.62,00:46:03.62,0.0,9.247873998125266,-51.05426788330078,-56.27790069580078,16.72370147705078
IMPACT,2771.84,2771.84,00:46:11.84,00:46:11.84,0.0,9.026520439184747,-51.20210647583008,-53.7204704284668,10.041175842285163
IMPACT,2772.864,2772.864,00:46:12.86,00:46:12.86,0.0,12.445602484214458,-47.55035781860352,-54.336181640625,19.94911193847657
IMPACT,2777.056,2777.056,00:46:17.06,00:46:17.06,0.0,7.622579132140155,-46.9227409362793,-52.59864807128906,19.946243286132805
HARSH,2777.088,2777.088,00:46:17.09,00:46:17.09,0.0,14.656640375119654,-47.67389297485352,-54.44761276245117,17.898033142089844
BARRAGE,2779.872,2782.88,00:46:19.87,00:46:22.88,3.0080000000002656,1.4840718602882585,-47.52204176250257,-52.05216357582494,17.966483467503597
IMPACT,2779.968,2779.968,00:46:19.97,00:46:19.97,0.0,10.342446277538976,-43.826446533203125,-49.09038543701172,27.12647628784179
HARSH,2781.024,2781.024,00:46:21.02,00:46:21.02,0.0,27.631598026770163,-43.63819122314453,-53.96540069580078,24.73367691040039
IMPACT,2781.024,2781.024,00:46:21.02,00:46:21.02,0.0,11.444036009247595,-43.63819122314453,-53.96540069580078,24.73367691040039
IMPACT,2782.496,2782.496,00:46:22.50,00:46:22.50,0.0,8.819207427193923,-43.0770263671875,-53.22890472412109,20.812240600585938
IMPACT,2787.456,2787.456,00:46:27.46,00:46:27.46,0.0,15.474387712415142,-45.97529602050781,-53.14447021484375,19.986148834228516
HARSH,2787.552,2787.552,00:46:27.55,00:46:27.55,0.0,15.191658447730628,-47.346656799316406,-50.798789978027344,12.871612548828125
IMPACT,2790.496,2790.496,00:46:30.50,00:46:30.50,0.0,10.975199072379642,-43.416412353515625,-45.88072204589844,18.061439514160156
SWELL,2791.75,2799.75,00:46:31.75,00:46:39.75,8.0,18.95144183173742,-39.43679856109619,-39.67109672546387,-15.294611045837403
IMPACT,2831.616,2831.616,00:47:11.62,00:47:11.62,0.0,9.128647666962786,-39.63430404663086,-40.59403991699219,4.913116455078125
IMPACT,2834.656,2834.656,00:47:14.66,00:47:14.66,0.0,18.704852173669263,-38.5491828918457,-48.0355224609375,21.832275390625
HARSH,2836.576,2836.576,00:47:16.58,00:47:16.58,0.0,29.184436239619753,-44.18716430664063,-57.633819580078125,34.02441406249999
IMPACT,2836.64,2836.64,00:47:16.64,00:47:16.64,0.0,12.916405767366452,-40.90220642089844,-64.71728515625,37.55238151550293
IMPACT,2842.208,2842.208,00:47:22.21,00:47:22.21,0.0,10.509980953632715,-45.97394943237305,-51.74919128417969,30.60083770751953
HARSH,2842.24,2842.24,00:47:22.24,00:47:22.24,0.0,20.266636344626033,-46.0288314819336,-54.28839111328125,30.71393585205078
IMPACT,2842.976,2842.976,00:47:22.98,00:47:22.98,0.0,9.195103485209245,-49.07394027709961,-52.650238037109375,26.735950469970703
IMPACT,2847.52,2847.52,00:47:27.52,00:47:27.52,0.0,8.264542933690075,-48.38019943237305,-58.72222137451172,22.901119232177727
HARSH,2847.552,2847.552,00:47:27.55,00:47:27.55,0.0,14.60417249440615,-48.72478866577149,-57.7821159362793,21.899940490722656
RECOVERY,2851.392,2860.64,00:47:31.39,00:47:40.64,9.248000000000047,-0.07565708140020028,-62.63583097786739,-66.69038338496767,10.392440795898438
HARSH,2852.384,2852.384,00:47:32.38,00:47:32.38,0.0,16.52489005332748,-51.98649597167969,-58.47439193725586,24.253383636474616
IMPACT,2852.448,2852.448,00:47:32.45,00:47:32.45,0.0,7.910920284433832,-47.20233917236328,-55.05729293823242,29.63886260986328
IMPACT,2854.176,2854.176,00:47:34.18,00:47:34.18,0.0,11.556568139942788,-47.95729064941406,-55.27490615844727,29.272354125976562
HARSH,2860.896,2860.896,00:47:40.90,00:47:40.90,0.0,18.111191233842476,-50.13226318359375,-56.34918594360352,27.811702728271484
HARSH,2865.6,2865.6,00:47:45.60,00:47:45.60,0.0,13.58343859902374,-53.44879531860352,-57.80364227294922,22.28720474243164
IMPACT,2869.12,2869.12,00:47:49.12,00:47:49.12,0.0,8.048886281237307,-43.8434944152832,-56.28006362915039,31.96999740600586
IMPACT,2870.88,2870.88,00:47:50.88,00:47:50.88,0.0,8.696293241538324,-54.45863723754883,-63.73720550537109,21.51919937133789
IMPACT,2873.024,2873.024,00:47:53.02,00:47:53.02,0.0,12.828789433880424,-46.91558837890625,-63.466094970703125,25.434783935546868
HARSH,2873.536,2873.536,00:47:53.54,00:47:53.54,0.0,27.3419909475325,-47.34294509887695,-54.92302703857422,25.186565399169922
IMPACT,2875.04,2875.04,00:47:55.04,00:47:55.04,0.0,9.814770897020557,-44.09706497192383,-52.17453002929688,27.656578063964844
RECOVERY,2875.808,2881.344,00:47:55.81,00:48:01.34,5.536000000000058,-0.06733142796162647,-58.15503701396372,-60.584580827033385,-4.017160240261034
HARSH,2881.12,2881.12,00:48:01.12,00:48:01.12,0.0,13.39154925913864,-50.83207702636719,-56.26630783081055,20.22694015502929
RECOVERY,2881.632,2894.208,00:48:01.63,00:48:14.21,12.576000000000022,-0.06487699213251776,-55.35588468754957,-60.10251993092184,-1.7638397991354695
SWELL,2891.25,2897.25,00:48:11.25,00:48:17.25,6.0,23.775069045346136,-42.84416074955717,-47.882669996707996,-5.135918282447977
HIGH_LOAD,2911.456,2924.768,00:48:31.46,00:48:44.77,13.311999999999898,0.5723831448454535,-41.31391647851153,-43.34382392462495,8.71342230414887
BARRAGE,2911.648,2924.8,00:48:31.65,00:48:44.80,13.152000000000044,1.6518303405037478,-41.3551473154605,-43.41195912037081,8.911100507939903
IMPACT,2911.712,2911.712,00:48:31.71,00:48:31.71,0.0,8.624537176422777,-36.03567886352539,-39.922122955322266,13.419637680053711
DRUM_RUN,2914.112,2914.112,00:48:34.11,00:48:34.11,0.0,2.0397917745530845,-39.2154655456543,-41.08123016357422,11.043445587158203
HARSH,2915.776,2915.776,00:48:35.78,00:48:35.78,0.0,15.607942650446363,-38.75590133666992,-43.76459503173828,15.884410858154293
IMPACT,2915.776,2915.776,00:48:35.78,00:48:35.78,0.0,12.494931910071744,-38.75590133666992,-43.76459503173828,15.884410858154293
HARSH,2919.552,2919.552,00:48:39.55,00:48:39.55,0.0,15.882456317214814,-38.65536117553711,-44.36676788330078,16.00374984741211
IMPACT,2919.552,2919.552,00:48:39.55,00:48:39.55,0.0,9.390460488558041,-38.65536117553711,-44.36676788330078,16.00374984741211
IMPACT,2920.416,2920.416,00:48:40.42,00:48:40.42,0.0,8.273122787492724,-43.1197395324707,-44.605567932128906,8.160560607910156
IMPACT,2922.016,2922.016,00:48:42.02,00:48:42.02,0.0,8.92184723501287,-37.28245544433594,-40.73047637939453,16.378929138183587
DRUM_RUN,2922.176,2922.176,00:48:42.18,00:48:42.18,0.0,2.0397187043239624,-37.34734344482422,-39.43251800537109,13.78125
IMPACT,2923.84,2923.84,00:48:43.84,00:48:43.84,0.0,8.872062523692406,-38.40328979492188,-49.7202377319336,22.508283615112298
HARSH,2923.904,2923.904,00:48:43.90,00:48:43.90,0.0,15.118055167408142,-38.63099670410156,-46.861289978027344,21.40139389038086
IMPACT,2924.704,2924.704,00:48:44.70,00:48:44.70,0.0,10.328879760512972,-44.438079833984375,-50.59726333618164,17.140750885009766
BARRAGE,2925.28,2934.656,00:48:45.28,00:48:54.66,9.375999999999749,1.2194029656095748,-42.146902395754445,-43.77726719655147,-0.4179532836083652
HIGH_LOAD,2927.616,2937.376,00:48:47.62,00:48:57.38,9.760000000000218,0.5271362976581812,-36.37232583488514,-37.935580004274456,-1.7923037024105297
HARSH,2927.712,2927.712,00:48:47.71,00:48:47.71,0.0,18.584815847027574,-42.60898971557617,-49.20588684082031,21.697525024414062
IMPACT,2927.712,2927.712,00:48:47.71,00:48:47.71,0.0,9.38407623195356,-42.60898971557617,-49.20588684082031,21.697525024414062
IMPACT,2928.64,2928.64,00:48:48.64,00:48:48.64,0.0,10.097389252940934,-42.073822021484375,-47.03054428100586,16.560733795166016
SWELL,2929.75,2937.75,00:48:49.75,00:48:57.75,8.0,15.582715868570325,-34.15369905090332,-35.201317779541014,-5.080050529479981
IMPACT,2931.456,2931.456,00:48:51.46,00:48:51.46,0.0,12.404794221044332,-31.186786651611328,-33.12317657470703,-9.197605133056648
IMPACT,2932.192,2932.192,00:48:52.19,00:48:52.19,0.0,12.330999752993957,-32.477962493896484,-37.44448852539063,-10.375514984130866
DRUM_RUN,2933.28,2933.28,00:48:53.28,00:48:53.28,0.0,2.1681048364074837,-37.38737869262695,-37.566287994384766,-6.345161437988281
IMPACT,2933.632,2933.632,00:48:53.63,00:48:53.63,0.0,11.073076809805498,-35.541072845458984,-36.912994384765625,-8.41856765747071
IMPACT,2935.072,2935.072,00:48:55.07,00:48:55.07,0.0,15.076843329141864,-29.048757553100582,-30.37519073486328,-7.730562210083008
HIGH_LOAD,2939.488,2946.144,00:48:59.49,00:49:06.14,6.655999999999949,0.4978454228768025,-32.91091939022667,-33.73026310313832,-1.7584947102377866
IMPACT,2940.864,2940.864,00:49:00.86,00:49:00.86,0.0,9.005275725739953,-28.590089797973636,-30.223403930664062,-6.971668243408207
IMPACT,2942.304,2942.304,00:49:02.30,00:49:02.30,0.0,12.183774521849813,-31.815486907958984,-32.87720489501953,-4.076503753662109
DRUM_RUN,2943.392,2943.392,00:49:03.39,00:49:03.39,0.0,1.9217197081634159,-30.253925323486328,-30.375213623046875,-4.637710571289066
IMPACT,2943.776,2943.776,00:49:03.78,00:49:03.78,0.0,8.638646973512486,-32.23836898803711,-33.27485656738281,-4.894329071044922
IMPACT,2945.216,2945.216,00:49:05.22,00:49:05.22,0.0,8.748793752232071,-31.869853973388672,-33.28775787353516,4.332942962646484
IMPACT,2947.36,2947.36,00:49:07.36,00:49:07.36,0.0,12.153730370385148,-35.10321044921875,-36.27933120727539,1.5975990295410156
IMPACT,2948.096,2948.096,00:49:08.10,00:49:08.10,0.0,8.49591978492364,-35.71479034423828,-37.036922454833984,-0.8318748474121165
IMPACT,2949.216,2949.216,00:49:09.22,00:49:09.22,0.0,9.087817950265817,-32.53745651245117,-33.73478317260742,11.876260757446293
SWELL,2950.25,2956.25,00:49:10.25,00:49:16.25,6.0,7.150268709923239,-32.2722620938551,-34.148057754027015,-6.121316389604048
IMPACT,2952.16,2952.16,00:49:12.16,00:49:12.16,0.0,10.014377443470947,-31.92769241333008,-37.33733367919922,14.365907669067383
HARSH,2962.144,2962.144,00:49:22.14,00:49:22.14,0.0,12.51619773670675,-48.62861251831055,-53.43482208251953,9.111900329589837
IMPACT,2962.176,2962.176,00:49:22.18,00:49:22.18,0.0,9.051395176027839,-47.5356330871582,-52.578731536865234,8.017574310302734
IMPACT,2964.64,2964.64,00:49:24.64,00:49:24.64,0.0,15.664061865367847,-48.72192001342773,-53.16386795043945,6.882884979248047
RECOVERY,2965.888,2979.68,00:49:25.89,00:49:39.68,13.791999999999916,-0.12145718018120294,-52.875692226268626,-55.14365447009051,5.341486401028103
IMPACT,2978.016,2978.016,00:49:38.02,00:49:38.02,0.0,7.90677534201657,-45.6339225769043,-47.73658752441406,18.978527069091797
HARSH,2983.808,2983.808,00:49:43.81,00:49:43.81,0.0,19.570176842270737,-50.01097869873047,-53.65074157714844,11.673866271972656
HARSH,2991.808,2991.808,00:49:51.81,00:49:51.81,0.0,17.561547158019252,-42.33911895751953,-49.23680877685547,28.33125877380371
IMPACT,2991.872,2991.872,00:49:51.87,00:49:51.87,0.0,12.911957030136579,-40.73515319824219,-46.005977630615234,28.447351455688473
SWELL,2992.5,3000.5,00:49:52.50,00:50:00.50,8.0,18.429528574962703,-42.97197587585449,-48.56822117614746,-2.344739242553711
HARSH,3024.992,3024.992,00:50:24.99,00:50:24.99,0.0,14.83909608511795,-47.86809921264648,-49.95101547241211,9.032489776611328
IMPACT,3025.76,3025.76,00:50:25.76,00:50:25.76,0.0,9.758815519803205,-33.57005310058594,-35.17633819580078,25.12226867675781
HARSH,3030.016,3030.016,00:50:30.02,00:50:30.02,0.0,27.02438261185371,-42.64781951904297,-47.443660736083984,14.885108947753906
IMPACT,3030.016,3030.016,00:50:30.02,00:50:30.02,0.0,14.671202979260281,-42.64781951904297,-47.443660736083984,14.885108947753906
IMPACT,3031.232,3031.232,00:50:31.23,00:50:31.23,0.0,10.308357466683592,-46.39146423339844,-47.90141296386719,7.192798614501953
IMPACT,3035.648,3035.648,00:50:35.65,00:50:35.65,0.0,8.362096649199176,-36.50315475463867,-39.66621398925781,15.641334533691403
IMPACT,3037.856,3037.856,00:50:37.86,00:50:37.86,0.0,9.83951721041905,-43.63217926025391,-44.9455451965332,6.558567047119148
IMPACT,3040.032,3040.032,00:50:40.03,00:50:40.03,0.0,10.767387193668561,-37.110965728759766,-42.58285140991211,15.744880676269528
IMPACT,3041.728,3041.728,00:50:41.73,00:50:41.73,0.0,11.333072787280749,-35.0209846496582,-41.04213333129883,19.076505661010742
SWELL,3043.5,3051.5,00:50:43.50,00:50:51.50,8.0,11.040783653379648,-34.858767066955565,-38.445177642822266,6.762128974914551
HIGH_LOAD,3044.864,3054.24,00:50:44.86,00:50:54.24,9.375999999999749,0.559082843480737,-32.98773554717602,-36.952860254819704,8.199541273571196
IMPACT,3054.144,3054.144,00:50:54.14,00:50:54.14,0.0,9.044569907363574,-30.16758918762207,-33.43603515625,9.675891876220703
HARSH,3054.24,3054.24,00:50:54.24,00:50:54.24,0.0,17.55557545443988,-30.097570419311523,-33.027767181396484,10.58688735961914
HIGH_LOAD,3056.256,3066.4,00:50:56.26,00:51:06.40,10.144000000000233,0.5270063787632575,-30.618018678149337,-34.7471689248235,3.287701699718739
HARSH,3061.952,3061.952,00:51:01.95,00:51:01.95,0.0,12.079798206930356,-30.546180725097656,-35.68782043457031,10.635110855102539
RECOVERY,3094.848,3104.288,00:51:34.85,00:51:44.29,9.440000000000055,-0.07001389843564239,-61.146761752463675,-68.14142487500165,10.226800445817474
IMPACT,3104.416,3104.416,00:51:44.42,00:51:44.42,0.0,8.690474962053583,-43.23787307739258,-51.87665557861328,48.72611236572265
IMPACT,3110.208,3110.208,00:51:50.21,00:51:50.21,0.0,8.250362050659628,-43.90771484375,-45.96600341796875,11.086345672607422
RECOVERY,3111.008,3126.144,00:51:51.01,00:52:06.14,15.135999999999967,-0.057705816926581985,-57.71224270591253,-58.91303331238308,17.433038437919777
IMPACT,3126.848,3126.848,00:52:06.85,00:52:06.85,0.0,7.982156324046048,-36.97811508178711,-50.84988021850586,53.31302833557129
HARSH,3127.936,3127.936,00:52:07.94,00:52:07.94,0.0,13.764156427423673,-49.630489349365234,-58.61308670043945,40.70608139038086
IMPACT,3127.936,3127.936,00:52:07.94,00:52:07.94,0.0,8.16007789236708,-49.630489349365234,-58.61308670043945,40.70608139038086
IMPACT,3133.088,3133.088,00:52:13.09,00:52:13.09,0.0,9.964693096681476,-46.16829299926758,-64.1512222290039,42.99251174926758
HARSH,3133.632,3133.632,00:52:13.63,00:52:13.63,0.0,19.21660158343578,-52.6038818359375,-65.03178405761719,37.38381576538086
RECOVERY,3133.664,3139.84,00:52:13.66,00:52:19.84,6.175999999999931,-0.1098439468877473,-61.58408229867208,-64.61489128820675,27.559920419122754
IMPACT,3140.512,3140.512,00:52:20.51,00:52:20.51,0.0,9.385898784474204,-49.06269454956055,-60.11544799804688,40.95143508911132
HARSH,3141.344,3141.344,00:52:21.34,00:52:21.34,0.0,21.807901356608383,-50.10274887084961,-65.55279541015625,37.7899284362793
IMPACT,3141.344,3141.344,00:52:21.34,00:52:21.34,0.0,11.188913707084973,-50.10274887084961,-65.55279541015625,37.7899284362793
RECOVERY,3141.728,3148.544,00:52:21.73,00:52:28.54,6.8159999999998035,-0.09910691665256216,-61.590012791000795,-64.72300162270804,27.856886248722255
SWELL,3143.0,3145.0,00:52:23.00,00:52:25.00,2.0,7.446570322413713,-61.58190778702024,-65.15227078634595,28.16594490172371
HARSH,3144.992,3144.992,00:52:24.99,00:52:24.99,0.0,16.490801978021878,-52.568450927734375,-59.440460205078125,35.919158935546875
RECOVERY,3148.832,3155.776,00:52:28.83,00:52:35.78,6.94399999999996,-0.05899294845692361,-62.618602945170274,-65.38012166854439,26.60372240608985
HARSH,3148.896,3148.896,00:52:28.90,00:52:28.90,0.0,25.40089648253753,-49.38465118408203,-63.191200256347656,39.58777618408203
IMPACT,3148.96,3148.96,00:52:28.96,00:52:28.96,0.0,14.39170427186745,-49.00536346435547,-64.04430389404297,42.124107360839844
HARSH,3156.8,3156.8,00:52:36.80,00:52:36.80,0.0,15.423667322863293,-50.05282974243164,-62.41325378417969,40.26593017578124
IMPACT,3156.8,3156.8,00:52:36.80,00:52:36.80,0.0,11.657033556499295,-50.05282974243164,-62.41325378417969,40.26593017578124
RECOVERY,3156.896,3164.96,00:52:36.90,00:52:44.96,8.06399999999985,-0.11755526679406911,-50.78907800003474,-54.099495703052625,8.49544354766725
SWELL,3158.25,3166.25,00:52:38.25,00:52:46.25,8.0,30.809050745006786,-46.98640719604492,-49.51778900146484,3.7261880340576172
IMPACT,3178.304,3178.304,00:52:58.30,00:52:58.30,0.0,10.033700973181901,-42.85464477539063,-47.47307205200195,15.539535522460938
IMPACT,3180.0,3180.0,00:53:00.00,00:53:00.00,0.0,7.82123325129359,-50.990177154541016,-53.92784881591797,8.783252716064446
HARSH,3180.736,3180.736,00:53:00.74,00:53:00.74,0.0,17.84907926806703,-43.91346740722656,-50.64820861816406,18.20735168457032
IMPACT,3180.768,3180.768,00:53:00.77,00:53:00.77,0.0,9.080514664457821,-42.68104934692383,-51.43950653076172,18.939788818359375
SWELL,3181.75,3189.75,00:53:01.75,00:53:09.75,8.0,27.110278490418818,-40.653307441711426,-41.94504529571533,7.010721382141114
HARSH,3185.216,3185.216,00:53:05.22,00:53:05.22,0.0,18.340069793839664,-42.02759552001953,-46.23976135253906,23.746700286865238
IMPACT,3202.944,3202.944,00:53:22.94,00:53:22.94,0.0,11.281904642753073,-42.87117004394531,-49.43254852294922,35.54387664794922
HARSH,3203.232,3203.232,00:53:23.23,00:53:23.23,0.0,15.516865224810257,-50.31915283203125,-54.119873046875,28.801048278808594
IMPACT,3205.024,3205.024,00:53:25.02,00:53:25.02,0.0,9.872308917814753,-43.12514877319336,-56.38219451904297,34.33360290527344
IMPACT,3206.432,3206.432,00:53:26.43,00:53:26.43,0.0,7.724065114903326,-50.82749176025391,-59.37911987304688,22.905403137207024
IMPACT,3211.296,3211.296,00:53:31.30,00:53:31.30,0.0,10.399411660258044,-46.38515472412109,-61.292667388916016,32.26350021362305
HARSH,3211.328,3211.328,00:53:31.33,00:53:31.33,0.0,16.021165500304253,-46.08704376220703,-63.927921295166016,32.68320846557617
IMPACT,3215.04,3215.04,00:53:35.04,00:53:35.04,0.0,9.893623853666844,-46.10114288330078,-55.41082000732422,30.647579193115234
HARSH,3215.072,3215.072,00:53:35.07,00:53:35.07,0.0,15.816771726648437,-46.13938903808594,-53.37500762939453,30.666732788085938
HARSH,3219.616,3219.616,00:53:39.62,00:53:39.62,0.0,21.83262160088144,-52.03798675537109,-65.28738403320312,27.7340087890625
IMPACT,3219.616,3219.616,00:53:39.62,00:53:39.62,0.0,8.27793819652094,-52.03798675537109,-65.28738403320312,27.7340087890625
IMPACT,3221.536,3221.536,00:53:41.54,00:53:41.54,0.0,11.949474980174731,-45.38167953491211,-52.49385452270508,34.75728225708008
IMPACT,3228.224,3228.224,00:53:48.22,00:53:48.22,0.0,12.731088354589245,-48.60286712646485,-63.486572265625,29.282669067382812
HARSH,3228.256,3228.256,00:53:48.26,00:53:48.26,0.0,17.2490583642627,-48.3691635131836,-59.1715087890625,28.460330963134766
RECOVERY,3228.864,3235.168,00:53:48.86,00:53:55.17,6.304000000000087,-0.10253483313767935,-59.407608263420336,-61.76685651143392,16.11186004407478
IMPACT,3230.08,3230.08,00:53:50.08,00:53:50.08,0.0,7.888903111062515,-49.11100769042969,-53.81728744506836,29.650718688964844
IMPACT,3235.488,3235.488,00:53:55.49,00:53:55.49,0.0,9.156269765811277,-50.13269805908203,-55.51824569702149,27.96343994140625
HARSH,3237.568,3237.568,00:53:57.57,00:53:57.57,0.0,22.02599857648546,-49.15426635742188,-54.9565658569336,24.609664916992195
IMPACT,3237.568,3237.568,00:53:57.57,00:53:57.57,0.0,11.152259694238138,-49.15426635742188,-54.9565658569336,24.609664916992195
RECOVERY,3238.56,3243.744,00:53:58.56,00:54:03.74,5.1840000000001965,-0.08083752593019683,-58.26959834654638,-60.35286317134928,10.11685819567347
IMPACT,3246.848,3246.848,00:54:06.85,00:54:06.85,0.0,13.14013851518367,-28.75298309326172,-29.14022445678711,4.010812759399414
HIGH_LOAD,3247.52,3276.224,00:54:07.52,00:54:36.22,28.70400000000018,0.539223166367083,-30.35712449428499,-31.551843150421348,0.39702339639642437
IMPACT,3248.288,3248.288,00:54:08.29,00:54:08.29,0.0,8.93167719097066,-30.461082458496094,-31.02379035949707,0.5251693725585938
BARRAGE,3248.576,3254.144,00:54:08.58,00:54:14.14,5.567999999999756,1.0026180700525487,-27.189684589930945,-27.65412543160575,-0.5245547921316966
IMPACT,3249.696,3249.696,00:54:09.70,00:54:09.70,0.0,15.172237107653542,-27.416868209838867,-29.098743438720703,-3.9923858642578125
IMPACT,3251.136,3251.136,00:54:11.14,00:54:11.14,0.0,11.67357100135002,-25.13067054748535,-25.92569351196289,-0.04635429382324219
IMPACT,3252.576,3252.576,00:54:12.58,00:54:12.58,0.0,10.060331276672605,-26.221969604492188,-27.246482849121094,-0.6459865570068359
IMPACT,3253.984,3253.984,00:54:13.98,00:54:13.98,0.0,9.040409362954353,-26.702938079833984,-27.931716918945312,0.3574943542480469
IMPACT,3255.424,3255.424,00:54:15.42,00:54:15.42,0.0,14.775354691377073,-26.17023277282715,-28.015249252319336,-3.6873779296875
IMPACT,3256.864,3256.864,00:54:16.86,00:54:16.86,0.0,7.634803924383311,-29.62211227416992,-31.219310760498047,-2.207630157470696
IMPACT,3258.272,3258.272,00:54:18.27,00:54:18.27,0.0,10.711316017212305,-24.55175018310547,-26.20660781860352,0.008846282958984375
IMPACT,3260.416,3260.416,00:54:20.42,00:54:20.42,0.0,11.324124914946717,-24.94820785522461,-26.61431884765625,-3.482086181640625
BARRAGE,3261.056,3268.416,00:54:21.06,00:54:28.42,7.360000000000127,1.0604442970315908,-28.891558915505676,-29.65858963970498,-2.7867239419516032
IMPACT,3261.856,3261.856,00:54:21.86,00:54:21.86,0.0,8.888684343776331,-24.614044189453125,-25.50458526611328,-3.946441650390625
IMPACT,3263.264,3263.264,00:54:23.26,00:54:23.26,0.0,10.13914318445929,-24.841297149658203,-26.92395782470703,-4.376337051391602
IMPACT,3264.0,3264.0,00:54:24.00,00:54:24.00,0.0,11.049297892083967,-24.66380882263184,-25.87407112121582,-4.683616638183594
DRUM_RUN,3264.288,3264.288,00:54:24.29,00:54:24.29,0.0,2.005180537266445,-26.42872810363769,-27.560874938964844,-4.011415481567386
IMPACT,3266.144,3266.144,00:54:26.14,00:54:26.14,0.0,10.605558929182319,-28.73866081237793,-30.6624813079834,-4.065876007080078
IMPACT,3268.608,3268.608,00:54:28.61,00:54:28.61,0.0,10.32215371016647,-31.76428985595703,-33.67285919189453,14.387937545776367
HARSH,3271.68,3271.68,00:54:31.68,00:54:31.68,0.0,13.86906175922585,-35.95241165161133,-38.18486022949219,3.5810890197753906
IMPACT,3271.68,3271.68,00:54:31.68,00:54:31.68,0.0,8.154026259435492,-35.95241165161133,-38.18486022949219,3.5810890197753906
IMPACT,3276.928,3276.928,00:54:36.93,00:54:36.93,0.0,8.364984519385056,-38.45769500732422,-40.81158447265625,-5.072475433349609
HARSH,3284.384,3284.384,00:54:44.38,00:54:44.38,0.0,20.957947738407217,-46.37932205200195,-53.199798583984375,21.23373794555664
IMPACT,3284.384,3284.384,00:54:44.38,00:54:44.38,0.0,12.441899334356641,-46.37932205200195,-53.199798583984375,21.23373794555664
IMPACT,3286.528,3286.528,00:54:46.53,00:54:46.53,0.0,10.685053839862206,-32.20991516113281,-42.880218505859375,37.69489860534668
HARSH,3288.832,3288.832,00:54:48.83,00:54:48.83,0.0,28.18052383980607,-45.11127471923828,-54.11444091796875,24.760684967041016
IMPACT,3288.832,3288.832,00:54:48.83,00:54:48.83,0.0,13.857704125496008,-45.11127471923828,-54.11444091796875,24.760684967041016
IMPACT,3290.688,3290.688,00:54:50.69,00:54:50.69,0.0,9.898218925035168,-47.95911407470703,-52.233184814453125,23.598918914794922
IMPACT,3291.616,3291.616,00:54:51.62,00:54:51.62,0.0,11.458682631234142,-45.10820388793945,-49.481563568115234,26.397258758544922
HARSH,3293.376,3293.376,00:54:53.38,00:54:53.38,0.0,24.628972005310576,-44.74460220336914,-50.22373580932617,28.108776092529297
IMPACT,3293.376,3293.376,00:54:53.38,00:54:53.38,0.0,13.055845150839932,-44.74460220336914,-50.22373580932617,28.108776092529297
IMPACT,3294.784,3294.784,00:54:54.78,00:54:54.78,0.0,9.943128921620806,-47.35593795776367,-53.42682647705078,25.1896743774414
HARSH,3296.864,3296.864,00:54:56.86,00:54:56.86,0.0,23.73326771630515,-44.8227653503418,-56.82255554199219,28.57585906982422
IMPACT,3296.864,3296.864,00:54:56.86,00:54:56.86,0.0,14.067339450474329,-44.8227653503418,-56.82255554199219,28.57585906982422
IMPACT,3297.76,3297.76,00:54:57.76,00:54:57.76,0.0,7.930154331963684,-36.68205261230469,-47.53425979614258,36.82584762573242
IMPACT,3300.256,3300.256,00:55:00.26,00:55:00.26,0.0,9.273103551859148,-31.868038177490234,-45.24226760864258,40.30549812316895
HARSH,3301.056,3301.056,00:55:01.06,00:55:01.06,0.0,14.62003276029933,-48.660491943359375,-54.67452239990234,24.269535064697266
IMPACT,3301.056,3301.056,00:55:01.06,00:55:01.06,0.0,8.016216575650777,-48.660491943359375,-54.67452239990234,24.269535064697266
SWELL,3302.0,3308.0,00:55:02.00,00:55:08.00,6.0,27.024933855018922,-40.65695469902161,-41.7774272551511,-0.6637737151773219
IMPACT,3302.176,3302.176,00:55:02.18,00:55:02.18,0.0,7.775267753121183,-37.968544006347656,-47.844573974609375,34.314292907714844
IMPACT,3314.112,3314.112,00:55:14.11,00:55:14.11,0.0,10.396457345666754,-38.60163879394531,-40.39363098144531,15.756298065185547
HARSH,3319.648,3319.648,00:55:19.65,00:55:19.65,0.0,19.45142998034327,-47.53636169433594,-63.163818359375,27.881015777587884
IMPACT,3319.648,3319.648,00:55:19.65,00:55:19.65,0.0,8.531521770370798,-47.53636169433594,-63.163818359375,27.881015777587884
IMPACT,3323.456,3323.456,00:55:23.46,00:55:23.46,0.0,10.32374187803675,-47.52357482910156,-49.36000442504883,30.022624969482422
IMPACT,3324.224,3324.224,00:55:24.22,00:55:24.22,0.0,12.560888427839355,-48.413028717041016,-52.60212707519531,31.030250549316406
HARSH,3324.8,3324.8,00:55:24.80,00:55:24.80,0.0,19.06353171896607,-49.6522331237793,-53.62318420410156,30.288814544677734
BARRAGE,3325.216,3329.536,00:55:25.22,00:55:29.54,4.320000000000164,1.1665747157826996,-53.53706127054551,-57.93486698936014,20.476107260760138
IMPACT,3325.408,3325.408,00:55:25.41,00:55:25.41,0.0,10.468451796301311,-45.56736755371094,-65.4476547241211,33.045440673828125
IMPACT,3326.72,3326.72,00:55:26.72,00:55:26.72,0.0,15.596472883849534,-44.33437347412109,-47.36823654174805,36.03900909423828
HARSH,3327.872,3327.872,00:55:27.87,00:55:27.87,0.0,14.251295304385492,-47.92054748535156,-62.06453704833984,26.084640502929688
IMPACT,3327.936,3327.936,00:55:27.94,00:55:27.94,0.0,9.009291889021537,-48.08076477050781,-63.51360321044922,26.213375091552734
IMPACT,3330.208,3330.208,00:55:30.21,00:55:30.21,0.0,7.614052343013301,-50.1860237121582,-55.946876525878906,28.671165466308594
RECOVERY,3330.944,3337.184,00:55:30.94,00:55:37.18,6.2400000000002365,-0.10121684704195642,-60.934818987943686,-63.53459971291678,10.624085744222006
IMPACT,3339.04,3339.04,00:55:39.04,00:55:39.04,0.0,7.69421450461496,-48.04670715332031,-63.531700134277344,30.178077697753906
HARSH,3339.104,3339.104,00:55:39.10,00:55:39.10,0.0,13.725749442941696,-48.9796257019043,-63.23173904418945,29.16168212890625
IMPACT,3340.192,3340.192,00:55:40.19,00:55:40.19,0.0,9.269620743969178,-45.76732635498047,-55.21201705932617,32.20482635498047
IMPACT,3341.504,3341.504,00:55:41.50,00:55:41.50,0.0,11.69586693765303,-47.7348518371582,-53.93312072753906,31.497692108154297
IMPACT,3342.784,3342.784,00:55:42.78,00:55:42.78,0.0,7.854756326274237,-50.018592834472656,-54.51560592651367,27.103309631347656
HARSH,3342.816,3342.816,00:55:42.82,00:55:42.82,0.0,18.072515163224885,-50.95783233642578,-57.431339263916016,26.119415283203125
HARSH,3346.688,3346.688,00:55:46.69,00:55:46.69,0.0,17.56541447874879,-47.89972305297852,-71.00309753417969,37.040626525878906
IMPACT,3346.752,3346.752,00:55:46.75,00:55:46.75,0.0,12.655969638843128,-43.61322784423828,-71.0671157836914,40.597251892089844
HARSH,3350.496,3350.496,00:55:50.50,00:55:50.50,0.0,20.90990041292565,-50.44856643676758,-54.021728515625,33.009586334228516
IMPACT,3352.352,3352.352,00:55:52.35,00:55:52.35,0.0,10.124926336217197,-49.517364501953125,-68.27193450927734,35.927886962890625
IMPACT,3353.6,3353.6,00:55:53.60,00:55:53.60,0.0,8.219191631356228,-50.84052658081055,-69.73667907714844,34.006412506103516
SWELL,3355.25,3359.25,00:55:55.25,00:55:59.25,4.0,8.929303474865058,-52.371205627441405,-59.056668426513674,32.52576853942871
BARRAGE,3355.648,3359.68,00:55:55.65,00:55:59.68,4.031999999999698,1.20139463823767,-51.17592515720157,-57.55575267160971,33.87983808742734
HARSH,3357.024,3357.024,00:55:57.02,00:55:57.02,0.0,22.761241206430835,-46.08707046508789,-50.32440948486328,39.87687683105469
IMPACT,3357.024,3357.024,00:55:57.02,00:55:57.02,0.0,11.547003474395016,-46.08707046508789,-50.32440948486328,39.87687683105469
IMPACT,3358.208,3358.208,00:55:58.21,00:55:58.21,0.0,10.89324680431133,-46.21674346923828,-52.73667144775391,39.477420806884766
IMPACT,3359.648,3359.648,00:55:59.65,00:55:59.65,0.0,12.504676378210167,-49.89795684814453,-61.84862518310547,36.41631317138672
HARSH,3362.56,3362.56,00:56:02.56,00:56:02.56,0.0,14.78867580123458,-48.89225006103516,-55.87726593017578,36.4887466430664
RECOVERY,3364.192,3371.264,00:56:04.19,00:56:11.26,7.072000000000116,-0.08822606735977502,-58.10132366902119,-60.644711760787274,5.772356414794922
IMPACT,3364.288,3364.288,00:56:04.29,00:56:04.29,0.0,11.074251935353887,-46.14604949951172,-52.884544372558594,38.12538528442383
SWELL,3367.0,3375.0,00:56:07.00,00:56:15.00,8.0,35.99163028568214,-46.900644508361815,-48.345973609924314,2.086837314790295
BARRAGE,3383.296,3389.248,00:56:23.30,00:56:29.25,5.9520000000002256,1.283773127069785,-50.06011922091724,-54.08873828337154,16.38414901080616
HARSH,3384.48,3384.48,00:56:24.48,00:56:24.48,0.0,21.735084321985386,-46.26910781860352,-52.342891693115234,23.833942413330078
IMPACT,3384.48,3384.48,00:56:24.48,00:56:24.48,0.0,8.474590903851423,-46.26910781860352,-52.342891693115234,23.833942413330078
IMPACT,3385.408,3385.408,00:56:25.41,00:56:25.41,0.0,9.173872596997267,-49.32294845581055,-57.052764892578125,19.38043975830078
HARSH,3388.928,3388.928,00:56:28.93,00:56:28.93,0.0,21.76389215430038,-47.43820190429688,-55.671348571777344,23.396984100341797
IMPACT,3388.928,3388.928,00:56:28.93,00:56:28.93,0.0,12.907123171093335,-47.43820190429688,-55.671348571777344,23.396984100341797
IMPACT,3390.016,3390.016,00:56:30.02,00:56:30.02,0.0,8.10348695876694,-37.74814224243164,-46.88323593139648,29.929834365844727
IMPACT,3392.192,3392.192,00:56:32.19,00:56:32.19,0.0,10.714523218523858,-41.42533874511719,-49.260868072509766,24.779399871826172
HARSH,3392.64,3392.64,00:56:32.64,00:56:32.64,0.0,17.04428879588176,-44.47500228881836,-53.54716491699219,26.3482666015625
IMPACT,3392.992,3392.992,00:56:32.99,00:56:32.99,0.0,9.636989258320233,-47.617000579833984,-57.35220336914063,22.426910400390632
HARSH,3396.992,3396.992,00:56:36.99,00:56:36.99,0.0,15.138410463329798,-48.14613723754883,-59.01723861694336,22.203781127929695
RECOVERY,3397.28,3420.928,00:56:37.28,00:57:00.93,23.647999999999683,-0.07798914167305275,-57.10126266479492,-58.221168476826435,-8.11864506231772
HARSH,3400.896,3400.896,00:56:40.90,00:56:40.90,0.0,15.126211973660368,-54.13450622558594,-59.13097381591797,14.368843078613281
IMPACT,3405.984,3405.984,00:56:45.98,00:56:45.98,0.0,7.621557042328762,-43.87740707397461,-50.844520568847656,24.936668395996087
HARSH,3410.688,3410.688,00:56:50.69,00:56:50.69,0.0,19.857086417035053,-45.62760162353516,-52.521610260009766,26.987056732177734
IMPACT,3410.688,3410.688,00:56:50.69,00:56:50.69,0.0,11.561162958398969,-45.62760162353516,-52.521610260009766,26.987056732177734
HARSH,3421.888,3421.888,00:57:01.89,00:57:01.89,0.0,14.113799456473181,-50.54679489135742,-54.45989990234375,12.908287048339844
IMPACT,3421.92,3421.92,00:57:01.92,00:57:01.92,0.0,9.088212376918875,-49.99103164672852,-53.56690979003906,12.09486389160157
HARSH,3425.472,3425.472,00:57:05.47,00:57:05.47,0.0,16.6771996225779,-44.28818130493164,-46.229759216308594,9.78549575805664
IMPACT,3428.8,3428.8,00:57:08.80,00:57:08.80,0.0,7.664717425383995,-40.24961853027344,-40.469364166259766,3.6907806396484375
IMPACT,3454.112,3454.112,00:57:34.11,00:57:34.11,0.0,8.131818058195934,-40.77268981933594,-44.69979095458984,12.992656707763672
HARSH,3454.56,3454.56,00:57:34.56,00:57:34.56,0.0,12.097261078700086,-47.62351608276367,-50.025638580322266,3.6037445068359446
SWELL,3469.0,3475.0,00:57:49.00,00:57:55.00,6.0,10.982309878474481,-38.96515836052716,-39.80892520027365,-6.795351293635241
HARSH,3470.176,3470.176,00:57:50.18,00:57:50.18,0.0,16.094604622064114,-45.34730529785156,-47.8315544128418,12.150001525878906
IMPACT,3471.68,3471.68,00:57:51.68,00:57:51.68,0.0,11.93591443531192,-38.72014999389648,-40.17207336425781,-12.031475067138672
IMPACT,3473.152,3473.152,00:57:53.15,00:57:53.15,0.0,10.019937055753253,-33.441585540771484,-34.25348663330078,-18.578205108642578
IMPACT,3474.592,3474.592,00:57:54.59,00:57:54.59,0.0,11.813715737199374,-33.005516052246094,-34.240814208984375,-16.24819564819336
IMPACT,3476.032,3476.032,00:57:56.03,00:57:56.03,0.0,11.084620132524707,-33.951210021972656,-34.677345275878906,-28.850391387939453
IMPACT,3477.472,3477.472,00:57:57.47,00:57:57.47,0.0,11.540531790412587,-35.417091369628906,-36.46456909179688,-3.4057960510253835
IMPACT,3478.912,3478.912,00:57:58.91,00:57:58.91,0.0,8.99982454884602,-40.06565475463867,-40.99176406860352,-15.045822143554688
HARSH,3482.752,3482.752,00:58:02.75,00:58:02.75,0.0,12.238028305165708,-43.42433166503906,-45.80551528930664,10.968681335449212
IMPACT,3484.288,3484.288,00:58:04.29,00:58:04.29,0.0,8.722189549679408,-48.19105529785156,-51.60242462158203,12.430854797363281
HARSH,3487.008,3487.008,00:58:07.01,00:58:07.01,0.0,18.44616664756172,-46.73567962646485,-53.92658615112305,31.400463104248047
IMPACT,3487.04,3487.04,00:58:07.04,00:58:07.04,0.0,9.746744379492766,-43.89875793457031,-50.38602828979492,34.50188064575195
HARSH,3492.608,3492.608,00:58:12.61,00:58:12.61,0.0,14.818312510374419,-48.94431686401367,-64.0134506225586,30.41714096069336
IMPACT,3492.608,3492.608,00:58:12.61,00:58:12.61,0.0,9.099755257047734,-48.94431686401367,-64.0134506225586,30.41714096069336
BARRAGE,3497.632,3516.096,00:58:17.63,00:58:36.10,18.463999999999942,1.6794819352133157,-52.11936947383683,-57.64705940431377,28.366660504822338
IMPACT,3497.76,3497.76,00:58:17.76,00:58:17.76,0.0,12.733856686496944,-39.51010894775391,-46.49015426635742,41.62826919555664
HARSH,3497.92,3497.92,00:58:17.92,00:58:17.92,0.0,21.34937164058972,-44.769134521484375,-61.412540435791016,31.77074432373047
IMPACT,3501.888,3501.888,00:58:21.89,00:58:21.89,0.0,8.524895355599632,-41.47981643676758,-54.52827453613281,39.07329559326172
HARSH,3501.984,3501.984,00:58:21.98,00:58:21.98,0.0,16.064122039712394,-40.18453979492188,-50.58880615234375,39.69059944152832
IMPACT,3503.68,3503.68,00:58:23.68,00:58:23.68,0.0,10.202210101428381,-43.59678268432617,-55.04073333740234,38.82811737060547
IMPACT,3504.48,3504.48,00:58:24.48,00:58:24.48,0.0,8.261487716020422,-53.12981414794922,-61.29021072387695,26.182525634765625
HIGH_LOAD,3505.696,3513.632,00:58:25.70,00:58:33.63,7.936000000000149,0.4986539388024167,-51.28277067008268,-57.44385730789369,29.063187949265107
IMPACT,3505.952,3505.952,00:58:25.95,00:58:25.95,0.0,12.12005611953428,-43.82952117919922,-46.97262573242188,36.33776092529297
IMPACT,3507.232,3507.232,00:58:27.23,00:58:27.23,0.0,8.593177108454247,-48.890586853027344,-54.316871643066406,30.79564666748047
IMPACT,3508.576,3508.576,00:58:28.58,00:58:28.58,0.0,13.258005606464033,-47.12456130981445,-51.235801696777344,33.10113525390624
HARSH,3508.8,3508.8,00:58:28.80,00:58:28.80,0.0,23.234942608837983,-53.668487548828125,-62.05612564086914,28.139076232910156
IMPACT,3509.44,3509.44,00:58:29.44,00:58:29.44,0.0,10.519971448670264,-41.36639404296875,-56.48769760131836,37.48588943481445
IMPACT,3511.616,3511.616,00:58:31.62,00:58:31.62,0.0,9.3774535236659,-48.22335815429688,-54.27702331542969,33.247570037841804
IMPACT,3513.152,3513.152,00:58:33.15,00:58:33.15,0.0,8.142629136478922,-43.682891845703125,-55.1285400390625,38.908329010009766
IMPACT,3513.888,3513.888,00:58:33.89,00:58:33.89,0.0,7.648519469082865,-50.91014099121094,-61.54942321777344,27.594390869140618
IMPACT,3514.784,3514.784,00:58:34.78,00:58:34.78,0.0,13.954891938415978,-44.98841094970703,-54.93360137939453,34.48933029174805
IMPACT,3516.32,3516.32,00:58:36.32,00:58:36.32,0.0,7.989726795245728,-48.2151985168457,-51.78230667114258,31.75574493408203
HARSH,3517.504,3517.504,00:58:37.50,00:58:37.50,0.0,18.971648777847662,-52.622337341308594,-67.48551940917969,30.765342712402344
RECOVERY,3518.08,3524.928,00:58:38.08,00:58:44.93,6.847999999999956,-0.060884073527319546,-65.66154611277025,-67.57521896362304,9.364164008468878
IMPACT,3528.0,3528.0,00:58:48.00,00:58:48.00,0.0,9.50775014628627,-42.568397521972656,-43.15472412109375,5.803272247314453
IMPACT,3541.024,3541.024,00:59:01.02,00:59:01.02,0.0,11.361327000270535,-39.0539665222168,-43.32044219970703,9.462993621826172
HIGH_LOAD,3548.896,3558.144,00:59:08.90,00:59:18.14,9.247999999999593,0.5220092296689569,-39.82123449917497,-45.294798686586574,-5.427366769724879
IMPACT,3549.152,3549.152,00:59:09.15,00:59:09.15,0.0,11.940964233160496,-38.61297225952149,-45.47266387939453,3.2008705139160156
BARRAGE,3549.6,3555.616,00:59:09.60,00:59:15.62,6.016000000000076,1.1822402054885652,-40.165148740092285,-44.421198688486896,-5.404680665838655
HARSH,3550.208,3550.208,00:59:10.21,00:59:10.21,0.0,12.966881401208747,-42.73980712890625,-48.72823715209961,2.270885467529297
IMPACT,3550.24,3550.24,00:59:10.24,00:59:10.24,0.0,10.391210559502824,-42.66880416870117,-48.81132507324219,2.2488975524902344
IMPACT,3551.36,3551.36,00:59:11.36,00:59:11.36,0.0,13.630322543070465,-34.42918395996094,-38.47373580932617,13.16573715209961
IMPACT,3553.056,3553.056,00:59:13.06,00:59:13.06,0.0,14.469882115095452,-38.780235290527344,-45.0199089050293,11.93343544006347
IMPACT,3554.656,3554.656,00:59:14.66,00:59:14.66,0.0,12.525286692224881,-35.48859024047852,-41.49713134765625,5.441913604736328
HARSH,3555.552,3555.552,00:59:15.55,00:59:15.55,0.0,23.739573360425744,-42.91838836669922,-49.26183319091797,8.328258514404297
IMPACT,3555.584,3555.584,00:59:15.58,00:59:15.58,0.0,17.82981544517415,-42.98881912231445,-49.57802581787109,8.572353363037102
IMPACT,3557.056,3557.056,00:59:17.06,00:59:17.06,0.0,11.242937201223857,-41.34627914428711,-50.46515655517578,2.9182891845703125
IMPACT,3561.664,3561.664,00:59:21.66,00:59:21.66,0.0,8.126429014145979,-36.97978210449219,-42.456809997558594,1.9557838439941406
RECOVERY,3562.112,3568.576,00:59:22.11,00:59:28.58,6.463999999999942,-0.13102756837471177,-60.046676973991204,-62.242989676339285,8.22804673348066
IMPACT,3565.696,3565.696,00:59:25.70,00:59:25.70,0.0,10.626852316583136,-46.50813674926758,-51.58403778076172,30.935401916503906
IMPACT,3569.216,3569.216,00:59:29.22,00:59:29.22,0.0,22.253696295940767,-36.51770782470703,-39.17021942138672,39.765621185302734
IMPACT,3571.36,3571.36,00:59:31.36,00:59:31.36,0.0,7.927097704285959,-53.40591049194336,-60.42783737182617,19.710979461669922
IMPACT,3575.648,3575.648,00:59:35.65,00:59:35.65,0.0,8.378852065501126,-42.65827941894531,-49.15718460083008,14.610122680664062
HARSH,3575.712,3575.712,00:59:35.71,00:59:35.71,0.0,16.332566209460044,-45.6551399230957,-50.43827438354492,11.146907806396484
HIGH_LOAD,3578.24,3584.608,00:59:38.24,00:59:44.61,6.368000000000393,0.5257294082706206,-44.43712675094604,-49.15319711685181,5.771001653671265
HARSH,3582.976,3582.976,00:59:42.98,00:59:42.98,0.0,13.154083642572644,-44.19101333618164,-51.360626220703125,12.350372314453125
IMPACT,3583.52,3583.52,00:59:43.52,00:59:43.52,0.0,8.992053003325816,-42.13313293457031,-47.771759033203125,14.710201263427734
IMPACT,3589.344,3589.344,00:59:49.34,00:59:49.34,0.0,12.732344523606168,-47.48146057128906,-50.63640213012695,2.195873260498047
IMPACT,3590.528,3590.528,00:59:50.53,00:59:50.53,0.0,8.852650371743675,-50.89339828491211,-57.96379852294922,8.18902587890625
IMPACT,3595.808,3595.808,00:59:55.81,00:59:55.81,0.0,13.268534205474282,-44.57312774658203,-51.3594856262207,11.236442565917969
HARSH,3595.872,3595.872,00:59:55.87,00:59:55.87,0.0,32.48558215312386,-45.80144500732422,-53.9437141418457,11.426219940185547
IMPACT,3597.568,3597.568,00:59:57.57,00:59:57.57,0.0,10.757205475820603,-47.69255065917969,-55.21442031860352,12.982635498046875
IMPACT,3598.336,3598.336,00:59:58.34,00:59:58.34,0.0,9.429276607400435,-42.85954284667969,-51.74258804321289,21.95435333251953
HARSH,3599.808,3599.808,00:59:59.81,00:59:59.81,0.0,34.77621142786336,-45.29583740234375,-54.924713134765625,18.14883041381836
IMPACT,3599.84,3599.84,00:59:59.84,00:59:59.84,0.0,15.42819378059432,-42.18230819702149,-52.766414642333984,22.063611984252926
IMPACT,3601.568,3601.568,01:00:01.57,01:00:01.57,0.0,11.087039068681156,-48.95369720458984,-56.12066650390625,14.866954803466797
BARRAGE,3601.696,3613.44,01:00:01.70,01:00:13.44,11.744000000000142,1.413329858130064,-39.7420485900796,-42.2729114656863,6.8136317574459575
HIGH_LOAD,3604.096,3612.544,01:00:04.10,01:00:12.54,8.447999999999865,0.5691837611187686,-36.54395243086905,-38.87127435072413,7.998179316970537
HARSH,3604.448,3604.448,01:00:04.45,01:00:04.45,0.0,15.101541646282964,-46.16524505615234,-52.72750854492188,16.74596786499024
IMPACT,3604.544,3604.544,01:00:04.54,01:00:04.54,0.0,8.980027679439077,-36.02251434326172,-49.29965972900391,29.055736541748047
DRUM_RUN,3606.048,3606.048,01:00:06.05,01:00:06.05,0.0,2.010599727815875,-36.234493255615234,-38.19903945922852,11.026054382324215
IMPACT,3610.4,3610.4,01:00:10.40,01:00:10.40,0.0,9.76108675697059,-33.01891326904297,-35.61792755126953,10.741880416870117
IMPACT,3612.8,3612.8,01:00:12.80,01:00:12.80,0.0,9.319182708287912,-33.12470626831055,-34.23607635498047,7.023757934570323
IMPACT,3615.328,3615.328,01:00:15.33,01:00:15.33,0.0,11.601187474783325,-35.93136215209961,-37.85937881469727,15.415046691894528
IMPACT,3616.16,3616.16,01:00:16.16,01:00:16.16,0.0,10.8576644389973,-41.99645233154297,-45.676361083984375,20.379947662353516
IMPACT,3617.504,3617.504,01:00:17.50,01:00:17.50,0.0,8.191430640172133,-45.1731071472168,-53.31086730957031,5.172157287597656
RECOVERY,3617.888,3645.184,01:00:17.89,01:00:45.18,27.296000000000276,-0.13244587195219962,-45.56252306239108,-52.0435215371554,-5.689098264350266
SWELL,3645.5,3651.5,01:00:45.50,01:00:51.50,6.0,13.257449331216176,-33.982540465415795,-38.28099657626862,-2.2026153219507094
HIGH_LOAD,3667.968,3683.296,01:01:07.97,01:01:23.30,15.327999999999975,0.5446893798038974,-27.65185519059499,-35.49520675341288,-3.8559431870778402
BARRAGE,3673.6,3678.592,01:01:13.60,01:01:18.59,4.992000000000189,1.0315696803732293,-27.37669515913459,-35.12227933118298,0.6726724661079942
IMPACT,3678.272,3678.272,01:01:18.27,01:01:18.27,0.0,8.211797666657441,-23.55569648742676,-25.125444412231445,15.24282455444336
HARSH,3680.096,3680.096,01:01:20.10,01:01:20.10,0.0,14.4072032015279,-24.06572723388672,-27.3369255065918,14.612039566040037
IMPACT,3680.16,3680.16,01:01:20.16,01:01:20.16,0.0,9.174881334837812,-21.46078872680664,-23.10074806213379,18.618453979492188
IMPACT,3682.56,3682.56,01:01:22.56,01:01:22.56,0.0,8.547838548154996,-26.60426902770996,-29.378576278686523,10.726669311523434
HIGH_LOAD,3686.304,3691.552,01:01:26.30,01:01:31.55,5.248000000000047,0.5175716582865125,-32.65231362545129,-42.24333488001968,-2.070961287527373
HARSH,3691.008,3691.008,01:01:31.01,01:01:31.01,0.0,33.40036048996597,-25.719194412231445,-36.92409133911133,18.85142993927002
IMPACT,3691.072,3691.072,01:01:31.07,01:01:31.07,0.0,19.827238826881874,-23.247486114501957,-27.59130477905273,21.863883018493652
IMPACT,3697.984,3697.984,01:01:37.98,01:01:37.98,0.0,11.916496120214536,-25.375232696533203,-26.840484619140625,15.066715240478516
HIGH_LOAD,3703.68,3716.8,01:01:43.68,01:01:56.80,13.120000000000346,0.4793680782520754,-25.127866805324878,-26.004322349010014,-2.2600577509896307
HIGH_LOAD,3724.0,3732.96,01:02:04.00,01:02:12.96,8.960000000000036,0.5261199665353229,-26.124564778338122,-27.00160595361024,1.469039757480825
IMPACT,3729.664,3729.664,01:02:09.66,01:02:09.66,0.0,13.491664160949714,-23.30265045166016,-24.78799819946289,15.384359359741207
IMPACT,3731.2,3731.2,01:02:11.20,01:02:11.20,0.0,9.794693796521951,-25.016496658325195,-26.16099166870117,11.75086784362793
SWELL,3743.75,3747.75,01:02:23.75,01:02:27.75,4.0,14.927738114028188,-29.222685607910158,-37.11513003540039,2.5300060882568354
BARRAGE,3751.648,3785.088,01:02:31.65,01:03:05.09,33.440000000000055,1.8808232765057291,-47.35192155199798,-53.01919729987704,21.667477707775657
IMPACT,3751.776,3751.776,01:02:31.78,01:02:31.78,0.0,8.669728986739864,-43.81155014038086,-51.41103744506836,24.416049957275384
SWELL,3754.0,3756.0,01:02:34.00,01:02:36.00,2.0,18.800491887732562,-52.284945334157634,-60.55248266650784,21.91427490359447
IMPACT,3754.976,3754.976,01:02:34.98,01:02:34.98,0.0,13.281742966950995,-43.69956207275391,-49.11262512207031,27.622478485107422
HARSH,3755.584,3755.584,01:02:35.58,01:02:35.58,0.0,19.01048632731099,-44.98277282714844,-53.01225662231445,35.63711166381836
IMPACT,3756.192,3756.192,01:02:36.19,01:02:36.19,0.0,7.723873561275078,-40.01332092285156,-48.87663269042969,30.26010322570801
IMPACT,3757.44,3757.44,01:02:37.44,01:02:37.44,0.0,10.864304011483359,-44.66813659667969,-55.707008361816406,31.78582000732422
IMPACT,3759.04,3759.04,01:02:39.04,01:02:39.04,0.0,17.73428789140239,-39.5865364074707,-51.474552154541016,32.325042724609375
IMPACT,3760.704,3760.704,01:02:40.70,01:02:40.70,0.0,10.463851698738157,-42.98601531982422,-53.713409423828125,37.31554412841797
HARSH,3761.76,3761.76,01:02:41.76,01:02:41.76,0.0,16.55155790013223,-51.33824157714844,-62.13829803466797,26.985408782958984
HIGH_LOAD,3762.912,3775.104,01:02:42.91,01:02:55.10,12.192000000000007,0.5239108522416318,-45.21776340145091,-50.85159290773082,24.488987558175133
IMPACT,3763.488,3763.488,01:02:43.49,01:02:43.49,0.0,10.909285673437799,-40.02048110961914,-49.444244384765625,33.96162796020508
IMPACT,3764.32,3764.32,01:02:44.32,01:02:44.32,0.0,9.796855359561299,-39.59738159179688,-47.116661071777344,30.535614013671875
IMPACT,3767.136,3767.136,01:02:47.14,01:02:47.14,0.0,7.878970016717556,-46.29973983764648,-50.720096588134766,20.34777069091797
IMPACT,3768.224,3768.224,01:02:48.22,01:02:48.22,0.0,11.603866534900014,-36.85444259643555,-41.95680236816406,23.16240692138672
IMPACT,3770.208,3770.208,01:02:50.21,01:02:50.21,0.0,13.820532668276849,-34.501949310302734,-42.33111953735352,31.01495552062988
HARSH,3770.272,3770.272,01:02:50.27,01:02:50.27,0.0,15.180915997820284,-39.61723709106445,-47.87839889526367,24.53741455078125
IMPACT,3771.2,3771.2,01:02:51.20,01:02:51.20,0.0,13.51536175034994,-36.50009536743164,-41.53755569458008,35.47575378417969
IMPACT,3773.184,3773.184,01:02:53.18,01:02:53.18,0.0,8.330194287712647,-40.32820129394531,-49.51557922363281,36.09409523010254
HARSH,3773.856,3773.856,01:02:53.86,01:02:53.86,0.0,19.506479550624487,-49.19859313964844,-57.81615829467773,28.991138458251946
IMPACT,3773.952,3773.952,01:02:53.95,01:02:53.95,0.0,7.944259500237378,-40.39057922363281,-51.927337646484375,36.34348678588867
IMPACT,3774.72,3774.72,01:02:54.72,01:02:54.72,0.0,12.617052387569695,-37.246002197265625,-49.63261413574219,36.39289093017578
IMPACT,3776.288,3776.288,01:02:56.29,01:02:56.29,0.0,9.830684189423208,-36.718238830566406,-40.69593048095703,39.05039978027344
HIGH_LOAD,3779.008,3784.224,01:02:59.01,01:03:04.22,5.216000000000349,0.5629704437323292,-44.53969615843238,-50.76883485840588,21.43777271596397
IMPACT,3779.104,3779.104,01:02:59.10,01:02:59.10,0.0,12.731415054785986,-36.66710662841797,-50.474853515625,32.912811279296875
HARSH,3780.096,3780.096,01:03:00.10,01:03:00.10,0.0,20.37236135157744,-42.86539077758789,-53.35870742797852,28.775142669677734
IMPACT,3780.096,3780.096,01:03:00.10,01:03:00.10,0.0,14.419942621087529,-42.86539077758789,-53.35870742797852,28.775142669677734
IMPACT,3780.992,3780.992,01:03:00.99,01:03:00.99,0.0,11.236833810118503,-42.427982330322266,-51.24026870727539,24.274047851562493
DRUM_RUN,3782.08,3782.08,01:03:02.08,01:03:02.08,0.0,2.1403354796666934,-42.157676696777344,-46.688621520996094,26.778297424316406
IMPACT,3782.336,3782.336,01:03:02.34,01:03:02.34,0.0,11.082506759281554,-42.12408447265625,-51.423561096191406,25.935701370239258
IMPACT,3783.904,3783.904,01:03:03.90,01:03:03.90,0.0,10.812873589298857,-40.03069305419922,-47.58327865600586,30.792242050170895
IMPACT,3787.808,3787.808,01:03:07.81,01:03:07.81,0.0,9.740902693441646,-44.71025466918945,-49.76719665527344,31.674667358398438
DRUM_RUN,3788.48,3788.48,01:03:08.48,01:03:08.48,0.0,1.9107333315529835,-44.31065368652344,-47.71177673339844,31.292949676513672
IMPACT,3788.736,3788.736,01:03:08.74,01:03:08.74,0.0,8.452312581878811,-42.29547882080078,-49.22657775878906,35.47602462768555
HARSH,3789.408,3789.408,01:03:09.41,01:03:09.41,0.0,12.672127054436075,-38.35434722900391,-44.83489608764648,28.031961441040043
IMPACT,3789.472,3789.472,01:03:09.47,01:03:09.47,0.0,28.0967427460441,-33.77489471435547,-36.1428337097168,14.46365737915039
IMPACT,3796.384,3796.384,01:03:16.38,01:03:16.38,0.0,12.010614796808584,-32.798828125,-33.576744079589844,3.8830184936523438
IMPACT,3799.488,3799.488,01:03:19.49,01:03:19.49,0.0,11.28273645226122,-43.059349060058594,-44.95963668823242,26.578941345214844
IMPACT,3801.28,3801.28,01:03:21.28,01:03:21.28,0.0,8.9780092182333,-51.066253662109375,-58.12973785400391,34.14621734619141
HARSH,3802.528,3802.528,01:03:22.53,01:03:22.53,0.0,18.414648494381183,-50.81594467163086,-56.45620727539063,36.626014709472656
IMPACT,3802.56,3802.56,01:03:22.56,01:03:22.56,0.0,10.079769290296424,-53.11515426635742,-62.70261764526367,34.150218963623054
IMPACT,3803.744,3803.744,01:03:23.74,01:03:23.74,0.0,7.994831202920768,-47.89646530151367,-57.15827178955078,35.15961456298828
SWELL,3805.25,3807.25,01:03:25.25,01:03:27.25,2.0,26.16977758033937,-54.14583735312185,-56.61366801108083,9.640054486832529
BARRAGE,3806.464,3810.688,01:03:26.46,01:03:30.69,4.22400000000016,1.6495150007193917,-44.32584633504538,-49.31122342446693,17.921559168880147
IMPACT,3806.752,3806.752,01:03:26.75,01:03:26.75,0.0,11.476637001730397,-38.702674865722656,-47.92680358886719,27.787305831909176
IMPACT,3808.416,3808.416,01:03:28.42,01:03:28.42,0.0,9.41510070131065,-33.85662841796875,-43.61440658569336,29.754167556762695
DRUM_RUN,3808.512,3808.512,01:03:28.51,01:03:28.51,0.0,3.070576276531163,-40.49901580810547,-43.67038345336914,22.40313720703125
HARSH,3809.344,3809.344,01:03:29.34,01:03:29.34,0.0,20.149487419604075,-44.30604553222656,-50.90681457519531,19.308441162109375
IMPACT,3809.344,3809.344,01:03:29.34,01:03:29.34,0.0,8.080708239771,-44.30604553222656,-50.90681457519531,19.308441162109375
SWELL,3813.75,3821.75,01:03:33.75,01:03:41.75,8.0,10.267578252911399,-36.594730911254885,-37.24997286224365,-8.563651931762696
IMPACT,3817.344,3817.344,01:03:37.34,01:03:37.34,0.0,8.557430854276118,-33.44230270385742,-34.239768981933594,-5.727058410644524
IMPACT,3818.08,3818.08,01:03:38.08,01:03:38.08,0.0,7.79691752235062,-32.42857360839844,-32.840049743652344,-5.157787322998047
IMPACT,3820.256,3820.256,01:03:40.26,01:03:40.26,0.0,10.706069462054899,-33.907020568847656,-34.98635482788086,-1.1704292297363281
IMPACT,3823.136,3823.136,01:03:43.14,01:03:43.14,0.0,11.28189470606563,-30.949552536010746,-31.888093948364254,-0.5476799011230469
IMPACT,3823.872,3823.872,01:03:43.87,01:03:43.87,0.0,7.990602973395326,-31.52095413208008,-32.841365814208984,-1.6547355651855469
IMPACT,3831.072,3831.072,01:03:51.07,01:03:51.07,0.0,10.199146673314452,-26.897218704223636,-28.30666732788086,-2.3682289123535156
IMPACT,3832.512,3832.512,01:03:52.51,01:03:52.51,0.0,10.718471253323319,-28.090925216674805,-30.12364387512207,-2.2915210723876953
IMPACT,3833.248,3833.248,01:03:53.25,01:03:53.25,0.0,7.677014005139595,-27.32801055908203,-29.18078994750977,-2.2963142395019567
IMPACT,3834.656,3834.656,01:03:54.66,01:03:54.66,0.0,9.342484223532395,-28.28086853027344,-29.77688789367676,-2.024486541748047
IMPACT,3835.392,3835.392,01:03:55.39,01:03:55.39,0.0,7.89140631215706,-28.25748062133789,-29.075586318969727,-2.5161323547363246
IMPACT,3840.48,3840.48,01:04:00.48,01:04:00.48,0.0,7.962881338193067,-28.179039001464844,-30.17646789550781,-2.1459808349609375
IMPACT,3961.6,3961.6,01:06:01.60,01:06:01.60,0.0,11.467629990819097,-32.842247009277344,-35.037750244140625,14.019865036010739
IMPACT,3963.264,3963.264,01:06:03.26,01:06:03.26,0.0,13.843517992143886,-31.55433464050293,-33.413787841796875,12.817150115966797
SWELL,3965.0,3967.0,01:06:05.00,01:06:07.00,2.0,10.091763344438618,-33.46829192869125,-35.89209353539251,-0.056612291643696105
SWELL,3972.75,3980.75,01:06:12.75,01:06:20.75,8.0,21.319265630113083,-35.83843091583252,-41.05992638397217,2.6472371292114256
HARSH,3973.312,3973.312,01:06:13.31,01:06:13.31,0.0,17.526875973668442,-46.8061637878418,-54.09510803222656,7.506610870361328
SWELL,4002.25,4010.25,01:06:42.25,01:06:50.25,8.0,7.535426377101487,-32.900655632019046,-35.1923030090332,-3.1961093978881836
HARSH,4030.528,4030.528,01:07:10.53,01:07:10.53,0.0,20.594786741740524,-32.83131408691406,-37.32757568359375,10.533603668212887
IMPACT,4030.528,4030.528,01:07:10.53,01:07:10.53,0.0,7.748418277005526,-32.83131408691406,-37.32757568359375,10.533603668212887
SWELL,4034.75,4042.75,01:07:14.75,01:07:22.75,8.0,9.806129398682614,-30.297855476379393,-32.293035781860354,1.409205963134765
HIGH_LOAD,4064.064,4071.232,01:07:44.06,01:07:51.23,7.16800000000012,0.47151124069706607,-26.508364317152235,-32.26265846252441,-1.380723436143663
SWELL,4064.75,4072.75,01:07:44.75,01:07:52.75,8.0,7.221475697023269,-25.558875717163087,-30.880783409118653,-2.3121958465576173
HIGH_LOAD,4072.896,4082.176,01:07:52.90,01:08:02.18,9.279999999999745,0.5027655728277648,-22.30934584181743,-28.09473870136484,-2.787389630714233
SWELL,4088.75,4094.75,01:08:08.75,01:08:14.75,6.0,7.766458481430725,-35.505675667747454,-37.521686513156176,-2.6237586934298753
IMPACT,4126.368,4126.368,01:08:46.37,01:08:46.37,0.0,11.099206877615517,-32.76841735839844,-39.58694076538086,22.251176834106445
SWELL,4128.25,4130.25,01:08:48.25,01:08:50.25,2.0,8.044024758264655,-42.569536784338574,-43.28418931506929,0.08587146940685375
BARRAGE,4129.664,4134.016,01:08:49.66,01:08:54.02,4.351999999999862,1.2195853894160027,-38.61653204033845,-39.9434784381059,4.656579066367045
HIGH_LOAD,4129.952,4133.952,01:08:49.95,01:08:53.95,4.0,0.5025077727826602,-38.62965311322893,-40.0176943521651,5.079894126407684
IMPACT,4130.848,4130.848,01:08:50.85,01:08:50.85,0.0,8.727170804385757,-36.08540344238281,-40.10932922363281,16.141407012939453
HARSH,4130.88,4130.88,01:08:50.88,01:08:50.88,0.0,13.175496793602232,-37.82586669921875,-40.447715759277344,12.256441116333008
IMPACT,4133.568,4133.568,01:08:53.57,01:08:53.57,0.0,8.489764847056149,-36.04434585571289,-38.2509880065918,9.862255096435547
IMPACT,4141.056,4141.056,01:09:01.06,01:09:01.06,0.0,8.081991664430522,-42.53824234008789,-43.94563293457031,9.88204574584961
RECOVERY,4141.728,4146.88,01:09:01.73,01:09:06.88,5.152000000000044,-0.10422615147401663,-46.536621847270446,-46.613487031724716,-17.806903862658842
HARSH,4147.616,4147.616,01:09:07.62,01:09:07.62,0.0,14.776375709042691,-40.36383056640625,-46.25270080566406,15.880878448486328
IMPACT,4147.616,4147.616,01:09:07.62,01:09:07.62,0.0,9.443011464168825,-40.36383056640625,-46.25270080566406,15.880878448486328
RECOVERY,4148.832,4155.36,01:09:08.83,01:09:15.36,6.527999999999338,-0.15249737749273296,-43.56102170246403,-43.713911028606134,-13.237412662040896
HARSH,4158.4,4158.4,01:09:18.40,01:09:18.40,0.0,13.14849289963437,-46.60183334350586,-50.78719329833984,19.02132797241211
IMPACT,4158.432,4158.432,01:09:18.43,01:09:18.43,0.0,8.222076544871657,-47.98651885986328,-52.54116439819336,17.1422119140625
SWELL,4160.0,4164.0,01:09:20.00,01:09:24.00,4.0,15.156574411837692,-34.39239921569824,-34.76902690124512,-13.898146286010743
IMPACT,4160.16,4160.16,01:09:20.16,01:09:20.16,0.0,8.214250293078212,-40.40372848510742,-45.30003356933594,20.645315170288086
HIGH_LOAD,4213.728,4225.536,01:10:13.73,01:10:25.54,11.807999999999993,0.55222238267018,-30.987868907000568,-34.266745551856786,8.180879232045767
HARSH,4223.744,4223.744,01:10:23.74,01:10:23.74,0.0,14.88268766065337,-32.028751373291016,-36.11006164550781,10.259746551513675
IMPACT,4223.744,4223.744,01:10:23.74,01:10:23.74,0.0,7.910435068911039,-32.028751373291016,-36.11006164550781,10.259746551513675
SWELL,4235.0,4239.0,01:10:35.00,01:10:39.00,4.0,8.53644635351366,-33.026065231323244,-36.6405295715332,4.678216659545899
HIGH_LOAD,4235.296,4267.328,01:10:35.30,01:11:07.33,32.03200000000015,0.569072576492649,-31.218322367487314,-34.380556947932746,2.1291498938006557
IMPACT,4245.12,4245.12,01:10:45.12,01:10:45.12,0.0,8.342167566347262,-33.22821807861328,-34.382164001464844,4.481254577636719
IMPACT,4246.496,4246.496,01:10:46.50,01:10:46.50,0.0,11.368366590889858,-33.533321380615234,-37.64278793334961,13.77795791625977
HARSH,4246.528,4246.528,01:10:46.53,01:10:46.53,0.0,21.702253376073138,-33.00154495239258,-36.832027435302734,13.400096893310543
DRUM_RUN,4254.144,4254.144,01:10:54.14,01:10:54.14,0.0,2.027959466933237,-29.49833869934082,-32.82181167602539,-0.8416671752929688
IMPACT,4258.272,4258.272,01:10:58.27,01:10:58.27,0.0,7.7882408627464415,-30.30317497253418,-31.162330627441406,-10.86460876464843
HIGH_LOAD,4270.944,4275.264,01:11:10.94,01:11:15.26,4.319999999999709,0.5028998814824535,-29.008335001328412,-31.22200101964614,3.685605666216682
HIGH_LOAD,4277.184,4293.152,01:11:17.18,01:11:33.15,15.967999999999847,0.5695768031808186,-33.10648666763306,-36.65446923828125,5.553131050109863
HARSH,4278.56,4278.56,01:11:18.56,01:11:18.56,0.0,14.311948636638856,-30.157472610473636,-33.13972091674805,12.521615982055664
SWELL,4282.75,4290.75,01:11:22.75,01:11:30.75,8.0,11.769314542582102,-34.574365432739256,-39.212629234313965,7.389162467956543
HARSH,4284.032,4284.032,01:11:24.03,01:11:24.03,0.0,24.45287822439426,-39.47527694702149,-44.3515739440918,14.050495147705078
IMPACT,4284.032,4284.032,01:11:24.03,01:11:24.03,0.0,9.162073333034773,-39.47527694702149,-44.3515739440918,14.050495147705078
IMPACT,4284.928,4284.928,01:11:24.93,01:11:24.93,0.0,8.693487487612758,-39.12978744506836,-44.033809661865234,12.711664199829102
HARSH,4288.576,4288.576,01:11:28.58,01:11:28.58,0.0,26.065508712958234,-32.1406135559082,-37.14710998535156,8.677135467529297
IMPACT,4288.576,4288.576,01:11:28.58,01:11:28.58,0.0,10.384197045896618,-32.1406135559082,-37.14710998535156,8.677135467529297
HARSH,4300.288,4300.288,01:11:40.29,01:11:40.29,0.0,11.698326755354058,-45.8186149597168,-48.29747009277344,16.661312103271484
SWELL,4300.75,4302.75,01:11:40.75,01:11:42.75,2.0,11.853907109734912,-40.69547044077227,-41.89588368323542,8.752898800757624
IMPACT,4306.688,4306.688,01:11:46.69,01:11:46.69,0.0,9.266018171384157,-34.00094985961914,-35.652103424072266,8.114992141723633
HIGH_LOAD,4306.976,4318.24,01:11:46.98,01:11:58.24,11.264000000000124,0.6038290504373682,-37.72133429529984,-40.71374766752335,10.127386973870037
BARRAGE,4307.712,4317.536,01:11:47.71,01:11:57.54,9.823999999999614,1.4412937710886018,-37.2552975555519,-40.39515229014607,10.29515722200468
IMPACT,4308.8,4308.8,01:11:48.80,01:11:48.80,0.0,9.161544532212615,-31.700647354125977,-39.4869384765625,16.997039794921875
DRUM_RUN,4309.6,4309.6,01:11:49.60,01:11:49.60,0.0,2.4520715481215394,-33.4013671875,-36.61024475097656,14.357421875
IMPACT,4311.2,4311.2,01:11:51.20,01:11:51.20,0.0,9.448568478153051,-38.55086135864258,-41.19300842285156,13.064086914062496
HARSH,4311.456,4311.456,01:11:51.46,01:11:51.46,0.0,14.408435809450095,-36.43544769287109,-41.61931991577149,18.219057083129883
DRUM_RUN,4313.664,4313.664,01:11:53.66,01:11:53.66,0.0,2.029536310602515,-41.1487922668457,-41.32163238525391,-21.120014190673835
HARSH,4318.56,4318.56,01:11:58.56,01:11:58.56,0.0,14.162971351068016,-40.43741226196289,-45.25194549560547,19.172815322875973
SWELL,4318.75,4326.75,01:11:58.75,01:12:06.75,8.0,14.269941107122627,-40.00727550506592,-41.371843978881834,-8.7335732421875
IMPACT,4319.136,4319.136,01:11:59.14,01:11:59.14,0.0,14.990373467799705,-36.29386520385742,-40.307254791259766,23.064674377441403
HARSH,4323.232,4323.232,01:12:03.23,01:12:03.23,0.0,15.900148295022039,-40.99799346923828,-43.982330322265625,9.04661941528321
IMPACT,4323.264,4323.264,01:12:03.26,01:12:03.26,0.0,9.532410178378505,-40.60285568237305,-43.35554504394531,8.537841796875
HIGH_LOAD,4339.936,4348.256,01:12:19.94,01:12:28.26,8.320000000000618,0.5313792563668682,-35.91225187075092,-38.57753348807265,4.118398235218735
HARSH,4345.152,4345.152,01:12:25.15,01:12:25.15,0.0,12.279162728392789,-34.17633438110352,-38.11315155029297,13.84310531616211
IMPACT,4345.152,4345.152,01:12:25.15,01:12:25.15,0.0,7.8201277657661254,-34.17633438110352,-38.11315155029297,13.84310531616211
DRUM_RUN,4346.368,4346.368,01:12:26.37,01:12:26.37,0.0,1.9096844004545004,-33.52227020263672,-36.55685806274414,12.022634506225586
SWELL,4349.0,4355.0,01:12:29.00,01:12:35.00,6.0,13.27303327025404,-35.7766302690149,-39.74688797201065,-1.8824869043686814
IMPACT,4350.176,4350.176,01:12:30.18,01:12:30.18,0.0,10.23766595920924,-34.32002258300781,-42.1717414855957,16.784488677978512
HARSH,4368.288,4368.288,01:12:48.29,01:12:48.29,0.0,12.397848793718573,-32.87506484985352,-36.52631378173828,9.903087615966797
HIGH_LOAD,4370.432,4377.632,01:12:50.43,01:12:57.63,7.199999999999818,0.547890623248418,-40.485808853554516,-42.90037578819072,5.770417441309026
BARRAGE,4372.416,4376.832,01:12:52.42,01:12:56.83,4.416000000000167,1.251976308112444,-41.24367350297008,-43.712030150049884,7.430649503529501
HARSH,4374.88,4374.88,01:12:54.88,01:12:54.88,0.0,16.836427173688104,-45.959014892578125,-48.430450439453125,9.877750396728516
IMPACT,4374.88,4374.88,01:12:54.88,01:12:54.88,0.0,9.065947447866776,-45.959014892578125,-48.430450439453125,9.877750396728516
DRUM_RUN,4375.488,4375.488,01:12:55.49,01:12:55.49,0.0,2.033847052524263,-37.32117462158203,-39.94456100463867,17.784687042236328
IMPACT,4375.68,4375.68,01:12:55.68,01:12:55.68,0.0,8.790466267657637,-33.916019439697266,-42.797550201416016,21.015228271484382
IMPACT,4380.0,4380.0,01:13:00.00,01:13:00.00,0.0,7.6267546733973,-44.93233489990234,-46.04478454589844,3.7601890563964773
IMPACT,4382.72,4382.72,01:13:02.72,01:13:02.72,0.0,9.680341537716716,-38.184268951416016,-44.9699592590332,17.99361228942871
SWELL,4385.0,4389.0,01:13:05.00,01:13:09.00,4.0,10.300142467670248,-42.48886166381836,-44.05569512939453,2.5581251678466796
IMPACT,4386.336,4386.336,01:13:06.34,01:13:06.34,0.0,12.412567269151081,-46.05438995361328,-48.14224243164063,8.78582763671875
BARRAGE,4386.656,4392.032,01:13:06.66,01:13:12.03,5.376000000000204,1.3513219447970575,-38.84633546185917,-40.29141300810865,1.2569449498103213
HIGH_LOAD,4387.488,4393.024,01:13:07.49,01:13:13.02,5.536000000000058,0.5435335450490971,-38.6304939971573,-40.409161666343955,2.0194380091524673
IMPACT,4388.352,4388.352,01:13:08.35,01:13:08.35,0.0,7.80821561198567,-38.79622650146485,-40.00648880004883,6.890682220458984
IMPACT,4389.216,4389.216,01:13:09.22,01:13:09.22,0.0,7.92304833969103,-34.897117614746094,-37.73421096801758,13.258499145507812
IMPACT,4391.488,4391.488,01:13:11.49,01:13:11.49,0.0,8.086799027104032,-37.115509033203125,-39.95932769775391,11.020145416259766
HARSH,4391.616,4391.616,01:13:11.62,01:13:11.62,0.0,11.703639802603627,-37.24987030029297,-40.234676361083984,11.81976509094238
IMPACT,4392.352,4392.352,01:13:12.35,01:13:12.35,0.0,9.627162283082553,-33.60260009765625,-40.430694580078125,26.728752136230465
SWELL,4392.5,4396.5,01:13:12.50,01:13:16.50,4.0,8.212576673164726,-37.896476501464846,-38.709696014404294,-9.222265914916992
IMPACT,4394.176,4394.176,01:13:14.18,01:13:14.18,0.0,10.537762857054194,-35.74964141845703,-37.74484252929688,9.0862922668457
IMPACT,4409.44,4409.44,01:13:29.44,01:13:29.44,0.0,7.650668433024666,-42.7541389465332,-47.68688201904297,9.893482208251953
HARSH,4409.472,4409.472,01:13:29.47,01:13:29.47,0.0,13.75436841432978,-43.63407516479492,-48.61545181274414,9.5888671875
IMPACT,4410.208,4410.208,01:13:30.21,01:13:30.21,0.0,8.509540976390005,-28.604001998901367,-45.39459609985352,26.92905616760254
IMPACT,4411.328,4411.328,01:13:31.33,01:13:31.33,0.0,9.996904491199956,-28.11917495727539,-47.49566650390625,30.776960372924805
SWELL,4411.75,4415.75,01:13:31.75,01:13:35.75,4.0,7.056780848452398,-42.49730410766602,-46.02541549682617,-2.548800354003906
HARSH,4420.672,4420.672,01:13:40.67,01:13:40.67,0.0,28.77971356617134,-41.216678619384766,-47.89921569824219,26.827159881591797
IMPACT,4420.736,4420.736,01:13:40.74,01:13:40.74,0.0,14.026783385062037,-34.28081130981445,-44.27098083496094,34.05059814453125
HIGH_LOAD,4433.824,4451.296,01:13:53.82,01:14:11.30,17.472000000000662,0.5417083942179968,-27.88972612970272,-30.298817814159218,1.6213274995849163
IMPACT,4438.752,4438.752,01:13:58.75,01:13:58.75,0.0,7.732620126005466,-28.9195556640625,-33.71049499511719,-10.05868911743164
IMPACT,4440.096,4440.096,01:14:00.10,01:14:00.10,0.0,11.883854328094847,-27.503721237182617,-32.284156799316406,-6.05816650390625
IMPACT,4440.928,4440.928,01:14:00.93,01:14:00.93,0.0,8.138955037811519,-28.10195541381836,-32.43524169921875,-1.0058975219726562
HARSH,4441.344,4441.344,01:14:01.34,01:14:01.34,0.0,13.368766419798549,-26.96686553955078,-29.465755462646484,16.82672119140625
HIGH_LOAD,4456.8,4470.016,01:14:16.80,01:14:30.02,13.21599999999944,0.5990859728449953,-31.552503779314566,-36.64503662367374,10.150747174802033
BARRAGE,4458.272,4467.264,01:14:18.27,01:14:27.26,8.99200000000019,1.1709099306390698,-31.545398766267382,-36.921600280924046,11.108735152170167
IMPACT,4461.152,4461.152,01:14:21.15,01:14:21.15,0.0,9.468466691897747,-32.350284576416016,-38.850868225097656,13.17807388305664
HARSH,4461.184,4461.184,01:14:21.18,01:14:21.18,0.0,21.350920462428615,-32.40258026123047,-39.44505310058594,13.309076309204109
DRUM_RUN,4462.56,4462.56,01:14:22.56,01:14:22.56,0.0,1.9586602914144682,-28.04412841796875,-34.053253173828125,17.79153823852539
IMPACT,4464.736,4464.736,01:14:24.74,01:14:24.74,0.0,9.705920516649966,-30.40347671508789,-36.872840881347656,13.643243789672855
HARSH,4464.768,4464.768,01:14:24.77,01:14:24.77,0.0,18.335555171576573,-30.79840087890625,-37.25832748413086,13.764089584350586
IMPACT,4465.824,4465.824,01:14:25.82,01:14:25.82,0.0,8.606014906018144,-29.81973648071289,-32.21461486816406,15.059368133544918
HIGH_LOAD,4477.152,4497.856,01:14:37.15,01:14:57.86,20.703999999999724,0.5284944824271774,-26.07058017636523,-28.99733951062332,-1.217796540554659
IMPACT,4480.704,4480.704,01:14:40.70,01:14:40.70,0.0,8.923150557157689,-22.168346405029297,-24.27014541625977,17.004650115966797
IMPACT,4495.968,4495.968,01:14:55.97,01:14:55.97,0.0,12.436827973615667,-21.54015350341797,-25.302610397338867,-10.562412261962898
HARSH,4496.352,4496.352,01:14:56.35,01:14:56.35,0.0,27.003682433550292,-25.376684188842773,-27.729721069335938,-14.337272644042969
IMPACT,4497.12,4497.12,01:14:57.12,01:14:57.12,0.0,13.442601522829028,-23.016746520996094,-25.83944320678711,-12.175132751464844
IMPACT,4509.152,4509.152,01:15:09.15,01:15:09.15,0.0,27.482639953151363,-24.271827697753903,-27.773712158203125,-9.218109130859375
HARSH,4509.216,4509.216,01:15:09.22,01:15:09.22,0.0,27.82821246977911,-27.07106590270996,-31.127588272094727,-3.8825302124023438
SWELL,4510.5,4516.5,01:15:10.50,01:15:16.50,6.0,16.022600478327682,-36.703902310866084,-41.16104629842993,8.55274820582752
HIGH_LOAD,4510.848,4517.792,01:15:10.85,01:15:17.79,6.944000000000415,0.5382700776060064,-34.59294905356311,-39.170790068600155,5.722020332966376
IMPACT,4517.024,4517.024,01:15:17.02,01:15:17.02,0.0,10.197076919679384,-20.99888610839844,-24.04179000854492,-12.641492843627926
HARSH,4517.056,4517.056,01:15:17.06,01:15:17.06,0.0,22.279529170635158,-23.313480377197266,-27.2994384765625,-11.50385856628418
HIGH_LOAD,4521.312,4527.36,01:15:21.31,01:15:27.36,6.0479999999997744,0.5177681065296116,-23.336881868462815,-23.975505547774464,0.7919009961579973
IMPACT,4530.048,4530.048,01:15:30.05,01:15:30.05,0.0,16.369111007731206,-28.340578079223636,-30.89822578430176,12.394378662109375
HARSH,4530.08,4530.08,01:15:30.08,01:15:30.08,0.0,28.726947096917314,-28.44696044921875,-31.073871612548828,12.251728057861328
BARRAGE,4530.72,4536.416,01:15:30.72,01:15:36.42,5.695999999999913,1.4528421191881649,-35.42237491714222,-39.644291147839425,1.4188569564393112
IMPACT,4532.032,4532.032,01:15:32.03,01:15:32.03,0.0,12.894019667180267,-40.05841064453125,-43.06066131591797,9.47515869140625
HIGH_LOAD,4532.576,4548.384,01:15:32.58,01:15:48.38,15.807999999999993,0.6132156018900852,-27.372600162390505,-32.1802916208903,-3.02952696289679
HARSH,4533.472,4533.472,01:15:33.47,01:15:33.47,0.0,31.35878843559725,-32.55201721191406,-39.21294021606445,7.718799591064453
IMPACT,4533.472,4533.472,01:15:33.47,01:15:33.47,0.0,24.165119114239133,-32.55201721191406,-39.21294021606445,7.718799591064453
IMPACT,4534.624,4534.624,01:15:34.62,01:15:34.62,0.0,11.195506634662845,-28.68776130676269,-33.478668212890625,6.175432205200192
HARSH,4536.672,4536.672,01:15:36.67,01:15:36.67,0.0,14.243785014480775,-26.617149353027344,-30.969242095947266,8.277610778808594
HARSH,4542.24,4542.24,01:15:42.24,01:15:42.24,0.0,24.44435757069731,-24.504371643066406,-31.13204765319824,9.862880706787113
IMPACT,4542.272,4542.272,01:15:42.27,01:15:42.27,0.0,10.258436616727646,-24.638690948486328,-31.387290954589844,9.293533325195312
HARSH,4545.728,4545.728,01:15:45.73,01:15:45.73,0.0,20.083522421195052,-24.498512268066406,-30.027990341186523,9.216262817382809
IMPACT,4545.76,4545.76,01:15:45.76,01:15:45.76,0.0,8.703240659500034,-24.17729377746582,-29.099830627441406,9.660472869873047
IMPACT,4551.36,4551.36,01:15:51.36,01:15:51.36,0.0,10.107276832570847,-28.870330810546875,-30.4653377532959,2.10573768615723
HIGH_LOAD,4552.992,4562.304,01:15:52.99,01:16:02.30,9.311999999999898,0.5234514783990014,-34.2863009923125,-37.913999531367054,7.87450266537601
SWELL,4559.5,4565.5,01:15:59.50,01:16:05.50,6.0,11.228894135052734,-32.23292717959154,-35.45450145293047,4.63129080808099
HIGH_LOAD,4581.664,4596.256,01:16:21.66,01:16:36.26,14.592000000000553,0.5520567364180995,-27.901246093816777,-29.313861379477338,2.4342439054660256
IMPACT,4584.16,4584.16,01:16:24.16,01:16:24.16,0.0,8.16940795361927,-25.990345001220703,-26.963747024536133,-7.967014312744144
IMPACT,4585.92,4585.92,01:16:25.92,01:16:25.92,0.0,9.083798887044082,-26.02750396728516,-27.301586151123047,-6.084384918212891
IMPACT,4588.576,4588.576,01:16:28.58,01:16:28.58,0.0,7.73278071695534,-25.64546203613281,-26.906234741210938,-4.68235969543457
IMPACT,4590.336,4590.336,01:16:30.34,01:16:30.34,0.0,8.825937582819613,-26.34528923034668,-27.35121154785156,-0.5252361297607351
HIGH_LOAD,4597.952,4637.984,01:16:37.95,01:17:17.98,40.03200000000015,0.5737520597205993,-27.394266410376698,-29.5901512642638,-0.46496164912994675
IMPACT,4600.672,4600.672,01:16:40.67,01:16:40.67,0.0,10.327794427014416,-20.843507766723636,-24.396728515625,4.857343673706055
HARSH,4600.704,4600.704,01:16:40.70,01:16:40.70,0.0,20.01455080329187,-22.30648231506348,-25.24509048461914,7.402107238769528
IMPACT,4602.688,4602.688,01:16:42.69,01:16:42.69,0.0,8.291335153083661,-20.892520904541016,-23.40294075012207,-1.0394706726074219
IMPACT,4604.608,4604.608,01:16:44.61,01:16:44.61,0.0,7.934887207831599,-24.599048614501957,-26.875879287719727,-3.1212997436523438
HARSH,4604.64,4604.64,01:16:44.64,01:16:44.64,0.0,18.577509452017374,-26.80138397216797,-29.530275344848636,-1.1365089416503906
IMPACT,4606.208,4606.208,01:16:46.21,01:16:46.21,0.0,8.82047692048187,-21.08006477355957,-24.36648368835449,3.125316619873047
IMPACT,4607.392,4607.392,01:16:47.39,01:16:47.39,0.0,12.56700351673183,-21.80242156982422,-25.073272705078125,-3.7384433746337926
IMPACT,4608.48,4608.48,01:16:48.48,01:16:48.48,0.0,13.020450812807054,-22.445587158203125,-25.915416717529297,-2.3898258209228516
HARSH,4608.512,4608.512,01:16:48.51,01:16:48.51,0.0,24.01379005964301,-24.099685668945312,-27.359020233154297,-0.14696121215820312
IMPACT,4610.048,4610.048,01:16:50.05,01:16:50.05,0.0,8.645034739892909,-28.33307647705078,-30.096435546875,9.461309432983395
IMPACT,4610.912,4610.912,01:16:50.91,01:16:50.91,0.0,13.891910872607452,-21.982032775878903,-25.74573516845703,2.1229724884033203
HARSH,4612.032,4612.032,01:16:52.03,01:16:52.03,0.0,13.934861167486828,-27.78821563720703,-31.54906272888184,4.685758590698239
IMPACT,4615.616,4615.616,01:16:55.62,01:16:55.62,0.0,8.143731911282206,-28.478839874267575,-29.98469352722168,-5.399789810180664
IMPACT,4616.512,4616.512,01:16:56.51,01:16:56.51,0.0,9.732045289268388,-25.7491397857666,-26.99276161193848,-7.229715347290039
IMPACT,4617.6,4617.6,01:16:57.60,01:16:57.60,0.0,10.127935292099384,-23.62544059753418,-25.65152740478516,-2.5274963378906286
HARSH,4618.592,4618.592,01:16:58.59,01:16:58.59,0.0,15.428221553900338,-27.67898178100586,-30.853900909423828,8.936210632324219
IMPACT,4619.648,4619.648,01:16:59.65,01:16:59.65,0.0,9.467422011770195,-23.173110961914062,-25.035362243652344,-2.3705062866210938
IMPACT,4623.232,4623.232,01:17:03.23,01:17:03.23,0.0,11.25592338207647,-22.63360595703125,-24.296878814697266,-5.688728332519528
IMPACT,4632.64,4632.64,01:17:12.64,01:17:12.64,0.0,9.266096582801897,-24.18035697937012,-26.327974319458008,-13.137928009033207
IMPACT,4634.688,4634.688,01:17:14.69,01:17:14.69,0.0,8.994782842347005,-28.652870178222656,-33.051048278808594,10.894237518310547
HARSH,4636.672,4636.672,01:17:16.67,01:17:16.67,0.0,17.843013854608344,-25.958967208862305,-29.965456008911133,11.436119079589847
IMPACT,4636.736,4636.736,01:17:16.74,01:17:16.74,0.0,8.69428486542127,-26.208927154541016,-30.621936798095703,11.053112030029297
IMPACT,4639.52,4639.52,01:17:19.52,01:17:19.52,0.0,9.116732408349787,-30.714445114135746,-32.338768005371094,3.680984497070309
IMPACT,4644.096,4644.096,01:17:24.10,01:17:24.10,0.0,8.81275797069748,-28.60936164855957,-33.111629486083984,13.102441787719727
HARSH,4645.312,4645.312,01:17:25.31,01:17:25.31,0.0,12.999912488148126,-32.65767288208008,-35.375938415527344,5.612993240356449
IMPACT,4645.344,4645.344,01:17:25.34,01:17:25.34,0.0,8.429084140323507,-32.90196990966797,-35.61720275878906,6.062938690185547
IMPACT,4647.232,4647.232,01:17:27.23,01:17:27.23,0.0,7.979597967715767,-30.86648178100586,-33.753299713134766,10.82198715209961
IMPACT,4650.304,4650.304,01:17:30.30,01:17:30.30,0.0,11.82383539920993,-26.57700538635254,-28.39794540405273,16.869964599609375
HIGH_LOAD,4654.176,4660.416,01:17:34.18,01:17:40.42,6.239999999999782,0.5202321573744593,-29.123499704866994,-32.103625102918976,4.8829193553146055
HIGH_LOAD,4662.56,4691.328,01:17:42.56,01:18:11.33,28.76800000000003,0.6008051563692655,-29.52626099904378,-32.66756060070462,2.2987663745880127
IMPACT,4663.712,4663.712,01:17:43.71,01:17:43.71,0.0,8.408944372465836,-33.51409912109375,-41.11043930053711,16.737924575805664
HARSH,4663.744,4663.744,01:17:43.74,01:17:43.74,0.0,21.538661760182784,-32.08271789550781,-39.4599838256836,17.311836242675792
IMPACT,4665.152,4665.152,01:17:45.15,01:17:45.15,0.0,8.443266567171849,-27.296934127807617,-29.774503707885746,-5.124116897583008
DRUM_RUN,4665.28,4665.28,01:17:45.28,01:17:45.28,0.0,1.992290301657499,-23.595304489135746,-25.922378540039062,6.865678787231442
IMPACT,4666.624,4666.624,01:17:46.62,01:17:46.62,0.0,11.766984946094343,-22.39905166625977,-24.31039428710937,-15.9003791809082
HARSH,4667.2,4667.2,01:17:47.20,01:17:47.20,0.0,18.362154330755565,-26.362510681152344,-29.528079986572266,3.338253021240231
IMPACT,4674.4,4674.4,01:17:54.40,01:17:54.40,0.0,9.677828557778438,-26.358333587646484,-29.355247497558597,19.760231018066406
HARSH,4674.528,4674.528,01:17:54.53,01:17:54.53,0.0,14.07717411060621,-26.50934600830078,-29.811765670776367,20.261211395263672
IMPACT,4681.536,4681.536,01:18:01.54,01:18:01.54,0.0,18.0910108694954,-22.859010696411133,-25.30486869812012,-11.22939682006836
BARRAGE,4682.688,4686.496,01:18:02.69,01:18:06.50,3.8079999999999927,1.2202264190692624,-28.59937397638957,-31.0617170492808,-3.1376025040944415
IMPACT,4683.808,4683.808,01:18:03.81,01:18:03.81,0.0,14.482485598813911,-23.18136978149414,-26.697139739990234,-12.194578170776367
HARSH,4683.84,4683.84,01:18:03.84,01:18:03.84,0.0,29.21504455583067,-26.129695892333984,-29.87859344482422,-6.350942611694336
DRUM_RUN,4684.032,4684.032,01:18:04.03,01:18:04.03,0.0,2.5767852347149476,-19.38874626159668,-21.661296844482425,12.130680084228516
IMPACT,4685.216,4685.216,01:18:05.22,01:18:05.22,0.0,13.538639731319146,-21.501562118530277,-25.21187973022461,4.757879257202148
IMPACT,4688.416,4688.416,01:18:08.42,01:18:08.42,0.0,18.1858357381161,-21.121280670166016,-25.03081321716309,-10.996768951416012
HARSH,4688.48,4688.48,01:18:08.48,01:18:08.48,0.0,27.404842125482386,-24.06936264038086,-29.150775909423828,1.1427440643310547
IMPACT,4689.44,4689.44,01:18:09.44,01:18:09.44,0.0,15.260786137580757,-21.336557388305664,-24.9194450378418,17.606943130493168
HIGH_LOAD,4696.768,4706.272,01:18:16.77,01:18:26.27,9.503999999999905,0.5307321939542919,-29.933491534034676,-33.897714218037244,-2.103235263952473
IMPACT,4696.992,4696.992,01:18:16.99,01:18:16.99,0.0,20.664405260300576,-24.886310577392575,-28.523239135742188,-1.875492095947262
HARSH,4697.088,4697.088,01:18:17.09,01:18:17.09,0.0,30.13138791226284,-28.89509010314941,-34.78505325317383,2.91314697265625
IMPACT,4699.84,4699.84,01:18:19.84,01:18:19.84,0.0,13.043485084925912,-26.43149185180664,-30.366352081298828,-11.918365478515625
HARSH,4701.44,4701.44,01:18:21.44,01:18:21.44,0.0,14.810806430558763,-29.317859649658203,-34.812198638916016,8.872104644775387
IMPACT,4701.504,4701.504,01:18:21.50,01:18:21.50,0.0,7.69116012336316,-29.6098747253418,-35.50831985473633,9.549863815307617
IMPACT,4715.072,4715.072,01:18:35.07,01:18:35.07,0.0,20.585392888528833,-22.674341201782227,-24.95214462280273,32.07591724395752
HARSH,4715.232,4715.232,01:18:35.23,01:18:35.23,0.0,28.09228463439285,-34.85972213745117,-42.41471099853516,20.397567749023438
HIGH_LOAD,4719.072,4723.36,01:18:39.07,01:18:43.36,4.287999999999556,0.550842589189697,-30.32454165705928,-33.79840291341146,2.2751044096770108
IMPACT,4719.328,4719.328,01:18:39.33,01:18:39.33,0.0,9.22986135719469,-30.3652458190918,-33.16178894042969,-10.910215377807617
HARSH,4720.064,4720.064,01:18:40.06,01:18:40.06,0.0,12.054134403731837,-25.16683959960937,-27.88558959960937,16.486092567443848
IMPACT,4720.704,4720.704,01:18:40.70,01:18:40.70,0.0,11.146752565794268,-27.479848861694336,-28.828338623046875,12.300016403198239
IMPACT,4721.664,4721.664,01:18:41.66,01:18:41.66,0.0,10.053871799262511,-25.078744888305664,-27.59314727783203,19.77152442932129
IMPACT,4746.496,4746.496,01:19:06.50,01:19:06.50,0.0,9.361137341198113,-25.45151901245117,-29.482919692993164,-10.87732315063477
HARSH,4746.528,4746.528,01:19:06.53,01:19:06.53,0.0,14.920999109388307,-27.320072174072266,-31.16743850708008,-9.835184097290039
HIGH_LOAD,4753.408,4760.096,01:19:13.41,01:19:20.10,6.687999999999192,0.5129726401959744,-27.24848027910505,-30.03259888603574,1.9766625767662411
HIGH_LOAD,4760.32,4791.168,01:19:20.32,01:19:51.17,30.847999999999956,0.5298441550928097,-27.167463397485605,-28.94943232956328,-6.685951640074735
IMPACT,4764.384,4764.384,01:19:24.38,01:19:24.38,0.0,9.525504660639696,-25.69715881347656,-30.41082000732422,16.15131187438965
IMPACT,4765.248,4765.248,01:19:25.25,01:19:25.25,0.0,12.5407794388251,-27.66505241394043,-28.739622116088867,-9.209350585937507
IMPACT,4767.296,4767.296,01:19:27.30,01:19:27.30,0.0,8.791111547872799,-27.935922622680664,-29.19391441345215,-9.426036834716793
HARSH,4772.032,4772.032,01:19:32.03,01:19:32.03,0.0,16.13276211627729,-29.036481857299805,-31.152803421020508,-8.947795867919922
HARSH,4776.16,4776.16,01:19:36.16,01:19:36.16,0.0,15.060247943441974,-28.508405685424805,-30.53800392150879,-9.425277709960945
IMPACT,4776.224,4776.224,01:19:36.22,01:19:36.22,0.0,7.804472889550714,-25.21898460388184,-27.06371116638184,-10.065547943115234
HARSH,4780.384,4780.384,01:19:40.38,01:19:40.38,0.0,13.17315711816626,-26.66371154785156,-28.25836944580078,-8.135974884033203
IMPACT,4784.96,4784.96,01:19:44.96,01:19:44.96,0.0,9.524800557356755,-25.250438690185547,-27.450380325317383,-7.632091522216797
HARSH,4784.992,4784.992,01:19:44.99,01:19:44.99,0.0,22.753893794355342,-28.1119384765625,-31.153669357299805,-6.171030044555664
IMPACT,4789.12,4789.12,01:19:49.12,01:19:49.12,0.0,8.811813730078521,-19.563478469848636,-20.872486114501957,-12.562540054321289
IMPACT,4804.032,4804.032,01:20:04.03,01:20:04.03,0.0,9.398276658635663,-46.83101272583008,-49.456790924072266,10.404754638671882
IMPACT,4804.8,4804.8,01:20:04.80,01:20:04.80,0.0,9.445372350586496,-44.78786849975586,-48.081912994384766,15.103591918945312
IMPACT,4807.424,4807.424,01:20:07.42,01:20:07.42,0.0,9.279298981782356,-47.75800704956055,-54.09039306640625,18.47386932373047
IMPACT,4808.16,4808.16,01:20:08.16,01:20:08.16,0.0,14.871326698106996,-45.20014953613281,-52.2615852355957,20.498027801513672
HARSH,4808.352,4808.352,01:20:08.35,01:20:08.35,0.0,23.23604607458744,-46.48019409179688,-50.34656524658203,15.263519287109375
IMPACT,4808.96,4808.96,01:20:08.96,01:20:08.96,0.0,12.403664575372884,-40.92121124267578,-47.36186981201172,20.773052215576172
HIGH_LOAD,4811.68,4819.296,01:20:11.68,01:20:19.30,7.6159999999999854,0.5821133524667846,-41.16452814046309,-44.978664733375965,22.924612851322447
BARRAGE,4811.776,4819.008,01:20:11.78,01:20:19.01,7.231999999999971,1.4215861966396315,-40.90430195846221,-44.7597938907304,23.711538289612086
IMPACT,4812.768,4812.768,01:20:12.77,01:20:12.77,0.0,8.038619845480664,-41.44955062866211,-43.24011993408203,29.336380004882816
IMPACT,4813.536,4813.536,01:20:13.54,01:20:13.54,0.0,8.315179673524415,-39.30574798583984,-45.21621322631836,31.66571235656738
IMPACT,4814.4,4814.4,01:20:14.40,01:20:14.40,0.0,10.301801719209871,-44.67405700683594,-50.26534652709961,24.582534790039062
HARSH,4814.464,4814.464,01:20:14.46,01:20:14.46,0.0,22.159797816001067,-46.58272171020508,-51.670501708984375,23.609039306640625
IMPACT,4816.416,4816.416,01:20:16.42,01:20:16.42,0.0,11.019800889504939,-35.575340270996094,-40.006004333496094,28.52383041381836
DRUM_RUN,4816.64,4816.64,01:20:16.64,01:20:16.64,0.0,2.5770715881922435,-33.10081100463867,-35.64375305175781,32.49609375
HARSH,4818.784,4818.784,01:20:18.78,01:20:18.78,0.0,18.75019133926608,-46.34893798828125,-50.119930267333984,13.13589859008789
IMPACT,4819.424,4819.424,01:20:19.42,01:20:19.42,0.0,8.88363297922063,-45.895355224609375,-50.37735748291016,13.424522399902344
SWELL,4821.25,4827.25,01:20:21.25,01:20:27.25,6.0,6.996383384168816,-41.72576029160444,-43.79107886329692,-3.9233706469204335
SWELL,4831.25,4839.25,01:20:31.25,01:20:39.25,8.0,8.784146982009052,-33.43326047515869,-37.042726837158206,7.842205032348633
RECOVERY,4850.016,4875.808,01:20:50.02,01:21:15.81,25.79200000000037,-0.039637095357640824,-73.14818327193514,-76.04621299166958,29.488510670869246
HARSH,4871.072,4871.072,01:21:11.07,01:21:11.07,0.0,18.36251717968639,-53.44305038452149,-72.28827667236328,57.22257995605469
HARSH,4876.864,4876.864,01:21:16.86,01:21:16.86,0.0,25.46855721888146,-50.430397033691406,-53.9824333190918,58.022548675537124
IMPACT,4876.864,4876.864,01:21:16.86,01:21:16.86,0.0,10.29810356195624,-50.430397033691406,-53.9824333190918,58.022548675537124
RECOVERY,4877.216,4896.064,01:21:17.22,01:21:36.06,18.847999999999956,-0.04020514316047738,-63.89829408031399,-70.50081299603995,-2.3995795131714877
BARRAGE,4896.8,4901.792,01:21:36.80,01:21:41.79,4.992000000000189,1.3839971615861997,-54.72740977584936,-60.30467399062624,10.49733103538046
IMPACT,4897.44,4897.44,01:21:37.44,01:21:37.44,0.0,18.47366313787297,-40.047142028808594,-44.97443389892578,32.33887100219726
HARSH,4897.984,4897.984,01:21:37.98,01:21:37.98,0.0,15.149830322662593,-44.72223281860352,-53.65663146972656,23.800174713134766
DRUM_RUN,4898.08,4898.08,01:21:38.08,01:21:38.08,0.0,2.3743324974136226,-41.71055221557617,-48.75192642211914,26.70169448852539
IMPACT,4898.336,4898.336,01:21:38.34,01:21:38.34,0.0,11.586673145707733,-46.31501007080078,-50.50820159912109,21.123809814453125
IMPACT,4899.232,4899.232,01:21:39.23,01:21:39.23,0.0,9.293891940934989,-45.54469680786133,-52.76155853271485,25.444530487060547
IMPACT,4901.6,4901.6,01:21:41.60,01:21:41.60,0.0,12.253867586913854,-47.84456253051758,-56.09473419189453,23.02910614013672
HARSH,4902.016,4902.016,01:21:42.02,01:21:42.02,0.0,19.115083194639517,-44.09819793701172,-56.56914520263672,26.319091796874993
IMPACT,4908.0,4908.0,01:21:48.00,01:21:48.00,0.0,7.993617016818102,-49.34027862548828,-56.61927795410156,22.079788208007812
HARSH,4908.032,4908.032,01:21:48.03,01:21:48.03,0.0,14.912449842019468,-50.93147659301758,-58.29147338867188,19.8153076171875
IMPACT,4909.824,4909.824,01:21:49.82,01:21:49.82,0.0,9.357813207887345,-51.41783142089844,-59.817142486572266,23.275920867919922
IMPACT,4910.816,4910.816,01:21:50.82,01:21:50.82,0.0,10.351752059885321,-48.05646514892578,-57.25517654418945,25.82928085327149
IMPACT,4912.704,4912.704,01:21:52.70,01:21:52.70,0.0,18.353276866107514,-46.33142852783203,-59.13507461547852,28.44561767578125
IMPACT,4918.72,4918.72,01:21:58.72,01:21:58.72,0.0,13.429294081925027,-41.78070068359375,-50.67790222167969,28.982646942138672
DRUM_RUN,4919.616,4919.616,01:21:59.62,01:21:59.62,0.0,2.094177740558118,-40.1793327331543,-49.246612548828125,30.196111679077152
BARRAGE,4920.736,4925.984,01:22:00.74,01:22:05.98,5.248000000000502,1.2733761524552794,-51.54989721124822,-57.43680866125858,12.824375973325788
IMPACT,4920.864,4920.864,01:22:00.86,01:22:00.86,0.0,8.151502310377623,-37.6579704284668,-48.72989273071289,33.1676082611084
IMPACT,4923.328,4923.328,01:22:03.33,01:22:03.33,0.0,22.667510467897287,-37.82221221923828,-51.44386291503906,35.62465667724609
IMPACT,4924.608,4924.608,01:22:04.61,01:22:04.61,0.0,7.773061774903613,-41.50798034667969,-54.05538940429688,31.368055343627926
IMPACT,4925.408,4925.408,01:22:05.41,01:22:05.41,0.0,10.57287123578021,-40.205692291259766,-47.824703216552734,33.135128021240234
HARSH,4929.92,4929.92,01:22:09.92,01:22:09.92,0.0,16.1449542767872,-45.002220153808594,-56.10686874389648,26.500053405761726
IMPACT,4929.92,4929.92,01:22:09.92,01:22:09.92,0.0,7.742357489742984,-45.002220153808594,-56.10686874389648,26.500053405761726
IMPACT,4930.88,4930.88,01:22:10.88,01:22:10.88,0.0,11.39755573115361,-43.42002868652344,-52.40765380859375,29.133235931396484
IMPACT,4932.512,4932.512,01:22:12.51,01:22:12.51,0.0,8.885232611260847,-48.16632843017578,-54.36251068115234,23.102996826171868
IMPACT,4933.792,4933.792,01:22:13.79,01:22:13.79,0.0,8.279530322784733,-45.292572021484375,-50.91876602172852,25.87569808959961
BARRAGE,4934.24,4938.048,01:22:14.24,01:22:18.05,3.8079999999999927,1.055416165493427,-50.70759607950846,-56.25706176757812,18.311501010258993
IMPACT,4936.032,4936.032,01:22:16.03,01:22:16.03,0.0,14.178085573154581,-45.73930740356445,-48.23326873779297,15.320598602294922
IMPACT,4941.28,4941.28,01:22:21.28,01:22:21.28,0.0,8.190369770847356,-42.6993408203125,-49.39112091064453,27.340927124023438
IMPACT,4943.168,4943.168,01:22:23.17,01:22:23.17,0.0,16.857897193830556,-39.49942779541016,-52.30028533935547,31.06073951721191
HARSH,4943.808,4943.808,01:22:23.81,01:22:23.81,0.0,12.21451751599278,-49.349098205566406,-56.57428359985352,20.232784271240234
IMPACT,4946.56,4946.56,01:22:26.56,01:22:26.56,0.0,7.7106277989328085,-45.38883972167969,-47.62347412109375,24.17828369140625
IMPACT,4947.392,4947.392,01:22:27.39,01:22:27.39,0.0,14.491730666801281,-43.06489944458008,-52.135841369628906,26.456600189208977
HARSH,4947.904,4947.904,01:22:27.90,01:22:27.90,0.0,14.273577821451862,-45.99204254150391,-55.16086196899414,24.636016845703125
IMPACT,4950.848,4950.848,01:22:30.85,01:22:30.85,0.0,10.715808579603516,-47.79619598388672,-55.43606185913086,22.430744171142578
HARSH,4951.136,4951.136,01:22:31.14,01:22:31.14,0.0,13.13253973251773,-48.43539810180664,-53.627960205078125,22.038619995117195
BARRAGE,4952.608,4957.28,01:22:32.61,01:22:37.28,4.671999999999571,1.2537074661553327,-50.084045877262035,-54.91092536562965,11.574020359791866
IMPACT,4954.4,4954.4,01:22:34.40,01:22:34.40,0.0,18.22636527591644,-41.56903839111328,-52.98974990844727,23.099962234497067
IMPACT,4955.168,4955.168,01:22:35.17,01:22:35.17,0.0,11.685751972673124,-40.67930603027344,-52.53821563720703,23.522245407104492
DRUM_RUN,4956.032,4956.032,01:22:36.03,01:22:36.03,0.0,2.6925034618740247,-42.43421936035156,-51.66503143310547,22.488126754760742
IMPACT,4961.696,4961.696,01:22:41.70,01:22:41.70,0.0,8.179966847410343,-48.8292236328125,-57.32212066650391,21.340076446533203
HARSH,4962.432,4962.432,01:22:42.43,01:22:42.43,0.0,18.186912150619204,-46.39408493041992,-54.58123016357422,22.19968795776368
IMPACT,4962.432,4962.432,01:22:42.43,01:22:42.43,0.0,11.649866579647043,-46.39408493041992,-54.58123016357422,22.19968795776368
IMPACT,4963.2,4963.2,01:22:43.20,01:22:43.20,0.0,15.409776051847086,-48.03321838378906,-55.28020858764648,25.576927185058587
IMPACT,4964.544,4964.544,01:22:44.54,01:22:44.54,0.0,19.547169931328398,-43.90838241577149,-48.32746887207031,29.117565155029297
BARRAGE,4965.024,4983.712,01:22:45.02,01:23:03.71,18.688000000000102,2.0159795972131227,-50.13237784622062,-54.03711224417401,14.941205628930707
HIGH_LOAD,4966.976,4972.384,01:22:46.98,01:22:52.38,5.4080000000003565,0.541231469749806,-47.663330459594725,-52.877294832117414,21.342189362469842
IMPACT,4967.072,4967.072,01:22:47.07,01:22:47.07,0.0,13.34588255865676,-40.166297912597656,-48.24396133422852,33.73054504394533
IMPACT,4968.416,4968.416,01:22:48.42,01:22:48.42,0.0,11.853421033049301,-37.0191535949707,-47.955841064453125,33.994895935058594
HARSH,4968.992,4968.992,01:22:48.99,01:22:48.99,0.0,16.01142597933331,-43.61370468139648,-50.31199645996094,25.920841217041016
DRUM_RUN,4969.056,4969.056,01:22:49.06,01:22:49.06,0.0,4.092538328338749,-39.93984603881836,-46.81549835205078,28.829940795898438
IMPACT,4969.344,4969.344,01:22:49.34,01:22:49.34,0.0,8.557595071824311,-43.5619010925293,-54.911659240722656,26.065170288085938
IMPACT,4970.336,4970.336,01:22:50.34,01:22:50.34,0.0,15.232389609718906,-43.76709365844727,-47.692176818847656,22.95840835571289
IMPACT,4971.808,4971.808,01:22:51.81,01:22:51.81,0.0,12.704533359218969,-45.53266906738281,-51.701316833496094,24.799575805664062
HIGH_LOAD,4973.664,4981.76,01:22:53.66,01:23:01.76,8.096000000000458,0.5438244137205528,-47.46151463065561,-51.574019244336704,20.823791165990155
IMPACT,4973.728,4973.728,01:22:53.73,01:22:53.73,0.0,11.380167466273647,-44.435577392578125,-46.851539611816406,24.21001434326172
IMPACT,4975.2,4975.2,01:22:55.20,01:22:55.20,0.0,9.472407635629644,-44.14340591430664,-47.91347122192383,26.671142578125
HARSH,4975.36,4975.36,01:22:55.36,01:22:55.36,0.0,17.308644223964066,-46.67932891845703,-53.54803466796875,24.702991485595703
DRUM_RUN,4975.648,4975.648,01:22:55.65,01:22:55.65,0.0,3.7403264021914677,-48.192138671875,-49.625858306884766,6.726051330566406
IMPACT,4975.936,4975.936,01:22:55.94,01:22:55.94,0.0,9.329068505743786,-43.44924545288086,-49.06784439086914,21.433731079101562
IMPACT,4977.28,4977.28,01:22:57.28,01:22:57.28,0.0,9.310390697890377,-45.14829635620117,-47.83576202392578,27.453044891357422
IMPACT,4978.816,4978.816,01:22:58.82,01:22:58.82,0.0,11.223492984708376,-44.27152633666992,-48.05200958251953,22.556488037109375
IMPACT,4979.776,4979.776,01:22:59.78,01:22:59.78,0.0,13.608788359498973,-43.781044006347656,-50.68095397949219,27.9881820678711
HARSH,4980.512,4980.512,01:23:00.51,01:23:00.51,0.0,15.854992339417826,-47.630401611328125,-56.92267990112305,19.63460922241211
IMPACT,4980.512,4980.512,01:23:00.51,01:23:00.51,0.0,8.9078927819394,-47.630401611328125,-56.92267990112305,19.63460922241211
IMPACT,4982.912,4982.912,01:23:02.91,01:23:02.91,0.0,11.87984199109472,-46.139625549316406,-49.4773063659668,19.413169860839844
RECOVERY,4985.344,4990.72,01:23:05.34,01:23:10.72,5.376000000000204,-0.07885137153756056,-58.06562288273015,-58.728885266907824,-22.285545687703692
SWELL,4987.0,4991.0,01:23:07.00,01:23:11.00,4.0,6.943096754591849,-56.78858291625976,-57.38023123168945,-16.43313424682617
DRUM_RUN,4993.504,4993.504,01:23:13.50,01:23:13.50,0.0,2.5773929456163853,-34.81177520751953,-39.67597579956055,29.211267471313477
IMPACT,4993.664,4993.664,01:23:13.66,01:23:13.66,0.0,8.788082873500509,-41.68100357055664,-50.81356048583984,23.29959297180176
HARSH,4994.016,4994.016,01:23:14.02,01:23:14.02,0.0,21.85823096730924,-45.3822135925293,-55.54439163208008,18.225540161132812
HARSH,4999.776,4999.776,01:23:19.78,01:23:19.78,0.0,14.046731640106294,-47.444557189941406,-58.95591735839844,22.921714782714844
HARSH,5003.136,5003.136,01:23:23.14,01:23:23.14,0.0,15.428149582175342,-51.16786575317383,-55.52730941772461,22.85747528076172
IMPACT,5003.712,5003.712,01:23:23.71,01:23:23.71,0.0,11.558332677127474,-46.81568908691406,-68.1468505859375,29.779968261718743
RECOVERY,5004.192,5015.328,01:23:24.19,01:23:35.33,11.136000000000422,-0.09101888347741788,-59.98441444768605,-65.2171489857671,1.3446230738074185
HARSH,5016.288,5016.288,01:23:36.29,01:23:36.29,0.0,17.971511440225434,-45.40420913696289,-53.35456848144531,20.698131561279297
IMPACT,5016.288,5016.288,01:23:36.29,01:23:36.29,0.0,15.998156451590885,-45.40420913696289,-53.35456848144531,20.698131561279297
BARRAGE,5017.248,5021.6,01:23:37.25,01:23:41.60,4.352000000000771,1.2228447560858482,-52.92301275434285,-58.685138368258514,18.13960061456165
IMPACT,5017.344,5017.344,01:23:37.34,01:23:37.34,0.0,9.965809599073289,-52.2545280456543,-58.74662780761719,17.93757629394532
IMPACT,5019.104,5019.104,01:23:39.10,01:23:39.10,0.0,11.04471180561575,-45.82128143310547,-51.850318908691406,26.45572280883789
HARSH,5019.584,5019.584,01:23:39.58,01:23:39.58,0.0,19.652796632383136,-46.622596740722656,-55.04649353027344,28.9691162109375
IMPACT,5019.936,5019.936,01:23:39.94,01:23:39.94,0.0,8.744412119417117,-45.85214614868164,-55.322513580322266,32.01637268066406
IMPACT,5021.952,5021.952,01:23:41.95,01:23:41.95,0.0,9.530669675685358,-43.54541778564453,-49.25990295410156,36.749210357666016
HARSH,5022.56,5022.56,01:23:42.56,01:23:42.56,0.0,14.424513349073072,-48.916873931884766,-56.47455596923828,37.14816665649414
RECOVERY,5023.104,5066.4,01:23:43.10,01:24:26.40,43.29599999999937,-0.046024995346153764,-60.15248311604848,-63.04313433716181,-21.932140806898047
SWELL,5028.75,5034.75,01:23:48.75,01:23:54.75,6.0,27.285514601999978,-62.46755465339212,-65.2626473941905,-20.583515809711656
SWELL,5058.25,5066.25,01:24:18.25,01:24:26.25,8.0,28.030694346407174,-48.53159162902832,-49.627435653686526,-53.1355227355957
RECOVERY,5095.328,5135.104,01:24:55.33,01:25:35.10,39.77599999999984,-0.13433785315428853,-43.537887840025675,-47.432767667187754,-17.203243070093382
RECOVERY,5135.68,5142.688,01:25:35.68,01:25:42.69,7.007999999999811,-0.1505897701960282,-45.50874371962114,-51.622428391196514,-1.7686849594116212
SWELL,5140.5,5144.5,01:25:40.50,01:25:44.50,4.0,12.35151499475542,-42.74498443603515,-47.331144348144534,-0.6173063964843748
RECOVERY,5146.496,5163.328,01:25:46.50,01:26:03.33,16.832000000000335,-0.14070926545962578,-44.15156955465646,-49.59831845104355,-0.1398046663635368
RECOVERY,5163.552,5221.984,01:26:03.55,01:27:01.98,58.4320000000007,-0.09818977506410648,-47.31575408396854,-49.26811575511145,2.1317311270042256
SWELL,5188.25,5194.25,01:26:28.25,01:26:34.25,6.0,27.134362116739105,-53.345546905030595,-56.464128088443836,2.7255143713443837
