type,start_seconds,end_seconds,start,end,duration,score,loudness_db,low_db,center_advantage_db
HARSH,0.896,0.896,00:00:00.90,00:00:00.90,0.0,65.8393427133315,-100.0,-100.0,0.0
IMPACT,0.896,0.896,00:00:00.90,00:00:00.90,0.0,20.425344439675303,-100.0,-100.0,0.0
SWELL,4.0,4.0,00:00:04.00,00:00:04.00,0.0,0.0,-49.45317077636719,-50.39112854003906,-47.54168701171875
HARSH,6.496,6.496,00:00:06.50,00:00:06.50,0.0,14.270040075451623,-33.60268020629883,-49.19001770019531,-63.53386688232422
RECOVERY,7.264,35.68,00:00:07.26,00:00:35.68,28.416,-0.17778167470727219,-53.70359066554478,-57.6236411675023,0.09338337283568925
SWELL,9.024,9.024,00:00:09.02,00:00:09.02,0.0,0.0,-91.99840545654297,-100.0,-5.181083679199219
IMPACT,9.696,9.696,00:00:09.70,00:00:09.70,0.0,13.65571727530181,-100.0,-100.0,0.0
HARSH,10.496,10.496,00:00:10.50,00:00:10.50,0.0,64.86488640220531,-100.0,-100.0,0.0
IMPACT,10.496,10.496,00:00:10.50,00:00:10.50,0.0,19.937410300277094,-100.0,-100.0,0.0
SWELL,14.624,14.624,00:00:14.62,00:00:14.62,0.0,0.0,-56.180450439453125,-62.33454895019531,-0.6689453125
SWELL,19.776,19.776,00:00:19.78,00:00:19.78,0.0,0.0,-53.18164825439453,-58.24427795410156,-0.49001312255859375
SWELL,24.768,24.768,00:00:24.77,00:00:24.77,0.0,0.0,-35.325965881347656,-35.34357833862305,-5.0012359619140625
SWELL,29.952,29.952,00:00:29.95,00:00:29.95,0.0,0.0,-39.25035858154297,-39.64689254760742,3.225322723388672
SWELL,35.104,35.104,00:00:35.10,00:00:35.10,0.0,0.0,-53.0081901550293,-59.73335647583008,0.5551910400390625
IMPACT,37.408,37.408,00:00:37.41,00:00:37.41,0.0,8.53983162351845,-38.492774963378906,-49.19218063354492,22.986921310424805
IMPACT,38.592,38.592,00:00:38.59,00:00:38.59,0.0,11.335714167832613,-42.036033630371094,-47.155517578125,19.40772819519043
HARSH,38.784,38.784,00:00:38.78,00:00:38.78,0.0,20.27519870067539,-44.59951400756836,-51.056983947753906,18.631061553955078
SWELL,40.256,40.256,00:00:40.26,00:00:40.26,0.0,0.0,-49.57301712036133,-49.8635139465332,-11.32049560546875
RECOVERY,44.64,52.288,00:00:44.64,00:00:52.29,7.647999999999996,-0.19265607649438382,-45.51626383463542,-47.08934458096822,-3.64192419052124
SWELL,45.344,45.344,00:00:45.34,00:00:45.34,0.0,0.0,-40.6407356262207,-41.746681213378906,-7.438755035400391
SWELL,50.368,50.368,00:00:50.37,00:00:50.37,0.0,0.0,-48.19728469848633,-49.6405029296875,-3.3668594360351562
SWELL,55.488,55.488,00:00:55.49,00:00:55.49,0.0,0.0,-29.25020408630371,-31.816059112548828,-3.1434326171875
HARSH,58.016,58.016,00:00:58.02,00:00:58.02,0.0,27.200219901909097,-51.2834358215332,-62.49707794189453,23.339698791503906
IMPACT,58.016,58.016,00:00:58.02,00:00:58.02,0.0,14.263339890476809,-51.2834358215332,-62.49707794189453,23.339698791503906
IMPACT,58.816,58.816,00:00:58.82,00:00:58.82,0.0,12.13386655177538,-52.598724365234375,-60.42645263671875,17.30986785888672
SWELL,60.64,60.64,00:01:00.64,00:01:00.64,0.0,0.0,-53.584903717041016,-54.31212615966797,-2.2744827270507812
HARSH,62.592,62.592,00:01:02.59,00:01:02.59,0.0,28.71422585142942,-49.72795867919922,-60.69354248046875,21.171810150146484
IMPACT,62.592,62.592,00:01:02.59,00:01:02.59,0.0,16.00593338382889,-49.72795867919922,-60.69354248046875,21.171810150146484
IMPACT,64.384,64.384,00:01:04.38,00:01:04.38,0.0,13.566245465916035,-52.12875747680664,-59.48673629760742,16.80290985107422
SWELL,65.76,65.76,00:01:05.76,00:01:05.76,0.0,0.0,-58.490135192871094,-59.366031646728516,-0.34820556640625
IMPACT,65.888,65.888,00:01:05.89,00:01:05.89,0.0,11.681412721659632,-54.76847839355469,-58.243186950683594,14.413894653320312
HARSH,65.984,65.984,00:01:05.98,00:01:05.98,0.0,21.767089601500146,-55.08100891113281,-60.984474182128906,14.409217834472656
IMPACT,66.816,66.816,00:01:06.82,00:01:06.82,0.0,17.382388505292575,-42.79161834716797,-56.1174430847168,26.82238006591797
IMPACT,70.016,70.016,00:01:10.02,00:01:10.02,0.0,10.140399486060467,-52.869171142578125,-57.91167449951172,18.549091339111328
HARSH,70.144,70.144,00:01:10.14,00:01:10.14,0.0,13.867372661035574,-50.97631072998047,-58.03789520263672,18.728443145751953
SWELL,71.136,71.136,00:01:11.14,00:01:11.14,0.0,0.0,-60.00004577636719,-61.153076171875,0.5239028930664062
IMPACT,71.52,71.52,00:01:11.52,00:01:11.52,0.0,10.640138638664368,-54.61506271362305,-57.45794677734375,11.352092742919922
IMPACT,73.984,73.984,00:01:13.98,00:01:13.98,0.0,15.502314281967886,-43.12910079956055,-49.133689880371094,26.307518005371094
IMPACT,74.816,74.816,00:01:14.82,00:01:14.82,0.0,17.803833617193458,-44.41448974609375,-56.461463928222656,22.89051055908203
HARSH,75.55199999999999,75.55199999999999,00:01:15.55,00:01:15.55,0.0,30.043595338189323,-50.91699981689453,-58.316707611083984,16.83505630493164
IMPACT,75.584,75.584,00:01:15.58,00:01:15.58,0.0,15.41150982615083,-50.60977554321289,-57.06239318847656,15.4632568359375
SWELL,76.128,76.128,00:01:16.13,00:01:16.13,0.0,0.0,-55.16033172607422,-56.016937255859375,2.2315406799316406
IMPACT,76.352,76.352,00:01:16.35,00:01:16.35,0.0,10.549190272963186,-55.33013153076172,-58.51528549194336,10.094928741455078
IMPACT,78.144,78.144,00:01:18.14,00:01:18.14,0.0,8.510096405556846,-56.30595397949219,-57.84667205810547,8.802566528320312
HARSH,80.864,80.864,00:01:20.86,00:01:20.86,0.0,15.226846899401478,-55.35859680175781,-58.59176254272461,8.952987670898438
SWELL,81.21600000000001,81.21600000000001,00:01:21.22,00:01:21.22,0.0,0.0,-53.75934982299805,-54.986000061035156,0.24742889404296875
IMPACT,83.264,83.264,00:01:23.26,00:01:23.26,0.0,12.846861081513834,-45.549461364746094,-48.661964416503906,9.922721862792969
HARSH,84.64,84.64,00:01:24.64,00:01:24.64,0.0,17.149280850473684,-50.664642333984375,-53.13195037841797,8.443416595458984
IMPACT,84.672,84.672,00:01:24.67,00:01:24.67,0.0,11.981968735243171,-51.04692459106445,-53.924922943115234,9.452880859375
IMPACT,85.696,85.696,00:01:25.70,00:01:25.70,0.0,9.84479918184605,-48.09550476074219,-52.5739860534668,15.219551086425781
SWELL,86.304,86.304,00:01:26.30,00:01:26.30,0.0,0.0,-56.879417419433594,-58.70895767211914,-0.04343414306640625
IMPACT,89.024,89.024,00:01:29.02,00:01:29.02,0.0,13.213368651149493,-37.70322799682617,-47.203887939453125,30.576711654663086
HARSH,89.088,89.088,00:01:29.09,00:01:29.09,0.0,22.511486336353414,-39.22380065917969,-48.13652038574219,28.471935272216797
IMPACT,90.368,90.368,00:01:30.37,00:01:30.37,0.0,13.614877169598943,-36.444129943847656,-39.873294830322266,26.318721771240234
SWELL,91.36,91.36,00:01:31.36,00:01:31.36,0.0,0.0,-45.187469482421875,-54.109134674072266,4.0053253173828125
HIGH_LOAD,95.68,114.78399999999999,00:01:35.68,00:01:54.78,19.103999999999985,0.60917537352215,-49.32813688105963,-61.70164700256144,20.096409813616187
SWELL,96.576,96.576,00:01:36.58,00:01:36.58,0.0,0.0,-34.47987365722656,-47.71746826171875,3.2857437133789062
IMPACT,101.12,101.12,00:01:41.12,00:01:41.12,0.0,12.76370945374128,-49.673583984375,-59.21737289428711,31.625465393066406
SWELL,101.75999999999999,101.75999999999999,00:01:41.76,00:01:41.76,0.0,0.0,-66.6785659790039,-68.60222625732422,14.768863677978516
IMPACT,102.72,102.72,00:01:42.72,00:01:42.72,0.0,13.866093156769768,-43.077064514160156,-52.85488510131836,44.266109466552734
BARRAGE,103.136,111.80799999999999,00:01:43.14,00:01:51.81,8.671999999999997,1.4251447247672724,-56.50741781907923,-70.57728303180022,30.611650845583746
HARSH,103.488,103.488,00:01:43.49,00:01:43.49,0.0,35.448930309141005,-55.108795166015625,-71.24777221679688,32.85747528076172
IMPACT,103.488,103.488,00:01:43.49,00:01:43.49,0.0,19.2665784259375,-55.108795166015625,-71.24777221679688,32.85747528076172
IMPACT,104.672,104.672,00:01:44.67,00:01:44.67,0.0,14.199935112395547,-47.067317962646484,-63.89519500732422,40.52130889892578
DRUM_RUN,104.70400000000001,104.70400000000001,00:01:44.70,00:01:44.70,0.0,2.1002379583243265,-43.734432220458984,-58.06946563720703,44.030128479003906
IMPACT,105.952,105.952,00:01:45.95,00:01:45.95,0.0,20.158598069852687,-44.84577178955078,-58.475093841552734,41.582496643066406
HARSH,106.52799999999999,106.52799999999999,00:01:46.53,00:01:46.53,0.0,38.484324509815416,-61.7228889465332,-76.4695816040039,26.584903717041016
SWELL,106.816,106.816,00:01:46.82,00:01:46.82,0.0,0.0,-70.12986755371094,-78.09832000732422,17.41274642944336
IMPACT,107.00800000000001,107.00800000000001,00:01:47.01,00:01:47.01,0.0,14.194375100940224,-63.85382843017578,-76.63401794433594,23.243148803710938
IMPACT,107.84,107.84,00:01:47.84,00:01:47.84,0.0,15.772193143012116,-47.147743225097656,-63.05488967895508,40.39000701904297
IMPACT,109.088,109.088,00:01:49.09,00:01:49.09,0.0,27.188390631826383,-46.03907775878906,-73.66036224365234,40.98774719238281
IMPACT,110.27199999999999,110.27199999999999,00:01:50.27,00:01:50.27,0.0,10.499779757186603,-52.25752258300781,-71.558837890625,35.54691696166992
IMPACT,111.168,111.168,00:01:51.17,00:01:51.17,0.0,18.303395304023034,-49.759769439697266,-70.42413330078125,35.45336151123047
HARSH,111.424,111.424,00:01:51.42,00:01:51.42,0.0,36.16597808488716,-60.7143440246582,-71.51841735839844,23.28887176513672
SWELL,111.904,111.904,00:01:51.90,00:01:51.90,0.0,0.0,-63.951255798339844,-70.83846282958984,9.89324951171875
IMPACT,112.032,112.032,00:01:52.03,00:01:52.03,0.0,14.288496841334403,-47.287296295166016,-65.38331604003906,30.64185333251953
IMPACT,113.152,113.152,00:01:53.15,00:01:53.15,0.0,15.518575278895296,-46.193904876708984,-62.03792953491211,23.62482452392578
HARSH,114.75200000000001,114.75200000000001,00:01:54.75,00:01:54.75,0.0,16.964105167809908,-49.51860427856445,-64.42361450195312,22.55447769165039
IMPACT,115.03999999999999,115.03999999999999,00:01:55.04,00:01:55.04,0.0,12.97106062845405,-37.743167877197266,-62.04103469848633,34.486083984375
SWELL,116.96000000000001,116.96000000000001,00:01:56.96,00:01:56.96,0.0,0.0,-53.740272521972656,-56.303375244140625,-25.436752319335938
IMPACT,119.2,119.2,00:01:59.20,00:01:59.20,0.0,11.379652653622028,-42.62693786621094,-53.91889953613281,21.004562377929688
IMPACT,120.736,120.736,00:02:00.74,00:02:00.74,0.0,10.611947640305493,-38.940670013427734,-42.07301330566406,6.420597076416016
SWELL,122.4,122.4,00:02:02.40,00:02:02.40,0.0,0.0,-32.664363861083984,-37.9216423034668,8.274017333984375
SWELL,127.424,127.424,00:02:07.42,00:02:07.42,0.0,0.0,-36.22650146484375,-41.65032958984375,2.757312774658203
SWELL,132.48,132.48,00:02:12.48,00:02:12.48,0.0,0.0,-38.475868225097656,-40.57063674926758,-5.4286346435546875
RECOVERY,132.544,139.072,00:02:12.54,00:02:19.07,6.527999999999992,-0.21961035658423067,-38.461550903320315,-38.99335561612757,-18.568938892643626
SWELL,137.536,137.536,00:02:17.54,00:02:17.54,0.0,0.0,-37.76863098144531,-37.94923782348633,-25.659934997558594
HARSH,141.824,141.824,00:02:21.82,00:02:21.82,0.0,14.822028467634143,-40.05229568481445,-43.7204704284668,14.892257690429688
IMPACT,142.272,142.272,00:02:22.27,00:02:22.27,0.0,9.989662200869276,-40.423240661621094,-44.53862762451172,11.20846939086914
SWELL,142.528,142.528,00:02:22.53,00:02:22.53,0.0,0.0,-47.534454345703125,-48.90528106689453,-10.399494171142578
IMPACT,143.008,143.008,00:02:23.01,00:02:23.01,0.0,8.80426013386156,-45.850181579589844,-48.94437789916992,8.609947204589844
IMPACT,146.464,146.464,00:02:26.46,00:02:26.46,0.0,13.080200559284917,-35.85830307006836,-36.02178192138672,-5.165721893310547
IMPACT,147.456,147.456,00:02:27.46,00:02:27.46,0.0,10.92753488333893,-46.912330627441406,-47.84865951538086,2.5969886779785156
SWELL,147.712,147.712,00:02:27.71,00:02:27.71,0.0,0.0,-42.32551193237305,-42.53303146362305,-8.507530212402344
IMPACT,151.2,151.2,00:02:31.20,00:02:31.20,0.0,9.833665661684776,-38.382389068603516,-39.14781188964844,-2.3816261291503906
SWELL,152.768,152.768,00:02:32.77,00:02:32.77,0.0,0.0,-38.30144500732422,-38.39681625366211,-33.073814392089844
IMPACT,153.184,153.184,00:02:33.18,00:02:33.18,0.0,10.236927554705998,-39.73637008666992,-40.28316116333008,-0.561614990234375
IMPACT,154.528,154.528,00:02:34.53,00:02:34.53,0.0,8.92844849624281,-37.51396179199219,-37.548648834228516,-12.699321746826172
IMPACT,156.704,156.704,00:02:36.70,00:02:36.70,0.0,13.26967699171989,-47.16350173950195,-50.96542739868164,11.657508850097656
SWELL,157.824,157.824,00:02:37.82,00:02:37.82,0.0,0.0,-50.16056442260742,-50.81583023071289,-11.69171142578125
IMPACT,159.008,159.008,00:02:39.01,00:02:39.01,0.0,17.764992773129208,-29.963638305664062,-40.63079833984375,32.2163028717041
SWELL,162.816,162.816,00:02:42.82,00:02:42.82,0.0,0.0,-36.39093780517578,-36.70315170288086,-23.293399810791016
SWELL,167.872,167.872,00:02:47.87,00:02:47.87,0.0,0.0,-47.540435791015625,-47.862449645996094,-7.561302185058594
IMPACT,168.928,168.928,00:02:48.93,00:02:48.93,0.0,9.702618705803873,-49.58417510986328,-52.475242614746094,11.211692810058594
HARSH,169.792,169.792,00:02:49.79,00:02:49.79,0.0,13.088717695874369,-49.607444763183594,-51.78013229370117,7.774486541748047
IMPACT,169.792,169.792,00:02:49.79,00:02:49.79,0.0,12.595787476590086,-49.607444763183594,-51.78013229370117,7.774486541748047
IMPACT,170.656,170.656,00:02:50.66,00:02:50.66,0.0,10.27924559897356,-50.39714813232422,-51.725624084472656,4.946651458740234
SWELL,172.864,172.864,00:02:52.86,00:02:52.86,0.0,0.0,-43.780521392822266,-52.561614990234375,22.251083374023438
IMPACT,176.192,176.192,00:02:56.19,00:02:56.19,0.0,16.156362711319158,-45.442909240722656,-54.21884536743164,20.509124755859375
IMPACT,177.05599999999998,177.05599999999998,00:02:57.06,00:02:57.06,0.0,17.09406416050902,-34.32880783081055,-42.836246490478516,29.450777053833008
SWELL,177.856,177.856,00:02:57.86,00:02:57.86,0.0,0.0,-47.29480743408203,-50.572914123535156,15.72567367553711
HARSH,177.92000000000002,177.92000000000002,00:02:57.92,00:02:57.92,0.0,23.350103305083003,-46.61097717285156,-54.841156005859375,18.139877319335938
IMPACT,178.4,178.4,00:02:58.40,00:02:58.40,0.0,17.080826690651854,-43.396217346191406,-50.20756530761719,20.878311157226562
IMPACT,181.728,181.728,00:03:01.73,00:03:01.73,0.0,11.372758628944425,-39.243045806884766,-40.62870407104492,2.8020896911621094
HARSH,182.72,182.72,00:03:02.72,00:03:02.72,0.0,16.86299668732237,-37.85675048828125,-39.70063400268555,9.028192520141602
SWELL,182.976,182.976,00:03:02.98,00:03:02.98,0.0,0.0,-40.01749038696289,-40.75410842895508,-0.7947540283203125
SWELL,188.032,188.032,00:03:08.03,00:03:08.03,0.0,0.0,-37.03312301635742,-38.508827209472656,5.988748550415039
RECOVERY,191.04,199.10399999999998,00:03:11.04,00:03:19.10,8.063999999999993,-0.2447018521554289,-37.271134372756414,-40.183705582449086,-8.820813386336617
SWELL,193.088,193.088,00:03:13.09,00:03:13.09,0.0,0.0,-36.219482421875,-41.19083786010742,-10.6448974609375
SWELL,198.176,198.176,00:03:18.18,00:03:18.18,0.0,0.0,-39.57854080200195,-41.230751037597656,-22.86263656616211
SWELL,203.328,203.328,00:03:23.33,00:03:23.33,0.0,0.0,-39.70205307006836,-40.934810638427734,-23.39659881591797
SWELL,208.32,208.32,00:03:28.32,00:03:28.32,0.0,0.0,-38.480220794677734,-39.738037109375,-21.917613983154297
SWELL,213.344,213.344,00:03:33.34,00:03:33.34,0.0,0.0,-32.034706115722656,-32.368690490722656,-27.340293884277344
SWELL,218.464,218.464,00:03:38.46,00:03:38.46,0.0,0.0,-37.10966491699219,-39.08950424194336,-19.09640884399414
SWELL,223.552,223.552,00:03:43.55,00:03:43.55,0.0,0.0,-30.294879913330078,-30.4552001953125,-24.664100646972656
IMPACT,224.16,224.16,00:03:44.16,00:03:44.16,0.0,9.834837520345353,-33.69020080566406,-34.895477294921875,-7.157497406005859
SWELL,228.608,228.608,00:03:48.61,00:03:48.61,0.0,0.0,-36.86894226074219,-37.00154495239258,-10.703926086425781
IMPACT,229.6,229.6,00:03:49.60,00:03:49.60,0.0,13.306821866960595,-24.69190788269043,-25.234886169433594,9.239295959472656
SWELL,233.696,233.696,00:03:53.70,00:03:53.70,0.0,0.0,-42.2798957824707,-43.74491882324219,-2.998340606689453
SWELL,238.688,238.688,00:03:58.69,00:03:58.69,0.0,0.0,-50.496337890625,-52.02379608154297,-0.2814674377441406
IMPACT,238.912,238.912,00:03:58.91,00:03:58.91,0.0,8.50128161616882,-43.7446403503418,-51.44282531738281,18.77147674560547
IMPACT,239.648,239.648,00:03:59.65,00:03:59.65,0.0,10.540410837864151,-49.78788757324219,-53.78303527832031,8.128280639648438
HARSH,239.744,239.744,00:03:59.74,00:03:59.74,0.0,21.294523982903275,-47.15681457519531,-53.18857192993164,13.10513687133789
SWELL,243.712,243.712,00:04:03.71,00:04:03.71,0.0,0.0,-49.55633544921875,-51.17431640625,-2.024261474609375
IMPACT,245.824,245.824,00:04:05.82,00:04:05.82,0.0,11.314356991115217,-42.40610122680664,-44.12971496582031,6.9268035888671875
SWELL,248.768,248.768,00:04:08.77,00:04:08.77,0.0,0.0,-46.560028076171875,-48.234413146972656,-7.57928466796875
SWELL,253.952,253.952,00:04:13.95,00:04:13.95,0.0,0.0,-46.5733757019043,-46.927398681640625,-7.656490325927734
IMPACT,254.112,254.112,00:04:14.11,00:04:14.11,0.0,8.675447216569756,-46.83315658569336,-48.2685546875,3.8951263427734375
IMPACT,256.416,256.416,00:04:16.42,00:04:16.42,0.0,17.644578103902802,-34.984375,-37.96658706665039,25.59170913696289
SWELL,259.136,259.136,00:04:19.14,00:04:19.14,0.0,0.0,-48.54814529418945,-50.424720764160156,-1.9459075927734375
RECOVERY,264.064,303.84,00:04:24.06,00:05:03.84,39.775999999999954,-0.16509973408672268,-48.04963366650195,-51.41169776456902,-20.37583434016829
SWELL,264.448,264.448,00:04:24.45,00:04:24.45,0.0,0.0,-43.13838195800781,-44.08796691894531,-9.617507934570312
SWELL,269.504,269.504,00:04:29.50,00:04:29.50,0.0,0.0,-45.56940460205078,-47.13590621948242,-23.143569946289062
SWELL,274.496,274.496,00:04:34.50,00:04:34.50,0.0,0.0,-44.66176986694336,-47.36736297607422,-30.095016479492188
SWELL,279.616,279.616,00:04:39.62,00:04:39.62,0.0,0.0,-49.86137771606445,-51.16905212402344,-19.518226623535156
SWELL,284.608,284.608,00:04:44.61,00:04:44.61,0.0,0.0,-54.78092956542969,-57.10798263549805,-9.372314453125
SWELL,289.6,289.6,00:04:49.60,00:04:49.60,0.0,0.0,-49.20146179199219,-53.826515197753906,-24.07884979248047
SWELL,294.624,294.624,00:04:54.62,00:04:54.62,0.0,0.0,-48.24451446533203,-52.84943389892578,-21.228355407714844
SWELL,299.68,299.68,00:04:59.68,00:04:59.68,0.0,0.0,-45.58753204345703,-52.15879821777344,-23.421409606933594
SWELL,304.704,304.704,00:05:04.70,00:05:04.70,0.0,0.0,-41.19526672363281,-47.735286712646484,-25.232215881347656
HIGH_LOAD,305.888,310.496,00:05:05.89,00:05:10.50,4.608000000000004,0.5779348403607698,-45.12264990971006,-52.0842912345097,13.548724694087587
IMPACT,306.752,306.752,00:05:06.75,00:05:06.75,0.0,9.443239274129173,-40.24781036376953,-47.163997650146484,22.767549514770508
IMPACT,308.0,308.0,00:05:08.00,00:05:08.00,0.0,9.927063060417055,-50.24140930175781,-57.8907356262207,12.60586166381836
DRUM_RUN,308.224,308.224,00:05:08.22,00:05:08.22,0.0,2.396095639445113,-34.862640380859375,-48.71487045288086,30.224260330200195
SWELL,309.76,309.76,00:05:09.76,00:05:09.76,0.0,0.0,-43.11042022705078,-47.232051849365234,23.184032440185547
HARSH,310.4,310.4,00:05:10.40,00:05:10.40,0.0,19.335203861870166,-50.87242126464844,-59.44000244140625,14.78359603881836
IMPACT,310.432,310.432,00:05:10.43,00:05:10.43,0.0,15.135856975495788,-49.88208770751953,-59.71332931518555,16.667438507080078
IMPACT,312.096,312.096,00:05:12.10,00:05:12.10,0.0,8.872893138162379,-43.05889892578125,-53.20524215698242,22.277183532714844
SWELL,314.784,314.784,00:05:14.78,00:05:14.78,0.0,0.0,-51.808387756347656,-57.20716094970703,11.924922943115234
IMPACT,314.88,314.88,00:05:14.88,00:05:14.88,0.0,8.748213716671357,-43.668487548828125,-51.00120544433594,20.466190338134766
RECOVERY,319.168,336.032,00:05:19.17,00:05:36.03,16.863999999999976,-0.18091707130507947,-47.990108880129725,-51.69656070073446,-13.085826107949922
SWELL,319.904,319.904,00:05:19.90,00:05:19.90,0.0,0.0,-48.1679573059082,-49.777469635009766,-14.784358978271484
SWELL,324.992,324.992,00:05:24.99,00:05:24.99,0.0,0.0,-45.830745697021484,-50.098243713378906,-14.563236236572266
SWELL,330.112,330.112,00:05:30.11,00:05:30.11,0.0,0.0,-47.91643142700195,-52.41925048828125,-10.940788269042969
SWELL,335.296,335.296,00:05:35.30,00:05:35.30,0.0,0.0,-52.35655975341797,-55.912567138671875,-7.628833770751953
IMPACT,337.376,337.376,00:05:37.38,00:05:37.38,0.0,8.25745599583999,-47.22738265991211,-54.46894073486328,9.381240844726562
SWELL,340.32,340.32,00:05:40.32,00:05:40.32,0.0,0.0,-47.29930877685547,-50.69123077392578,8.517620086669922
HARSH,341.472,341.472,00:05:41.47,00:05:41.47,0.0,12.73349091148266,-47.22013473510742,-53.40580368041992,9.134479522705078
IMPACT,341.504,341.504,00:05:41.50,00:05:41.50,0.0,10.455557197499587,-47.32473373413086,-53.34695816040039,9.493743896484375
RECOVERY,344.032,355.68,00:05:44.03,00:05:55.68,11.648000000000025,-0.2230639950781052,-48.46665596112813,-54.06964815740716,-14.348467902614646
SWELL,345.408,345.408,00:05:45.41,00:05:45.41,0.0,0.0,-52.63724899291992,-58.196075439453125,-7.286994934082031
SWELL,350.464,350.464,00:05:50.46,00:05:50.46,0.0,0.0,-48.9629020690918,-54.47964096069336,-21.652008056640625
SWELL,355.584,355.584,00:05:55.58,00:05:55.58,0.0,0.0,-47.22052001953125,-52.04724884033203,-8.57763671875
HARSH,358.912,358.912,00:05:58.91,00:05:58.91,0.0,16.952290509879692,-51.48982238769531,-58.23005676269531,7.152088165283203
IMPACT,358.944,358.944,00:05:58.94,00:05:58.94,0.0,9.499146914655004,-51.35078811645508,-58.16749954223633,7.139766693115234
SWELL,360.544,360.544,00:06:00.54,00:06:00.54,0.0,0.0,-40.04576110839844,-43.749855041503906,-17.23303985595703
RECOVERY,361.408,375.136,00:06:01.41,00:06:15.14,13.728000000000009,-0.250203622071664,-44.271037274737694,-49.05419316846271,-15.836730593304301
SWELL,365.632,365.632,00:06:05.63,00:06:05.63,0.0,0.0,-43.60188293457031,-48.35443878173828,-18.035503387451172
IMPACT,365.824,365.824,00:06:05.82,00:06:05.82,0.0,8.617209093959099,-37.14686965942383,-39.86246871948242,10.878087997436523
SWELL,370.688,370.688,00:06:10.69,00:06:10.69,0.0,0.0,-46.81596374511719,-48.93825912475586,-11.457469940185547
SWELL,375.968,375.968,00:06:15.97,00:06:15.97,0.0,0.0,-43.33822250366211,-45.7715950012207,-21.892391204833984
IMPACT,379.424,379.424,00:06:19.42,00:06:19.42,0.0,11.061940389577853,-43.51095199584961,-48.71908187866211,-2.2851600646972656
SWELL,381.344,381.344,00:06:21.34,00:06:21.34,0.0,0.0,-28.499095916748047,-29.323307037353516,-7.572509765625
RECOVERY,383.296,395.68,00:06:23.30,00:06:35.68,12.384000000000015,-0.23357287292947698,-41.963848123845366,-46.938161623846625,-10.255241885627669
SWELL,386.432,386.432,00:06:26.43,00:06:26.43,0.0,0.0,-40.70694351196289,-44.251609802246094,-16.67742919921875
IMPACT,388.32,388.32,00:06:28.32,00:06:28.32,0.0,9.603804932623794,-39.044193267822266,-49.1009521484375,-14.041500091552734
SWELL,391.904,391.904,00:06:31.90,00:06:31.90,0.0,0.0,-41.54678726196289,-47.38460159301758,-6.248554229736328
SWELL,397.024,397.024,00:06:37.02,00:06:37.02,0.0,0.0,-38.097076416015625,-51.45686340332031,19.254932403564453
SWELL,402.048,402.048,00:06:42.05,00:06:42.05,0.0,0.0,-50.81673049926758,-54.82377624511719,-14.809425354003906
HIGH_LOAD,403.264,416.448,00:06:43.26,00:06:56.45,13.183999999999969,0.6414928673206329,-42.58062567722422,-49.31475944611409,13.686604959335511
BARRAGE,403.488,427.36,00:06:43.49,00:07:07.36,23.872000000000014,1.8190621180406994,-41.17530148042077,-46.78614862207423,10.376601267625942
IMPACT,403.616,403.616,00:06:43.62,00:06:43.62,0.0,10.01710256525526,-36.709598541259766,-45.57215118408203,25.575481414794922
IMPACT,405.024,405.024,00:06:45.02,00:06:45.02,0.0,10.888673399765873,-46.086578369140625,-51.99253463745117,11.780120849609375
HARSH,405.056,405.056,00:06:45.06,00:06:45.06,0.0,15.946782712689021,-42.993350982666016,-52.79079055786133,14.225223541259766
DRUM_RUN,406.112,406.112,00:06:46.11,00:06:46.11,0.0,3.1190789050336556,-35.735843658447266,-45.86726379394531,21.453508377075195
IMPACT,406.176,406.176,00:06:46.18,00:06:46.18,0.0,9.07891833654783,-33.644195556640625,-46.656795501708984,22.411968231201172
SWELL,407.2,407.2,00:06:47.20,00:06:47.20,0.0,0.0,-36.825199127197266,-47.475341796875,21.68738555908203
IMPACT,407.808,407.808,00:06:47.81,00:06:47.81,0.0,8.573030056869552,-42.042930603027344,-52.40092849731445,22.478130340576172
HARSH,408.864,408.864,00:06:48.86,00:06:48.86,0.0,12.473465234597969,-41.00506591796875,-47.43914794921875,22.22905731201172
IMPACT,409.376,409.376,00:06:49.38,00:06:49.38,0.0,10.74551946890711,-37.72844696044922,-49.71333312988281,25.890512466430664
IMPACT,410.944,410.944,00:06:50.94,00:06:50.94,0.0,11.598841332942152,-44.011199951171875,-48.26496124267578,18.255386352539062
IMPACT,412.128,412.128,00:06:52.13,00:06:52.13,0.0,20.286765445166736,-39.51788330078125,-49.407291412353516,22.267738342285156
SWELL,412.416,412.416,00:06:52.42,00:06:52.42,0.0,0.0,-41.207847595214844,-47.132225036621094,18.5658016204834
DRUM_RUN,412.96,412.96,00:06:52.96,00:06:52.96,0.0,3.2570217815741573,-42.13097381591797,-46.440181732177734,16.134445190429688
IMPACT,413.44,413.44,00:06:53.44,00:06:53.44,0.0,17.15549629193851,-39.95404815673828,-48.58808898925781,18.01705551147461
IMPACT,415.264,415.264,00:06:55.26,00:06:55.26,0.0,12.706378720091731,-42.27827453613281,-47.945194244384766,9.670101165771484
HIGH_LOAD,416.8,426.912,00:06:56.80,00:07:06.91,10.111999999999966,0.6108954391413,-39.609329199641,-43.91366493177114,6.596348174712943
SWELL,417.44,417.44,00:06:57.44,00:06:57.44,0.0,0.0,-45.68889617919922,-46.569740295410156,3.9805221557617188
IMPACT,418.016,418.016,00:06:58.02,00:06:58.02,0.0,11.391203486929735,-36.554534912109375,-46.23672866821289,19.40936279296875
IMPACT,419.392,419.392,00:06:59.39,00:06:59.39,0.0,10.620457963465858,-39.30964660644531,-41.34886932373047,4.4396820068359375
IMPACT,421.088,421.088,00:07:01.09,00:07:01.09,0.0,8.45277046686062,-38.291324615478516,-43.514984130859375,9.540731430053711
IMPACT,421.984,421.984,00:07:01.98,00:07:01.98,0.0,10.979538641869613,-37.085479736328125,-46.79231643676758,13.934226989746094
SWELL,422.496,422.496,00:07:02.50,00:07:02.50,0.0,0.0,-40.61439895629883,-45.06853103637695,8.004409790039062
IMPACT,423.648,423.648,00:07:03.65,00:07:03.65,0.0,10.895697733287486,-35.08783721923828,-43.78023147583008,15.768348693847656
DRUM_RUN,424.576,424.576,00:07:04.58,00:07:04.58,0.0,2.106071288718841,-40.87794494628906,-42.91580581665039,-15.533161163330078
IMPACT,425.152,425.152,00:07:05.15,00:07:05.15,0.0,11.030718343377238,-38.110023498535156,-44.825111389160156,10.441780090332031
IMPACT,425.92,425.92,00:07:05.92,00:07:05.92,0.0,11.189804217223983,-36.521202087402344,-42.190574645996094,9.01327896118164
SWELL,427.52,427.52,00:07:07.52,00:07:07.52,0.0,0.0,-41.71519470214844,-43.56205749511719,-20.024402618408203
RECOVERY,431.296,446.848,00:07:11.30,00:07:26.85,15.552000000000021,-0.19165744717326402,-45.49647646518214,-48.099233404077296,-10.15821439676461
SWELL,432.672,432.672,00:07:12.67,00:07:12.67,0.0,0.0,-33.64731979370117,-39.775211334228516,14.507135391235352
SWELL,437.664,437.664,00:07:17.66,00:07:17.66,0.0,0.0,-48.01289367675781,-50.3437614440918,-8.379085540771484
SWELL,442.656,442.656,00:07:22.66,00:07:22.66,0.0,0.0,-43.93684005737305,-45.815284729003906,-18.853271484375
HARSH,447.424,447.424,00:07:27.42,00:07:27.42,0.0,16.678892884896158,-42.29341506958008,-45.79576110839844,12.30533218383789
SWELL,447.68,447.68,00:07:27.68,00:07:27.68,0.0,0.0,-42.70246505737305,-45.06132507324219,12.114856719970703
SWELL,452.672,452.672,00:07:32.67,00:07:32.67,0.0,0.0,-41.90732955932617,-44.14271545410156,1.4145736694335938
SWELL,457.888,457.888,00:07:37.89,00:07:37.89,0.0,0.0,-33.66839599609375,-36.537235260009766,-21.32750701904297
RECOVERY,459.904,470.528,00:07:39.90,00:07:50.53,10.624000000000024,-0.24252577331401476,-32.421271957076705,-33.540880019958315,-26.71769984133609
SWELL,463.072,463.072,00:07:43.07,00:07:43.07,0.0,0.0,-30.747621536254883,-31.38796615600586,-30.202939987182617
SWELL,468.096,468.096,00:07:48.10,00:07:48.10,0.0,0.0,-34.16988754272461,-34.45258331298828,-24.947345733642578
SWELL,473.216,473.216,00:07:53.22,00:07:53.22,0.0,0.0,-26.2718563079834,-27.719058990478516,-25.63287353515625
RECOVERY,474.048,497.28,00:07:54.05,00:08:17.28,23.23199999999997,-0.19167242248116126,-39.116731088240066,-40.31081555439876,-25.495798540639353
SWELL,478.336,478.336,00:07:58.34,00:07:58.34,0.0,0.0,-34.12335205078125,-34.35224151611328,-23.41193389892578
SWELL,483.424,483.424,00:08:03.42,00:08:03.42,0.0,0.0,-30.18398666381836,-30.35453987121582,-37.632375717163086
SWELL,488.512,488.512,00:08:08.51,00:08:08.51,0.0,0.0,-43.957786560058594,-44.52238082885742,-25.541866302490234
SWELL,493.952,493.952,00:08:13.95,00:08:13.95,0.0,0.0,-45.45341491699219,-47.55929946899414,-23.67791748046875
IMPACT,497.632,497.632,00:08:17.63,00:08:17.63,0.0,11.561840265116878,-39.77111053466797,-43.20176696777344,-5.689353942871094
IMPACT,498.944,498.944,00:08:18.94,00:08:18.94,0.0,14.556492324994512,-29.05095863342285,-31.934232711791992,-2.53631591796875
SWELL,499.04,499.04,00:08:19.04,00:08:19.04,0.0,0.0,-28.13260269165039,-30.910463333129883,-27.2911376953125
IMPACT,500.704,500.704,00:08:20.70,00:08:20.70,0.0,10.965140096165566,-31.262636184692383,-33.24205780029297,11.210390090942383
IMPACT,504.032,504.032,00:08:24.03,00:08:24.03,0.0,9.017159699035675,-28.5538387298584,-29.016544342041016,-17.995712280273438
SWELL,504.192,504.192,00:08:24.19,00:08:24.19,0.0,0.0,-29.174802780151367,-29.320756912231445,-15.684539794921875
SWELL,509.312,509.312,00:08:29.31,00:08:29.31,0.0,0.0,-29.740123748779297,-30.3264217376709,-26.25372314453125
SWELL,514.336,514.336,00:08:34.34,00:08:34.34,0.0,0.0,-29.10546112060547,-29.356185913085938,-28.863372802734375
SWELL,519.552,519.552,00:08:39.55,00:08:39.55,0.0,0.0,-27.78968048095703,-28.2437744140625,-31.626556396484375
SWELL,524.544,524.544,00:08:44.54,00:08:44.54,0.0,0.0,-34.34176254272461,-35.42937469482422,7.246982574462891
IMPACT,525.28,525.28,00:08:45.28,00:08:45.28,0.0,12.13994363472567,-26.94778060913086,-29.412803649902344,14.09526252746582
SWELL,529.6,529.6,00:08:49.60,00:08:49.60,0.0,0.0,-37.70698928833008,-38.442501068115234,-14.677406311035156
SWELL,534.656,534.656,00:08:54.66,00:08:54.66,0.0,0.0,-35.42988586425781,-36.81523895263672,-17.51900863647461
SWELL,539.648,539.648,00:08:59.65,00:08:59.65,0.0,0.0,-30.53144073486328,-31.619245529174805,-11.675674438476562
SWELL,544.768,544.768,00:09:04.77,00:09:04.77,0.0,0.0,-34.06336975097656,-35.429683685302734,-17.691635131835938
IMPACT,546.848,546.848,00:09:06.85,00:09:06.85,0.0,13.180703206466227,-28.389883041381836,-30.376686096191406,0.8019218444824219
SWELL,549.952,549.952,00:09:09.95,00:09:09.95,0.0,0.0,-36.905941009521484,-43.16111755371094,-19.233158111572266
SWELL,554.944,554.944,00:09:14.94,00:09:14.94,0.0,0.0,-36.65913009643555,-42.09540557861328,0.4435882568359375
IMPACT,558.112,558.112,00:09:18.11,00:09:18.11,0.0,8.241596426042797,-26.419795989990234,-29.518264770507812,19.178964614868164
HARSH,559.04,559.04,00:09:19.04,00:09:19.04,0.0,18.345254499158468,-28.790809631347656,-31.726877212524414,11.402839660644531
IMPACT,559.04,559.04,00:09:19.04,00:09:19.04,0.0,9.910751582803377,-28.790809631347656,-31.726877212524414,11.402839660644531
SWELL,560.192,560.192,00:09:20.19,00:09:20.19,0.0,0.0,-34.26066970825195,-35.13258361816406,14.541778564453125
SWELL,565.344,565.344,00:09:25.34,00:09:25.34,0.0,0.0,-39.57086181640625,-48.89621353149414,-10.225948333740234
RECOVERY,570.08,576.864,00:09:30.08,00:09:36.86,6.783999999999992,-0.2326626922270327,-42.075724122669776,-50.45962307710603,13.795505604273837
SWELL,570.4,570.4,00:09:30.40,00:09:30.40,0.0,0.0,-38.15281295776367,-48.51878356933594,-4.971225738525391
SWELL,575.424,575.424,00:09:35.42,00:09:35.42,0.0,0.0,-49.3617057800293,-56.28780746459961,19.885711669921875
SWELL,580.608,580.608,00:09:40.61,00:09:40.61,0.0,0.0,-51.2696418762207,-54.81316375732422,3.535541534423828
SWELL,585.728,585.728,00:09:45.73,00:09:45.73,0.0,0.0,-74.36692810058594,-79.29198455810547,4.77142333984375
HARSH,588.704,588.704,00:09:48.70,00:09:48.70,0.0,20.15171032126399,-93.1651382446289,-96.62802124023438,16.8524169921875
IMPACT,589.472,589.472,00:09:49.47,00:09:49.47,0.0,23.305393431617194,-39.621673583984375,-58.76704406738281,-17.980792999267578
SWELL,592.256,592.256,00:09:52.26,00:09:52.26,0.0,0.0,-38.90947341918945,-45.54767990112305,0.40404510498046875
SWELL,597.376,597.376,00:09:57.38,00:09:57.38,0.0,0.0,-38.77520751953125,-44.34672546386719,2.4822921752929688
HARSH,598.368,598.368,00:09:58.37,00:09:58.37,0.0,13.093963455363381,-38.27071762084961,-41.73930740356445,5.8228607177734375
SWELL,602.432,602.432,00:10:02.43,00:10:02.43,0.0,0.0,-36.18243408203125,-40.42583465576172,5.589653015136719
HARSH,603.328,603.328,00:10:03.33,00:10:03.33,0.0,12.672376212451706,-34.10773468017578,-40.15892791748047,9.748481750488281
HARSH,606.528,606.528,00:10:06.53,00:10:06.53,0.0,15.663902305400027,-34.743865966796875,-40.65208053588867,9.141136169433594
IMPACT,606.528,606.528,00:10:06.53,00:10:06.53,0.0,9.141730688257853,-34.743865966796875,-40.65208053588867,9.141136169433594
SWELL,607.68,607.68,00:10:07.68,00:10:07.68,0.0,0.0,-29.44093894958496,-33.9050407409668,-21.832786560058594
IMPACT,607.744,607.744,00:10:07.74,00:10:07.74,0.0,8.44747958718652,-26.508773803710938,-30.023813247680664,-22.301284790039062
HARSH,612.384,612.384,00:10:12.38,00:10:12.38,0.0,16.244466340400198,-42.20003128051758,-49.268577575683594,7.354957580566406
SWELL,612.768,612.768,00:10:12.77,00:10:12.77,0.0,0.0,-44.54104995727539,-48.46769332885742,2.377838134765625
HARSH,615.456,615.456,00:10:15.46,00:10:15.46,0.0,23.097095340488014,-35.87356185913086,-45.28873825073242,19.818248748779297
IMPACT,615.52,615.52,00:10:15.52,00:10:15.52,0.0,12.073526801416634,-34.92190933227539,-49.96076202392578,21.398563385009766
SWELL,617.984,617.984,00:10:17.98,00:10:17.98,0.0,0.0,-46.06439208984375,-50.77249526977539,0.9477195739746094
IMPACT,622.208,622.208,00:10:22.21,00:10:22.21,0.0,13.830185185280547,-32.40290832519531,-40.591678619384766,23.8638973236084
HARSH,622.848,622.848,00:10:22.85,00:10:22.85,0.0,16.60723919886592,-34.481040954589844,-39.76087188720703,19.867664337158203
SWELL,622.976,622.976,00:10:22.98,00:10:22.98,0.0,0.0,-30.668058395385742,-35.55305099487305,24.234943389892578
IMPACT,626.24,626.24,00:10:26.24,00:10:26.24,0.0,8.95241490705279,-29.51907730102539,-34.543975830078125,20.710514068603516
SWELL,628.032,628.032,00:10:28.03,00:10:28.03,0.0,0.0,-36.47256851196289,-38.465267181396484,7.255760192871094
HARSH,628.928,628.928,00:10:28.93,00:10:28.93,0.0,19.428452338910244,-34.84430694580078,-40.184017181396484,16.51479148864746
IMPACT,628.928,628.928,00:10:28.93,00:10:28.93,0.0,9.661487751548208,-34.84430694580078,-40.184017181396484,16.51479148864746
SWELL,633.152,633.152,00:10:33.15,00:10:33.15,0.0,0.0,-42.86314010620117,-44.640804290771484,-3.9401321411132812
SWELL,638.144,638.144,00:10:38.14,00:10:38.14,0.0,0.0,-36.59050369262695,-38.87058639526367,-1.180419921875
SWELL,643.232,643.232,00:10:43.23,00:10:43.23,0.0,0.0,-35.73681640625,-40.67453384399414,4.589155197143555
IMPACT,643.84,643.84,00:10:43.84,00:10:43.84,0.0,10.501487753089316,-28.38224220275879,-30.418846130371094,16.144113540649414
IMPACT,645.92,645.92,00:10:45.92,00:10:45.92,0.0,8.558706353723323,-24.768299102783203,-25.224750518798828,16.747203826904297
SWELL,648.288,648.288,00:10:48.29,00:10:48.29,0.0,0.0,-40.21431350708008,-44.10511779785156,6.535327911376953
IMPACT,649.824,649.824,00:10:49.82,00:10:49.82,0.0,10.081929361702223,-38.4815559387207,-45.549739837646484,11.546180725097656
HARSH,649.856,649.856,00:10:49.86,00:10:49.86,0.0,19.34483767909316,-39.3978271484375,-46.35624313354492,10.974723815917969
SWELL,653.344,653.344,00:10:53.34,00:10:53.34,0.0,0.0,-37.22786331176758,-40.566917419433594,2.159191131591797
IMPACT,654.304,654.304,00:10:54.30,00:10:54.30,0.0,10.666656117566513,-37.86709213256836,-44.275169372558594,11.098356246948242
HARSH,657.152,657.152,00:10:57.15,00:10:57.15,0.0,22.97301773216956,-35.225948333740234,-43.484745025634766,16.752605438232422
IMPACT,657.632,657.632,00:10:57.63,00:10:57.63,0.0,14.83342857424421,-35.32929229736328,-42.95331573486328,13.771512985229492
SWELL,658.432,658.432,00:10:58.43,00:10:58.43,0.0,0.0,-38.86603546142578,-42.83692169189453,2.2991065979003906
SWELL,663.456,663.456,00:11:03.46,00:11:03.46,0.0,0.0,-38.845947265625,-45.939361572265625,-1.8866157531738281
IMPACT,663.744,663.744,00:11:03.74,00:11:03.74,0.0,9.279527790047986,-37.7535400390625,-46.74829864501953,8.947830200195312
SWELL,668.48,668.48,00:11:08.48,00:11:08.48,0.0,0.0,-43.1309814453125,-45.89457702636719,-9.21811294555664
SWELL,673.504,673.504,00:11:13.50,00:11:13.50,0.0,0.0,-44.475830078125,-46.258827209472656,-3.482250213623047
HIGH_LOAD,673.92,680.736,00:11:13.92,00:11:20.74,6.816000000000031,0.518680626609876,-44.483628656262546,-48.413950126861856,-1.3264396703131844
HARSH,676.288,676.288,00:11:16.29,00:11:16.29,0.0,16.16403573464005,-42.37663650512695,-48.85429382324219,9.972949981689453
SWELL,678.528,678.528,00:11:18.53,00:11:18.53,0.0,0.0,-44.21054458618164,-49.74176788330078,-10.236518859863281
IMPACT,679.776,679.776,00:11:19.78,00:11:19.78,0.0,12.170891767185374,-42.11602020263672,-47.65495681762695,8.699714660644531
HARSH,680.032,680.032,00:11:20.03,00:11:20.03,0.0,25.650582726503988,-42.90692901611328,-47.84397888183594,9.837226867675781
HIGH_LOAD,681.856,688.256,00:11:21.86,00:11:28.26,6.399999999999977,0.5411513461187016,-42.58975124833596,-46.429580403797665,1.009853552823043
SWELL,683.552,683.552,00:11:23.55,00:11:23.55,0.0,0.0,-40.891841888427734,-43.386962890625,1.8987808227539062
IMPACT,684.32,684.32,00:11:24.32,00:11:24.32,0.0,14.753669719239147,-39.3056755065918,-47.86503601074219,12.696990966796875
HARSH,684.384,684.384,00:11:24.38,00:11:24.38,0.0,23.820675185679168,-40.81562423706055,-48.805545806884766,12.278976440429688
IMPACT,686.4,686.4,00:11:26.40,00:11:26.40,0.0,11.22511006965741,-41.16562271118164,-47.60651397705078,5.136943817138672
SWELL,688.704,688.704,00:11:28.70,00:11:28.70,0.0,0.0,-43.584007263183594,-47.013099670410156,-1.4204559326171875
BARRAGE,690.432,694.816,00:11:30.43,00:11:34.82,4.3840000000000146,0.9457232947559708,-43.737909344659336,-47.57729591148487,-4.190306677334551
HARSH,692.256,692.256,00:11:32.26,00:11:32.26,0.0,14.610365746338381,-43.553802490234375,-47.922393798828125,4.562091827392578
IMPACT,692.288,692.288,00:11:32.29,00:11:32.29,0.0,8.290032784573642,-43.187477111816406,-47.819358825683594,4.517139434814453
SWELL,693.728,693.728,00:11:33.73,00:11:33.73,0.0,0.0,-42.68622970581055,-47.04192352294922,-8.192886352539062
SWELL,698.752,698.752,00:11:38.75,00:11:38.75,0.0,0.0,-45.55686950683594,-48.83460235595703,-3.0201263427734375
HIGH_LOAD,699.52,705.12,00:11:39.52,00:11:45.12,5.600000000000023,0.5092294493017977,-44.370825399052016,-47.90347454764626,1.3918311487544666
HARSH,700.576,700.576,00:11:40.58,00:11:40.58,0.0,15.742844465045195,-43.5062255859375,-47.91143035888672,9.841644287109375
SWELL,703.744,703.744,00:11:43.74,00:11:43.74,0.0,0.0,-41.42440414428711,-46.865631103515625,9.484115600585938
SWELL,708.864,708.864,00:11:48.86,00:11:48.86,0.0,0.0,-43.33877182006836,-45.002357482910156,-5.046733856201172
SWELL,713.888,713.888,00:11:53.89,00:11:53.89,0.0,0.0,-43.870269775390625,-45.105281829833984,-4.025321960449219
IMPACT,715.392,715.392,00:11:55.39,00:11:55.39,0.0,14.694651666449635,-36.9117546081543,-46.17610168457031,17.360092163085938
HARSH,715.424,715.424,00:11:55.42,00:11:55.42,0.0,21.246487288714157,-38.12423324584961,-46.072044372558594,15.464153289794922
SWELL,718.912,718.912,00:11:58.91,00:11:58.91,0.0,0.0,-42.30671310424805,-43.369728088378906,-2.8901290893554688
HARSH,720.864,720.864,00:12:00.86,00:12:00.86,0.0,12.911301616310942,-41.98619079589844,-43.9244499206543,6.036182403564453
IMPACT,720.896,720.896,00:12:00.90,00:12:00.90,0.0,8.618908375637648,-42.042049407958984,-43.97365951538086,6.3317718505859375
IMPACT,723.712,723.712,00:12:03.71,00:12:03.71,0.0,9.785226439783838,-41.00743103027344,-43.489784240722656,11.64422607421875
SWELL,723.936,723.936,00:12:03.94,00:12:03.94,0.0,0.0,-43.588523864746094,-45.21834945678711,9.427555084228516
HARSH,727.712,727.712,00:12:07.71,00:12:07.71,0.0,13.23454589068027,-41.32997512817383,-48.65585708618164,14.172208786010742
IMPACT,727.712,727.712,00:12:07.71,00:12:07.71,0.0,8.646211361049602,-41.32997512817383,-48.65585708618164,14.172208786010742
SWELL,728.992,728.992,00:12:08.99,00:12:08.99,0.0,0.0,-47.1202392578125,-51.36194610595703,-0.015163421630859375
IMPACT,733.088,733.088,00:12:13.09,00:12:13.09,0.0,8.436715796138065,-37.90445327758789,-49.70343780517578,23.052780151367188
SWELL,734.08,734.08,00:12:14.08,00:12:14.08,0.0,0.0,-51.79389572143555,-54.26496505737305,2.9967422485351562
SWELL,739.104,739.104,00:12:19.10,00:12:19.10,0.0,0.0,-58.655094146728516,-60.36695861816406,6.883075714111328
HARSH,739.744,739.744,00:12:19.74,00:12:19.74,0.0,13.565747553849215,-57.28413391113281,-60.59760665893555,12.298248291015625
RECOVERY,740.928,749.44,00:12:20.93,00:12:29.44,8.512000000000057,-0.21896687597173128,-46.75879659902737,-47.75864855448405,-0.09242822168471661
SWELL,744.128,744.128,00:12:24.13,00:12:24.13,0.0,0.0,-55.87574005126953,-58.178123474121094,11.029586791992188
SWELL,749.152,749.152,00:12:29.15,00:12:29.15,0.0,0.0,-31.269094467163086,-31.719310760498047,-10.866643905639648
SWELL,754.176,754.176,00:12:34.18,00:12:34.18,0.0,0.0,-34.0896110534668,-34.340213775634766,-14.891563415527344
IMPACT,756.704,756.704,00:12:36.70,00:12:36.70,0.0,9.773871756797083,-37.19263458251953,-38.54143524169922,0.495941162109375
SWELL,759.392,759.392,00:12:39.39,00:12:39.39,0.0,0.0,-47.523040771484375,-50.10912322998047,4.973075866699219
BARRAGE,760.64,765.856,00:12:40.64,00:12:45.86,5.216000000000008,1.358098108278863,-47.04829764947659,-53.4298521367515,20.4705221478532
HIGH_LOAD,760.672,782.72,00:12:40.67,00:13:02.72,22.048000000000002,0.5750141479604819,-49.639769497552585,-55.95578201117288,21.899665272184116
DRUM_RUN,763.296,763.296,00:12:43.30,00:12:43.30,0.0,2.2066571577025926,-38.174766540527344,-45.938201904296875,30.492666244506836
IMPACT,763.328,763.328,00:12:43.33,00:12:43.33,0.0,13.578461769467596,-36.648681640625,-44.63764572143555,31.594022750854492
SWELL,764.448,764.448,00:12:44.45,00:12:44.45,0.0,0.0,-60.49226760864258,-62.36908721923828,7.786746978759766
HARSH,764.8,764.8,00:12:44.80,00:12:44.80,0.0,30.07554752141859,-45.625492095947266,-50.939979553222656,28.713619232177734
IMPACT,764.8,764.8,00:12:44.80,00:12:44.80,0.0,15.70171335341568,-45.625492095947266,-50.939979553222656,28.713619232177734
BARRAGE,766.336,781.28,00:12:46.34,00:13:01.28,14.94399999999996,1.6738962129897954,-49.71885887747889,-56.28056658356429,23.364742596266368
IMPACT,766.72,766.72,00:12:46.72,00:12:46.72,0.0,13.179913807591559,-57.30712127685547,-64.07681274414062,18.397052764892578
IMPACT,767.648,767.648,00:12:47.65,00:12:47.65,0.0,10.764688475334392,-41.832767486572266,-62.75715637207031,34.28181838989258
IMPACT,768.384,768.384,00:12:48.38,00:12:48.38,0.0,9.293042957731162,-41.11824035644531,-60.88325881958008,33.682342529296875
IMPACT,769.216,769.216,00:12:49.22,00:12:49.22,0.0,17.141723630307563,-48.491355895996094,-55.87295150756836,25.99945831298828
DRUM_RUN,769.632,769.632,00:12:49.63,00:12:49.63,0.0,2.21446316984185,-37.971961975097656,-43.75896072387695,35.829994201660156
SWELL,769.664,769.664,00:12:49.66,00:12:49.66,0.0,0.0,-40.59508514404297,-45.866031646728516,33.58821105957031
HARSH,770.496,770.496,00:12:50.50,00:12:50.50,0.0,28.563363785403013,-44.63817596435547,-62.19255447387695,29.81826400756836
IMPACT,770.56,770.56,00:12:50.56,00:12:50.56,0.0,17.774354658639307,-43.62839126586914,-61.17640686035156,30.282089233398438
IMPACT,771.5840000000001,771.5840000000001,00:12:51.58,00:12:51.58,0.0,9.955390138334796,-41.20134735107422,-51.69185256958008,34.228288650512695
IMPACT,772.544,772.544,00:12:52.54,00:12:52.54,0.0,11.6485005071898,-48.67061233520508,-55.08056640625,27.362789154052734
IMPACT,773.568,773.568,00:12:53.57,00:12:53.57,0.0,10.906098880488889,-42.958839416503906,-50.03146743774414,30.03631591796875
HARSH,774.08,774.08,00:12:54.08,00:12:54.08,0.0,22.448830872797505,-56.38908767700195,-62.39872741699219,17.11792755126953
SWELL,774.656,774.656,00:12:54.66,00:12:54.66,0.0,0.0,-41.545806884765625,-51.51643371582031,35.36091232299805
IMPACT,774.72,774.72,00:12:54.72,00:12:54.72,0.0,14.332854943589357,-39.990013122558594,-47.6671142578125,36.76136016845703
IMPACT,775.68,775.68,00:12:55.68,00:12:55.68,0.0,25.30108680438355,-38.05902099609375,-49.548397064208984,35.68206024169922
DRUM_RUN,776.704,776.704,00:12:56.70,00:12:56.70,0.0,2.4624143967399275,-39.937801361083984,-47.01424026489258,34.69955062866211
IMPACT,776.896,776.896,00:12:56.90,00:12:56.90,0.0,15.54348674976274,-38.28567886352539,-62.11882019042969,35.274024963378906
IMPACT,777.632,777.632,00:12:57.63,00:12:57.63,0.0,9.799871974733984,-39.4858283996582,-44.31949234008789,34.345998764038086
IMPACT,778.528,778.528,00:12:58.53,00:12:58.53,0.0,15.288240226094066,-46.18434524536133,-50.18686294555664,27.655040740966797
HARSH,779.232,779.232,00:12:59.23,00:12:59.23,0.0,17.65932944275717,-50.141178131103516,-64.40605926513672,25.017017364501953
SWELL,779.744,779.744,00:12:59.74,00:12:59.74,0.0,0.0,-49.62376403808594,-56.51872253417969,26.41284942626953
IMPACT,779.84,779.84,00:12:59.84,00:12:59.84,0.0,12.365262346343366,-38.41889953613281,-43.792320251464844,37.9544677734375
IMPACT,780.992,780.992,00:13:00.99,00:13:00.99,0.0,12.15064954987128,-50.141395568847656,-52.93254852294922,24.91321563720703
IMPACT,782.208,782.208,00:13:02.21,00:13:02.21,0.0,13.040466069593128,-46.213623046875,-56.83491134643555,27.256977081298828
HARSH,782.336,782.336,00:13:02.34,00:13:02.34,0.0,20.27430571644756,-44.016746520996094,-51.959434509277344,30.572551727294922
SWELL,784.832,784.832,00:13:04.83,00:13:04.83,0.0,0.0,-61.53312301635742,-64.5338363647461,-0.20049667358398438
HIGH_LOAD,787.456,794.08,00:13:07.46,00:13:14.08,6.624000000000024,0.5980734648529471,-50.35463158900921,-56.58790293106666,32.737930802198555
BARRAGE,787.648,793.824,00:13:07.65,00:13:13.82,6.175999999999931,1.5075271821246299,-50.002478196448884,-56.38195647406824,33.54413287172613
IMPACT,787.84,787.84,00:13:07.84,00:13:07.84,0.0,11.458772330490616,-43.063663482666016,-48.229583740234375,35.95398712158203
HARSH,788.0,788.0,00:13:08.00,00:13:08.00,0.0,21.785729105042897,-48.278202056884766,-65.00289916992188,32.4822998046875
IMPACT,789.344,789.344,00:13:09.34,00:13:09.34,0.0,9.494031925629688,-46.661399841308594,-47.806732177734375,31.730937957763672
DRUM_RUN,789.568,789.568,00:13:09.57,00:13:09.57,0.0,2.964835441448447,-45.79924774169922,-47.36854934692383,34.409210205078125
SWELL,789.856,789.856,00:13:09.86,00:13:09.86,0.0,0.0,-50.9346923828125,-55.170166015625,33.712867736816406
IMPACT,790.816,790.816,00:13:10.82,00:13:10.82,0.0,18.802964984879527,-41.628173828125,-49.436180114746094,45.34196853637695
IMPACT,791.712,791.712,00:13:11.71,00:13:11.71,0.0,12.269071418016429,-53.11003112792969,-62.8018798828125,35.223915100097656
HARSH,793.312,793.312,00:13:13.31,00:13:13.31,0.0,24.658958713565095,-58.325050354003906,-64.30508422851562,23.262554168701172
IMPACT,793.312,793.312,00:13:13.31,00:13:13.31,0.0,9.675859686711615,-58.325050354003906,-64.30508422851562,23.262554168701172
SWELL,795.2,795.2,00:13:15.20,00:13:15.20,0.0,0.0,-68.9509506225586,-70.99604034423828,-1.885284423828125
HIGH_LOAD,795.52,799.52,00:13:15.52,00:13:19.52,4.0,0.5842044260436997,-53.5053953140501,-58.50187589251806,30.46816665407211
BARRAGE,795.552,800.352,00:13:15.55,00:13:20.35,4.7999999999999545,1.3343534726057544,-56.1165470855915,-60.63447093332051,25.37566375732422
IMPACT,796.096,796.096,00:13:16.10,00:13:16.10,0.0,8.585259772544667,-47.75541687011719,-60.02936935424805,31.782737731933594
HARSH,796.896,796.896,00:13:16.90,00:13:16.90,0.0,17.327964974020915,-63.78852844238281,-76.47116088867188,21.665191650390625
IMPACT,796.928,796.928,00:13:16.93,00:13:16.93,0.0,13.246914891036337,-45.15681457519531,-47.60231018066406,40.71195602416992
DRUM_RUN,797.184,797.184,00:13:17.18,00:13:17.18,0.0,2.009769716116091,-36.054107666015625,-38.686279296875,50.75229835510254
IMPACT,797.664,797.664,00:13:17.66,00:13:17.66,0.0,13.739930591715334,-42.72793197631836,-47.012298583984375,44.421321868896484
IMPACT,798.496,798.496,00:13:18.50,00:13:18.50,0.0,17.697831773056215,-53.1490478515625,-66.914306640625,34.64411926269531
HIGH_LOAD,800.256,806.976,00:13:20.26,00:13:26.98,6.720000000000027,0.5924516628712381,-49.10830992206013,-57.24292138628485,29.29023739963911
SWELL,800.256,800.256,00:13:20.26,00:13:20.26,0.0,0.0,-69.37743377685547,-71.07196044921875,2.3544387817382812
IMPACT,800.736,800.736,00:13:20.74,00:13:20.74,0.0,12.17303754025973,-46.74830627441406,-52.30510330200195,33.43850326538086
HARSH,801.024,801.024,00:13:21.02,00:13:21.02,0.0,18.90870223765862,-49.135169982910156,-58.22997283935547,28.538555145263672
BARRAGE,801.792,821.376,00:13:21.79,00:13:41.38,19.583999999999946,1.6855609331042485,-51.46562700131589,-57.84139450222594,25.77732382085156
IMPACT,803.712,803.712,00:13:23.71,00:13:23.71,0.0,10.974390542813648,-39.570919036865234,-41.76293182373047,41.61924743652344
DRUM_RUN,803.872,803.872,00:13:23.87,00:13:23.87,0.0,3.806708615332292,-34.14216995239258,-37.403743743896484,44.81990623474121
HARSH,804.288,804.288,00:13:24.29,00:13:24.29,0.0,24.007796725641512,-42.4671630859375,-49.32834243774414,38.26547622680664
IMPACT,804.96,804.96,00:13:24.96,00:13:24.96,0.0,9.22644165010692,-44.09400939941406,-56.71470642089844,37.53985595703125
SWELL,805.248,805.248,00:13:25.25,00:13:25.25,0.0,0.0,-45.50410461425781,-52.9676399230957,35.2765998840332
IMPACT,805.728,805.728,00:13:25.73,00:13:25.73,0.0,12.742446517375747,-38.85176086425781,-45.25623321533203,42.21788787841797
HIGH_LOAD,808.064,822.976,00:13:28.06,00:13:42.98,14.912000000000035,0.5928950033659718,-51.09867728190453,-56.54649691203932,23.093031819933742
HARSH,808.896,808.896,00:13:28.90,00:13:28.90,0.0,16.63375871849288,-51.866607666015625,-68.72608184814453,35.15995407104492
IMPACT,808.96,808.96,00:13:28.96,00:13:28.96,0.0,32.81555190635047,-51.78834533691406,-68.17732238769531,34.17511749267578
IMPACT,810.08,810.08,00:13:30.08,00:13:30.08,0.0,13.881690588760012,-41.106788635253906,-45.71725845336914,39.16350173950195
SWELL,810.24,810.24,00:13:30.24,00:13:30.24,0.0,0.0,-44.16994094848633,-46.10015106201172,36.50818634033203
DRUM_RUN,810.4639999999999,810.4639999999999,00:13:30.46,00:13:30.46,0.0,3.6902320175259447,-44.87208557128906,-48.35288619995117,35.12480545043945
IMPACT,811.328,811.328,00:13:31.33,00:13:31.33,0.0,15.761340210894422,-50.33967971801758,-59.22528076171875,30.32076644897461
HARSH,812.928,812.928,00:13:32.93,00:13:32.93,0.0,18.79143339843877,-46.50186538696289,-53.4645881652832,33.832977294921875
IMPACT,812.992,812.992,00:13:32.99,00:13:32.99,0.0,15.196078014329688,-37.16123962402344,-45.00897979736328,43.17486572265625
IMPACT,814.4639999999999,814.4639999999999,00:13:34.46,00:13:34.46,0.0,12.156371757663724,-44.5281982421875,-62.962791442871094,42.35508346557617
SWELL,815.264,815.264,00:13:35.26,00:13:35.26,0.0,0.0,-63.063087463378906,-74.05464935302734,20.86007308959961
IMPACT,815.648,815.648,00:13:35.65,00:13:35.65,0.0,15.12453149875759,-40.459983825683594,-47.56576156616211,40.693180084228516
DRUM_RUN,816.448,816.448,00:13:36.45,00:13:36.45,0.0,3.1743407565439425,-43.38356399536133,-48.210365295410156,37.54515838623047
IMPACT,816.768,816.768,00:13:36.77,00:13:36.77,0.0,10.675738003918648,-42.39419937133789,-48.311988830566406,38.816877365112305
HARSH,818.432,818.432,00:13:38.43,00:13:38.43,0.0,23.066958162534803,-49.4172477722168,-59.590850830078125,21.882099151611328
IMPACT,818.496,818.496,00:13:38.50,00:13:38.50,0.0,22.763996428229124,-49.20134735107422,-58.326690673828125,19.90407943725586
SWELL,820.4159999999999,820.4159999999999,00:13:40.42,00:13:40.42,0.0,0.0,-52.58485794067383,-53.18073272705078,-0.11110305786132812
HIGH_LOAD,824.576,830.176,00:13:44.58,00:13:50.18,5.600000000000023,0.5615887775198934,-48.46300679987127,-50.702182878147475,6.406754526225003
SWELL,825.44,825.44,00:13:45.44,00:13:45.44,0.0,0.0,-51.35955047607422,-52.04024887084961,5.661247253417969
BARRAGE,825.472,831.808,00:13:45.47,00:13:51.81,6.336000000000013,1.1477477156090758,-48.62523727800379,-50.69270495314095,6.301023253244371
IMPACT,825.792,825.792,00:13:45.79,00:13:45.79,0.0,14.078151870047074,-46.08799362182617,-52.97441101074219,14.694305419921875
IMPACT,826.56,826.56,00:13:46.56,00:13:46.56,0.0,9.806150442760782,-49.53309631347656,-53.161773681640625,9.608661651611328
HARSH,826.944,826.944,00:13:46.94,00:13:46.94,0.0,14.410527238592257,-47.98030471801758,-52.43107223510742,12.350746154785156
IMPACT,828.128,828.128,00:13:48.13,00:13:48.13,0.0,11.063150878849667,-48.53955078125,-52.40534973144531,10.292633056640625
DRUM_RUN,828.544,828.544,00:13:48.54,00:13:48.54,0.0,2.0686324848088327,-43.18296432495117,-44.94758605957031,17.65328598022461
IMPACT,829.152,829.152,00:13:49.15,00:13:49.15,0.0,10.655065048847014,-45.74784851074219,-52.89158630371094,15.283966064453125
SWELL,830.496,830.496,00:13:50.50,00:13:50.50,0.0,0.0,-51.861324310302734,-52.49790573120117,-1.2058486938476562
IMPACT,832.32,832.32,00:13:52.32,00:13:52.32,0.0,9.930273702351128,-47.900394439697266,-51.85356140136719,11.062515258789062
HARSH,832.704,832.704,00:13:52.70,00:13:52.70,0.0,14.828171567217726,-49.691810607910156,-53.20207595825195,9.276142120361328
IMPACT,833.152,833.152,00:13:53.15,00:13:53.15,0.0,9.286847194903741,-45.335636138916016,-50.897132873535156,15.42095947265625
HIGH_LOAD,835.392,842.176,00:13:55.39,00:14:02.18,6.783999999999992,0.5793225079943597,-44.45986341316009,-47.735055941287605,7.376737746122841
SWELL,835.5840000000001,835.5840000000001,00:13:55.58,00:13:55.58,0.0,0.0,-45.40336990356445,-50.55494689941406,14.599658966064453
IMPACT,835.648,835.648,00:13:55.65,00:13:55.65,0.0,9.971583018943342,-42.995052337646484,-49.14205551147461,17.608497619628906
BARRAGE,835.968,840.384,00:13:55.97,00:14:00.38,4.416000000000054,1.2080685689213153,-44.95128893171038,-48.86179667881557,8.819362367902484
HARSH,836.448,836.448,00:13:56.45,00:13:56.45,0.0,14.893491259402861,-44.537208557128906,-51.401161193847656,17.040145874023438
IMPACT,836.448,836.448,00:13:56.45,00:13:56.45,0.0,10.021889460274336,-44.537208557128906,-51.401161193847656,17.040145874023438
DRUM_RUN,837.44,837.44,00:13:57.44,00:13:57.44,0.0,2.392460149766972,-40.299015045166016,-48.84043884277344,20.741125106811523
IMPACT,838.432,838.432,00:13:58.43,00:13:58.43,0.0,12.256157115709733,-45.71270751953125,-51.10122299194336,12.481502532958984
IMPACT,839.872,839.872,00:13:59.87,00:13:59.87,0.0,17.873826020364348,-36.83646011352539,-44.04262924194336,19.00408363342285
HARSH,840.032,840.032,00:14:00.03,00:14:00.03,0.0,19.982222404708626,-36.88492965698242,-44.804283142089844,19.82191276550293
SWELL,840.704,840.704,00:14:00.70,00:14:00.70,0.0,0.0,-45.46552276611328,-46.13745880126953,1.4365921020507812
IMPACT,840.8,840.8,00:14:00.80,00:14:00.80,0.0,8.340283822439904,-39.3851318359375,-42.29884338378906,14.868106842041016
IMPACT,841.888,841.888,00:14:01.89,00:14:01.89,0.0,9.450489972548645,-41.389991760253906,-43.82290267944336,8.442153930664062
IMPACT,843.872,843.872,00:14:03.87,00:14:03.87,0.0,10.019090275614499,-37.4371337890625,-40.233436584472656,8.655792236328125
HARSH,843.936,843.936,00:14:03.94,00:14:03.94,0.0,12.560723574812735,-36.70782470703125,-40.04837417602539,9.782257080078125
SWELL,845.728,845.728,00:14:05.73,00:14:05.73,0.0,0.0,-36.640052795410156,-36.852638244628906,-8.979354858398438
IMPACT,850.56,850.56,00:14:10.56,00:14:10.56,0.0,10.38051670672577,-38.52436828613281,-40.87143325805664,8.624509811401367
SWELL,850.784,850.784,00:14:10.78,00:14:10.78,0.0,0.0,-41.18385314941406,-41.410179138183594,-5.742275238037109
IMPACT,852.928,852.928,00:14:12.93,00:14:12.93,0.0,8.88688782035673,-42.11676025390625,-45.37298583984375,15.245586395263672
HARSH,855.008,855.008,00:14:15.01,00:14:15.01,0.0,20.411738233060913,-49.34962463378906,-53.742950439453125,15.620189666748047
IMPACT,855.008,855.008,00:14:15.01,00:14:15.01,0.0,8.945887057026606,-49.34962463378906,-53.742950439453125,15.620189666748047
SWELL,855.84,855.84,00:14:15.84,00:14:15.84,0.0,0.0,-50.792076110839844,-52.75458908081055,14.777580261230469
IMPACT,859.04,859.04,00:14:19.04,00:14:19.04,0.0,8.511671141231567,-52.19383239746094,-56.02042770385742,11.030899047851562
SWELL,860.864,860.864,00:14:20.86,00:14:20.86,0.0,0.0,-57.139305114746094,-58.30545425415039,-1.2430267333984375
IMPACT,861.568,861.568,00:14:21.57,00:14:21.57,0.0,12.401191873763711,-39.565425872802734,-51.533172607421875,30.864856719970703
IMPACT,862.592,862.592,00:14:22.59,00:14:22.59,0.0,9.221266477451186,-40.24317169189453,-54.85136413574219,30.521156311035156
HARSH,863.456,863.456,00:14:23.46,00:14:23.46,0.0,19.9691848144696,-55.85435485839844,-62.03922653198242,14.6243896484375
IMPACT,863.456,863.456,00:14:23.46,00:14:23.46,0.0,12.35834508367776,-55.85435485839844,-62.03922653198242,14.6243896484375
HIGH_LOAD,865.44,879.04,00:14:25.44,00:14:39.04,13.599999999999909,0.6483989962456914,-44.01599519577385,-52.83205601866816,27.32836641839972
BARRAGE,865.472,879.488,00:14:25.47,00:14:39.49,14.016000000000076,1.9892000440671012,-44.45622663563096,-53.06175651637188,26.53824495563203
SWELL,865.888,865.888,00:14:25.89,00:14:25.89,0.0,0.0,-42.994720458984375,-47.794532775878906,28.30101776123047
IMPACT,866.592,866.592,00:14:26.59,00:14:26.59,0.0,8.334894894549148,-37.57449722290039,-53.903865814208984,34.35588455200195
DRUM_RUN,867.584,867.584,00:14:27.58,00:14:27.58,0.0,3.231502859094967,-40.25083923339844,-54.7587776184082,32.42577362060547
IMPACT,868.768,868.768,00:14:28.77,00:14:28.77,0.0,9.223965132683094,-40.5998420715332,-50.965023040771484,31.350502014160156
IMPACT,869.728,869.728,00:14:29.73,00:14:29.73,0.0,8.478012569559912,-43.88152313232422,-51.45628356933594,28.530963897705078
HARSH,870.24,870.24,00:14:30.24,00:14:30.24,0.0,17.716121942235468,-48.882240295410156,-56.31305694580078,22.158977508544922
SWELL,870.976,870.976,00:14:30.98,00:14:30.98,0.0,0.0,-49.84614562988281,-54.92679214477539,22.54990005493164
IMPACT,871.328,871.328,00:14:31.33,00:14:31.33,0.0,10.906964563139583,-40.98024368286133,-49.58650588989258,31.497623443603516
IMPACT,872.32,872.32,00:14:32.32,00:14:32.32,0.0,9.164910986968396,-36.89430236816406,-47.301124572753906,35.08721160888672
DRUM_RUN,872.352,872.352,00:14:32.35,00:14:32.35,0.0,3.2365072613195522,-37.07850646972656,-46.568885803222656,35.11628532409668
IMPACT,873.44,873.44,00:14:33.44,00:14:33.44,0.0,11.336819915809702,-40.8544921875,-51.12744140625,31.709177017211914
HARSH,873.856,873.856,00:14:33.86,00:14:33.86,0.0,16.358013482034774,-55.76101303100586,-60.367103576660156,14.777854919433594
IMPACT,875.104,875.104,00:14:35.10,00:14:35.10,0.0,17.320562528490946,-37.50568389892578,-52.650638580322266,34.53125762939453
SWELL,875.968,875.968,00:14:35.97,00:14:35.97,0.0,0.0,-52.39886474609375,-55.543006896972656,18.38189697265625
IMPACT,876.128,876.128,00:14:36.13,00:14:36.13,0.0,11.094903432728637,-36.567073822021484,-51.1137580871582,35.29082107543945
DRUM_RUN,876.896,876.896,00:14:36.90,00:14:36.90,0.0,4.327747875404166,-35.78412628173828,-46.82991027832031,37.377079010009766
IMPACT,877.216,877.216,00:14:37.22,00:14:37.22,0.0,11.581046393681445,-35.38869857788086,-51.90470886230469,37.31141662597656
IMPACT,878.016,878.016,00:14:38.02,00:14:38.02,0.0,9.960407533302174,-36.156490325927734,-52.80177688598633,35.39562797546387
IMPACT,880.832,880.832,00:14:40.83,00:14:40.83,0.0,12.209594571502212,-37.408443450927734,-46.85899353027344,33.60275459289551
SWELL,881.184,881.184,00:14:41.18,00:14:41.18,0.0,0.0,-44.55182647705078,-47.35862350463867,27.073673248291016
HARSH,881.44,881.44,00:14:41.44,00:14:41.44,0.0,18.05700703405883,-49.90696716308594,-54.85160446166992,20.540515899658203
SWELL,886.24,886.24,00:14:46.24,00:14:46.24,0.0,0.0,-56.212615966796875,-59.71462631225586,2.8077125549316406
HARSH,887.04,887.04,00:14:47.04,00:14:47.04,0.0,23.30354186217912,-51.81647491455078,-57.68752670288086,14.687713623046875
IMPACT,887.072,887.072,00:14:47.07,00:14:47.07,0.0,14.574175153935547,-51.93050003051758,-57.992034912109375,14.616901397705078
IMPACT,888.032,888.032,00:14:48.03,00:14:48.03,0.0,10.827428527522644,-52.800926208496094,-58.32262420654297,13.967094421386719
IMPACT,889.152,889.152,00:14:49.15,00:14:49.15,0.0,8.314967113745382,-39.460994720458984,-42.88874816894531,29.452680587768555
SWELL,891.264,891.264,00:14:51.26,00:14:51.26,0.0,0.0,-49.322120666503906,-52.51185989379883,13.395877838134766
IMPACT,891.808,891.808,00:14:51.81,00:14:51.81,0.0,13.339458281403704,-33.34945297241211,-36.609764099121094,30.556495666503906
SWELL,896.288,896.288,00:14:56.29,00:14:56.29,0.0,0.0,-51.233787536621094,-52.950172424316406,7.573040008544922
HARSH,896.992,896.992,00:14:56.99,00:14:56.99,0.0,17.756230241552743,-46.45677185058594,-55.96273422241211,20.99939727783203
IMPACT,897.024,897.024,00:14:57.02,00:14:57.02,0.0,16.230611566297203,-45.98806381225586,-56.02731704711914,22.011409759521484
IMPACT,897.984,897.984,00:14:57.98,00:14:57.98,0.0,15.163761864666233,-35.450958251953125,-38.48265838623047,31.681079864501953
SWELL,901.376,901.376,00:15:01.38,00:15:01.38,0.0,0.0,-52.16688537597656,-53.79039764404297,4.17791748046875
HARSH,905.024,905.024,00:15:05.02,00:15:05.02,0.0,13.940219118642004,-51.187744140625,-53.620819091796875,8.625507354736328
IMPACT,905.056,905.056,00:15:05.06,00:15:05.06,0.0,10.814650279765019,-50.54690933227539,-52.61452102661133,7.7559661865234375
SWELL,906.464,906.464,00:15:06.46,00:15:06.46,0.0,0.0,-49.47248077392578,-52.50364685058594,5.51031494140625
SWELL,911.808,911.808,00:15:11.81,00:15:11.81,0.0,0.0,-41.787776947021484,-42.256282806396484,-5.2369842529296875
SWELL,916.864,916.864,00:15:16.86,00:15:16.86,0.0,0.0,-50.22343063354492,-52.91845703125,1.18212890625
HARSH,921.472,921.472,00:15:21.47,00:15:21.47,0.0,14.292544099617071,-51.123775482177734,-56.664066314697266,11.705257415771484
SWELL,921.952,921.952,00:15:21.95,00:15:21.95,0.0,0.0,-53.34458923339844,-58.21057891845703,10.152236938476562
RECOVERY,922.048,927.328,00:15:22.05,00:15:27.33,5.279999999999973,-0.24550102367818832,-55.2288778144193,-59.677280150264146,11.169601716190936
SWELL,926.944,926.944,00:15:26.94,00:15:26.94,0.0,0.0,-55.09764862060547,-60.34141159057617,16.097030639648438
HARSH,928.416,928.416,00:15:28.42,00:15:28.42,0.0,16.90869647322154,-49.87398147583008,-58.77307891845703,21.05689239501953
IMPACT,928.448,928.448,00:15:28.45,00:15:28.45,0.0,14.08560920853774,-49.23738098144531,-57.502906799316406,21.209060668945312
HIGH_LOAD,929.408,941.056,00:15:29.41,00:15:41.06,11.648000000000025,0.6001954972959423,-47.77609107657655,-55.94580910042541,26.383227105336648
BARRAGE,930.4,937.664,00:15:30.40,00:15:37.66,7.26400000000001,1.3750471036124958,-47.68677606080708,-56.677230751305295,27.47490196060716
SWELL,931.968,931.968,00:15:31.97,00:15:31.97,0.0,0.0,-41.2236442565918,-45.59913635253906,36.55241584777832
IMPACT,932.608,932.608,00:15:32.61,00:15:32.61,0.0,8.435968685863696,-42.21106719970703,-55.90631866455078,38.73033142089844
DRUM_RUN,933.024,933.024,00:15:33.02,00:15:33.02,0.0,3.680322943026828,-38.808624267578125,-42.581512451171875,41.61420249938965
HARSH,933.92,933.92,00:15:33.92,00:15:33.92,0.0,22.52046627915083,-42.67240905761719,-67.26264953613281,38.87177276611328
IMPACT,933.92,933.92,00:15:33.92,00:15:33.92,0.0,17.802431567391267,-42.67240905761719,-67.26264953613281,38.87177276611328
IMPACT,935.648,935.648,00:15:35.65,00:15:35.65,0.0,12.092715651651657,-38.1395378112793,-49.19247055053711,36.320796966552734
SWELL,937.024,937.024,00:15:37.02,00:15:37.02,0.0,0.0,-59.57940673828125,-64.23906707763672,12.312763214111328
IMPACT,938.432,938.432,00:15:38.43,00:15:38.43,0.0,9.641711873091852,-45.6550407409668,-48.329463958740234,27.45476531982422
HARSH,939.008,939.008,00:15:39.01,00:15:39.01,0.0,18.21209831086659,-49.30215835571289,-53.84781265258789,23.63888931274414
DRUM_RUN,939.104,939.104,00:15:39.10,00:15:39.10,0.0,2.267551943601095,-41.61164093017578,-48.30259323120117,32.50312042236328
IMPACT,940.768,940.768,00:15:40.77,00:15:40.77,0.0,11.747532254342588,-39.48881530761719,-48.8557243347168,33.68473815917969
SWELL,942.304,942.304,00:15:42.30,00:15:42.30,0.0,0.0,-58.66523742675781,-60.713809967041016,9.32364273071289
IMPACT,944.16,944.16,00:15:44.16,00:15:44.16,0.0,11.761502777269211,-36.625144958496094,-46.130218505859375,36.04946517944336
HARSH,945.408,945.408,00:15:45.41,00:15:45.41,0.0,20.059825966633838,-45.59235382080078,-57.60685729980469,26.32271957397461
IMPACT,945.408,945.408,00:15:45.41,00:15:45.41,0.0,9.83661251787678,-45.59235382080078,-57.60685729980469,26.32271957397461
SWELL,947.456,947.456,00:15:47.46,00:15:47.46,0.0,0.0,-60.34733200073242,-64.6650390625,11.052207946777344
SWELL,952.512,952.512,00:15:52.51,00:15:52.51,0.0,0.0,-55.15542984008789,-59.456539154052734,5.411033630371094
SWELL,957.504,957.504,00:15:57.50,00:15:57.50,0.0,0.0,-60.637657165527344,-63.44140625,7.901618957519531
SWELL,962.496,962.496,00:16:02.50,00:16:02.50,0.0,0.0,-50.60451126098633,-61.735496520996094,26.024494171142578
HIGH_LOAD,964.608,969.536,00:16:04.61,00:16:09.54,4.927999999999997,0.6248676092438362,-45.94019290554908,-56.97961344565115,29.827736823789536
BARRAGE,964.672,968.8,00:16:04.67,00:16:08.80,4.127999999999929,1.5712265877861986,-45.189061913123496,-55.92966619638296,30.897445942805362
IMPACT,965.728,965.728,00:16:05.73,00:16:05.73,0.0,12.203972537414739,-40.03839111328125,-49.21247863769531,36.078163146972656
IMPACT,966.848,966.848,00:16:06.85,00:16:06.85,0.0,13.542908228787416,-42.30343246459961,-51.69380569458008,33.79909324645996
SWELL,967.488,967.488,00:16:07.49,00:16:07.49,0.0,0.0,-44.71916198730469,-47.99199676513672,30.72818374633789
IMPACT,967.68,967.68,00:16:07.68,00:16:07.68,0.0,12.0867546161035,-33.15569305419922,-60.05146408081055,43.07512855529785
HARSH,967.968,967.968,00:16:07.97,00:16:07.97,0.0,30.712717655896142,-44.58153533935547,-60.11373519897461,29.757064819335938
SWELL,972.48,972.48,00:16:12.48,00:16:12.48,0.0,0.0,-59.187049865722656,-64.68641662597656,4.502696990966797
RECOVERY,973.92,979.552,00:16:13.92,00:16:19.55,5.632000000000062,-0.11196072865697454,-60.79844678458521,-62.41491675511592,-1.4648656467933439
SWELL,977.6,977.6,00:16:17.60,00:16:17.60,0.0,0.0,-65.56107330322266,-66.9301986694336,-2.7685470581054688
HARSH,981.824,981.824,00:16:21.82,00:16:21.82,0.0,23.185749763248985,-48.74788284301758,-59.511817932128906,25.43144989013672
IMPACT,981.824,981.824,00:16:21.82,00:16:21.82,0.0,12.982021547078027,-48.74788284301758,-59.511817932128906,25.43144989013672
SWELL,982.816,982.816,00:16:22.82,00:16:22.82,0.0,0.0,-57.05088806152344,-61.45267105102539,17.552581787109375
IMPACT,985.664,985.664,00:16:25.66,00:16:25.66,0.0,14.355659812665223,-35.46661376953125,-60.04638671875,37.562469482421875
HARSH,986.016,986.016,00:16:26.02,00:16:26.02,0.0,20.111518014945617,-41.84544372558594,-47.61378860473633,33.677982330322266
SWELL,987.84,987.84,00:16:27.84,00:16:27.84,0.0,0.0,-59.264835357666016,-63.13418960571289,12.641155242919922
RECOVERY,988.0,996.032,00:16:28.00,00:16:36.03,8.032000000000039,-0.15402897341324445,-61.048506600516184,-63.169213400946724,3.0904469262985956
SWELL,992.864,992.864,00:16:32.86,00:16:32.86,0.0,0.0,-62.75239562988281,-63.52953338623047,-4.938591003417969
IMPACT,996.288,996.288,00:16:36.29,00:16:36.29,0.0,10.690888506129511,-37.314796447753906,-44.295536041259766,37.997314453125
HARSH,996.896,996.896,00:16:36.90,00:16:36.90,0.0,17.948072394952447,-50.53551483154297,-54.525569915771484,23.65658950805664
IMPACT,997.184,997.184,00:16:37.18,00:16:37.18,0.0,8.481918933566302,-50.45702362060547,-54.517784118652344,25.64166259765625
IMPACT,998.304,998.304,00:16:38.30,00:16:38.30,0.0,13.43398300757557,-50.400169372558594,-57.682640075683594,24.171592712402344
SWELL,998.784,998.784,00:16:38.78,00:16:38.78,0.0,0.0,-62.900611877441406,-63.96095275878906,-2.1065216064453125
IMPACT,999.808,999.808,00:16:39.81,00:16:39.81,0.0,13.273010198023572,-50.25730895996094,-62.56355285644531,23.643218994140625
HARSH,1000.576,1000.576,00:16:40.58,00:16:40.58,0.0,13.571156293534045,-51.7679443359375,-55.340187072753906,22.18482208251953
IMPACT,1000.64,1000.64,00:16:40.64,00:16:40.64,0.0,10.435556225706208,-48.70869445800781,-52.56000518798828,26.163822174072266
IMPACT,1003.616,1003.616,00:16:43.62,00:16:43.62,0.0,10.810209568663721,-52.164302825927734,-57.20534896850586,15.236305236816406
SWELL,1003.904,1003.904,00:16:43.90,00:16:43.90,0.0,0.0,-45.82391357421875,-49.165096282958984,23.841175079345703
IMPACT,1004.736,1004.736,00:16:44.74,00:16:44.74,0.0,14.722296886315732,-45.579280853271484,-59.18547821044922,24.54107666015625
HARSH,1005.632,1005.632,00:16:45.63,00:16:45.63,0.0,33.90346555608992,-45.36054992675781,-58.909828186035156,23.638553619384766
IMPACT,1005.696,1005.696,00:16:45.70,00:16:45.70,0.0,25.529389906254213,-45.35283660888672,-59.093177795410156,24.447021484375
HARSH,1008.672,1008.672,00:16:48.67,00:16:48.67,0.0,17.623874587461167,-45.94178009033203,-58.933616638183594,22.577049255371094
IMPACT,1008.672,1008.672,00:16:48.67,00:16:48.67,0.0,14.485829484907518,-45.94178009033203,-58.933616638183594,22.577049255371094
SWELL,1008.992,1008.992,00:16:48.99,00:16:48.99,0.0,0.0,-55.43871307373047,-58.756492614746094,9.595283508300781
IMPACT,1012.096,1012.096,00:16:52.10,00:16:52.10,0.0,9.528774118484312,-41.039207458496094,-48.954139709472656,29.539762496948242
IMPACT,1013.504,1013.504,00:16:53.50,00:16:53.50,0.0,13.045880014999476,-42.828834533691406,-52.718788146972656,27.052291870117188
SWELL,1014.08,1014.08,00:16:54.08,00:16:54.08,0.0,0.0,-57.5895881652832,-63.11598205566406,3.738292694091797
HARSH,1014.56,1014.56,00:16:54.56,00:16:54.56,0.0,24.53151352353968,-50.056983947753906,-62.7428092956543,19.118999481201172
IMPACT,1015.264,1015.264,00:16:55.26,00:16:55.26,0.0,12.32649555393936,-45.2396354675293,-62.875823974609375,22.91775894165039
SWELL,1019.136,1019.136,00:16:59.14,00:16:59.14,0.0,0.0,-28.380695343017578,-28.52238655090332,-22.814115524291992
SWELL,1024.576,1024.576,00:17:04.58,00:17:04.58,0.0,0.0,-35.11170196533203,-35.534156799316406,-23.608333587646484
IMPACT,1026.88,1026.88,00:17:06.88,00:17:06.88,0.0,11.075579595466742,-31.550662994384766,-38.23454284667969,18.623184204101562
RECOVERY,1027.968,1034.72,00:17:07.97,00:17:14.72,6.751999999999953,-0.2343669471380864,-39.68080135561385,-40.02282707646208,-19.18868047786209
SWELL,1029.76,1029.76,00:17:09.76,00:17:09.76,0.0,0.0,-37.87132263183594,-38.087066650390625,-21.735748291015625
SWELL,1034.88,1034.88,00:17:14.88,00:17:14.88,0.0,0.0,-37.95589828491211,-38.08321762084961,-24.497520446777344
SWELL,1039.936,1039.936,00:17:19.94,00:17:19.94,0.0,0.0,-43.81175994873047,-44.11045837402344,-15.544963836669922
IMPACT,1044.352,1044.352,00:17:24.35,00:17:24.35,0.0,10.454125186443628,-37.224002838134766,-38.472816467285156,-2.4370765686035156
SWELL,1044.992,1044.992,00:17:24.99,00:17:24.99,0.0,0.0,-36.614830017089844,-37.48396301269531,-16.52456283569336
SWELL,1050.016,1050.016,00:17:30.02,00:17:30.02,0.0,0.0,-32.905426025390625,-33.87516403198242,-23.022872924804688
SWELL,1055.168,1055.168,00:17:35.17,00:17:35.17,0.0,0.0,-29.655981063842773,-30.45507049560547,-27.553102493286133
SWELL,1060.192,1060.192,00:17:40.19,00:17:40.19,0.0,0.0,-33.73810577392578,-35.10944747924805,-24.880538940429688
SWELL,1065.184,1065.184,00:17:45.18,00:17:45.18,0.0,0.0,-47.329246520996094,-48.627777099609375,-11.176673889160156
SWELL,1070.208,1070.208,00:17:50.21,00:17:50.21,0.0,0.0,-47.063045501708984,-50.096778869628906,-20.18077850341797
IMPACT,1072.32,1072.32,00:17:52.32,00:17:52.32,0.0,15.371200714019386,-45.40920639038086,-50.607635498046875,11.848628997802734
IMPACT,1073.344,1073.344,00:17:53.34,00:17:53.34,0.0,13.220415320386094,-42.6412353515625,-49.35749816894531,12.956100463867188
HARSH,1074.112,1074.112,00:17:54.11,00:17:54.11,0.0,12.907132130300216,-41.8222770690918,-47.98826599121094,17.365528106689453
BARRAGE,1075.328,1079.808,00:17:55.33,00:17:59.81,4.480000000000018,1.3650705441566044,-44.79017033137328,-49.89399973551432,7.228436260358662
SWELL,1075.456,1075.456,00:17:55.46,00:17:55.46,0.0,0.0,-47.41029357910156,-51.59230041503906,8.949234008789062
IMPACT,1076.224,1076.224,00:17:56.22,00:17:56.22,0.0,11.702187339347745,-44.0245246887207,-51.18259048461914,14.096450805664062
IMPACT,1077.024,1077.024,00:17:57.02,00:17:57.02,0.0,9.471704794066033,-42.09968185424805,-53.90729904174805,14.667495727539062
IMPACT,1078.144,1078.144,00:17:58.14,00:17:58.14,0.0,9.53871367332485,-41.543113708496094,-46.95867156982422,9.354629516601562
IMPACT,1079.36,1079.36,00:17:59.36,00:17:59.36,0.0,10.114012487928994,-43.90522003173828,-51.890602111816406,11.696823120117188
SWELL,1080.416,1080.416,00:18:00.42,00:18:00.42,0.0,0.0,-46.96955108642578,-50.41912841796875,-16.320964813232422
HARSH,1083.712,1083.712,00:18:03.71,00:18:03.71,0.0,12.992000096817973,-45.23199462890625,-51.91501998901367,7.908039093017578
SWELL,1085.568,1085.568,00:18:05.57,00:18:05.57,0.0,0.0,-35.359004974365234,-38.95983123779297,9.201545715332031
IMPACT,1085.632,1085.632,00:18:05.63,00:18:05.63,0.0,9.63263672540166,-34.35374450683594,-37.37977600097656,8.114025115966797
RECOVERY,1086.4,1106.56,00:18:06.40,00:18:26.56,20.159999999999854,-0.19684286575165172,-40.19365018067761,-41.025891396209666,-22.395820599539345
SWELL,1090.656,1090.656,00:18:10.66,00:18:10.66,0.0,0.0,-41.590152740478516,-42.663352966308594,-22.461814880371094
SWELL,1095.648,1095.648,00:18:15.65,00:18:15.65,0.0,0.0,-42.70981216430664,-43.34255599975586,-24.155223846435547
SWELL,1100.864,1100.864,00:18:20.86,00:18:20.86,0.0,0.0,-42.72941207885742,-43.72010803222656,-18.572437286376953
SWELL,1106.24,1106.24,00:18:26.24,00:18:26.24,0.0,0.0,-42.690574645996094,-43.173500061035156,-16.985321044921875
IMPACT,1108.512,1108.512,00:18:28.51,00:18:28.51,0.0,8.70565198167887,-39.85557174682617,-41.77958679199219,7.298515319824219
SWELL,1111.328,1111.328,00:18:31.33,00:18:31.33,0.0,0.0,-40.576881408691406,-41.001739501953125,-21.10956573486328
RECOVERY,1112.704,1118.976,00:18:32.70,00:18:38.98,6.272000000000162,-0.2261789014648776,-42.24557549336235,-42.792618824140675,-16.615654127246838
SWELL,1116.352,1116.352,00:18:36.35,00:18:36.35,0.0,0.0,-41.49288558959961,-41.91497802734375,-11.61566162109375
SWELL,1121.408,1121.408,00:18:41.41,00:18:41.41,0.0,0.0,-41.64862060546875,-43.2041015625,-19.341217041015625
SWELL,1126.432,1126.432,00:18:46.43,00:18:46.43,0.0,0.0,-37.08906173706055,-37.812744140625,-23.223751068115234
HARSH,1127.52,1127.52,00:18:47.52,00:18:47.52,0.0,12.656914046388117,-34.25684356689453,-37.6008415222168,9.868171691894531
SWELL,1131.808,1131.808,00:18:51.81,00:18:51.81,0.0,0.0,-27.261165618896484,-27.74657440185547,-21.7874755859375
SWELL,1136.8,1136.8,00:18:56.80,00:18:56.80,0.0,0.0,-29.862548828125,-30.244945526123047,-24.22992515563965
SWELL,1141.856,1141.856,00:19:01.86,00:19:01.86,0.0,0.0,-36.21892166137695,-40.255924224853516,-20.71084213256836
SWELL,1147.04,1147.04,00:19:07.04,00:19:07.04,0.0,0.0,-31.893766403198242,-36.28190612792969,-7.446979522705078
SWELL,1152.032,1152.032,00:19:12.03,00:19:12.03,0.0,0.0,-32.030174255371094,-33.212589263916016,12.974649429321289
SWELL,1157.056,1157.056,00:19:17.06,00:19:17.06,0.0,0.0,-21.773252487182617,-22.159442901611328,14.783946990966797
SWELL,1162.112,1162.112,00:19:22.11,00:19:22.11,0.0,0.0,-29.83991813659668,-30.65725326538086,-16.771102905273438
IMPACT,1164.672,1164.672,00:19:24.67,00:19:24.67,0.0,8.599288359841498,-32.62120819091797,-34.14698028564453,1.6287460327148438
IMPACT,1167.104,1167.104,00:19:27.10,00:19:27.10,0.0,8.200825802271027,-32.50336456298828,-33.37841796875,-1.9171676635742188
SWELL,1167.136,1167.136,00:19:27.14,00:19:27.14,0.0,0.0,-34.42400360107422,-35.1837272644043,-12.179256439208984
SWELL,1172.128,1172.128,00:19:32.13,00:19:32.13,0.0,0.0,-34.108360290527344,-34.29762268066406,-11.569725036621094
IMPACT,1174.432,1174.432,00:19:34.43,00:19:34.43,0.0,8.481248797147087,-40.109981536865234,-41.61827087402344,3.0018081665039062
SWELL,1177.312,1177.312,00:19:37.31,00:19:37.31,0.0,0.0,-42.431434631347656,-42.773193359375,-10.368988037109375
SWELL,1182.336,1182.336,00:19:42.34,00:19:42.34,0.0,0.0,-43.75621032714844,-44.031986236572266,-18.006027221679688
SWELL,1187.456,1187.456,00:19:47.46,00:19:47.46,0.0,0.0,-44.778533935546875,-44.87592697143555,-11.517986297607422
RECOVERY,1192.096,1200.928,00:19:52.10,00:20:00.93,8.832000000000107,-0.22095145278420622,-40.224876925242036,-41.52535928410592,-18.158908809689308
SWELL,1192.576,1192.576,00:19:52.58,00:19:52.58,0.0,0.0,-35.01367950439453,-36.59894943237305,-23.248546600341797
SWELL,1197.6,1197.6,00:19:57.60,00:19:57.60,0.0,0.0,-47.52008056640625,-47.887516021728516,-12.87936782836914
SWELL,1202.624,1202.624,00:20:02.62,00:20:02.62,0.0,0.0,-41.037498474121094,-42.416805267333984,-12.731006622314453
SWELL,1207.744,1207.744,00:20:07.74,00:20:07.74,0.0,0.0,-37.38899612426758,-39.217002868652344,-22.317054748535156
SWELL,1212.8,1212.8,00:20:12.80,00:20:12.80,0.0,0.0,-36.70530700683594,-38.63057327270508,-8.040882110595703
HIGH_LOAD,1212.96,1217.696,00:20:12.96,00:20:17.70,4.735999999999876,0.5587174385005605,-31.802666056076152,-38.43690909315276,2.832355345655608
IMPACT,1213.184,1213.184,00:20:13.18,00:20:13.18,0.0,13.109979319222946,-25.811378479003906,-28.428451538085938,15.514001846313477
SWELL,1217.888,1217.888,00:20:17.89,00:20:17.89,0.0,0.0,-21.630481719970703,-22.106372833251953,-4.16193962097168
SWELL,1223.04,1223.04,00:20:23.04,00:20:23.04,0.0,0.0,-31.85091781616211,-39.61846923828125,-20.889404296875
IMPACT,1226.912,1226.912,00:20:26.91,00:20:26.91,0.0,9.208273734873277,-21.9650821685791,-24.718414306640625,6.774423599243164
SWELL,1228.448,1228.448,00:20:28.45,00:20:28.45,0.0,0.0,-38.1492805480957,-40.243865966796875,2.355396270751953
IMPACT,1229.76,1229.76,00:20:29.76,00:20:29.76,0.0,8.259081513044995,-20.404048919677734,-22.970226287841797,1.5014457702636719
SWELL,1233.44,1233.44,00:20:33.44,00:20:33.44,0.0,0.0,-33.20199203491211,-39.785377502441406,1.6030769348144531
SWELL,1238.432,1238.432,00:20:38.43,00:20:38.43,0.0,0.0,-34.96110534667969,-35.151065826416016,-20.574138641357422
SWELL,1243.648,1243.648,00:20:43.65,00:20:43.65,0.0,0.0,-39.40923309326172,-39.51190948486328,1.1271438598632812
HIGH_LOAD,1243.68,1247.776,00:20:43.68,00:20:47.78,4.096000000000004,0.5546232823668426,-33.66771312092626,-35.620094402815944,10.416715459306111
IMPACT,1245.568,1245.568,00:20:45.57,00:20:45.57,0.0,19.753982773480022,-31.252527236938477,-33.55037307739258,13.425497055053711
DRUM_RUN,1245.6,1245.6,00:20:45.60,00:20:45.60,0.0,2.036197378063886,-31.864585876464844,-33.85140609741211,12.13486099243164
SWELL,1248.864,1248.864,00:20:48.86,00:20:48.86,0.0,0.0,-29.093656539916992,-31.432514190673828,13.859109878540039
SWELL,1253.952,1253.952,00:20:53.95,00:20:53.95,0.0,0.0,-29.370891571044922,-29.633014678955078,-8.893457412719727
SWELL,1258.976,1258.976,00:20:58.98,00:20:58.98,0.0,0.0,-29.006996154785156,-29.221803665161133,-13.92437744140625
IMPACT,1261.088,1261.088,00:21:01.09,00:21:01.09,0.0,9.27954754918302,-26.31378173828125,-26.535037994384766,-6.972372055053711
SWELL,1264.032,1264.032,00:21:04.03,00:21:04.03,0.0,0.0,-29.92578887939453,-30.198305130004883,-21.58576011657715
SWELL,1269.088,1269.088,00:21:09.09,00:21:09.09,0.0,0.0,-31.70919418334961,-31.96153450012207,-21.290569305419922
SWELL,1274.08,1274.08,00:21:14.08,00:21:14.08,0.0,0.0,-40.0675163269043,-48.98961639404297,-5.935314178466797
IMPACT,1275.584,1275.584,00:21:15.58,00:21:15.58,0.0,8.591613152594366,-34.451194763183594,-44.83584976196289,5.501605987548828
HARSH,1277.408,1277.408,00:21:17.41,00:21:17.41,0.0,13.228773459839243,-36.38776397705078,-49.32504653930664,18.112899780273438
IMPACT,1277.408,1277.408,00:21:17.41,00:21:17.41,0.0,10.176940031989153,-36.38776397705078,-49.32504653930664,18.112899780273438
SWELL,1279.072,1279.072,00:21:19.07,00:21:19.07,0.0,0.0,-47.70054244995117,-52.614131927490234,-0.26938629150390625
BARRAGE,1282.304,1291.008,00:21:22.30,00:21:31.01,8.70399999999995,1.8497785286968496,-40.462570344135436,-46.193489270332535,14.130583787575747
HARSH,1282.624,1282.624,00:21:22.62,00:21:22.62,0.0,13.542547232440597,-47.411808013916016,-54.184993743896484,15.611431121826172
HIGH_LOAD,1282.688,1291.136,00:21:22.69,00:21:31.14,8.447999999999865,0.6385612906063503,-40.36049526862379,-46.12728946613816,13.682465456116875
SWELL,1284.224,1284.224,00:21:24.22,00:21:24.22,0.0,0.0,-36.131919860839844,-48.938232421875,26.435028076171875
IMPACT,1284.288,1284.288,00:21:24.29,00:21:24.29,0.0,12.652313186623838,-32.596839904785156,-44.72309112548828,30.124719619750977
IMPACT,1285.152,1285.152,00:21:25.15,00:21:25.15,0.0,11.893731351130858,-35.4133415222168,-48.470497131347656,24.480575561523438
DRUM_RUN,1285.952,1285.952,00:21:25.95,00:21:25.95,0.0,2.8408267935803404,-36.24125671386719,-44.91482162475586,17.89052391052246
IMPACT,1286.304,1286.304,00:21:26.30,00:21:26.30,0.0,10.830459242733244,-34.35309600830078,-45.63777542114258,24.016448974609375
IMPACT,1288.48,1288.48,00:21:28.48,00:21:28.48,0.0,13.288683296772543,-35.12605667114258,-45.773963928222656,20.785232543945312
SWELL,1289.248,1289.248,00:21:29.25,00:21:29.25,0.0,0.0,-44.1505241394043,-46.93525314331055,10.565498352050781
IMPACT,1290.016,1290.016,00:21:30.02,00:21:30.02,0.0,9.15752519526022,-34.07271194458008,-44.65100860595703,22.00990104675293
HARSH,1290.72,1290.72,00:21:30.72,00:21:30.72,0.0,14.751606031441304,-44.32829284667969,-48.69227600097656,12.387771606445312
IMPACT,1291.936,1291.936,00:21:31.94,00:21:31.94,0.0,13.187153831854442,-41.776336669921875,-47.36742401123047,14.174633026123047
IMPACT,1294.336,1294.336,00:21:34.34,00:21:34.34,0.0,12.116457904065786,-35.30756378173828,-38.37120819091797,14.186285018920898
SWELL,1294.624,1294.624,00:21:34.62,00:21:34.62,0.0,0.0,-42.005287170410156,-42.6570930480957,-6.3983154296875
IMPACT,1296.64,1296.64,00:21:36.64,00:21:36.64,0.0,9.710234136074119,-35.49899673461914,-37.54002380371094,11.360368728637695
IMPACT,1299.136,1299.136,00:21:39.14,00:21:39.14,0.0,17.580529065747225,-36.02429962158203,-42.09495162963867,13.735034942626953
HARSH,1299.168,1299.168,00:21:39.17,00:21:39.17,0.0,28.23195781364066,-36.797916412353516,-41.28404998779297,11.219293594360352
SWELL,1299.68,1299.68,00:21:39.68,00:21:39.68,0.0,0.0,-38.498958587646484,-40.01476287841797,6.073314666748047
SWELL,1304.672,1304.672,00:21:44.67,00:21:44.67,0.0,0.0,-43.95111083984375,-44.41143035888672,-5.479709625244141
IMPACT,1304.8,1304.8,00:21:44.80,00:21:44.80,0.0,9.604919401188411,-39.072696685791016,-44.92204284667969,15.378862380981445
IMPACT,1306.72,1306.72,00:21:46.72,00:21:46.72,0.0,8.542952229132167,-45.244422912597656,-47.956871032714844,7.427558898925781
HARSH,1308.896,1308.896,00:21:48.90,00:21:48.90,0.0,17.547200690566015,-36.801143646240234,-43.10065460205078,16.97665786743164
IMPACT,1308.9279999999999,1308.9279999999999,00:21:48.93,00:21:48.93,0.0,17.9861450364557,-36.6936149597168,-42.83647155761719,16.56998634338379
SWELL,1309.696,1309.696,00:21:49.70,00:21:49.70,0.0,0.0,-45.01675033569336,-45.507301330566406,-7.4971923828125
IMPACT,1310.144,1310.144,00:21:50.14,00:21:50.14,0.0,9.480213719484,-40.15773010253906,-43.48895263671875,9.427513122558594
RECOVERY,1311.168,1320.032,00:21:51.17,00:22:00.03,8.864000000000033,-0.21178721318981703,-45.437198146697014,-45.92153785732912,-6.058546866140058
SWELL,1314.88,1314.88,00:21:54.88,00:21:54.88,0.0,0.0,-45.92732238769531,-46.27027130126953,-4.904808044433594
SWELL,1319.904,1319.904,00:21:59.90,00:21:59.90,0.0,0.0,-40.421138763427734,-40.652320861816406,-7.066814422607422
SWELL,1324.928,1324.928,00:22:04.93,00:22:04.93,0.0,0.0,-47.36089324951172,-47.814414978027344,-0.4551048278808594
SWELL,1330.016,1330.016,00:22:10.02,00:22:10.02,0.0,0.0,-43.48117446899414,-43.87136459350586,-5.279750823974609
IMPACT,1332.064,1332.064,00:22:12.06,00:22:12.06,0.0,10.074211012903291,-40.597442626953125,-43.652000427246094,8.9755859375
SWELL,1335.104,1335.104,00:22:15.10,00:22:15.10,0.0,0.0,-35.23405456542969,-35.396976470947266,-11.001190185546875
SWELL,1340.224,1340.224,00:22:20.22,00:22:20.22,0.0,0.0,-29.992355346679688,-30.61661148071289,-15.330347061157227
IMPACT,1340.928,1340.928,00:22:20.93,00:22:20.93,0.0,12.492144517846127,-28.871387481689453,-29.923019409179688,2.010953903198242
SWELL,1345.312,1345.312,00:22:25.31,00:22:25.31,0.0,0.0,-34.40735626220703,-35.31536865234375,-13.108652114868164
SWELL,1350.304,1350.304,00:22:30.30,00:22:30.30,0.0,0.0,-32.72389221191406,-34.145999908447266,-11.76617431640625
SWELL,1355.328,1355.328,00:22:35.33,00:22:35.33,0.0,0.0,-39.76063537597656,-40.84512710571289,-0.4663581848144531
RECOVERY,1355.424,1373.376,00:22:35.42,00:22:53.38,17.951999999999998,-0.18631818046859688,-49.27610571783208,-50.807479512224845,-1.974732877520904
IMPACT,1358.88,1358.88,00:22:38.88,00:22:38.88,0.0,10.193775956071072,-43.857879638671875,-45.91377639770508,3.8116111755371094
SWELL,1360.32,1360.32,00:22:40.32,00:22:40.32,0.0,0.0,-43.031005859375,-44.1981315612793,3.003082275390625
SWELL,1365.312,1365.312,00:22:45.31,00:22:45.31,0.0,0.0,-55.88831329345703,-58.04029083251953,-7.5281524658203125
SWELL,1370.368,1370.368,00:22:50.37,00:22:50.37,0.0,0.0,-53.16869354248047,-53.919532775878906,-6.023468017578125
SWELL,1375.52,1375.52,00:22:55.52,00:22:55.52,0.0,0.0,-48.2612419128418,-48.461029052734375,-11.082427978515625
IMPACT,1378.88,1378.88,00:22:58.88,00:22:58.88,0.0,12.430065535535373,-40.85804748535156,-53.045310974121094,21.391265869140625
SWELL,1380.512,1380.512,00:23:00.51,00:23:00.51,0.0,0.0,-57.54608917236328,-58.28577423095703,1.9327888488769531
IMPACT,1383.008,1383.008,00:23:03.01,00:23:03.01,0.0,14.300505482759718,-45.48727035522461,-52.44841003417969,19.941852569580078
SWELL,1385.536,1385.536,00:23:05.54,00:23:05.54,0.0,0.0,-56.03679656982422,-56.69921112060547,-2.191974639892578
IMPACT,1386.048,1386.048,00:23:06.05,00:23:06.05,0.0,9.074020085105229,-52.10092544555664,-56.196739196777344,14.36019515991211
IMPACT,1388.96,1388.96,00:23:08.96,00:23:08.96,0.0,8.766429586718367,-47.35354995727539,-55.502784729003906,21.379608154296875
IMPACT,1390.4,1390.4,00:23:10.40,00:23:10.40,0.0,8.190813369809998,-40.21772766113281,-54.06333923339844,27.311325073242188
SWELL,1390.56,1390.56,00:23:10.56,00:23:10.56,0.0,0.0,-49.71691131591797,-53.40715789794922,16.385208129882812
SWELL,1395.68,1395.68,00:23:15.68,00:23:15.68,0.0,0.0,-53.16221237182617,-54.811370849609375,-3.8830642700195312
IMPACT,1398.08,1398.08,00:23:18.08,00:23:18.08,0.0,8.863372552184115,-50.703460693359375,-54.95039367675781,16.314533233642578
SWELL,1400.768,1400.768,00:23:20.77,00:23:20.77,0.0,0.0,-54.613807678222656,-55.077598571777344,-7.732120513916016
HIGH_LOAD,1401.568,1407.712,00:23:21.57,00:23:27.71,6.1440000000000055,0.567927506683195,-47.41683807768352,-52.19600266372601,13.4120442780806
IMPACT,1401.6,1401.6,00:23:21.60,00:23:21.60,0.0,8.797014185122741,-42.830535888671875,-49.107635498046875,17.52386474609375
BARRAGE,1402.176,1407.136,00:23:22.18,00:23:27.14,4.960000000000036,1.3975082154604435,-47.201905592893944,-52.35835014245449,14.541458863478441
IMPACT,1402.944,1402.944,00:23:22.94,00:23:22.94,0.0,12.972718617880844,-42.24986267089844,-50.244712829589844,20.134441375732422
DRUM_RUN,1404.224,1404.224,00:23:24.22,00:23:24.22,0.0,3.2912302999487015,-54.08840560913086,-54.160911560058594,-2.1809921264648438
IMPACT,1404.64,1404.64,00:23:24.64,00:23:24.64,0.0,13.438721176468876,-39.66962432861328,-51.73662185668945,25.055850982666016
IMPACT,1405.504,1405.504,00:23:25.50,00:23:25.50,0.0,8.292698253423586,-42.66450881958008,-52.50911331176758,21.857437133789062
SWELL,1405.792,1405.792,00:23:25.79,00:23:25.79,0.0,0.0,-45.683998107910156,-55.466575622558594,22.02417755126953
SWELL,1410.944,1410.944,00:23:30.94,00:23:30.94,0.0,0.0,-52.98225784301758,-55.12749099731445,-4.2900848388671875
IMPACT,1415.232,1415.232,00:23:35.23,00:23:35.23,0.0,11.280794392167254,-47.5936279296875,-53.09116744995117,16.897491455078125
HARSH,1415.712,1415.712,00:23:35.71,00:23:35.71,0.0,20.00229421481794,-53.99694061279297,-58.051666259765625,14.781684875488281
SWELL,1416.128,1416.128,00:23:36.13,00:23:36.13,0.0,0.0,-52.710289001464844,-56.482261657714844,14.406929016113281
IMPACT,1420.16,1420.16,00:23:40.16,00:23:40.16,0.0,8.718942361731889,-44.0312385559082,-50.25170135498047,19.7689208984375
SWELL,1421.504,1421.504,00:23:41.50,00:23:41.50,0.0,0.0,-58.34619140625,-59.074615478515625,-4.466602325439453
IMPACT,1423.36,1423.36,00:23:43.36,00:23:43.36,0.0,10.568932507969238,-52.8038330078125,-57.30677795410156,10.383296966552734
SWELL,1426.496,1426.496,00:23:46.50,00:23:46.50,0.0,0.0,-52.7086296081543,-53.191253662109375,-9.393524169921875
IMPACT,1428.8,1428.8,00:23:48.80,00:23:48.80,0.0,10.362067327285553,-42.531944274902344,-47.64338684082031,18.00472640991211
RECOVERY,1430.304,1451.328,00:23:50.30,00:24:11.33,21.023999999999887,-0.17356330275028176,-48.88577088745303,-49.651856186538254,-12.602124076692757
SWELL,1431.552,1431.552,00:23:51.55,00:23:51.55,0.0,0.0,-52.11247253417969,-52.93402862548828,-5.3239288330078125
SWELL,1436.576,1436.576,00:23:56.58,00:23:56.58,0.0,0.0,-51.398292541503906,-51.868263244628906,-7.006725311279297
SWELL,1441.6,1441.6,00:24:01.60,00:24:01.60,0.0,0.0,-51.37601852416992,-52.326820373535156,-13.443077087402344
IMPACT,1444.64,1444.64,00:24:04.64,00:24:04.64,0.0,8.260498527817566,-46.22108840942383,-47.155128479003906,0.7045745849609375
SWELL,1446.688,1446.688,00:24:06.69,00:24:06.69,0.0,0.0,-53.068634033203125,-54.20408630371094,-12.921882629394531
SWELL,1451.68,1451.68,00:24:11.68,00:24:11.68,0.0,0.0,-43.720645904541016,-44.242218017578125,-16.981369018554688
IMPACT,1451.808,1451.808,00:24:11.81,00:24:11.81,0.0,10.922267781717714,-41.44432830810547,-43.59956359863281,7.034812927246094
RECOVERY,1455.616,1471.008,00:24:15.62,00:24:31.01,15.392000000000053,-0.1726148355651376,-44.51946378050998,-46.550805095815065,-20.447690568029632
SWELL,1456.768,1456.768,00:24:16.77,00:24:16.77,0.0,0.0,-45.515899658203125,-47.430274963378906,-14.707286834716797
SWELL,1461.92,1461.92,00:24:21.92,00:24:21.92,0.0,0.0,-43.641563415527344,-44.741600036621094,-20.97412109375
SWELL,1467.008,1467.008,00:24:27.01,00:24:27.01,0.0,0.0,-42.485511779785156,-43.733795166015625,-24.90019989013672
SWELL,1472.032,1472.032,00:24:32.03,00:24:32.03,0.0,0.0,-46.94628143310547,-47.23044967651367,-12.91849136352539
HARSH,1473.44,1473.44,00:24:33.44,00:24:33.44,0.0,24.493716330407533,-50.484161376953125,-55.983638763427734,12.4892578125
IMPACT,1473.44,1473.44,00:24:33.44,00:24:33.44,0.0,8.805635431803903,-50.484161376953125,-55.983638763427734,12.4892578125
IMPACT,1476.0,1476.0,00:24:36.00,00:24:36.00,0.0,17.051658389096918,-48.95721435546875,-58.19477462768555,20.63418960571289
SWELL,1477.312,1477.312,00:24:37.31,00:24:37.31,0.0,0.0,-53.44131088256836,-54.662933349609375,5.900646209716797
HARSH,1477.6,1477.6,00:24:37.60,00:24:37.60,0.0,13.550682184432178,-50.83341598510742,-54.67885971069336,8.624526977539062
IMPACT,1480.384,1480.384,00:24:40.38,00:24:40.38,0.0,10.400281307943246,-67.22321319580078,-74.56676483154297,10.454994201660156
SWELL,1482.368,1482.368,00:24:42.37,00:24:42.37,0.0,0.0,-68.39144897460938,-70.95613098144531,13.495330810546875
HARSH,1482.656,1482.656,00:24:42.66,00:24:42.66,0.0,18.633780832067323,-60.84140396118164,-72.4945297241211,25.456695556640625
IMPACT,1482.72,1482.72,00:24:42.72,00:24:42.72,0.0,16.75907285563128,-58.456668853759766,-72.39289093017578,27.220436096191406
IMPACT,1484.32,1484.32,00:24:44.32,00:24:44.32,0.0,11.886016595283298,-47.51102066040039,-53.18096923828125,35.56630325317383
HARSH,1485.792,1485.792,00:24:45.79,00:24:45.79,0.0,17.664427169486174,-62.39103317260742,-73.98102569580078,13.266082763671875
IMPACT,1485.824,1485.824,00:24:45.82,00:24:45.82,0.0,14.72023887770494,-62.40489959716797,-73.97164916992188,13.034194946289062
IMPACT,1486.816,1486.816,00:24:46.82,00:24:46.82,0.0,14.214518943447436,-50.8478889465332,-58.02574157714844,24.424373626708984
SWELL,1487.392,1487.392,00:24:47.39,00:24:47.39,0.0,0.0,-56.284019470214844,-57.5528564453125,21.431640625
IMPACT,1487.904,1487.904,00:24:47.90,00:24:47.90,0.0,8.679013805092577,-51.26232147216797,-57.354591369628906,28.491737365722656
RECOVERY,1489.856,1502.208,00:24:49.86,00:25:02.21,12.35200000000009,-0.21728338342756218,-42.170536763889274,-43.09729117462315,-10.02377362595391
SWELL,1492.416,1492.416,00:24:52.42,00:24:52.42,0.0,0.0,-54.52660369873047,-54.76327896118164,-22.70372772216797
SWELL,1497.76,1497.76,00:24:57.76,00:24:57.76,0.0,0.0,-36.64716720581055,-37.23955154418945,-12.079486846923828
SWELL,1502.784,1502.784,00:25:02.78,00:25:02.78,0.0,0.0,-53.70454788208008,-58.221248626708984,-0.4001426696777344
IMPACT,1504.032,1504.032,00:25:04.03,00:25:04.03,0.0,8.216021317367137,-42.105262756347656,-57.248451232910156,25.589332580566406
SWELL,1507.776,1507.776,00:25:07.78,00:25:07.78,0.0,0.0,-56.97808074951172,-60.20807647705078,-6.9087371826171875
IMPACT,1509.728,1509.728,00:25:09.73,00:25:09.73,0.0,11.665271045769003,-50.229286193847656,-57.97811508178711,15.39712142944336
HARSH,1509.76,1509.76,00:25:09.76,00:25:09.76,0.0,20.19585611675735,-49.73114013671875,-58.70085144042969,17.00052261352539
SWELL,1512.992,1512.992,00:25:12.99,00:25:12.99,0.0,0.0,-56.23111343383789,-56.99549102783203,-0.09191131591796875
HARSH,1515.68,1515.68,00:25:15.68,00:25:15.68,0.0,20.692760060127373,-43.46040344238281,-51.62864685058594,26.191741943359375
IMPACT,1515.68,1515.68,00:25:15.68,00:25:15.68,0.0,12.820101655502276,-43.46040344238281,-51.62864685058594,26.191741943359375
SWELL,1517.984,1517.984,00:25:17.98,00:25:17.98,0.0,0.0,-50.81595993041992,-55.04146957397461,18.867938995361328
IMPACT,1518.24,1518.24,00:25:18.24,00:25:18.24,0.0,10.27804069896237,-42.87664794921875,-56.2172737121582,29.27480697631836
IMPACT,1521.024,1521.024,00:25:21.02,00:25:21.02,0.0,13.676125465604139,-52.62767791748047,-65.62889862060547,30.02826690673828
HARSH,1521.504,1521.504,00:25:21.50,00:25:21.50,0.0,35.59061738676603,-54.14582061767578,-67.4861831665039,28.018756866455078
IMPACT,1522.336,1522.336,00:25:22.34,00:25:22.34,0.0,16.490832908328148,-54.36857604980469,-62.218963623046875,26.53929901123047
SWELL,1523.168,1523.168,00:25:23.17,00:25:23.17,0.0,0.0,-69.35989379882812,-72.4715805053711,3.0126724243164062
HARSH,1525.44,1525.44,00:25:25.44,00:25:25.44,0.0,27.819989754482922,-61.351295471191406,-65.96713256835938,19.650394439697266
IMPACT,1525.984,1525.984,00:25:25.98,00:25:25.98,0.0,17.99235448371925,-53.28685760498047,-65.91986846923828,28.494525909423828
IMPACT,1527.52,1527.52,00:25:27.52,00:25:27.52,0.0,8.307171625479675,-46.35311508178711,-65.47482299804688,36.62550735473633
SWELL,1528.224,1528.224,00:25:28.22,00:25:28.22,0.0,0.0,-47.71372985839844,-54.18052291870117,26.102691650390625
RECOVERY,1530.848,1539.0720000000001,00:25:30.85,00:25:39.07,8.22400000000016,-0.17292594799126743,-68.3906622746194,-71.22179806140042,11.227245256882306
SWELL,1533.248,1533.248,00:25:33.25,00:25:33.25,0.0,0.0,-70.94175720214844,-77.7645263671875,11.88583755493164
HARSH,1533.44,1533.44,00:25:33.44,00:25:33.44,0.0,19.973954761232605,-60.671112060546875,-74.2204360961914,23.400386810302734
IMPACT,1533.44,1533.44,00:25:33.44,00:25:33.44,0.0,10.920549123498306,-60.671112060546875,-74.2204360961914,23.400386810302734
SWELL,1539.2,1539.2,00:25:39.20,00:25:39.20,0.0,0.0,-72.9842758178711,-74.0212173461914,17.159576416015625
IMPACT,1539.904,1539.904,00:25:39.90,00:25:39.90,0.0,17.70525880303525,-40.964134216308594,-47.43888473510742,48.72540855407715
IMPACT,1541.6,1541.6,00:25:41.60,00:25:41.60,0.0,14.283620998825157,-36.2814826965332,-38.885189056396484,43.452674865722656
HARSH,1541.792,1541.792,00:25:41.79,00:25:41.79,0.0,26.2926258119085,-50.51113510131836,-57.954097747802734,27.538742065429688
IMPACT,1543.84,1543.84,00:25:43.84,00:25:43.84,0.0,8.189051117333486,-33.280826568603516,-37.75987243652344,29.135604858398438
SWELL,1544.288,1544.288,00:25:44.29,00:25:44.29,0.0,0.0,-41.35474395751953,-42.7641716003418,21.261404037475586
SWELL,1549.312,1549.312,00:25:49.31,00:25:49.31,0.0,0.0,-34.72154235839844,-35.9981575012207,-16.734683990478516
SWELL,1554.304,1554.304,00:25:54.30,00:25:54.30,0.0,0.0,-35.919898986816406,-39.491050720214844,13.38956069946289
HARSH,1554.784,1554.784,00:25:54.78,00:25:54.78,0.0,14.468983428215633,-36.374656677246094,-40.70090866088867,14.225074768066406
SWELL,1559.488,1559.488,00:25:59.49,00:25:59.49,0.0,0.0,-34.8061408996582,-35.62562942504883,1.6565284729003906
HARSH,1562.528,1562.528,00:26:02.53,00:26:02.53,0.0,18.56356415128253,-39.79423141479492,-46.29220962524414,17.160701751708984
IMPACT,1562.528,1562.528,00:26:02.53,00:26:02.53,0.0,10.183607835374008,-39.79423141479492,-46.29220962524414,17.160701751708984
SWELL,1564.576,1564.576,00:26:04.58,00:26:04.58,0.0,0.0,-38.9315185546875,-39.24753189086914,-13.162384033203125
IMPACT,1566.144,1566.144,00:26:06.14,00:26:06.14,0.0,8.221676643816576,-33.877986907958984,-41.753318786621094,19.675804138183594
IMPACT,1568.48,1568.48,00:26:08.48,00:26:08.48,0.0,8.502503414863089,-31.769977569580078,-36.029136657714844,29.489355087280273
SWELL,1569.6,1569.6,00:26:09.60,00:26:09.60,0.0,0.0,-45.937191009521484,-47.82658004760742,15.724311828613281
HARSH,1569.824,1569.824,00:26:09.82,00:26:09.82,0.0,19.770912259291645,-44.953521728515625,-52.25627136230469,16.597976684570312
IMPACT,1569.824,1569.824,00:26:09.82,00:26:09.82,0.0,8.498489349373669,-44.953521728515625,-52.25627136230469,16.597976684570312
IMPACT,1571.264,1571.264,00:26:11.26,00:26:11.26,0.0,15.480204574754806,-45.02119445800781,-47.317203521728516,7.421146392822266
IMPACT,1572.128,1572.128,00:26:12.13,00:26:12.13,0.0,10.741241408563615,-32.07538986206055,-42.47260284423828,23.5386962890625
SWELL,1574.816,1574.816,00:26:14.82,00:26:14.82,0.0,0.0,-26.50425148010254,-26.894805908203125,-12.439937591552734
SWELL,1579.872,1579.872,00:26:19.87,00:26:19.87,0.0,0.0,-28.992259979248047,-29.528606414794922,-3.505544662475586
IMPACT,1582.752,1582.752,00:26:22.75,00:26:22.75,0.0,9.420551967060753,-27.088964462280273,-28.56110382080078,10.376550674438477
SWELL,1584.864,1584.864,00:26:24.86,00:26:24.86,0.0,0.0,-24.743635177612305,-25.193923950195312,-10.972602844238281
SWELL,1589.92,1589.92,00:26:29.92,00:26:29.92,0.0,0.0,-29.263538360595703,-29.707664489746094,-4.647586822509766
SWELL,1595.04,1595.04,00:26:35.04,00:26:35.04,0.0,0.0,-30.397844314575195,-30.630216598510742,-5.835737228393555
IMPACT,1597.056,1597.056,00:26:37.06,00:26:37.06,0.0,19.24463924023497,-27.464900970458984,-28.925628662109375,-5.666511535644531
SWELL,1600.128,1600.128,00:26:40.13,00:26:40.13,0.0,0.0,-38.6197509765625,-38.97908020019531,0.14831161499023438
SWELL,1605.44,1605.44,00:26:45.44,00:26:45.44,0.0,0.0,-52.958274841308594,-53.526798248291016,4.156085968017578
IMPACT,1607.2,1607.2,00:26:47.20,00:26:47.20,0.0,9.639833615327442,-40.42536926269531,-47.835670471191406,23.52725601196289
HARSH,1607.36,1607.36,00:26:47.36,00:26:47.36,0.0,14.037734603200606,-45.31193161010742,-52.28063201904297,20.456275939941406
SWELL,1610.816,1610.816,00:26:50.82,00:26:50.82,0.0,0.0,-45.089073181152344,-51.946876525878906,14.73953628540039
SWELL,1616.0,1616.0,00:26:56.00,00:26:56.00,0.0,0.0,-56.41339111328125,-56.86430358886719,1.9906349182128906
HARSH,1616.736,1616.736,00:26:56.74,00:26:56.74,0.0,15.670841082253556,-49.85793685913086,-56.34464645385742,20.275543212890625
IMPACT,1616.736,1616.736,00:26:56.74,00:26:56.74,0.0,13.254205298734117,-49.85793685913086,-56.34464645385742,20.275543212890625
RECOVERY,1618.08,1623.584,00:26:58.08,00:27:03.58,5.504000000000133,-0.21919290542933284,-54.95154001520968,-56.64516764673694,5.134992774875685
SWELL,1621.312,1621.312,00:27:01.31,00:27:01.31,0.0,0.0,-59.59088897705078,-60.549644470214844,-0.47127532958984375
IMPACT,1625.472,1625.472,00:27:05.47,00:27:05.47,0.0,10.818819209348694,-43.185916900634766,-46.79680633544922,25.665924072265625
SWELL,1626.56,1626.56,00:27:06.56,00:27:06.56,0.0,0.0,-46.72182083129883,-53.18488693237305,23.695831298828125
SWELL,1631.552,1631.552,00:27:11.55,00:27:11.55,0.0,0.0,-45.051170349121094,-45.19740295410156,21.81118392944336
IMPACT,1635.072,1635.072,00:27:15.07,00:27:15.07,0.0,12.336988201002214,-49.12108612060547,-53.45116424560547,14.822223663330078
HARSH,1635.168,1635.168,00:27:15.17,00:27:15.17,0.0,18.738103838019203,-47.71458053588867,-53.59214782714844,18.000816345214844
IMPACT,1636.416,1636.416,00:27:16.42,00:27:16.42,0.0,8.519696969383398,-49.886573791503906,-53.35873031616211,12.27103042602539
SWELL,1636.576,1636.576,00:27:16.58,00:27:16.58,0.0,0.0,-48.954185485839844,-49.69291305541992,14.451484680175781
SWELL,1641.632,1641.632,00:27:21.63,00:27:21.63,0.0,0.0,-55.317474365234375,-55.64776611328125,0.38368988037109375
RECOVERY,1644.32,1649.44,00:27:24.32,00:27:29.44,5.120000000000118,-0.19069855054552204,-54.52901581947848,-54.934355812783565,6.132866000536806
SWELL,1646.656,1646.656,00:27:26.66,00:27:26.66,0.0,0.0,-56.16899871826172,-56.631160736083984,7.067562103271484
IMPACT,1651.456,1651.456,00:27:31.46,00:27:31.46,0.0,9.910297846645443,-57.466392517089844,-60.61069869995117,14.272659301757812
SWELL,1651.648,1651.648,00:27:31.65,00:27:31.65,0.0,0.0,-58.627525329589844,-59.209922790527344,7.575923919677734
IMPACT,1653.056,1653.056,00:27:33.06,00:27:33.06,0.0,9.426916298531188,-46.372230529785156,-54.74493408203125,25.4739990234375
IMPACT,1654.048,1654.048,00:27:34.05,00:27:34.05,0.0,11.826478763808808,-43.50273895263672,-54.375701904296875,29.34587860107422
IMPACT,1655.0720000000001,1655.0720000000001,00:27:35.07,00:27:35.07,0.0,9.876692788706322,-57.61956787109375,-59.8717041015625,13.05364990234375
SWELL,1656.8,1656.8,00:27:36.80,00:27:36.80,0.0,0.0,-59.095035552978516,-60.021053314208984,6.3426513671875
HARSH,1656.896,1656.896,00:27:36.90,00:27:36.90,0.0,22.59907588801914,-50.63785171508789,-59.08238983154297,21.86139678955078
IMPACT,1656.896,1656.896,00:27:36.90,00:27:36.90,0.0,15.517551647864039,-50.63785171508789,-59.08238983154297,21.86139678955078
IMPACT,1661.536,1661.536,00:27:41.54,00:27:41.54,0.0,12.556905756260498,-38.13551330566406,-46.84638977050781,36.28912925720215
HARSH,1661.92,1661.92,00:27:41.92,00:27:41.92,0.0,20.176627724873047,-55.1628532409668,-61.2696533203125,19.24764633178711
SWELL,1662.08,1662.08,00:27:42.08,00:27:42.08,0.0,0.0,-53.021385192871094,-62.08008575439453,22.567642211914062
IMPACT,1662.592,1662.592,00:27:42.59,00:27:42.59,0.0,11.944355904805512,-52.87405014038086,-60.34696960449219,19.507266998291016
IMPACT,1663.904,1663.904,00:27:43.90,00:27:43.90,0.0,10.18981104638067,-54.654579162597656,-60.18292999267578,19.03079605102539
HARSH,1665.6,1665.6,00:27:45.60,00:27:45.60,0.0,17.345705434024712,-55.009037017822266,-59.16386032104492,17.946029663085938
IMPACT,1665.6,1665.6,00:27:45.60,00:27:45.60,0.0,17.068118044599736,-55.009037017822266,-59.16386032104492,17.946029663085938
SWELL,1667.424,1667.424,00:27:47.42,00:27:47.42,0.0,0.0,-59.92778015136719,-60.609134674072266,3.51275634765625
IMPACT,1668.096,1668.096,00:27:48.10,00:27:48.10,0.0,9.872053318787449,-44.661476135253906,-47.45934295654297,27.33298110961914
IMPACT,1669.856,1669.856,00:27:49.86,00:27:49.86,0.0,9.485520458283409,-42.826900482177734,-51.17876434326172,24.81390380859375
SWELL,1672.672,1672.672,00:27:52.67,00:27:52.67,0.0,0.0,-55.87810516357422,-56.73154830932617,11.285789489746094
IMPACT,1676.0,1676.0,00:27:56.00,00:27:56.00,0.0,10.342052518831657,-42.78318405151367,-51.942832946777344,26.194889068603516
SWELL,1677.696,1677.696,00:27:57.70,00:27:57.70,0.0,0.0,-53.714324951171875,-54.78944778442383,13.527130126953125
RECOVERY,1678.528,1705.568,00:27:58.53,00:28:25.57,27.039999999999964,-0.19143328143793417,-48.369020356197424,-51.7993187842431,2.155817430444422
SWELL,1682.784,1682.784,00:28:02.78,00:28:02.78,0.0,0.0,-50.763877868652344,-51.764427185058594,-0.4023246765136719
SWELL,1687.808,1687.808,00:28:07.81,00:28:07.81,0.0,0.0,-45.23284912109375,-47.3062858581543,1.5038986206054688
SWELL,1692.896,1692.896,00:28:12.90,00:28:12.90,0.0,0.0,-41.89161682128906,-46.1014518737793,0.2046661376953125
SWELL,1697.888,1697.888,00:28:17.89,00:28:17.89,0.0,0.0,-45.82542419433594,-48.22901153564453,1.3994331359863281
SWELL,1702.88,1702.88,00:28:22.88,00:28:22.88,0.0,0.0,-52.63579559326172,-56.161495208740234,-4.010272979736328
IMPACT,1707.072,1707.072,00:28:27.07,00:28:27.07,0.0,15.95765832675989,-40.25649642944336,-51.609378814697266,35.15765190124512
SWELL,1707.872,1707.872,00:28:27.87,00:28:27.87,0.0,0.0,-64.25543975830078,-67.13945007324219,9.529678344726562
BARRAGE,1707.904,1711.008,00:28:27.90,00:28:31.01,3.104000000000042,1.1771687561746198,-48.66769922996054,-55.191694765674825,30.11036491394043
DRUM_RUN,1708.992,1708.992,00:28:28.99,00:28:28.99,0.0,2.8856820673812535,-42.332550048828125,-49.495182037353516,36.188520431518555
HARSH,1709.184,1709.184,00:28:29.18,00:28:29.18,0.0,30.645773067208577,-61.106571197509766,-67.99322509765625,18.477825164794922
IMPACT,1709.184,1709.184,00:28:29.18,00:28:29.18,0.0,10.60448443983816,-61.106571197509766,-67.99322509765625,18.477825164794922
HARSH,1712.384,1712.384,00:28:32.38,00:28:32.38,0.0,21.74760332270752,-61.86713409423828,-68.16744232177734,16.077926635742188
IMPACT,1712.416,1712.416,00:28:32.42,00:28:32.42,0.0,12.498288702973973,-61.8862190246582,-68.29534912109375,16.320030212402344
SWELL,1713.216,1713.216,00:28:33.22,00:28:33.22,0.0,0.0,-53.16617965698242,-57.77497863769531,30.258102416992188
IMPACT,1714.432,1714.432,00:28:34.43,00:28:34.43,0.0,12.98051536977901,-39.29169845581055,-54.70935821533203,42.19821548461914
IMPACT,1715.2,1715.2,00:28:35.20,00:28:35.20,0.0,9.929914393340294,-53.04008865356445,-56.79095458984375,31.243297576904297
HARSH,1715.36,1715.36,00:28:35.36,00:28:35.36,0.0,18.585382131878042,-53.886993408203125,-59.1236686706543,29.43276596069336
RECOVERY,1717.088,1723.84,00:28:37.09,00:28:43.84,6.751999999999953,-0.18092426111193835,-66.47522764385872,-69.07174671820874,10.936499577648235
SWELL,1718.208,1718.208,00:28:38.21,00:28:38.21,0.0,0.0,-67.59663391113281,-70.97102355957031,13.855514526367188
SWELL,1723.2,1723.2,00:28:43.20,00:28:43.20,0.0,0.0,-67.4528579711914,-70.48871612548828,9.544593811035156
IMPACT,1724.192,1724.192,00:28:44.19,00:28:44.19,0.0,8.916316958405812,-48.73615264892578,-56.48596954345703,29.6348876953125
HARSH,1724.48,1724.48,00:28:44.48,00:28:44.48,0.0,17.444401608225252,-58.44587326049805,-69.1949234008789,20.500320434570312
IMPACT,1727.936,1727.936,00:28:47.94,00:28:47.94,0.0,12.445697850657146,-63.72392654418945,-70.4075698852539,16.245086669921875
HARSH,1728.064,1728.064,00:28:48.06,00:28:48.06,0.0,22.061442381478418,-64.91057586669922,-69.26935577392578,13.656684875488281
SWELL,1728.224,1728.224,00:28:48.22,00:28:48.22,0.0,0.0,-64.1373291015625,-66.22358703613281,5.9659271240234375
IMPACT,1729.472,1729.472,00:28:49.47,00:28:49.47,0.0,22.764639588471017,-42.027984619140625,-48.062477111816406,29.817039489746094
IMPACT,1732.192,1732.192,00:28:52.19,00:28:52.19,0.0,17.31010646714106,-35.933746337890625,-40.035400390625,33.62704277038574
RECOVERY,1732.896,1748.064,00:28:52.90,00:29:08.06,15.16800000000012,-0.19958645509683404,-51.55330550570448,-54.01861346268854,0.3096965341007008
SWELL,1733.44,1733.44,00:28:53.44,00:28:53.44,0.0,0.0,-60.69778823852539,-62.43907928466797,3.496143341064453
SWELL,1738.464,1738.464,00:28:58.46,00:28:58.46,0.0,0.0,-55.75162887573242,-57.71577835083008,0.3512725830078125
SWELL,1743.68,1743.68,00:29:03.68,00:29:03.68,0.0,0.0,-45.41947937011719,-48.357330322265625,-2.8868141174316406
SWELL,1748.864,1748.864,00:29:08.86,00:29:08.86,0.0,0.0,-36.50840759277344,-41.981807708740234,4.799156188964844
RECOVERY,1750.848,1757.6,00:29:10.85,00:29:17.60,6.751999999999953,-0.22184720361650453,-42.54958928306148,-45.731393850074625,0.25550077546317623
SWELL,1754.208,1754.208,00:29:14.21,00:29:14.21,0.0,0.0,-43.68773651123047,-45.16014099121094,-1.0485801696777344
HARSH,1758.752,1758.752,00:29:18.75,00:29:18.75,0.0,14.939758195598886,-47.12162780761719,-52.73904800415039,5.0941162109375
HIGH_LOAD,1759.008,1765.888,00:29:19.01,00:29:25.89,6.879999999999882,0.5884698830702971,-49.05023451204653,-55.64198395057961,20.01509635536759
SWELL,1759.328,1759.328,00:29:19.33,00:29:19.33,0.0,0.0,-49.01224136352539,-50.81009292602539,-2.9753684997558594
BARRAGE,1759.616,1766.336,00:29:19.62,00:29:26.34,6.720000000000027,1.6678956949032566,-49.62288412663609,-56.40112013613443,21.803834842844598
IMPACT,1759.84,1759.84,00:29:19.84,00:29:19.84,0.0,11.753917485906799,-42.12227249145508,-47.84739685058594,14.246612548828125
IMPACT,1760.736,1760.736,00:29:20.74,00:29:20.74,0.0,27.881896026034223,-38.571815490722656,-46.53704071044922,27.30638885498047
IMPACT,1762.176,1762.176,00:29:22.18,00:29:22.18,0.0,11.65022012949326,-59.53752517700195,-62.87986755371094,13.286453247070312
DRUM_RUN,1762.72,1762.72,00:29:22.72,00:29:22.72,0.0,3.1197648281714594,-38.41161346435547,-49.798484802246094,38.1170654296875
IMPACT,1763.232,1763.232,00:29:23.23,00:29:23.23,0.0,8.195920157061911,-49.51149368286133,-66.21235656738281,26.371170043945312
SWELL,1764.416,1764.416,00:29:24.42,00:29:24.42,0.0,0.0,-43.85417556762695,-48.587154388427734,32.95716094970703
HARSH,1765.152,1765.152,00:29:25.15,00:29:25.15,0.0,30.483413313054736,-58.258575439453125,-65.59202575683594,19.458961486816406
IMPACT,1765.472,1765.472,00:29:25.47,00:29:25.47,0.0,13.155959681156697,-46.50404357910156,-53.479530334472656,32.11500549316406
SWELL,1769.472,1769.472,00:29:29.47,00:29:29.47,0.0,0.0,-45.358028411865234,-45.74458312988281,4.5452423095703125
IMPACT,1769.6,1769.6,00:29:29.60,00:29:29.60,0.0,11.922649162053817,-42.87922668457031,-45.20623016357422,11.953231811523438
RECOVERY,1771.072,1778.08,00:29:31.07,00:29:38.08,7.008000000000038,-0.2082946589226893,-43.440477076443756,-43.8436335997148,4.104671530290084
SWELL,1774.56,1774.56,00:29:34.56,00:29:34.56,0.0,0.0,-43.46021270751953,-43.86107635498047,5.014804840087891
IMPACT,1778.848,1778.848,00:29:38.85,00:29:38.85,0.0,8.523113932419738,-37.459747314453125,-39.41879653930664,15.141407012939453
SWELL,1779.648,1779.648,00:29:39.65,00:29:39.65,0.0,0.0,-37.96446228027344,-38.361366271972656,2.3983078002929688
IMPACT,1781.824,1781.824,00:29:41.82,00:29:41.82,0.0,12.30096203982979,-39.889503479003906,-42.31929397583008,11.267955780029297
IMPACT,1782.624,1782.624,00:29:42.62,00:29:42.62,0.0,8.523938914942544,-38.512184143066406,-40.4276123046875,7.457248687744141
SWELL,1784.64,1784.64,00:29:44.64,00:29:44.64,0.0,0.0,-42.82830810546875,-43.19370651245117,1.0652580261230469
SWELL,1789.696,1789.696,00:29:49.70,00:29:49.70,0.0,0.0,-40.86646270751953,-41.606781005859375,8.954273223876953
IMPACT,1790.112,1790.112,00:29:50.11,00:29:50.11,0.0,11.892039037155648,-37.82994842529297,-42.40596389770508,17.606313705444336
RECOVERY,1792.256,1798.944,00:29:52.26,00:29:58.94,6.6879999999998745,-0.22339207657673057,-47.01429087320964,-49.54507489885603,5.317059925624302
SWELL,1794.784,1794.784,00:29:54.78,00:29:54.78,0.0,0.0,-39.87535095214844,-42.35835647583008,3.7736473083496094
IMPACT,1796.064,1796.064,00:29:56.06,00:29:56.06,0.0,11.8721911083975,-48.240684509277344,-49.52003479003906,4.803592681884766
IMPACT,1798.336,1798.336,00:29:58.34,00:29:58.34,0.0,9.233562973810956,-56.70005798339844,-64.4975814819336,3.234661102294922
IMPACT,1799.328,1799.328,00:29:59.33,00:29:59.33,0.0,8.836734319393095,-55.56452941894531,-62.65825271606445,1.34185791015625
SWELL,1799.872,1799.872,00:29:59.87,00:29:59.87,0.0,0.0,-53.09253692626953,-59.85233688354492,2.2848968505859375
IMPACT,1801.184,1801.184,00:30:01.18,00:30:01.18,0.0,12.355902855272385,-60.57804489135742,-64.90201568603516,15.316219329833984
HARSH,1802.528,1802.528,00:30:02.53,00:30:02.53,0.0,14.423657512969276,-65.03266906738281,-77.25103759765625,7.90850830078125
IMPACT,1802.56,1802.56,00:30:02.56,00:30:02.56,0.0,15.321696509564724,-64.67057037353516,-78.60443115234375,7.459934234619141
SWELL,1804.896,1804.896,00:30:04.90,00:30:04.90,0.0,0.0,-48.417972564697266,-59.624366760253906,-3.6942672729492188
IMPACT,1805.792,1805.792,00:30:05.79,00:30:05.79,0.0,12.57800220351993,-55.46943664550781,-61.866615295410156,-0.7438240051269531
IMPACT,1808.448,1808.448,00:30:08.45,00:30:08.45,0.0,10.470918718377032,-62.61703872680664,-72.08499145507812,8.77529525756836
HARSH,1809.12,1809.12,00:30:09.12,00:30:09.12,0.0,17.022429589531136,-59.358253479003906,-69.53414916992188,10.33273696899414
IMPACT,1809.696,1809.696,00:30:09.70,00:30:09.70,0.0,12.60500999664841,-54.854331970214844,-67.2880630493164,4.498050689697266
SWELL,1810.08,1810.08,00:30:10.08,00:30:10.08,0.0,0.0,-61.32786178588867,-69.27600860595703,10.095840454101562
IMPACT,1810.88,1810.88,00:30:10.88,00:30:10.88,0.0,9.083623860021738,-62.24711990356445,-73.03482818603516,12.211517333984375
IMPACT,1813.28,1813.28,00:30:13.28,00:30:13.28,0.0,13.408866559249049,-53.12726593017578,-60.12382125854492,6.121429443359375
IMPACT,1814.336,1814.336,00:30:14.34,00:30:14.34,0.0,11.957081331062637,-54.213157653808594,-60.79182434082031,5.087718963623047
SWELL,1815.072,1815.072,00:30:15.07,00:30:15.07,0.0,0.0,-54.01366424560547,-58.82994842529297,-1.171844482421875
IMPACT,1818.08,1818.08,00:30:18.08,00:30:18.08,0.0,8.220420047264087,-40.56674575805664,-48.327003479003906,2.586456298828125
RECOVERY,1818.848,1828.864,00:30:18.85,00:30:28.86,10.016000000000076,-0.23296105677677992,-49.38820872944631,-53.26417371421863,0.6709398524776385
SWELL,1820.16,1820.16,00:30:20.16,00:30:20.16,0.0,0.0,-49.42742919921875,-54.411563873291016,-1.8569831848144531
SWELL,1825.344,1825.344,00:30:25.34,00:30:25.34,0.0,0.0,-54.46733093261719,-58.214908599853516,0.9359359741210938
IMPACT,1828.512,1828.512,00:30:28.51,00:30:28.51,0.0,8.280619085496477,-50.205684661865234,-54.42869186401367,6.288867950439453
SWELL,1830.4,1830.4,00:30:30.40,00:30:30.40,0.0,0.0,-59.210933685302734,-61.11095428466797,2.8610916137695312
IMPACT,1831.648,1831.648,00:30:31.65,00:30:31.65,0.0,12.477607641828033,-57.732967376708984,-64.61065673828125,6.644767761230469
SWELL,1835.392,1835.392,00:30:35.39,00:30:35.39,0.0,0.0,-44.57456588745117,-46.523460388183594,0.39136505126953125
SWELL,1840.448,1840.448,00:30:40.45,00:30:40.45,0.0,0.0,-33.78078079223633,-34.53752899169922,7.731889724731445
RECOVERY,1842.336,1858.464,00:30:42.34,00:30:58.46,16.12799999999993,-0.20500388315511456,-48.011667920103164,-49.7049718044772,2.154585836429407
SWELL,1845.504,1845.504,00:30:45.50,00:30:45.50,0.0,0.0,-47.39318084716797,-47.6097526550293,8.730640411376953
SWELL,1850.624,1850.624,00:30:50.62,00:30:50.62,0.0,0.0,-57.57152557373047,-58.70759963989258,3.4173240661621094
IMPACT,1851.232,1851.232,00:30:51.23,00:30:51.23,0.0,8.911411447925454,-41.52442169189453,-42.66565704345703,-7.968658447265625
IMPACT,1852.864,1852.864,00:30:52.86,00:30:52.86,0.0,9.226960955156345,-45.126304626464844,-47.272193908691406,-4.6887969970703125
SWELL,1855.872,1855.872,00:30:55.87,00:30:55.87,0.0,0.0,-48.27179718017578,-49.6307373046875,-4.2271575927734375
SWELL,1861.184,1861.184,00:31:01.18,00:31:01.18,0.0,0.0,-41.17653274536133,-45.39271926879883,3.5043411254882812
IMPACT,1865.696,1865.696,00:31:05.70,00:31:05.70,0.0,8.708669922333748,-46.140777587890625,-53.220218658447266,11.501453399658203
SWELL,1866.272,1866.272,00:31:06.27,00:31:06.27,0.0,0.0,-46.327091217041016,-52.4637451171875,7.650505065917969
SWELL,1871.424,1871.424,00:31:11.42,00:31:11.42,0.0,0.0,-36.08246994018555,-38.71306228637695,-3.246715545654297
SWELL,1876.416,1876.416,00:31:16.42,00:31:16.42,0.0,0.0,-32.40569305419922,-36.080848693847656,3.97747802734375
SWELL,1881.44,1881.44,00:31:21.44,00:31:21.44,0.0,0.0,-57.43637466430664,-58.898738861083984,-0.5607719421386719
IMPACT,1881.792,1881.792,00:31:21.79,00:31:21.79,0.0,9.550069717483144,-42.486045837402344,-45.82841873168945,26.910322189331055
IMPACT,1883.072,1883.072,00:31:23.07,00:31:23.07,0.0,14.378474926807105,-44.62708282470703,-46.95281982421875,28.03244400024414
IMPACT,1883.808,1883.808,00:31:23.81,00:31:23.81,0.0,9.644619042341377,-49.1026611328125,-62.47517395019531,16.96831512451172
IMPACT,1884.864,1884.864,00:31:24.86,00:31:24.86,0.0,8.876748177704034,-59.754425048828125,-65.49900817871094,-6.205085754394531
HARSH,1885.472,1885.472,00:31:25.47,00:31:25.47,0.0,22.11256536073333,-66.78443145751953,-77.05802154541016,-4.6082000732421875
IMPACT,1886.176,1886.176,00:31:26.18,00:31:26.18,0.0,15.458296697857387,-47.58462905883789,-49.94564437866211,35.107872009277344
SWELL,1886.432,1886.432,00:31:26.43,00:31:26.43,0.0,0.0,-48.92477035522461,-66.81859588623047,37.88008117675781
RECOVERY,1887.456,1909.984,00:31:27.46,00:31:49.98,22.52800000000002,-0.22070070091467464,-62.510103498959374,-70.21801499170614,2.3766317759845275
HARSH,1889.856,1889.856,00:31:29.86,00:31:29.86,0.0,15.102497093343159,-63.78461837768555,-71.77323913574219,-7.204471588134766
IMPACT,1889.888,1889.888,00:31:29.89,00:31:29.89,0.0,9.464907162618188,-63.949729919433594,-72.10437774658203,-7.278495788574219
SWELL,1891.712,1891.712,00:31:31.71,00:31:31.71,0.0,0.0,-79.68766021728516,-86.13551330566406,11.952919006347656
HARSH,1893.184,1893.184,00:31:33.18,00:31:33.18,0.0,26.09963028032554,-66.43650817871094,-82.38220977783203,-4.506416320800781
IMPACT,1893.184,1893.184,00:31:33.18,00:31:33.18,0.0,14.043162382912868,-66.43650817871094,-82.38220977783203,-4.506416320800781
SWELL,1896.768,1896.768,00:31:36.77,00:31:36.77,0.0,0.0,-67.78165435791016,-75.72897338867188,4.8756866455078125
HARSH,1897.376,1897.376,00:31:37.38,00:31:37.38,0.0,19.922614069936976,-64.58232116699219,-73.51261138916016,1.0967254638671875
IMPACT,1897.376,1897.376,00:31:37.38,00:31:37.38,0.0,9.326888292363968,-64.58232116699219,-73.51261138916016,1.0967254638671875
SWELL,1901.76,1901.76,00:31:41.76,00:31:41.76,0.0,0.0,-65.36368560791016,-71.54985046386719,5.459083557128906
SWELL,1906.784,1906.784,00:31:46.78,00:31:46.78,0.0,0.0,-63.273841857910156,-68.94467163085938,4.269630432128906
HARSH,1909.888,1909.888,00:31:49.89,00:31:49.89,0.0,21.038719440475422,-61.389915466308594,-66.16380310058594,10.674430847167969
IMPACT,1909.888,1909.888,00:31:49.89,00:31:49.89,0.0,8.469784737537937,-61.389915466308594,-66.16380310058594,10.674430847167969
SWELL,1911.808,1911.808,00:31:51.81,00:31:51.81,0.0,0.0,-65.01566314697266,-70.99147033691406,6.426349639892578
SWELL,1916.9279999999999,1916.9279999999999,00:31:56.93,00:31:56.93,0.0,0.0,-64.2588119506836,-67.76655578613281,15.461368560791016
IMPACT,1917.536,1917.536,00:31:57.54,00:31:57.54,0.0,19.948022612841665,-39.28487014770508,-44.367252349853516,43.5111026763916
HARSH,1918.656,1918.656,00:31:58.66,00:31:58.66,0.0,29.671910828703172,-54.302001953125,-61.54182434082031,27.403629302978516
IMPACT,1918.656,1918.656,00:31:58.66,00:31:58.66,0.0,10.528624318926989,-54.302001953125,-61.54182434082031,27.403629302978516
IMPACT,1919.648,1919.648,00:31:59.65,00:31:59.65,0.0,10.991796490561192,-42.16801452636719,-48.803958892822266,35.64126014709473
SWELL,1921.952,1921.952,00:32:01.95,00:32:01.95,0.0,0.0,-48.166015625,-50.7078742980957,22.21030044555664
SWELL,1927.104,1927.104,00:32:07.10,00:32:07.10,0.0,0.0,-45.90007019042969,-46.89016342163086,3.983379364013672
HARSH,1927.68,1927.68,00:32:07.68,00:32:07.68,0.0,20.144737631031774,-45.04281997680664,-49.09330749511719,13.144340515136719
IMPACT,1927.712,1927.712,00:32:07.71,00:32:07.71,0.0,8.244489610384106,-44.89209747314453,-48.829559326171875,12.863544464111328
SWELL,1932.256,1932.256,00:32:12.26,00:32:12.26,0.0,0.0,-38.609397888183594,-38.69168472290039,-5.243114471435547
SWELL,1937.248,1937.248,00:32:17.25,00:32:17.25,0.0,0.0,-50.109580993652344,-50.51221466064453,-5.249000549316406
SWELL,1942.304,1942.304,00:32:22.30,00:32:22.30,0.0,0.0,-44.39262771606445,-44.54585266113281,-5.787742614746094
IMPACT,1943.904,1943.904,00:32:23.90,00:32:23.90,0.0,8.241083880077477,-36.796470642089844,-39.517494201660156,11.197559356689453
HARSH,1943.936,1943.936,00:32:23.94,00:32:23.94,0.0,12.570532910116363,-37.38352966308594,-40.22138214111328,11.444053649902344
SWELL,1947.52,1947.52,00:32:27.52,00:32:27.52,0.0,0.0,-37.902000427246094,-38.0390510559082,-5.871593475341797
BARRAGE,1948.16,1953.792,00:32:28.16,00:32:33.79,5.6319999999998345,1.3339394899412087,-35.90257911897648,-37.35448126065529,3.9429797371902033
HIGH_LOAD,1948.224,1954.592,00:32:28.22,00:32:34.59,6.3680000000001655,0.5743316099719761,-35.80846725463867,-37.45767835617065,4.605675821304321
IMPACT,1948.576,1948.576,00:32:28.58,00:32:28.58,0.0,8.621573553173102,-33.50735092163086,-36.425559997558594,12.847816467285156
IMPACT,1950.368,1950.368,00:32:30.37,00:32:30.37,0.0,8.390188535190363,-34.04517364501953,-35.22386169433594,6.271060943603516
SWELL,1952.576,1952.576,00:32:32.58,00:32:32.58,0.0,0.0,-39.082183837890625,-39.864505767822266,4.200634002685547
IMPACT,1952.64,1952.64,00:32:32.64,00:32:32.64,0.0,8.435098695916322,-36.513771057128906,-39.00666427612305,12.75844955444336
SWELL,1957.76,1957.76,00:32:37.76,00:32:37.76,0.0,0.0,-30.087207794189453,-30.27468490600586,-5.884189605712891
SWELL,1962.784,1962.784,00:32:42.78,00:32:42.78,0.0,0.0,-28.354721069335938,-28.606863021850586,-5.929906845092773
SWELL,1967.904,1967.904,00:32:47.90,00:32:47.90,0.0,0.0,-38.74986267089844,-39.51216506958008,-2.0680885314941406
SWELL,1972.896,1972.896,00:32:52.90,00:32:52.90,0.0,0.0,-43.659358978271484,-46.0765266418457,-7.049701690673828
IMPACT,1974.784,1974.784,00:32:54.78,00:32:54.78,0.0,10.119834864858051,-49.45844650268555,-62.593074798583984,2.6855697631835938
HIGH_LOAD,1977.408,1989.344,00:32:57.41,00:33:09.34,11.93600000000015,0.6014404967937478,-33.2380903116862,-38.72497250366211,6.27221443939209
HARSH,1978.016,1978.016,00:32:58.02,00:32:58.02,0.0,29.588504481273482,-51.9373893737793,-65.3129653930664,23.884414672851562
SWELL,1978.016,1978.016,00:32:58.02,00:32:58.02,0.0,0.0,-51.9373893737793,-65.3129653930664,23.884414672851562
IMPACT,1978.112,1978.112,00:32:58.11,00:32:58.11,0.0,16.687785147510006,-45.43924331665039,-55.356136322021484,27.643402099609375
IMPACT,1978.944,1978.944,00:32:58.94,00:32:58.94,0.0,8.913311405812765,-19.481842041015625,-22.611827850341797,12.5535249710083
SWELL,1983.2,1983.2,00:33:03.20,00:33:03.20,0.0,0.0,-29.299715042114258,-33.28870391845703,12.484243392944336
HARSH,1984.512,1984.512,00:33:04.51,00:33:04.51,0.0,19.002628180161636,-34.813011169433594,-40.509124755859375,8.328788757324219
IMPACT,1984.512,1984.512,00:33:04.51,00:33:04.51,0.0,10.428873370832727,-34.813011169433594,-40.509124755859375,8.328788757324219
IMPACT,1986.752,1986.752,00:33:06.75,00:33:06.75,0.0,9.971641124082545,-31.931428909301758,-38.317710876464844,6.757114410400391
IMPACT,1988.096,1988.096,00:33:08.10,00:33:08.10,0.0,8.72719799186084,-33.122833251953125,-38.181373596191406,8.525421142578125
SWELL,1988.288,1988.288,00:33:08.29,00:33:08.29,0.0,0.0,-36.496158599853516,-40.44617462158203,0.3949165344238281
HIGH_LOAD,1990.112,1999.552,00:33:10.11,00:33:19.55,9.439999999999827,0.5615125136385388,-32.96264063989794,-38.235947563841535,3.437602197801745
SWELL,1993.344,1993.344,00:33:13.34,00:33:13.34,0.0,0.0,-36.657169342041016,-40.95896911621094,-0.6375617980957031
HARSH,1993.408,1993.408,00:33:13.41,00:33:13.41,0.0,12.528630055891131,-32.090354919433594,-38.91694641113281,5.620288848876953
HARSH,1996.608,1996.608,00:33:16.61,00:33:16.61,0.0,12.559265193976088,-34.734806060791016,-38.71855545043945,6.163234710693359
IMPACT,1996.64,1996.64,00:33:16.64,00:33:16.64,0.0,9.59314675584861,-33.55573272705078,-39.392208099365234,6.103599548339844
SWELL,1998.336,1998.336,00:33:18.34,00:33:18.34,0.0,0.0,-35.04340744018555,-39.938148498535156,-1.0158615112304688
SWELL,2003.424,2003.424,00:33:23.42,00:33:23.42,0.0,0.0,-33.94817352294922,-41.24897766113281,9.608976364135742
SWELL,2008.416,2008.416,00:33:28.42,00:33:28.42,0.0,0.0,-36.880126953125,-42.778682708740234,-1.1865615844726562
IMPACT,2011.616,2011.616,00:33:31.62,00:33:31.62,0.0,8.89145950162204,-34.655738830566406,-40.4017448425293,-1.9593696594238281
IMPACT,2012.992,2012.992,00:33:32.99,00:33:32.99,0.0,9.379482998068482,-35.629608154296875,-42.40709686279297,-2.0237960815429688
SWELL,2013.44,2013.44,00:33:33.44,00:33:33.44,0.0,0.0,-38.04835510253906,-39.84693145751953,-1.9559516906738281
IMPACT,2014.72,2014.72,00:33:34.72,00:33:34.72,0.0,8.785686432309388,-34.796348571777344,-38.72816848754883,-2.61993408203125
IMPACT,2016.64,2016.64,00:33:36.64,00:33:36.64,0.0,8.328761415706202,-35.17377853393555,-39.116241455078125,-2.624805450439453
SWELL,2018.496,2018.496,00:33:38.50,00:33:38.50,0.0,0.0,-34.17028045654297,-34.644649505615234,-0.45764923095703125
RECOVERY,2022.592,2031.52,00:33:42.59,00:33:51.52,8.927999999999884,-0.20532082901255574,-42.95959741047451,-44.8139278956822,-3.9159479004996163
SWELL,2023.488,2023.488,00:33:43.49,00:33:43.49,0.0,0.0,-40.184288024902344,-41.96214294433594,-3.887561798095703
SWELL,2028.512,2028.512,00:33:48.51,00:33:48.51,0.0,0.0,-43.2628288269043,-44.45478057861328,-4.897548675537109
SWELL,2033.728,2033.728,00:33:53.73,00:33:53.73,0.0,0.0,-49.42539978027344,-50.13800811767578,-3.8757286071777344
IMPACT,2034.432,2034.432,00:33:54.43,00:33:54.43,0.0,13.238247748123571,-52.61509323120117,-54.39800262451172,7.839145660400391
IMPACT,2035.424,2035.424,00:33:55.42,00:33:55.42,0.0,10.003634093151737,-41.563167572021484,-43.29779815673828,9.765151977539062
IMPACT,2038.592,2038.592,00:33:58.59,00:33:58.59,0.0,11.368157584690522,-45.7808723449707,-46.57164001464844,0.9353294372558594
SWELL,2038.752,2038.752,00:33:58.75,00:33:58.75,0.0,0.0,-46.245643615722656,-46.80147171020508,-5.6508941650390625
HARSH,2039.872,2039.872,00:33:59.87,00:33:59.87,0.0,22.758052412517298,-45.52165985107422,-49.57196044921875,12.99810791015625
IMPACT,2039.872,2039.872,00:33:59.87,00:33:59.87,0.0,17.523897377707712,-45.52165985107422,-49.57196044921875,12.99810791015625
IMPACT,2041.152,2041.152,00:34:01.15,00:34:01.15,0.0,17.02365499739874,-48.309593200683594,-51.846412658691406,11.631916046142578
IMPACT,2041.984,2041.984,00:34:01.98,00:34:01.98,0.0,12.694186854852216,-43.953857421875,-45.77182388305664,1.7490005493164062
SWELL,2043.712,2043.712,00:34:03.71,00:34:03.71,0.0,0.0,-42.547664642333984,-43.698509216308594,-2.811511993408203
IMPACT,2044.608,2044.608,00:34:04.61,00:34:04.61,0.0,15.507488259933591,-38.47037887573242,-40.931785583496094,18.917619705200195
HIGH_LOAD,2044.928,2052.896,00:34:04.93,00:34:12.90,7.968000000000075,0.6141135397851797,-48.83597608947754,-54.89064129638672,18.099479934692383
BARRAGE,2045.216,2050.912,00:34:05.22,00:34:10.91,5.695999999999913,1.631891562914722,-48.191071409086945,-54.4251894817672,19.64516186847367
IMPACT,2045.632,2045.632,00:34:05.63,00:34:05.63,0.0,13.148106129073094,-40.53802490234375,-47.85125732421875,23.869800567626953
DRUM_RUN,2046.336,2046.336,00:34:06.34,00:34:06.34,0.0,2.0216717291031583,-42.700008392333984,-47.76045227050781,26.932968139648438
IMPACT,2046.496,2046.496,00:34:06.50,00:34:06.50,0.0,8.219604849014662,-43.30387496948242,-52.58763885498047,27.780441284179688
HARSH,2047.296,2047.296,00:34:07.30,00:34:07.30,0.0,23.912862124998707,-49.95983123779297,-59.436073303222656,28.26763153076172
IMPACT,2047.68,2047.68,00:34:07.68,00:34:07.68,0.0,12.36463232249388,-43.87067413330078,-57.90327453613281,33.21873092651367
SWELL,2048.704,2048.704,00:34:08.70,00:34:08.70,0.0,0.0,-57.947235107421875,-58.96197509765625,0.9755630493164062
IMPACT,2049.152,2049.152,00:34:09.15,00:34:09.15,0.0,10.238090168068117,-47.045318603515625,-55.893463134765625,23.191295623779297
IMPACT,2049.888,2049.888,00:34:09.89,00:34:09.89,0.0,9.196771396062411,-48.75492477416992,-54.868316650390625,20.275680541992188
BARRAGE,2050.976,2060.384,00:34:10.98,00:34:20.38,9.407999999999902,1.5334960182277753,-50.70363823842194,-55.46646649635444,14.428205503043483
IMPACT,2051.2,2051.2,00:34:11.20,00:34:11.20,0.0,10.311607577020812,-42.94496536254883,-51.32499694824219,26.891498565673828
HARSH,2052.192,2052.192,00:34:12.19,00:34:12.19,0.0,15.537771250470719,-50.673744201660156,-60.378475189208984,20.311721801757812
IMPACT,2052.192,2052.192,00:34:12.19,00:34:12.19,0.0,10.294915689648946,-50.673744201660156,-60.378475189208984,20.311721801757812
HIGH_LOAD,2052.96,2061.792,00:34:12.96,00:34:21.79,8.83199999999988,0.5648701130572441,-50.73014579525063,-55.203165198921724,14.296084944521908
IMPACT,2053.504,2053.504,00:34:13.50,00:34:13.50,0.0,12.02859225718218,-48.00825119018555,-59.35137939453125,24.64702606201172
SWELL,2053.76,2053.76,00:34:13.76,00:34:13.76,0.0,0.0,-50.68458557128906,-53.31111145019531,21.521156311035156
IMPACT,2055.648,2055.648,00:34:15.65,00:34:15.65,0.0,10.271348178613747,-49.2630615234375,-52.22993469238281,13.993400573730469
DRUM_RUN,2056.416,2056.416,00:34:16.42,00:34:16.42,0.0,2.1215614819516575,-43.323829650878906,-47.31158447265625,19.692237854003906
HARSH,2057.28,2057.28,00:34:17.28,00:34:17.28,0.0,33.43701113251927,-43.04283142089844,-54.386383056640625,22.498523712158203
IMPACT,2057.312,2057.312,00:34:17.31,00:34:17.31,0.0,23.38155016020519,-43.07000732421875,-54.746490478515625,22.81340789794922
SWELL,2059.04,2059.04,00:34:19.04,00:34:19.04,0.0,0.0,-56.922821044921875,-58.40488052368164,-2.6759071350097656
IMPACT,2059.2,2059.2,00:34:19.20,00:34:19.20,0.0,22.215147259891914,-46.061126708984375,-57.869300842285156,23.957935333251953
IMPACT,2063.744,2063.744,00:34:23.74,00:34:23.74,0.0,9.004350423780846,-43.124969482421875,-45.116241455078125,1.2399711608886719
SWELL,2064.096,2064.096,00:34:24.10,00:34:24.10,0.0,0.0,-39.9861946105957,-44.21052932739258,-8.059906005859375
SWELL,2069.248,2069.248,00:34:29.25,00:34:29.25,0.0,0.0,-35.487152099609375,-37.16340637207031,-6.378410339355469
SWELL,2074.464,2074.464,00:34:34.46,00:34:34.46,0.0,0.0,-39.996543884277344,-44.92955017089844,-8.0484619140625
SWELL,2079.552,2079.552,00:34:39.55,00:34:39.55,0.0,0.0,-37.117393493652344,-41.623538970947266,-8.792278289794922
SWELL,2084.544,2084.544,00:34:44.54,00:34:44.54,0.0,0.0,-36.36648178100586,-37.64450454711914,-6.50543212890625
HARSH,2086.432,2086.432,00:34:46.43,00:34:46.43,0.0,20.437741228628244,-31.942039489746094,-37.19305419921875,16.25910186767578
IMPACT,2086.464,2086.464,00:34:46.46,00:34:46.46,0.0,13.501762686317448,-31.710947036743164,-36.39122009277344,15.993942260742188
SWELL,2089.6,2089.6,00:34:49.60,00:34:49.60,0.0,0.0,-35.56961441040039,-36.89471435546875,-5.942050933837891
IMPACT,2092.672,2092.672,00:34:52.67,00:34:52.67,0.0,9.617837023520336,-39.13911437988281,-40.77763366699219,3.1710357666015625
SWELL,2094.624,2094.624,00:34:54.62,00:34:54.62,0.0,0.0,-43.31050491333008,-45.32202911376953,-5.956077575683594
SWELL,2099.648,2099.648,00:34:59.65,00:34:59.65,0.0,0.0,-38.946922302246094,-39.41645812988281,-5.7480010986328125
HIGH_LOAD,2104.416,2109.216,00:35:04.42,00:35:09.22,4.799999999999727,0.6334237896954863,-30.126880292071412,-35.40764247818498,-2.648742966304552
SWELL,2104.672,2104.672,00:35:04.67,00:35:04.67,0.0,0.0,-38.94456481933594,-40.032875061035156,-5.8059539794921875
IMPACT,2104.8,2104.8,00:35:04.80,00:35:04.80,0.0,19.60184388640973,-31.56660270690918,-34.61647415161133,7.77874755859375
IMPACT,2106.4,2106.4,00:35:06.40,00:35:06.40,0.0,13.275588452606476,-23.328914642333984,-26.712574005126953,-7.437862396240234
HARSH,2107.552,2107.552,00:35:07.55,00:35:07.55,0.0,26.891896281628515,-27.909975051879883,-32.80295944213867,2.202085494995117
IMPACT,2107.552,2107.552,00:35:07.55,00:35:07.55,0.0,11.7441544948867,-27.909975051879883,-32.80295944213867,2.202085494995117
IMPACT,2108.48,2108.48,00:35:08.48,00:35:08.48,0.0,9.500370479560656,-32.181678771972656,-39.41666030883789,-15.387544631958008
SWELL,2109.664,2109.664,00:35:09.66,00:35:09.66,0.0,0.0,-34.456748962402344,-44.773460388183594,-8.99197006225586
SWELL,2114.656,2114.656,00:35:14.66,00:35:14.66,0.0,0.0,-36.67881774902344,-54.89406967163086,-9.381206512451172
SWELL,2119.648,2119.648,00:35:19.65,00:35:19.65,0.0,0.0,-41.212890625,-56.95834732055664,-9.882427215576172
SWELL,2125.408,2125.408,00:35:25.41,00:35:25.41,0.0,0.0,-38.67388916015625,-55.116275787353516,-9.503406524658203
HARSH,2126.784,2126.784,00:35:26.78,00:35:26.78,0.0,14.128406582311817,-41.61117172241211,-54.45930480957031,10.667797088623047
IMPACT,2126.784,2126.784,00:35:26.78,00:35:26.78,0.0,10.199093345467675,-41.61117172241211,-54.45930480957031,10.667797088623047
SWELL,2130.688,2130.688,00:35:30.69,00:35:30.69,0.0,0.0,-37.15614700317383,-54.129276275634766,-9.74118423461914
SWELL,2135.68,2135.68,00:35:35.68,00:35:35.68,0.0,0.0,-37.33122253417969,-55.17900466918945,-9.900604248046875
SWELL,2140.96,2140.96,00:35:40.96,00:35:40.96,0.0,0.0,-44.74781799316406,-60.58126449584961,-10.18252182006836
HARSH,2144.128,2144.128,00:35:44.13,00:35:44.13,0.0,13.292335807756432,-38.495262145996094,-46.6944465637207,6.183074951171875
SWELL,2146.688,2146.688,00:35:46.69,00:35:46.69,0.0,0.0,-43.91182327270508,-54.62934494018555,-7.389533996582031
SWELL,2152.416,2152.416,00:35:52.42,00:35:52.42,0.0,0.0,-30.959808349609375,-44.04100036621094,-7.718692779541016
SWELL,2157.44,2157.44,00:35:57.44,00:35:57.44,0.0,0.0,-38.53678512573242,-42.78564453125,-6.9016265869140625
SWELL,2162.4,2162.4,00:36:02.40,00:36:02.40,0.0,0.0,-33.740318298339844,-34.70455551147461,-6.254138946533203
SWELL,2167.392,2167.392,00:36:07.39,00:36:07.39,0.0,0.0,-28.11018943786621,-30.198591232299805,-6.036884307861328
IMPACT,2171.968,2171.968,00:36:11.97,00:36:11.97,0.0,17.871971610333624,-40.645591735839844,-43.47145080566406,11.21506118774414
SWELL,2172.672,2172.672,00:36:12.67,00:36:12.67,0.0,0.0,-59.17642593383789,-60.726837158203125,-13.632308959960938
IMPACT,2175.008,2175.008,00:36:15.01,00:36:15.01,0.0,11.230453445962649,-51.75176239013672,-62.781593322753906,18.12206268310547
HARSH,2177.12,2177.12,00:36:17.12,00:36:17.12,0.0,24.31634496799697,-54.87282180786133,-62.169700622558594,15.152763366699219
IMPACT,2177.12,2177.12,00:36:17.12,00:36:17.12,0.0,10.26496001189057,-54.87282180786133,-62.169700622558594,15.152763366699219
SWELL,2177.824,2177.824,00:36:17.82,00:36:17.82,0.0,0.0,-60.391727447509766,-60.70236587524414,-3.7136917114257812
BARRAGE,2179.808,2185.056,00:36:19.81,00:36:25.06,5.248000000000047,1.5648096127313174,-35.4288715246952,-40.56525446573893,20.64385425683224
HIGH_LOAD,2179.904,2201.888,00:36:19.90,00:36:41.89,21.983999999999924,0.5809830849133293,-31.02090084552765,-34.46270348304926,13.59651146378628
IMPACT,2181.248,2181.248,00:36:21.25,00:36:21.25,0.0,11.405765632789985,-45.47737121582031,-53.83821487426758,27.93008804321289
HARSH,2182.432,2182.432,00:36:22.43,00:36:22.43,0.0,22.19582016497921,-50.39955520629883,-58.566165924072266,22.073455810546875
IMPACT,2182.528,2182.528,00:36:22.53,00:36:22.53,0.0,8.82918397914778,-35.04887390136719,-48.0689811706543,35.98484992980957
SWELL,2183.008,2183.008,00:36:23.01,00:36:23.01,0.0,0.0,-24.076648712158203,-25.095422744750977,8.02181625366211
DRUM_RUN,2183.36,2183.36,00:36:23.36,00:36:23.36,0.0,2.463819915159285,-21.95269775390625,-23.680980682373047,6.906192779541016
SWELL,2188.192,2188.192,00:36:28.19,00:36:28.19,0.0,0.0,-29.448163986206055,-31.52798080444336,11.092695236206055
HARSH,2189.76,2189.76,00:36:29.76,00:36:29.76,0.0,15.539925893845407,-24.761075973510742,-26.978607177734375,14.465927124023438
IMPACT,2189.824,2189.824,00:36:29.82,00:36:29.82,0.0,11.415701840644434,-24.302467346191406,-26.399372100830078,15.82239818572998
IMPACT,2192.544,2192.544,00:36:32.54,00:36:32.54,0.0,9.359191988475994,-23.41469955444336,-25.617769241333008,8.289894104003906
SWELL,2193.28,2193.28,00:36:33.28,00:36:33.28,0.0,0.0,-29.678571701049805,-34.03312683105469,11.803461074829102
IMPACT,2194.304,2194.304,00:36:34.30,00:36:34.30,0.0,10.619292742304667,-27.245359420776367,-30.663570404052734,19.093414306640625
IMPACT,2196.48,2196.48,00:36:36.48,00:36:36.48,0.0,10.707924986910582,-24.864065170288086,-26.991687774658203,2.1636600494384766
IMPACT,2197.408,2197.408,00:36:37.41,00:36:37.41,0.0,9.718493112748039,-25.378210067749023,-28.832447052001953,13.837884902954102
SWELL,2198.368,2198.368,00:36:38.37,00:36:38.37,0.0,0.0,-29.702518463134766,-32.49897384643555,14.01980972290039
IMPACT,2198.912,2198.912,00:36:38.91,00:36:38.91,0.0,8.662370372473568,-26.745529174804688,-29.926475524902344,20.402545928955078
HARSH,2198.944,2198.944,00:36:38.94,00:36:38.94,0.0,14.183899162674383,-27.459611892700195,-30.894100189208984,19.375465393066406
SWELL,2203.52,2203.52,00:36:43.52,00:36:43.52,0.0,0.0,-31.397319793701172,-33.03986740112305,-14.055313110351562
SWELL,2208.672,2208.672,00:36:48.67,00:36:48.67,0.0,0.0,-34.95612335205078,-40.10026931762695,-12.946582794189453
IMPACT,2213.248,2213.248,00:36:53.25,00:36:53.25,0.0,10.260941978163697,-27.197193145751953,-33.30286407470703,20.616601943969727
SWELL,2213.664,2213.664,00:36:53.66,00:36:53.66,0.0,0.0,-32.615318298339844,-38.66819763183594,16.843204498291016
SWELL,2218.752,2218.752,00:36:58.75,00:36:58.75,0.0,0.0,-31.676834106445312,-34.94485855102539,-1.2637672424316406
HARSH,2220.416,2220.416,00:37:00.42,00:37:00.42,0.0,17.635025236746426,-25.370969772338867,-28.33597183227539,15.661457061767578
IMPACT,2220.448,2220.448,00:37:00.45,00:37:00.45,0.0,9.375692670468018,-23.989696502685547,-25.87244987487793,17.599763870239258
HIGH_LOAD,2223.072,2239.712,00:37:03.07,00:37:19.71,16.639999999999873,0.6146392770611491,-32.78178741835816,-36.0682511942858,11.848278494119187
IMPACT,2223.808,2223.808,00:37:03.81,00:37:03.81,0.0,10.28509822619716,-21.18627166748047,-22.667537689208984,-8.264690399169922
SWELL,2223.904,2223.904,00:37:03.90,00:37:03.90,0.0,0.0,-24.493846893310547,-26.650962829589844,14.70901870727539
HARSH,2225.088,2225.088,00:37:05.09,00:37:05.09,0.0,23.77114853243192,-27.334453582763672,-31.744380950927734,16.520456314086914
IMPACT,2225.632,2225.632,00:37:05.63,00:37:05.63,0.0,8.625115813029812,-25.441558837890625,-28.712360382080078,18.2524356842041
IMPACT,2227.936,2227.936,00:37:07.94,00:37:07.94,0.0,8.4558232375755,-32.7265510559082,-36.74015426635742,15.93582534790039
HARSH,2228.416,2228.416,00:37:08.42,00:37:08.42,0.0,17.68576159531082,-39.54088592529297,-45.67223358154297,15.363327026367188
IMPACT,2228.8,2228.8,00:37:08.80,00:37:08.80,0.0,9.571135150285087,-22.909317016601562,-25.31405258178711,7.546246528625488
SWELL,2228.96,2228.96,00:37:08.96,00:37:08.96,0.0,0.0,-30.469266891479492,-34.32310485839844,21.922414779663086
HARSH,2231.904,2231.904,00:37:11.90,00:37:11.90,0.0,13.579622600224674,-26.654178619384766,-28.96834945678711,21.989002227783203
IMPACT,2231.936,2231.936,00:37:11.94,00:37:11.94,0.0,14.48239009062355,-25.72232437133789,-28.31190299987793,23.474910736083984
IMPACT,2233.472,2233.472,00:37:13.47,00:37:13.47,0.0,10.592307733973664,-26.485897064208984,-28.554405212402344,23.056243896484375
SWELL,2233.952,2233.952,00:37:13.95,00:37:13.95,0.0,0.0,-35.96638488769531,-41.09046936035156,14.919662475585938
HARSH,2234.976,2234.976,00:37:14.98,00:37:14.98,0.0,20.48606906796732,-27.354232788085938,-30.319412231445312,23.825210571289062
IMPACT,2235.04,2235.04,00:37:15.04,00:37:15.04,0.0,13.91821583004907,-24.78122901916504,-26.420814514160156,26.479673385620117
DRUM_RUN,2235.072,2235.072,00:37:15.07,00:37:15.07,0.0,2.3943515769765855,-25.478296279907227,-26.560117721557617,25.570499420166016
IMPACT,2236.128,2236.128,00:37:16.13,00:37:16.13,0.0,8.4500463176322,-26.691818237304688,-28.821033477783203,25.664093017578125
HARSH,2239.04,2239.04,00:37:19.04,00:37:19.04,0.0,20.25315952788771,-31.80978012084961,-37.76539611816406,14.36083984375
IMPACT,2239.04,2239.04,00:37:19.04,00:37:19.04,0.0,10.812641597445591,-31.80978012084961,-37.76539611816406,14.36083984375
SWELL,2239.136,2239.136,00:37:19.14,00:37:19.14,0.0,0.0,-32.72395706176758,-37.98686218261719,10.935115814208984
HIGH_LOAD,2240.512,2250.976,00:37:20.51,00:37:30.98,10.463999999999942,0.5858943086515018,-31.20261848845133,-36.001420433928324,10.319851692129927
HARSH,2242.4,2242.4,00:37:22.40,00:37:22.40,0.0,14.016695986204853,-26.755691528320312,-31.90629005432129,23.3389892578125
IMPACT,2242.464,2242.464,00:37:22.46,00:37:22.46,0.0,10.590740791063222,-24.04067039489746,-26.85957145690918,26.189753532409668
IMPACT,2243.424,2243.424,00:37:23.42,00:37:23.42,0.0,9.125157270892906,-25.229774475097656,-29.805410385131836,19.399808883666992
SWELL,2244.16,2244.16,00:37:24.16,00:37:24.16,0.0,0.0,-27.825481414794922,-36.127906799316406,14.886573791503906
HARSH,2245.472,2245.472,00:37:25.47,00:37:25.47,0.0,16.048660276470187,-27.678068161010742,-29.31645393371582,20.243541717529297
SWELL,2249.216,2249.216,00:37:29.22,00:37:29.22,0.0,0.0,-29.197940826416016,-35.970367431640625,16.069744110107422
HIGH_LOAD,2253.28,2264.64,00:37:33.28,00:37:44.64,11.359999999999673,0.5218745513581907,-29.878696768471364,-34.213999957181095,7.435013511207666
HARSH,2253.92,2253.92,00:37:33.92,00:37:33.92,0.0,18.69073117675349,-26.477943420410156,-29.484310150146484,4.866050720214844
IMPACT,2253.92,2253.92,00:37:33.92,00:37:33.92,0.0,8.52595308113202,-26.477943420410156,-29.484310150146484,4.866050720214844
SWELL,2254.208,2254.208,00:37:34.21,00:37:34.21,0.0,0.0,-30.52964973449707,-33.680580139160156,9.702657699584961
HARSH,2257.92,2257.92,00:37:37.92,00:37:37.92,0.0,15.539081241904741,-22.907398223876953,-26.005374908447266,23.041932106018066
IMPACT,2257.984,2257.984,00:37:37.98,00:37:37.98,0.0,10.322403590475682,-20.88179588317871,-23.909099578857422,26.02354621887207
SWELL,2259.232,2259.232,00:37:39.23,00:37:39.23,0.0,0.0,-29.651588439941406,-32.964996337890625,13.19908332824707
SWELL,2264.288,2264.288,00:37:44.29,00:37:44.29,0.0,0.0,-30.402420043945312,-33.57779312133789,-0.9339485168457031
SWELL,2269.408,2269.408,00:37:49.41,00:37:49.41,0.0,0.0,-28.108617782592773,-30.074522018432617,-13.20438003540039
SWELL,2274.464,2274.464,00:37:54.46,00:37:54.46,0.0,0.0,-32.19265365600586,-33.76470947265625,-10.789344787597656
SWELL,2279.616,2279.616,00:37:59.62,00:37:59.62,0.0,0.0,-30.995189666748047,-31.623188018798828,-23.123271942138672
SWELL,2284.736,2284.736,00:38:04.74,00:38:04.74,0.0,0.0,-31.84906005859375,-33.06675338745117,-19.095333099365234
IMPACT,2288.384,2288.384,00:38:08.38,00:38:08.38,0.0,8.576914168667134,-30.097461700439453,-32.799293518066406,10.127910614013672
SWELL,2289.792,2289.792,00:38:09.79,00:38:09.79,0.0,0.0,-33.211341857910156,-34.564910888671875,-12.410259246826172
SWELL,2294.784,2294.784,00:38:14.78,00:38:14.78,0.0,0.0,-37.28813934326172,-40.43982696533203,0.383056640625
SWELL,2299.84,2299.84,00:38:19.84,00:38:19.84,0.0,0.0,-36.69532775878906,-40.3563346862793,-0.06917953491210938
IMPACT,2301.504,2301.504,00:38:21.50,00:38:21.50,0.0,16.705080809598872,-21.56094741821289,-25.35353660583496,-7.059835433959961
HARSH,2301.536,2301.536,00:38:21.54,00:38:21.54,0.0,24.043227483341084,-23.799407958984375,-27.962440490722656,-2.194599151611328
SWELL,2305.024,2305.024,00:38:25.02,00:38:25.02,0.0,0.0,-28.971006393432617,-31.250473022460938,5.828460693359375
SWELL,2310.144,2310.144,00:38:30.14,00:38:30.14,0.0,0.0,-30.667213439941406,-33.26298141479492,7.583721160888672
HIGH_LOAD,2315.104,2319.264,00:38:35.10,00:38:39.26,4.160000000000309,0.5789174603636152,-33.43577412612566,-36.55173354112465,11.743570036560525
SWELL,2315.264,2315.264,00:38:35.26,00:38:35.26,0.0,0.0,-31.010244369506836,-31.5028076171875,-11.147693634033203
IMPACT,2317.056,2317.056,00:38:37.06,00:38:37.06,0.0,8.576855314737191,-34.77747344970703,-40.5872917175293,16.73342514038086
HARSH,2317.952,2317.952,00:38:37.95,00:38:37.95,0.0,16.94558391081347,-32.5997200012207,-36.2718391418457,13.889755249023438
SWELL,2320.32,2320.32,00:38:40.32,00:38:40.32,0.0,0.0,-28.2891845703125,-31.33592414855957,19.669118881225586
SWELL,2325.344,2325.344,00:38:45.34,00:38:45.34,0.0,0.0,-21.183835983276367,-21.674095153808594,8.479581832885742
SWELL,2330.336,2330.336,00:38:50.34,00:38:50.34,0.0,0.0,-21.535207748413086,-21.989974975585938,7.87847900390625
SWELL,2335.456,2335.456,00:38:55.46,00:38:55.46,0.0,0.0,-30.108919143676758,-30.34915542602539,0.4415111541748047
IMPACT,2338.176,2338.176,00:38:58.18,00:38:58.18,0.0,9.264046706443198,-41.00508117675781,-48.282474517822266,19.9576416015625
HARSH,2339.424,2339.424,00:38:59.42,00:38:59.42,0.0,13.981125154568595,-50.34838104248047,-54.14031219482422,11.957717895507812
SWELL,2341.056,2341.056,00:39:01.06,00:39:01.06,0.0,0.0,-55.520320892333984,-59.245887756347656,-6.887172698974609
IMPACT,2344.256,2344.256,00:39:04.26,00:39:04.26,0.0,8.709026182484207,-44.597572326660156,-57.592124938964844,22.218029022216797
HARSH,2344.32,2344.32,00:39:04.32,00:39:04.32,0.0,16.586040546410093,-44.42143249511719,-52.29841613769531,22.443653106689453
BARRAGE,2346.016,2351.2,00:39:06.02,00:39:11.20,5.183999999999742,1.2836896444775867,-50.37478888107955,-54.43738981843726,12.257480434113486
SWELL,2346.176,2346.176,00:39:06.18,00:39:06.18,0.0,0.0,-55.21565246582031,-56.16465759277344,-9.018951416015625
IMPACT,2346.528,2346.528,00:39:06.53,00:39:06.53,0.0,8.542402099334163,-47.210384368896484,-54.362457275390625,21.107582092285156
IMPACT,2348.128,2348.128,00:39:08.13,00:39:08.13,0.0,11.244327422773088,-50.361656188964844,-55.42020797729492,14.214046478271484
DRUM_RUN,2349.76,2349.76,00:39:09.76,00:39:09.76,0.0,2.044706752426007,-48.892417907714844,-52.151241302490234,15.338371276855469
HARSH,2350.24,2350.24,00:39:10.24,00:39:10.24,0.0,18.075671234713727,-52.06369400024414,-56.93321228027344,14.743915557861328
IMPACT,2350.272,2350.272,00:39:10.27,00:39:10.27,0.0,14.5368755798292,-48.22590255737305,-55.010379791259766,19.89798355102539
SWELL,2351.36,2351.36,00:39:11.36,00:39:11.36,0.0,0.0,-54.21758270263672,-56.373504638671875,7.829677581787109
RECOVERY,2352.224,2363.264,00:39:12.22,00:39:23.26,11.039999999999964,-0.12136730762746716,-55.55370044156995,-57.38042068481445,-7.634031262700957
SWELL,2356.48,2356.48,00:39:16.48,00:39:16.48,0.0,0.0,-56.1253776550293,-57.468013763427734,-8.49508285522461
SWELL,2361.504,2361.504,00:39:21.50,00:39:21.50,0.0,0.0,-54.72195053100586,-56.586524963378906,-8.454910278320312
IMPACT,2362.944,2362.944,00:39:22.94,00:39:22.94,0.0,11.53660181089423,-52.95492172241211,-57.23295211791992,6.475868225097656
RECOVERY,2363.808,2373.408,00:39:23.81,00:39:33.41,9.599999999999909,-0.13280784066688994,-55.05370489228208,-57.16999683823696,-7.685404121677741
SWELL,2366.816,2366.816,00:39:26.82,00:39:26.82,0.0,0.0,-53.28441619873047,-55.52959442138672,-7.651679992675781
SWELL,2371.84,2371.84,00:39:31.84,00:39:31.84,0.0,0.0,-56.15139389038086,-57.38327407836914,-9.992874145507812
IMPACT,2374.208,2374.208,00:39:34.21,00:39:34.21,0.0,10.503750919605222,-45.81944274902344,-53.565792083740234,21.252174377441406
IMPACT,2375.584,2375.584,00:39:35.58,00:39:35.58,0.0,13.820387192007946,-49.067222595214844,-53.93821716308594,15.225349426269531
HARSH,2375.84,2375.84,00:39:35.84,00:39:35.84,0.0,16.132552741060003,-47.76874923706055,-56.64371871948242,17.166866302490234
IMPACT,2376.416,2376.416,00:39:36.42,00:39:36.42,0.0,14.813068938243607,-45.96708679199219,-57.81526565551758,19.616180419921875
SWELL,2376.864,2376.864,00:39:36.86,00:39:36.86,0.0,0.0,-49.335113525390625,-52.441410064697266,7.384387969970703
IMPACT,2381.728,2381.728,00:39:41.73,00:39:41.73,0.0,11.276493115598734,-38.66249465942383,-53.18854522705078,30.817960739135742
SWELL,2382.016,2382.016,00:39:42.02,00:39:42.02,0.0,0.0,-51.847137451171875,-54.19422912597656,16.467803955078125
IMPACT,2383.008,2383.008,00:39:43.01,00:39:43.01,0.0,13.387538307102004,-51.34469985961914,-57.73477554321289,17.346683502197266
HIGH_LOAD,2384.512,2398.528,00:39:44.51,00:39:58.53,14.015999999999622,0.5924064942639782,-51.76417409423272,-57.14642652889591,20.540957231456435
BARRAGE,2384.544,2391.584,00:39:44.54,00:39:51.58,7.039999999999964,1.8274505645264505,-50.68156804218551,-57.09365641045894,23.418944820559403
IMPACT,2384.608,2384.608,00:39:44.61,00:39:44.61,0.0,9.876976633223727,-44.476070404052734,-49.07461166381836,27.686809539794922
IMPACT,2386.624,2386.624,00:39:46.62,00:39:46.62,0.0,14.453231144022412,-39.78178787231445,-48.224220275878906,38.22003746032715
SWELL,2387.104,2387.104,00:39:47.10,00:39:47.10,0.0,0.0,-63.88361358642578,-66.69094848632812,2.6216201782226562
IMPACT,2387.936,2387.936,00:39:47.94,00:39:47.94,0.0,16.980272519133404,-40.67314910888672,-61.10631561279297,37.872520446777344
HARSH,2387.968,2387.968,00:39:47.97,00:39:47.97,0.0,20.598949431170727,-39.4617805480957,-52.93302536010742,38.8226432800293
DRUM_RUN,2388.096,2388.096,00:39:48.10,00:39:48.10,0.0,3.465309260993988,-40.28736877441406,-48.78269577026367,36.25150108337402
IMPACT,2388.736,2388.736,00:39:48.74,00:39:48.74,0.0,12.188233323070396,-47.521148681640625,-58.002159118652344,28.120742797851562
IMPACT,2390.016,2390.016,00:39:50.02,00:39:50.02,0.0,14.301270181219557,-47.30110549926758,-55.02095031738281,28.43262481689453
IMPACT,2391.84,2391.84,00:39:51.84,00:39:51.84,0.0,10.791835465577622,-49.89079284667969,-57.684051513671875,24.544235229492188
SWELL,2392.16,2392.16,00:39:52.16,00:39:52.16,0.0,0.0,-61.796592712402344,-65.78270721435547,11.792591094970703
HARSH,2392.96,2392.96,00:39:52.96,00:39:52.96,0.0,20.422964341891998,-46.33795166015625,-48.525421142578125,28.97217559814453
IMPACT,2392.96,2392.96,00:39:52.96,00:39:52.96,0.0,13.345770169580051,-46.33795166015625,-48.525421142578125,28.97217559814453
IMPACT,2394.368,2394.368,00:39:54.37,00:39:54.37,0.0,12.248724810089346,-45.62849044799805,-48.243682861328125,28.68905258178711
IMPACT,2395.52,2395.52,00:39:55.52,00:39:55.52,0.0,17.652815550104126,-45.89598083496094,-54.937355041503906,27.14116668701172
IMPACT,2396.352,2396.352,00:39:56.35,00:39:56.35,0.0,8.624785273244273,-48.16794967651367,-54.10612106323242,27.526447296142578
DRUM_RUN,2396.416,2396.416,00:39:56.42,00:39:56.42,0.0,2.168219344104979,-48.32537078857422,-53.94355010986328,25.041770935058594
SWELL,2397.152,2397.152,00:39:57.15,00:39:57.15,0.0,0.0,-57.434852600097656,-58.086734771728516,0.3838920593261719
IMPACT,2398.24,2398.24,00:39:58.24,00:39:58.24,0.0,10.985698872000883,-47.01496124267578,-52.294471740722656,17.549346923828125
HARSH,2398.752,2398.752,00:39:58.75,00:39:58.75,0.0,12.722682399818229,-47.60107421875,-55.656578063964844,17.404918670654297
RECOVERY,2400.288,2422.144,00:40:00.29,00:40:22.14,21.855999999999767,-0.16420579419257456,-62.34727943710416,-65.2658861506055,-3.937400996336463
HARSH,2401.952,2401.952,00:40:01.95,00:40:01.95,0.0,12.697997033918965,-55.66684341430664,-61.823516845703125,17.39244842529297
IMPACT,2401.952,2401.952,00:40:01.95,00:40:01.95,0.0,12.126669633277393,-55.66684341430664,-61.823516845703125,17.39244842529297
SWELL,2402.208,2402.208,00:40:02.21,00:40:02.21,0.0,0.0,-62.413883209228516,-64.44178771972656,5.90435791015625
SWELL,2407.328,2407.328,00:40:07.33,00:40:07.33,0.0,0.0,-64.08661651611328,-65.82952117919922,-2.7461776733398438
SWELL,2412.32,2412.32,00:40:12.32,00:40:12.32,0.0,0.0,-62.433753967285156,-65.79408264160156,-6.2705841064453125
SWELL,2417.344,2417.344,00:40:17.34,00:40:17.34,0.0,0.0,-60.63420867919922,-68.29428100585938,-5.774169921875
SWELL,2422.4,2422.4,00:40:22.40,00:40:22.40,0.0,0.0,-66.10095977783203,-68.86803436279297,-6.544830322265625
HARSH,2423.072,2423.072,00:40:23.07,00:40:23.07,0.0,17.493200337040566,-56.19724655151367,-66.790283203125,22.778167724609375
IMPACT,2424.864,2424.864,00:40:24.86,00:40:24.86,0.0,13.53937361938623,-58.326416015625,-69.44351959228516,18.035629272460938
SWELL,2427.744,2427.744,00:40:27.74,00:40:27.74,0.0,0.0,-67.38786315917969,-70.16361236572266,10.975421905517578
IMPACT,2428.608,2428.608,00:40:28.61,00:40:28.61,0.0,13.020956139272126,-51.01660919189453,-52.8547477722168,29.178245544433594
IMPACT,2430.592,2430.592,00:40:30.59,00:40:30.59,0.0,13.637865563236717,-37.408016204833984,-46.78945541381836,42.29922294616699
SWELL,2432.96,2432.96,00:40:32.96,00:40:32.96,0.0,0.0,-62.78432846069336,-64.2195053100586,-2.319366455078125
IMPACT,2433.184,2433.184,00:40:33.18,00:40:33.18,0.0,12.278933146362277,-53.90437316894531,-59.24435043334961,27.555278778076172
SWELL,2438.304,2438.304,00:40:38.30,00:40:38.30,0.0,0.0,-57.84381103515625,-62.01189041137695,16.049880981445312
IMPACT,2439.84,2439.84,00:40:39.84,00:40:39.84,0.0,10.20150014141946,-47.726470947265625,-53.48756408691406,30.734371185302734
BARRAGE,2441.344,2445.952,00:40:41.34,00:40:45.95,4.608000000000175,1.1839278991965867,-55.12358198494747,-59.92108851465686,19.974035144674367
IMPACT,2443.36,2443.36,00:40:43.36,00:40:43.36,0.0,10.408527661680413,-49.25261688232422,-58.594173431396484,28.879276275634766
SWELL,2443.424,2443.424,00:40:43.42,00:40:43.42,0.0,0.0,-52.06562423706055,-56.69258117675781,24.773876190185547
HARSH,2444.512,2444.512,00:40:44.51,00:40:44.51,0.0,18.910447120500265,-49.72591781616211,-66.2258529663086,26.53404998779297
IMPACT,2444.512,2444.512,00:40:44.51,00:40:44.51,0.0,10.667280748776928,-49.72591781616211,-66.2258529663086,26.53404998779297
DRUM_RUN,2444.992,2444.992,00:40:44.99,00:40:44.99,0.0,2.579543140018492,-46.463741302490234,-49.351776123046875,29.948745727539062
SWELL,2448.512,2448.512,00:40:48.51,00:40:48.51,0.0,0.0,-64.04107666015625,-67.00067901611328,1.2967758178710938
HARSH,2449.728,2449.728,00:40:49.73,00:40:49.73,0.0,12.33632321028575,-56.982810974121094,-61.53467559814453,16.031478881835938
IMPACT,2450.592,2450.592,00:40:50.59,00:40:50.59,0.0,9.377014505600656,-53.477935791015625,-61.01230239868164,27.881210327148438
IMPACT,2452.576,2452.576,00:40:52.58,00:40:52.58,0.0,8.617440205648386,-49.687442779541016,-56.26011276245117,21.142120361328125
SWELL,2453.728,2453.728,00:40:53.73,00:40:53.73,0.0,0.0,-57.13943862915039,-64.61006927490234,12.453521728515625
IMPACT,2453.792,2453.792,00:40:53.79,00:40:53.79,0.0,11.494331645795185,-43.78973388671875,-51.761474609375,30.33956527709961
IMPACT,2454.624,2454.624,00:40:54.62,00:40:54.62,0.0,9.110141722055205,-51.51304626464844,-62.7379035949707,18.714923858642578
HARSH,2456.8,2456.8,00:40:56.80,00:40:56.80,0.0,24.683775999553536,-53.27024841308594,-65.20291900634766,17.993549346923828
IMPACT,2456.8,2456.8,00:40:56.80,00:40:56.80,0.0,9.642520651987779,-53.27024841308594,-65.20291900634766,17.993549346923828
IMPACT,2457.824,2457.824,00:40:57.82,00:40:57.82,0.0,9.471605344024807,-50.03594207763672,-62.757511138916016,18.66244125366211
SWELL,2458.784,2458.784,00:40:58.78,00:40:58.78,0.0,0.0,-56.039432525634766,-66.02301788330078,-0.20149612426757812
HARSH,2463.36,2463.36,00:41:03.36,00:41:03.36,0.0,17.932053774349164,-46.170162200927734,-57.16703414916992,13.202762603759766
IMPACT,2463.36,2463.36,00:41:03.36,00:41:03.36,0.0,8.73909649682449,-46.170162200927734,-57.16703414916992,13.202762603759766
SWELL,2464.032,2464.032,00:41:04.03,00:41:04.03,0.0,0.0,-45.101844787597656,-55.806068420410156,6.486812591552734
IMPACT,2469.056,2469.056,00:41:09.06,00:41:09.06,0.0,8.584167399170177,-31.407089233398438,-32.07255554199219,25.619163513183594
SWELL,2469.12,2469.12,00:41:09.12,00:41:09.12,0.0,0.0,-35.875701904296875,-36.97483444213867,20.087387084960938
IMPACT,2472.672,2472.672,00:41:12.67,00:41:12.67,0.0,17.17210447599749,-26.512556076049805,-28.673255920410156,21.876583099365234
SWELL,2474.304,2474.304,00:41:14.30,00:41:14.30,0.0,0.0,-37.34737777709961,-41.22626495361328,-1.0656204223632812
SWELL,2479.36,2479.36,00:41:19.36,00:41:19.36,0.0,0.0,-39.53656768798828,-48.630088806152344,2.5495071411132812
SWELL,2484.448,2484.448,00:41:24.45,00:41:24.45,0.0,0.0,-33.92082977294922,-36.409385681152344,6.129467010498047
SWELL,2489.504,2489.504,00:41:29.50,00:41:29.50,0.0,0.0,-39.31184387207031,-40.84376525878906,19.260570526123047
IMPACT,2491.776,2491.776,00:41:31.78,00:41:31.78,0.0,9.218962598336557,-34.329978942871094,-40.298614501953125,26.524452209472656
SWELL,2494.528,2494.528,00:41:34.53,00:41:34.53,0.0,0.0,-43.36582946777344,-45.15427017211914,-8.700546264648438
SWELL,2499.712,2499.712,00:41:39.71,00:41:39.71,0.0,0.0,-25.68161392211914,-26.414596557617188,15.472085952758789
SWELL,2504.768,2504.768,00:41:44.77,00:41:44.77,0.0,0.0,-34.881431579589844,-41.45512390136719,-2.368480682373047
SWELL,2509.76,2509.76,00:41:49.76,00:41:49.76,0.0,0.0,-35.134361267089844,-36.82417297363281,9.68349838256836
SWELL,2514.816,2514.816,00:41:54.82,00:41:54.82,0.0,0.0,-38.033573150634766,-39.876304626464844,8.04739761352539
IMPACT,2517.536,2517.536,00:41:57.54,00:41:57.54,0.0,11.362197379958813,-39.77410888671875,-43.526607513427734,12.699813842773438
SWELL,2520.0,2520.0,00:42:00.00,00:42:00.00,0.0,0.0,-49.455230712890625,-53.280494689941406,2.6825027465820312
IMPACT,2521.184,2521.184,00:42:01.18,00:42:01.18,0.0,9.041782782231275,-32.174888610839844,-35.244014739990234,24.69023323059082
SWELL,2525.056,2525.056,00:42:05.06,00:42:05.06,0.0,0.0,-46.432857513427734,-48.54058074951172,3.198558807373047
IMPACT,2525.312,2525.312,00:42:05.31,00:42:05.31,0.0,8.756116247554647,-38.048065185546875,-46.110206604003906,22.6304874420166
HARSH,2528.0,2528.0,00:42:08.00,00:42:08.00,0.0,15.60122966219168,-47.66822052001953,-53.856510162353516,19.56414031982422
SWELL,2530.112,2530.112,00:42:10.11,00:42:10.11,0.0,0.0,-43.68348693847656,-47.85667037963867,16.151046752929688
HARSH,2534.56,2534.56,00:42:14.56,00:42:14.56,0.0,15.279193955904422,-44.923587799072266,-51.72705078125,9.239791870117188
SWELL,2535.264,2535.264,00:42:15.26,00:42:15.26,0.0,0.0,-44.322147369384766,-50.131202697753906,1.7508163452148438
HIGH_LOAD,2537.28,2543.392,00:42:17.28,00:42:23.39,6.111999999999625,0.5467459375351348,-31.756819287935894,-38.095285733540855,1.0296720763047535
SWELL,2540.32,2540.32,00:42:20.32,00:42:20.32,0.0,0.0,-31.34998321533203,-38.42244338989258,-6.075473785400391
HARSH,2542.176,2542.176,00:42:22.18,00:42:22.18,0.0,15.396903253112484,-27.190675735473633,-31.749439239501953,19.9976806640625
SWELL,2545.344,2545.344,00:42:25.34,00:42:25.34,0.0,0.0,-43.16381072998047,-47.98651123046875,19.745346069335938
IMPACT,2547.456,2547.456,00:42:27.46,00:42:27.46,0.0,10.025568446079614,-37.56521224975586,-45.28324890136719,23.19866180419922
HARSH,2549.536,2549.536,00:42:29.54,00:42:29.54,0.0,16.29708971274781,-48.040000915527344,-55.607452392578125,20.535621643066406
SWELL,2550.72,2550.72,00:42:30.72,00:42:30.72,0.0,0.0,-44.23384094238281,-45.93138122558594,9.211406707763672
HIGH_LOAD,2552.832,2558.432,00:42:32.83,00:42:38.43,5.599999999999909,0.5474746169653127,-44.37906256589022,-49.38946431333368,18.660862142389472
HARSH,2553.12,2553.12,00:42:33.12,00:42:33.12,0.0,17.00586505164044,-38.79783248901367,-44.65250015258789,17.084632873535156
IMPACT,2553.12,2553.12,00:42:33.12,00:42:33.12,0.0,9.96515891659537,-38.79783248901367,-44.65250015258789,17.084632873535156
IMPACT,2555.648,2555.648,00:42:35.65,00:42:35.65,0.0,9.986282888924457,-41.39427185058594,-48.17032241821289,22.664228439331055
SWELL,2555.776,2555.776,00:42:35.78,00:42:35.78,0.0,0.0,-41.943199157714844,-48.88798522949219,26.20012855529785
HARSH,2556.224,2556.224,00:42:36.22,00:42:36.22,0.0,14.858869613800081,-47.01057815551758,-51.190242767333984,15.306648254394531
IMPACT,2557.824,2557.824,00:42:37.82,00:42:37.82,0.0,10.951429849455414,-47.64735412597656,-55.19377899169922,19.303470611572266
HIGH_LOAD,2559.584,2568.448,00:42:39.58,00:42:48.45,8.864000000000033,0.6366085150511752,-42.234433105523635,-47.54359171201857,19.38026821699074
IMPACT,2559.744,2559.744,00:42:39.74,00:42:39.74,0.0,8.295716387463091,-46.348388671875,-58.353492736816406,24.788795471191406
HARSH,2559.776,2559.776,00:42:39.78,00:42:39.78,0.0,21.930402164107498,-46.07643508911133,-53.299522399902344,24.929386138916016
BARRAGE,2560.736,2568.416,00:42:40.74,00:42:48.42,7.680000000000291,1.722128817035232,-40.983007842574374,-46.58839451326869,19.84648013213858
IMPACT,2561.12,2561.12,00:42:41.12,00:42:41.12,0.0,11.716040782763217,-50.0831298828125,-54.272438049316406,21.32372283935547
SWELL,2561.184,2561.184,00:42:41.18,00:42:41.18,0.0,0.0,-44.59446716308594,-49.41514587402344,27.142959594726562
IMPACT,2561.888,2561.888,00:42:41.89,00:42:41.89,0.0,8.761817075290772,-46.33355712890625,-51.7955322265625,17.760841369628906
IMPACT,2562.656,2562.656,00:42:42.66,00:42:42.66,0.0,8.398051176513498,-45.86141586303711,-49.600006103515625,11.88222885131836
HARSH,2563.456,2563.456,00:42:43.46,00:42:43.46,0.0,14.629754643033541,-50.357608795166016,-52.966285705566406,10.694583892822266
IMPACT,2563.744,2563.744,00:42:43.74,00:42:43.74,0.0,9.89143340101761,-34.52647399902344,-40.22223663330078,24.11742401123047
IMPACT,2564.64,2564.64,00:42:44.64,00:42:44.64,0.0,8.50945259469645,-35.26939010620117,-45.0246467590332,33.2064266204834
DRUM_RUN,2565.664,2565.664,00:42:45.66,00:42:45.66,0.0,3.1981556869452787,-39.46683883666992,-45.01617431640625,29.954456329345703
SWELL,2566.272,2566.272,00:42:46.27,00:42:46.27,0.0,0.0,-39.924560546875,-50.023460388183594,24.005535125732422
HARSH,2566.784,2566.784,00:42:46.78,00:42:46.78,0.0,14.140077102647863,-41.97036361694336,-46.04598617553711,13.982933044433594
IMPACT,2566.816,2566.816,00:42:46.82,00:42:46.82,0.0,9.079826452282987,-43.94035339355469,-46.312286376953125,9.883831024169922
IMPACT,2569.312,2569.312,00:42:49.31,00:42:49.31,0.0,10.388296626073004,-44.76925277709961,-51.97532272338867,15.424259185791016
SWELL,2571.264,2571.264,00:42:51.26,00:42:51.26,0.0,0.0,-42.76232147216797,-46.56060791015625,14.023971557617188
IMPACT,2572.832,2572.832,00:42:52.83,00:42:52.83,0.0,10.369832144263501,-44.482261657714844,-47.819122314453125,9.60103988647461
HARSH,2573.856,2573.856,00:42:53.86,00:42:53.86,0.0,30.90394409035664,-45.583213806152344,-54.826499938964844,18.811843872070312
IMPACT,2573.856,2573.856,00:42:53.86,00:42:53.86,0.0,12.720827668888717,-45.583213806152344,-54.826499938964844,18.811843872070312
IMPACT,2575.104,2575.104,00:42:55.10,00:42:55.10,0.0,9.8309674582574,-47.33612823486328,-51.01176834106445,13.309730529785156
SWELL,2576.256,2576.256,00:42:56.26,00:42:56.26,0.0,0.0,-40.285789489746094,-49.862483978271484,24.739727020263672
IMPACT,2576.8,2576.8,00:42:56.80,00:42:56.80,0.0,9.22937029190795,-48.78916931152344,-51.726783752441406,11.27761459350586
IMPACT,2581.184,2581.184,00:43:01.18,00:43:01.18,0.0,9.82522329914501,-53.429405212402344,-57.67591857910156,10.417213439941406
SWELL,2581.44,2581.44,00:43:01.44,00:43:01.44,0.0,0.0,-52.601070404052734,-55.70363998413086,0.9729537963867188
SWELL,2586.592,2586.592,00:43:06.59,00:43:06.59,0.0,0.0,-47.1867561340332,-50.29478073120117,-3.235584259033203
IMPACT,2589.728,2589.728,00:43:09.73,00:43:09.73,0.0,8.924559560954899,-42.347530364990234,-44.829715728759766,17.369853973388672
HARSH,2590.208,2590.208,00:43:10.21,00:43:10.21,0.0,16.263678852991976,-41.31877517700195,-49.145835876464844,18.759857177734375
SWELL,2591.68,2591.68,00:43:11.68,00:43:11.68,0.0,0.0,-48.761322021484375,-51.514469146728516,1.7457466125488281
HARSH,2593.824,2593.824,00:43:13.82,00:43:13.82,0.0,14.19271429699806,-42.073577880859375,-46.2882080078125,5.482757568359375
SWELL,2596.736,2596.736,00:43:16.74,00:43:16.74,0.0,0.0,-36.28187942504883,-38.89038848876953,-3.4199752807617188
SWELL,2601.984,2601.984,00:43:21.98,00:43:21.98,0.0,0.0,-30.64920425415039,-33.446163177490234,-5.702251434326172
SWELL,2606.976,2606.976,00:43:26.98,00:43:26.98,0.0,0.0,-38.6635856628418,-41.18706130981445,-1.9189529418945312
SWELL,2612.064,2612.064,00:43:32.06,00:43:32.06,0.0,0.0,-30.268856048583984,-32.22434616088867,-3.1264991760253906
SWELL,2617.056,2617.056,00:43:37.06,00:43:37.06,0.0,0.0,-37.4455680847168,-39.50376892089844,4.9340667724609375
HARSH,2617.12,2617.12,00:43:37.12,00:43:37.12,0.0,13.411950938033808,-37.4155387878418,-40.05866241455078,8.335269927978516
HIGH_LOAD,2619.904,2627.552,00:43:39.90,00:43:47.55,7.648000000000138,0.5758499636904023,-51.5029718875885,-58.24998267491659,23.867496792475382
HARSH,2620.32,2620.32,00:43:40.32,00:43:40.32,0.0,24.547075263285013,-42.11674499511719,-44.333133697509766,21.354412078857422
IMPACT,2620.32,2620.32,00:43:40.32,00:43:40.32,0.0,10.713981865646543,-42.11674499511719,-44.333133697509766,21.354412078857422
BARRAGE,2620.544,2627.872,00:43:40.54,00:43:47.87,7.3279999999999745,1.5689204386563078,-52.81294356636379,-59.71716020003609,23.963032573202383
IMPACT,2621.792,2621.792,00:43:41.79,00:43:41.79,0.0,11.77176613524056,-43.487586975097656,-55.328269958496094,28.444087982177734
SWELL,2622.24,2622.24,00:43:42.24,00:43:42.24,0.0,0.0,-62.73225402832031,-64.43800354003906,0.20964813232421875
IMPACT,2622.784,2622.784,00:43:42.78,00:43:42.78,0.0,10.204506536927724,-45.245662689208984,-52.78158187866211,32.85050964355469
IMPACT,2624.096,2624.096,00:43:44.10,00:43:44.10,0.0,18.11791875320682,-53.288063049316406,-66.57140350341797,29.639469146728516
HARSH,2625.024,2625.024,00:43:45.02,00:43:45.02,0.0,20.594841040235437,-65.88668823242188,-69.69229888916016,14.584815979003906
IMPACT,2625.44,2625.44,00:43:45.44,00:43:45.44,0.0,12.18176468341481,-53.49996566772461,-58.731101989746094,29.274391174316406
SWELL,2627.296,2627.296,00:43:47.30,00:43:47.30,0.0,0.0,-56.66062927246094,-58.627227783203125,28.359588623046875
IMPACT,2627.424,2627.424,00:43:47.42,00:43:47.42,0.0,9.056322678674738,-48.42380142211914,-56.90696334838867,34.222511291503906
IMPACT,2628.416,2628.416,00:43:48.42,00:43:48.42,0.0,12.204370698319504,-47.82815933227539,-55.378150939941406,37.783050537109375
HARSH,2631.392,2631.392,00:43:51.39,00:43:51.39,0.0,18.053269686648424,-50.202003479003906,-60.24467468261719,35.02177810668945
SWELL,2632.448,2632.448,00:43:52.45,00:43:52.45,0.0,0.0,-68.42301177978516,-69.43547058105469,5.527748107910156
IMPACT,2633.6,2633.6,00:43:53.60,00:43:53.60,0.0,12.053442933790881,-50.24864959716797,-54.32096862792969,30.484973907470703
IMPACT,2636.192,2636.192,00:43:56.19,00:43:56.19,0.0,9.451398123135435,-51.49951171875,-56.54855728149414,28.07624053955078
HARSH,2636.64,2636.64,00:43:56.64,00:43:56.64,0.0,20.27708383843468,-57.28289794921875,-60.688175201416016,21.7144775390625
SWELL,2637.472,2637.472,00:43:57.47,00:43:57.47,0.0,0.0,-65.6297836303711,-66.28726196289062,-0.1601409912109375
BARRAGE,2638.272,2642.56,00:43:58.27,00:44:02.56,4.288000000000011,1.32044341579274,-49.3864852400387,-54.12933515099918,25.03731686928693
IMPACT,2638.368,2638.368,00:43:58.37,00:43:58.37,0.0,12.029529343551564,-52.648170471191406,-60.25868225097656,26.683998107910156
HARSH,2640.416,2640.416,00:44:00.42,00:44:00.42,0.0,18.991237729686535,-51.64573287963867,-61.64794921875,24.12555694580078
IMPACT,2640.416,2640.416,00:44:00.42,00:44:00.42,0.0,9.878067753387173,-51.64573287963867,-61.64794921875,24.12555694580078
IMPACT,2641.472,2641.472,00:44:01.47,00:44:01.47,0.0,9.100521143175616,-44.146080017089844,-53.80815505981445,23.281448364257812
SWELL,2642.432,2642.432,00:44:02.43,00:44:02.43,0.0,0.0,-46.76116943359375,-48.699546813964844,24.857879638671875
IMPACT,2642.688,2642.688,00:44:02.69,00:44:02.69,0.0,8.77072440225595,-53.144447326660156,-57.395572662353516,17.86579132080078
IMPACT,2643.424,2643.424,00:44:03.42,00:44:03.42,0.0,11.43696518990864,-48.77600860595703,-55.63976287841797,22.474220275878906
SWELL,2647.488,2647.488,00:44:07.49,00:44:07.49,0.0,0.0,-43.21638488769531,-43.621856689453125,1.1856765747070312
SWELL,2652.544,2652.544,00:44:12.54,00:44:12.54,0.0,0.0,-36.657196044921875,-37.428131103515625,4.179450988769531
SWELL,2657.536,2657.536,00:44:17.54,00:44:17.54,0.0,0.0,-26.09823226928711,-27.818618774414062,4.629718780517578
SWELL,2662.56,2662.56,00:44:22.56,00:44:22.56,0.0,0.0,-26.338489532470703,-28.90534210205078,2.9083938598632812
SWELL,2667.744,2667.744,00:44:27.74,00:44:27.74,0.0,0.0,-35.74287033081055,-36.8110237121582,5.296871185302734
SWELL,2672.832,2672.832,00:44:32.83,00:44:32.83,0.0,0.0,-34.39781188964844,-34.816017150878906,6.843883514404297
SWELL,2677.824,2677.824,00:44:37.82,00:44:37.82,0.0,0.0,-35.16059112548828,-35.5531005859375,6.870502471923828
SWELL,2683.008,2683.008,00:44:43.01,00:44:43.01,0.0,0.0,-33.55956268310547,-34.047332763671875,6.468292236328125
SWELL,2688.096,2688.096,00:44:48.10,00:44:48.10,0.0,0.0,-33.84454345703125,-34.47511291503906,5.477069854736328
SWELL,2693.12,2693.12,00:44:53.12,00:44:53.12,0.0,0.0,-37.73903274536133,-38.195411682128906,6.856433868408203
SWELL,2698.208,2698.208,00:44:58.21,00:44:58.21,0.0,0.0,-39.65300750732422,-41.53469467163086,6.835601806640625
SWELL,2703.264,2703.264,00:45:03.26,00:45:03.26,0.0,0.0,-41.78044128417969,-43.784297943115234,3.930164337158203
IMPACT,2706.592,2706.592,00:45:06.59,00:45:06.59,0.0,8.242288679864371,-40.35343933105469,-42.611412048339844,21.49042320251465
RECOVERY,2706.88,2715.552,00:45:06.88,00:45:15.55,8.672000000000025,-0.23687639697593804,-40.062591174069574,-40.94808103056515,5.840884741614847
SWELL,2708.32,2708.32,00:45:08.32,00:45:08.32,0.0,0.0,-43.283851623535156,-45.108131408691406,5.251167297363281
SWELL,2713.44,2713.44,00:45:13.44,00:45:13.44,0.0,0.0,-36.99229431152344,-37.39590072631836,6.292087554931641
IMPACT,2716.832,2716.832,00:45:16.83,00:45:16.83,0.0,8.897697092343458,-35.87095642089844,-37.447078704833984,16.4482364654541
SWELL,2718.624,2718.624,00:45:18.62,00:45:18.62,0.0,0.0,-34.62199020385742,-35.01350021362305,6.736083984375
SWELL,2723.648,2723.648,00:45:23.65,00:45:23.65,0.0,0.0,-35.26437759399414,-35.56980514526367,6.844997406005859
SWELL,2728.64,2728.64,00:45:28.64,00:45:28.64,0.0,0.0,-29.844770431518555,-30.796894073486328,6.496721267700195
SWELL,2733.632,2733.632,00:45:33.63,00:45:33.63,0.0,0.0,-25.588485717773438,-25.95851707458496,7.19441032409668
SWELL,2738.912,2738.912,00:45:38.91,00:45:38.91,0.0,0.0,-46.48834991455078,-47.237937927246094,9.436260223388672
SWELL,2744.128,2744.128,00:45:44.13,00:45:44.13,0.0,0.0,-47.751304626464844,-47.80696105957031,-8.20904541015625
IMPACT,2746.816,2746.816,00:45:46.82,00:45:46.82,0.0,11.33410563593084,-47.51552200317383,-54.255043029785156,21.80809783935547
IMPACT,2748.064,2748.064,00:45:48.06,00:45:48.06,0.0,9.972959208813688,-44.501617431640625,-53.87783432006836,23.817882537841797
HARSH,2748.96,2748.96,00:45:48.96,00:45:48.96,0.0,15.80466575778024,-51.81293869018555,-54.99714660644531,11.28176498413086
IMPACT,2748.992,2748.992,00:45:48.99,00:45:48.99,0.0,10.978920797479715,-51.98026657104492,-55.35032653808594,11.545066833496094
SWELL,2749.696,2749.696,00:45:49.70,00:45:49.70,0.0,0.0,-53.6806640625,-54.5351448059082,7.863494873046875
RECOVERY,2749.76,2755.584,00:45:49.76,00:45:55.58,5.823999999999614,-0.1755962154709592,-54.7912853011668,-55.36891720464321,-9.316219892658172
SWELL,2754.976,2754.976,00:45:54.98,00:45:54.98,0.0,0.0,-53.715003967285156,-53.85416030883789,-21.151138305664062
IMPACT,2756.608,2756.608,00:45:56.61,00:45:56.61,0.0,8.717137762172197,-48.25319290161133,-52.803836822509766,16.232738494873047
HARSH,2758.112,2758.112,00:45:58.11,00:45:58.11,0.0,15.700834795653856,-48.8972282409668,-55.86119842529297,19.847606658935547
BARRAGE,2759.936,2765.312,00:45:59.94,00:46:05.31,5.375999999999749,1.48796098998883,-49.9374272739186,-53.16166644376867,9.944361776464126
SWELL,2759.968,2759.968,00:45:59.97,00:45:59.97,0.0,0.0,-55.83150863647461,-55.95663070678711,-15.074054718017578
IMPACT,2761.184,2761.184,00:46:01.18,00:46:01.18,0.0,9.10763740303882,-48.39775466918945,-53.8631591796875,16.04812240600586
IMPACT,2762.208,2762.208,00:46:02.21,00:46:02.21,0.0,11.304094156415198,-51.964683532714844,-53.27617645263672,8.169273376464844
HARSH,2763.424,2763.424,00:46:03.42,00:46:03.42,0.0,19.169146942517614,-52.183250427246094,-56.42525100708008,14.41983413696289
IMPACT,2763.616,2763.616,00:46:03.62,00:46:03.62,0.0,12.543879399076145,-51.05426788330078,-56.27790069580078,16.72370147705078
SWELL,2765.216,2765.216,00:46:05.22,00:46:05.22,0.0,0.0,-56.22069549560547,-56.486934661865234,-9.118892669677734
IMPACT,2765.792,2765.792,00:46:05.79,00:46:05.79,0.0,8.752211737605856,-50.93043518066406,-53.43730163574219,9.914947509765625
IMPACT,2768.096,2768.096,00:46:08.10,00:46:08.10,0.0,9.2795071822841,-51.97114562988281,-57.272064208984375,15.75491714477539
HARSH,2768.128,2768.128,00:46:08.13,00:46:08.13,0.0,13.083393040308833,-51.92695999145508,-57.976627349853516,16.832839965820312
IMPACT,2769.824,2769.824,00:46:09.82,00:46:09.82,0.0,8.19716695845203,-51.221282958984375,-55.12581253051758,12.79494857788086
SWELL,2770.24,2770.24,00:46:10.24,00:46:10.24,0.0,0.0,-57.4495735168457,-57.81919860839844,-16.00177001953125
IMPACT,2771.84,2771.84,00:46:11.84,00:46:11.84,0.0,12.707606466304055,-51.20210647583008,-53.7204704284668,10.041175842285156
IMPACT,2773.344,2773.344,00:46:13.34,00:46:13.34,0.0,14.95397358569674,-52.29969024658203,-55.87312698364258,12.403411865234375
SWELL,2775.424,2775.424,00:46:15.42,00:46:15.42,0.0,0.0,-46.748382568359375,-52.40794372558594,22.272785186767578
IMPACT,2776.0,2776.0,00:46:16.00,00:46:16.00,0.0,9.59603822345475,-50.28324508666992,-55.995567321777344,16.538959503173828
HARSH,2777.088,2777.088,00:46:17.09,00:46:17.09,0.0,14.038229309095472,-47.673892974853516,-54.44761276245117,17.898033142089844
IMPACT,2779.072,2779.072,00:46:19.07,00:46:19.07,0.0,10.158225350209516,-54.23870849609375,-57.05842590332031,10.856437683105469
BARRAGE,2779.712,2783.2,00:46:19.71,00:46:23.20,3.487999999999829,1.5774249346214209,-48.138679851185195,-52.18420965021307,16.352098534323954
IMPACT,2779.968,2779.968,00:46:19.97,00:46:19.97,0.0,10.681737867507424,-43.826446533203125,-49.09038543701172,27.126476287841797
SWELL,2780.576,2780.576,00:46:20.58,00:46:20.58,0.0,0.0,-41.77009201049805,-50.38604736328125,24.694080352783203
HARSH,2781.024,2781.024,00:46:21.02,00:46:21.02,0.0,22.675337677203395,-43.63819122314453,-53.96540069580078,24.73367691040039
IMPACT,2781.024,2781.024,00:46:21.02,00:46:21.02,0.0,9.915419568103376,-43.63819122314453,-53.96540069580078,24.73367691040039
IMPACT,2782.496,2782.496,00:46:22.50,00:46:22.50,0.0,8.472133992923371,-43.0770263671875,-53.228904724121094,20.812240600585938
IMPACT,2783.488,2783.488,00:46:23.49,00:46:23.49,0.0,8.514420904162058,-48.158851623535156,-51.02618408203125,13.450782775878906
SWELL,2785.632,2785.632,00:46:25.63,00:46:25.63,0.0,0.0,-59.004573822021484,-59.363155364990234,-21.96710205078125
IMPACT,2787.456,2787.456,00:46:27.46,00:46:27.46,0.0,16.750281856752114,-45.97529602050781,-53.14447021484375,19.986148834228516
HARSH,2787.552,2787.552,00:46:27.55,00:46:27.55,0.0,14.116215251596682,-47.346656799316406,-50.798789978027344,12.871612548828125
IMPACT,2790.496,2790.496,00:46:30.50,00:46:30.50,0.0,11.362938196992696,-43.416412353515625,-45.88072204589844,18.061439514160156
SWELL,2790.752,2790.752,00:46:30.75,00:46:30.75,0.0,0.0,-41.85445785522461,-43.75028991699219,19.76114273071289
SWELL,2795.84,2795.84,00:46:35.84,00:46:35.84,0.0,0.0,-41.70451736450195,-42.11351776123047,-8.013607025146484
SWELL,2800.96,2800.96,00:46:40.96,00:46:40.96,0.0,0.0,-34.52705764770508,-34.66645431518555,-16.11123275756836
SWELL,2806.048,2806.048,00:46:46.05,00:46:46.05,0.0,0.0,-34.8296012878418,-35.260009765625,-16.68675994873047
SWELL,2811.104,2811.104,00:46:51.10,00:46:51.10,0.0,0.0,-39.41529083251953,-40.17717361450195,-11.157890319824219
SWELL,2816.224,2816.224,00:46:56.22,00:46:56.22,0.0,0.0,-36.852272033691406,-37.2911491394043,-19.12024688720703
SWELL,2821.216,2821.216,00:47:01.22,00:47:01.22,0.0,0.0,-35.993499755859375,-36.306827545166016,-19.924182891845703
SWELL,2826.336,2826.336,00:47:06.34,00:47:06.34,0.0,0.0,-36.747222900390625,-36.865291595458984,-11.42745590209961
SWELL,2831.328,2831.328,00:47:11.33,00:47:11.33,0.0,0.0,-39.939693450927734,-40.070804595947266,-17.60424041748047
IMPACT,2831.616,2831.616,00:47:11.62,00:47:11.62,0.0,9.307546192541382,-39.63430404663086,-40.59403991699219,4.913116455078125
IMPACT,2834.656,2834.656,00:47:14.66,00:47:14.66,0.0,17.609156489485134,-38.5491828918457,-48.0355224609375,21.832275390625
SWELL,2836.544,2836.544,00:47:16.54,00:47:16.54,0.0,0.0,-49.01504135131836,-55.973873138427734,28.787410736083984
HARSH,2836.576,2836.576,00:47:16.58,00:47:16.58,0.0,23.74605307436141,-44.187164306640625,-57.633819580078125,34.0244140625
IMPACT,2836.64,2836.64,00:47:16.64,00:47:16.64,0.0,12.313898957514862,-40.90220642089844,-64.71728515625,37.55238151550293
IMPACT,2838.048,2838.048,00:47:18.05,00:47:18.05,0.0,8.832225676235835,-50.1679573059082,-52.6399040222168,29.873249053955078
SWELL,2841.792,2841.792,00:47:21.79,00:47:21.79,0.0,0.0,-50.77710723876953,-55.948814392089844,27.230972290039062
IMPACT,2842.208,2842.208,00:47:22.21,00:47:22.21,0.0,10.32951352620044,-45.97394943237305,-51.74919128417969,30.60083770751953
HARSH,2842.784,2842.784,00:47:22.78,00:47:22.78,0.0,22.28086757392003,-51.904815673828125,-56.97675323486328,23.911693572998047
IMPACT,2842.976,2842.976,00:47:22.98,00:47:22.98,0.0,11.639833899738969,-49.07394027709961,-52.650238037109375,26.735950469970703
SWELL,2846.944,2846.944,00:47:26.94,00:47:26.94,0.0,0.0,-53.518062591552734,-55.94499588012695,16.26769256591797
HARSH,2847.264,2847.264,00:47:27.26,00:47:27.26,0.0,15.730026317928916,-55.10310363769531,-58.69277572631836,16.96014404296875
IMPACT,2847.52,2847.52,00:47:27.52,00:47:27.52,0.0,9.264259825793479,-48.38019943237305,-58.72222137451172,22.901119232177734
SWELL,2852.096,2852.096,00:47:32.10,00:47:32.10,0.0,0.0,-62.00001525878906,-65.0960693359375,11.152305603027344
HARSH,2852.384,2852.384,00:47:32.38,00:47:32.38,0.0,20.616016566956773,-51.98649597167969,-58.47439193725586,24.25338363647461
IMPACT,2852.448,2852.448,00:47:32.45,00:47:32.45,0.0,8.997591964338957,-47.20233917236328,-55.05729293823242,29.63886260986328
IMPACT,2854.176,2854.176,00:47:34.18,00:47:34.18,0.0,13.237033495298665,-47.95729064941406,-55.274906158447266,29.272354125976562
RECOVERY,2854.88,2860.0,00:47:34.88,00:47:40.00,5.119999999999891,-0.17427012451069293,-64.63523630177752,-68.45475757196083,3.931519526132145
SWELL,2857.088,2857.088,00:47:37.09,00:47:37.09,0.0,0.0,-65.6400375366211,-68.95891571044922,2.25030517578125
HARSH,2861.024,2861.024,00:47:41.02,00:47:41.02,0.0,26.625050733990445,-57.061004638671875,-67.41559600830078,20.829448699951172
IMPACT,2861.024,2861.024,00:47:41.02,00:47:41.02,0.0,10.647744071761347,-57.061004638671875,-67.41559600830078,20.829448699951172
SWELL,2862.272,2862.272,00:47:42.27,00:47:42.27,0.0,0.0,-49.928016662597656,-58.51005172729492,26.173511505126953
IMPACT,2862.72,2862.72,00:47:42.72,00:47:42.72,0.0,11.142287100957923,-57.47379684448242,-64.05208587646484,18.216678619384766
IMPACT,2864.576,2864.576,00:47:44.58,00:47:44.58,0.0,8.284735819492242,-52.849098205566406,-58.03020095825195,23.937175750732422
HARSH,2865.088,2865.088,00:47:45.09,00:47:45.09,0.0,22.400690689844986,-56.15863037109375,-63.090877532958984,18.73723602294922
SWELL,2867.424,2867.424,00:47:47.42,00:47:47.42,0.0,0.0,-62.270538330078125,-63.866268157958984,1.0324516296386719
IMPACT,2868.96,2868.96,00:47:48.96,00:47:48.96,0.0,10.712301033908753,-54.559791564941406,-64.5870361328125,19.104583740234375
IMPACT,2870.112,2870.112,00:47:50.11,00:47:50.11,0.0,10.717123071773173,-50.842262268066406,-62.28083801269531,24.715660095214844
HARSH,2870.88,2870.88,00:47:50.88,00:47:50.88,0.0,26.81658858778821,-54.45863723754883,-63.737205505371094,21.51919937133789
IMPACT,2870.88,2870.88,00:47:50.88,00:47:50.88,0.0,14.715916918152624,-54.45863723754883,-63.737205505371094,21.51919937133789
SWELL,2872.416,2872.416,00:47:52.42,00:47:52.42,0.0,0.0,-61.9185791015625,-64.2345962524414,-6.044532775878906
IMPACT,2873.024,2873.024,00:47:53.02,00:47:53.02,0.0,12.887413928423928,-46.91558837890625,-63.466094970703125,25.434783935546875
IMPACT,2875.04,2875.04,00:47:55.04,00:47:55.04,0.0,10.142846839718128,-44.09706497192383,-52.174530029296875,27.656578063964844
SWELL,2877.568,2877.568,00:47:57.57,00:47:57.57,0.0,0.0,-58.86831283569336,-60.44898986816406,-7.991889953613281
HARSH,2881.12,2881.12,00:48:01.12,00:48:01.12,0.0,15.570764081738428,-50.83207702636719,-56.26630783081055,20.226940155029297
IMPACT,2881.664,2881.664,00:48:01.66,00:48:01.66,0.0,10.174669166456663,-51.09130096435547,-56.63618469238281,20.62069320678711
RECOVERY,2882.176,2895.392,00:48:02.18,00:48:15.39,13.215999999999894,-0.16632626050552965,-53.95046568607938,-58.63239759177977,-2.936460983350081
SWELL,2882.56,2882.56,00:48:02.56,00:48:02.56,0.0,0.0,-61.47430419921875,-65.63750457763672,-3.613048553466797
HARSH,2884.544,2884.544,00:48:04.54,00:48:04.54,0.0,21.01993033147623,-55.33088302612305,-61.60809326171875,16.25102996826172
IMPACT,2884.576,2884.576,00:48:04.58,00:48:04.58,0.0,8.356193745471272,-55.750335693359375,-62.05241775512695,16.249954223632812
SWELL,2887.616,2887.616,00:48:07.62,00:48:07.62,0.0,0.0,-54.49405288696289,-58.939964294433594,-5.574775695800781
SWELL,2892.608,2892.608,00:48:12.61,00:48:12.61,0.0,0.0,-51.36885070800781,-56.45137023925781,-5.601661682128906
SWELL,2897.792,2897.792,00:48:17.79,00:48:17.79,0.0,0.0,-31.029747009277344,-34.438438415527344,-5.909912109375
SWELL,2902.88,2902.88,00:48:22.88,00:48:22.88,0.0,0.0,-29.882476806640625,-35.76518249511719,-9.043924331665039
SWELL,2907.904,2907.904,00:48:27.90,00:48:27.90,0.0,0.0,-35.852455139160156,-38.298545837402344,-7.247753143310547
HIGH_LOAD,2911.616,2924.896,00:48:31.62,00:48:44.90,13.2800000000002,0.588622169215413,-41.39911227042858,-43.45992012207325,8.935843733640818
BARRAGE,2911.648,2925.056,00:48:31.65,00:48:45.06,13.407999999999902,1.473118615684834,-41.46921234130859,-43.53398583730062,8.972824014936174
IMPACT,2911.712,2911.712,00:48:31.71,00:48:31.71,0.0,8.880800417117797,-36.03567886352539,-39.922122955322266,13.419637680053711
SWELL,2912.896,2912.896,00:48:32.90,00:48:32.90,0.0,0.0,-42.362247467041016,-43.00144577026367,3.8828506469726562
HARSH,2915.776,2915.776,00:48:35.78,00:48:35.78,0.0,12.73437635409151,-38.75590133666992,-43.76459503173828,15.884410858154297
IMPACT,2915.776,2915.776,00:48:35.78,00:48:35.78,0.0,11.800738800411427,-38.75590133666992,-43.76459503173828,15.884410858154297
SWELL,2918.24,2918.24,00:48:38.24,00:48:38.24,0.0,0.0,-42.85113525390625,-43.131832122802734,-3.961925506591797
IMPACT,2919.488,2919.488,00:48:39.49,00:48:39.49,0.0,8.751103396253269,-37.896095275878906,-43.29135513305664,20.222627639770508
HARSH,2919.552,2919.552,00:48:39.55,00:48:39.55,0.0,13.250097726043228,-38.65536117553711,-44.36676788330078,16.00374984741211
IMPACT,2922.016,2922.016,00:48:42.02,00:48:42.02,0.0,9.196314820783545,-37.28245544433594,-40.73047637939453,16.378929138183594
SWELL,2923.392,2923.392,00:48:43.39,00:48:43.39,0.0,0.0,-47.6286735534668,-47.97188186645508,-1.9669761657714844
IMPACT,2923.84,2923.84,00:48:43.84,00:48:43.84,0.0,8.471166551063293,-38.403289794921875,-49.720237731933594,22.508283615112305
HARSH,2923.904,2923.904,00:48:43.90,00:48:43.90,0.0,12.602479527447866,-38.63099670410156,-46.861289978027344,21.40139389038086
IMPACT,2924.704,2924.704,00:48:44.70,00:48:44.70,0.0,10.034761333466978,-44.438079833984375,-50.59726333618164,17.140750885009766
IMPACT,2925.792,2925.792,00:48:45.79,00:48:45.79,0.0,8.694993500425548,-50.86509704589844,-53.3126220703125,12.577407836914062
BARRAGE,2927.488,2931.712,00:48:47.49,00:48:51.71,4.22400000000016,1.1685245975998355,-41.370120199103106,-43.47273397804203,3.8451606635760545
HIGH_LOAD,2927.488,2935.872,00:48:47.49,00:48:55.87,8.384000000000015,0.5327901658843304,-37.86979314129616,-39.435218629728254,-1.5733797414221238
IMPACT,2927.584,2927.584,00:48:47.58,00:48:47.58,0.0,9.26801787395983,-38.52767562866211,-41.809226989746094,24.479644775390625
HARSH,2927.712,2927.712,00:48:47.71,00:48:47.71,0.0,15.384907870393576,-42.60898971557617,-49.20588684082031,21.697525024414062
IMPACT,2928.64,2928.64,00:48:48.64,00:48:48.64,0.0,10.346989769695012,-42.073822021484375,-47.03054428100586,16.560733795166016
SWELL,2929.152,2929.152,00:48:49.15,00:48:49.15,0.0,0.0,-40.755348205566406,-44.38279724121094,15.341304779052734
IMPACT,2930.016,2930.016,00:48:50.02,00:48:50.02,0.0,8.366521979319945,-46.395530700683594,-46.83919906616211,-5.9291534423828125
IMPACT,2931.456,2931.456,00:48:51.46,00:48:51.46,0.0,12.79331600137003,-31.186786651611328,-33.12317657470703,-9.19760513305664
IMPACT,2932.192,2932.192,00:48:52.19,00:48:52.19,0.0,12.659506548531438,-32.477962493896484,-37.444488525390625,-10.37551498413086
DRUM_RUN,2933.28,2933.28,00:48:53.28,00:48:53.28,0.0,2.013743610358049,-37.38737869262695,-37.566287994384766,-6.345161437988281
IMPACT,2933.632,2933.632,00:48:53.63,00:48:53.63,0.0,11.38096187512852,-35.541072845458984,-36.912994384765625,-8.418567657470703
SWELL,2934.272,2934.272,00:48:54.27,00:48:54.27,0.0,0.0,-36.54313278198242,-38.37407302856445,-8.333358764648438
IMPACT,2935.072,2935.072,00:48:55.07,00:48:55.07,0.0,15.52739882955921,-29.048757553100586,-30.37519073486328,-7.730562210083008
SWELL,2939.36,2939.36,00:48:59.36,00:48:59.36,0.0,0.0,-28.039615631103516,-30.540008544921875,-3.4227561950683594
IMPACT,2940.864,2940.864,00:49:00.86,00:49:00.86,0.0,9.2152731642929,-28.590089797973633,-30.223403930664062,-6.971668243408203
IMPACT,2942.304,2942.304,00:49:02.30,00:49:02.30,0.0,12.517906418268828,-31.815486907958984,-32.87720489501953,-4.076503753662109
IMPACT,2943.776,2943.776,00:49:03.78,00:49:03.78,0.0,8.915908975331782,-32.23836898803711,-33.27485656738281,-4.894329071044922
SWELL,2944.384,2944.384,00:49:04.38,00:49:04.38,0.0,0.0,-33.99430847167969,-34.23293685913086,-3.0519790649414062
IMPACT,2945.216,2945.216,00:49:05.22,00:49:05.22,0.0,9.018582999444018,-31.869853973388672,-33.287757873535156,4.332942962646484
IMPACT,2947.36,2947.36,00:49:07.36,00:49:07.36,0.0,12.509905044931688,-35.10321044921875,-36.27933120727539,1.5975990295410156
IMPACT,2948.096,2948.096,00:49:08.10,00:49:08.10,0.0,8.771218244085171,-35.71479034423828,-37.036922454833984,-0.8318748474121094
IMPACT,2949.216,2949.216,00:49:09.22,00:49:09.22,0.0,9.360300094709968,-32.53745651245117,-33.73478317260742,11.876260757446289
SWELL,2949.632,2949.632,00:49:09.63,00:49:09.63,0.0,0.0,-37.29703903198242,-38.457130432128906,-5.911182403564453
IMPACT,2952.16,2952.16,00:49:12.16,00:49:12.16,0.0,10.244688003555012,-31.927692413330078,-37.33733367919922,14.365907669067383
SWELL,2954.688,2954.688,00:49:14.69,00:49:14.69,0.0,0.0,-28.54567527770996,-30.262706756591797,-8.219802856445312
SWELL,2959.712,2959.712,00:49:19.71,00:49:19.71,0.0,0.0,-42.017799377441406,-45.00444793701172,6.984180450439453
HARSH,2962.144,2962.144,00:49:22.14,00:49:22.14,0.0,12.418253967727622,-48.62861251831055,-53.43482208251953,9.111900329589844
IMPACT,2962.176,2962.176,00:49:22.18,00:49:22.18,0.0,10.29093380587408,-47.5356330871582,-52.578731536865234,8.017574310302734
IMPACT,2964.64,2964.64,00:49:24.64,00:49:24.64,0.0,19.479255069396487,-48.721920013427734,-53.16386795043945,6.882884979248047
SWELL,2964.768,2964.768,00:49:24.77,00:49:24.77,0.0,0.0,-47.61341857910156,-51.54270553588867,-1.4271125793457031
RECOVERY,2966.144,2972.16,00:49:26.14,00:49:32.16,6.016000000000076,-0.21083553416479192,-53.17328831506154,-55.74855675268425,8.036919427296471
SWELL,2970.016,2970.016,00:49:30.02,00:49:30.02,0.0,0.0,-55.301605224609375,-56.62030792236328,8.294326782226562
IMPACT,2972.48,2972.48,00:49:32.48,00:49:32.48,0.0,10.62062963747001,-52.964534759521484,-57.395484924316406,11.42000961303711
SWELL,2975.008,2975.008,00:49:35.01,00:49:35.01,0.0,0.0,-54.058982849121094,-56.072635650634766,-5.503639221191406
IMPACT,2978.016,2978.016,00:49:38.02,00:49:38.02,0.0,8.439147665230895,-45.6339225769043,-47.73658752441406,18.978527069091797
SWELL,2980.0,2980.0,00:49:40.00,00:49:40.00,0.0,0.0,-50.059322357177734,-52.15870666503906,10.577751159667969
HARSH,2983.808,2983.808,00:49:43.81,00:49:43.81,0.0,21.37240999103891,-50.01097869873047,-53.65074157714844,11.673866271972656
SWELL,2985.088,2985.088,00:49:45.09,00:49:45.09,0.0,0.0,-52.76646423339844,-54.470489501953125,9.373638153076172
SWELL,2990.112,2990.112,00:49:50.11,00:49:50.11,0.0,0.0,-58.97138214111328,-59.85657501220703,4.287494659423828
HARSH,2991.808,2991.808,00:49:51.81,00:49:51.81,0.0,14.270965984056806,-42.33911895751953,-49.23680877685547,28.33125877380371
IMPACT,2991.872,2991.872,00:49:51.87,00:49:51.87,0.0,12.691564883488565,-40.73515319824219,-46.005977630615234,28.447351455688477
SWELL,2995.264,2995.264,00:49:55.26,00:49:55.26,0.0,0.0,-40.08835220336914,-46.129512786865234,-1.9352760314941406
SWELL,3000.224,3000.224,00:50:00.22,00:50:00.22,0.0,0.0,-36.17768096923828,-42.8705940246582,-6.858283996582031
SWELL,3005.248,3005.248,00:50:05.25,00:50:05.25,0.0,0.0,-35.218101501464844,-40.15596389770508,-6.0083770751953125
SWELL,3010.336,3010.336,00:50:10.34,00:50:10.34,0.0,0.0,-32.2474250793457,-37.96650314331055,-9.184734344482422
SWELL,3015.36,3015.36,00:50:15.36,00:50:15.36,0.0,0.0,-31.233646392822266,-38.50902557373047,-15.618736267089844
SWELL,3020.416,3020.416,00:50:20.42,00:50:20.42,0.0,0.0,-40.54991912841797,-46.674808502197266,16.70025062561035
HARSH,3024.992,3024.992,00:50:24.99,00:50:24.99,0.0,14.216631682240752,-47.868099212646484,-49.95101547241211,9.032489776611328
SWELL,3025.408,3025.408,00:50:25.41,00:50:25.41,0.0,0.0,-48.33517074584961,-49.198974609375,-8.686920166015625
IMPACT,3025.76,3025.76,00:50:25.76,00:50:25.76,0.0,10.050744080498303,-33.57005310058594,-35.17633819580078,25.122268676757812
HARSH,3030.016,3030.016,00:50:30.02,00:50:30.02,0.0,22.03367508543128,-42.64781951904297,-47.443660736083984,14.885108947753906
IMPACT,3030.016,3030.016,00:50:30.02,00:50:30.02,0.0,13.230496488431983,-42.64781951904297,-47.443660736083984,14.885108947753906
SWELL,3030.496,3030.496,00:50:30.50,00:50:30.50,0.0,0.0,-44.70075607299805,-46.417633056640625,12.788787841796875
IMPACT,3031.232,3031.232,00:50:31.23,00:50:31.23,0.0,11.421394585718046,-46.39146423339844,-47.90141296386719,7.192798614501953
SWELL,3035.584,3035.584,00:50:35.58,00:50:35.58,0.0,0.0,-37.97951889038086,-40.82058334350586,13.313529968261719
IMPACT,3035.648,3035.648,00:50:35.65,00:50:35.65,0.0,8.64160334068792,-36.50315475463867,-39.66621398925781,15.641334533691406
IMPACT,3037.856,3037.856,00:50:37.86,00:50:37.86,0.0,9.742345615428615,-43.632179260253906,-44.9455451965332,6.558567047119141
IMPACT,3040.032,3040.032,00:50:40.03,00:50:40.03,0.0,11.023816060661012,-37.110965728759766,-42.58285140991211,15.744880676269531
SWELL,3040.576,3040.576,00:50:40.58,00:50:40.58,0.0,0.0,-43.634361267089844,-44.1731071472168,-4.1643829345703125
IMPACT,3041.728,3041.728,00:50:41.73,00:50:41.73,0.0,11.626817829006933,-35.0209846496582,-41.04213333129883,19.076505661010742
HIGH_LOAD,3045.312,3053.152,00:50:45.31,00:50:53.15,7.8400000000001455,0.5595141773847776,-33.048885019814094,-37.274846022691186,9.0945193282957
SWELL,3046.048,3046.048,00:50:46.05,00:50:46.05,0.0,0.0,-34.30366897583008,-39.19278335571289,12.586936950683594
SWELL,3051.104,3051.104,00:50:51.10,00:50:51.10,0.0,0.0,-32.332950592041016,-36.917476654052734,13.360628128051758
HARSH,3054.24,3054.24,00:50:54.24,00:50:54.24,0.0,14.374570347867815,-30.097570419311523,-33.027767181396484,10.58688735961914
SWELL,3056.224,3056.224,00:50:56.22,00:50:56.22,0.0,0.0,-33.349205017089844,-37.8065185546875,-2.101787567138672
HIGH_LOAD,3057.216,3062.432,00:50:57.22,00:51:02.43,5.2159999999998945,0.5292036404658659,-30.755392560091884,-34.996810693451856,5.17753686615915
SWELL,3061.248,3061.248,00:51:01.25,00:51:01.25,0.0,0.0,-28.288515090942383,-33.46746826171875,12.38711166381836
SWELL,3066.336,3066.336,00:51:06.34,00:51:06.34,0.0,0.0,-30.830062866210938,-36.27956771850586,-0.7360763549804688
SWELL,3071.456,3071.456,00:51:11.46,00:51:11.46,0.0,0.0,-35.37814712524414,-38.95814514160156,2.239665985107422
SWELL,3076.64,3076.64,00:51:16.64,00:51:16.64,0.0,0.0,-36.100379943847656,-43.0531120300293,2.4941024780273438
SWELL,3081.696,3081.696,00:51:21.70,00:51:21.70,0.0,0.0,-36.85919952392578,-49.01523208618164,1.3897285461425781
SWELL,3086.784,3086.784,00:51:26.78,00:51:26.78,0.0,0.0,-34.35625076293945,-47.28136444091797,1.3444595336914062
SWELL,3091.84,3091.84,00:51:31.84,00:51:31.84,0.0,0.0,-26.219676971435547,-41.99913024902344,1.6366310119628906
RECOVERY,3094.464,3103.904,00:51:34.46,00:51:43.90,9.440000000000055,-0.13776409925732022,-59.99359969190649,-67.30337115880606,9.302212798917616
SWELL,3097.184,3097.184,00:51:37.18,00:51:37.18,0.0,0.0,-58.72350311279297,-68.18831634521484,3.4534263610839844
HARSH,3104.288,3104.288,00:51:44.29,00:51:44.29,0.0,26.874427634484103,-68.24176788330078,-75.0425033569336,23.857532501220703
IMPACT,3104.32,3104.32,00:51:44.32,00:51:44.32,0.0,10.832499868779566,-62.21015167236328,-67.3519515991211,29.58831024169922
SWELL,3104.928,3104.928,00:51:44.93,00:51:44.93,0.0,0.0,-67.9718246459961,-71.72808074951172,23.935386657714844
IMPACT,3106.336,3106.336,00:51:46.34,00:51:46.34,0.0,8.334810913011516,-58.40027618408203,-69.61360168457031,31.9677734375
SWELL,3109.952,3109.952,00:51:49.95,00:51:49.95,0.0,0.0,-49.34425354003906,-49.38395690917969,-4.417213439941406
IMPACT,3110.208,3110.208,00:51:50.21,00:51:50.21,0.0,8.316888424618142,-43.90771484375,-45.96600341796875,11.086345672607422
RECOVERY,3110.88,3125.472,00:51:50.88,00:52:05.47,14.592000000000098,-0.1887310820990548,-57.554657973576845,-58.77276256511305,16.654893833476905
SWELL,3115.104,3115.104,00:51:55.10,00:51:55.10,0.0,0.0,-48.2267951965332,-48.31104278564453,-6.524890899658203
SWELL,3120.16,3120.16,00:52:00.16,00:52:00.16,0.0,0.0,-63.93047332763672,-66.0560073852539,27.312862396240234
SWELL,3125.248,3125.248,00:52:05.25,00:52:05.25,0.0,0.0,-56.78776550292969,-57.07362365722656,33.09455490112305
HARSH,3127.936,3127.936,00:52:07.94,00:52:07.94,0.0,14.760967954487098,-49.630489349365234,-58.61308670043945,40.70608139038086
IMPACT,3127.936,3127.936,00:52:07.94,00:52:07.94,0.0,9.781488614033016,-49.630489349365234,-58.61308670043945,40.70608139038086
SWELL,3130.336,3130.336,00:52:10.34,00:52:10.34,0.0,0.0,-65.1707534790039,-67.97476959228516,22.754364013671875
IMPACT,3132.736,3132.736,00:52:12.74,00:52:12.74,0.0,11.760157499421267,-54.61195373535156,-63.79715347290039,34.584434509277344
HARSH,3133.632,3133.632,00:52:13.63,00:52:13.63,0.0,25.228346013170093,-52.6038818359375,-65.03178405761719,37.38381576538086
IMPACT,3133.728,3133.728,00:52:13.73,00:52:13.73,0.0,14.00849281747395,-52.4526252746582,-64.16433715820312,37.909690856933594
SWELL,3135.584,3135.584,00:52:15.58,00:52:15.58,0.0,0.0,-63.80630874633789,-65.90953826904297,24.13201904296875
IMPACT,3135.968,3135.968,00:52:15.97,00:52:15.97,0.0,8.190630811861174,-60.607139587402344,-65.15582275390625,27.09429168701172
HARSH,3137.056,3137.056,00:52:17.06,00:52:17.06,0.0,16.54261366721897,-60.736061096191406,-66.5058822631836,27.489486694335938
IMPACT,3140.512,3140.512,00:52:20.51,00:52:20.51,0.0,11.452567415105946,-49.06269454956055,-60.115447998046875,40.95143508911133
SWELL,3140.608,3140.608,00:52:20.61,00:52:20.61,0.0,0.0,-64.63955688476562,-67.66497039794922,26.964859008789062
HARSH,3141.344,3141.344,00:52:21.34,00:52:21.34,0.0,24.039560129065528,-50.10274887084961,-65.55279541015625,37.7899284362793
IMPACT,3141.344,3141.344,00:52:21.34,00:52:21.34,0.0,13.510352276154832,-50.10274887084961,-65.55279541015625,37.7899284362793
IMPACT,3143.872,3143.872,00:52:23.87,00:52:23.87,0.0,10.381800458994324,-55.25355529785156,-64.82656860351562,33.665733337402344
IMPACT,3144.992,3144.992,00:52:24.99,00:52:24.99,0.0,9.15402355682146,-52.568450927734375,-59.440460205078125,35.919158935546875
HARSH,3145.024,3145.024,00:52:25.02,00:52:25.02,0.0,21.881619006422522,-53.30640411376953,-61.243709564208984,35.35597229003906
SWELL,3145.728,3145.728,00:52:25.73,00:52:25.73,0.0,0.0,-60.653717041015625,-64.36618041992188,29.61608123779297
IMPACT,3148.192,3148.192,00:52:28.19,00:52:28.19,0.0,10.083887180221542,-58.07255172729492,-65.86370849609375,30.558399200439453
HARSH,3148.896,3148.896,00:52:28.90,00:52:28.90,0.0,26.531810442635063,-49.38465118408203,-63.191200256347656,39.58777618408203
IMPACT,3148.96,3148.96,00:52:28.96,00:52:28.96,0.0,16.36499420837902,-49.00536346435547,-64.04430389404297,42.124107360839844
RECOVERY,3149.632,3155.072,00:52:29.63,00:52:35.07,5.440000000000055,-0.2087746111133662,-63.53560386345401,-65.7871223583556,25.543547981663753
SWELL,3150.848,3150.848,00:52:30.85,00:52:30.85,0.0,0.0,-63.90971374511719,-66.29199981689453,26.320110321044922
SWELL,3155.904,3155.904,00:52:35.90,00:52:35.90,0.0,0.0,-48.159698486328125,-53.725791931152344,40.17789077758789
HARSH,3156.8,3156.8,00:52:36.80,00:52:36.80,0.0,16.92913182996282,-50.05282974243164,-62.41325378417969,40.26593017578125
IMPACT,3156.8,3156.8,00:52:36.80,00:52:36.80,0.0,14.69949930291138,-50.05282974243164,-62.41325378417969,40.26593017578125
RECOVERY,3157.984,3169.728,00:52:37.98,00:52:49.73,11.744000000000142,-0.22306097170799738,-44.247765509978585,-46.1954215609509,4.217148614966351
SWELL,3160.992,3160.992,00:52:40.99,00:52:40.99,0.0,0.0,-47.33455276489258,-51.07456588745117,1.1906547546386719
SWELL,3166.016,3166.016,00:52:46.02,00:52:46.02,0.0,0.0,-34.61140060424805,-35.098270416259766,3.3513221740722656
SWELL,3171.104,3171.104,00:52:51.10,00:52:51.10,0.0,0.0,-48.16156768798828,-50.628543853759766,7.857391357421875
SWELL,3176.128,3176.128,00:52:56.13,00:52:56.13,0.0,0.0,-35.861576080322266,-36.51358413696289,6.839912414550781
IMPACT,3178.304,3178.304,00:52:58.30,00:52:58.30,0.0,10.38720408636527,-42.854644775390625,-47.47307205200195,15.539535522460938
IMPACT,3180.0,3180.0,00:53:00.00,00:53:00.00,0.0,10.342962700633105,-50.990177154541016,-53.92784881591797,8.783252716064453
HARSH,3180.736,3180.736,00:53:00.74,00:53:00.74,0.0,14.826094077620938,-43.91346740722656,-50.64820861816406,18.207351684570312
IMPACT,3180.768,3180.768,00:53:00.77,00:53:00.77,0.0,8.314001355119402,-42.68104934692383,-51.43950653076172,18.939788818359375
SWELL,3181.12,3181.12,00:53:01.12,00:53:01.12,0.0,0.0,-54.253726959228516,-55.90380859375,-0.9741706848144531
HARSH,3185.216,3185.216,00:53:05.22,00:53:05.22,0.0,15.047200840636407,-42.02759552001953,-46.23976135253906,23.746700286865234
SWELL,3186.24,3186.24,00:53:06.24,00:53:06.24,0.0,0.0,-43.95899963378906,-44.65056610107422,4.211830139160156
SWELL,3191.232,3191.232,00:53:11.23,00:53:11.23,0.0,0.0,-32.79003143310547,-33.61327362060547,3.9065399169921875
SWELL,3196.288,3196.288,00:53:16.29,00:53:16.29,0.0,0.0,-26.451234817504883,-26.753257751464844,3.9580230712890625
SWELL,3201.408,3201.408,00:53:21.41,00:53:21.41,0.0,0.0,-49.67123031616211,-51.186405181884766,28.67267608642578
IMPACT,3202.944,3202.944,00:53:22.94,00:53:22.94,0.0,11.636557082195118,-42.87117004394531,-49.43254852294922,35.54387664794922
HARSH,3204.128,3204.128,00:53:24.13,00:53:24.13,0.0,23.906658090957677,-62.15643310546875,-65.53990936279297,15.75286865234375
IMPACT,3204.128,3204.128,00:53:24.13,00:53:24.13,0.0,11.320189261375592,-62.15643310546875,-65.53990936279297,15.75286865234375
IMPACT,3205.024,3205.024,00:53:25.02,00:53:25.02,0.0,10.181477869946383,-43.12514877319336,-56.38219451904297,34.33360290527344
IMPACT,3206.432,3206.432,00:53:26.43,00:53:26.43,0.0,10.92341109985064,-50.827491760253906,-59.379119873046875,22.90540313720703
SWELL,3206.496,3206.496,00:53:26.50,00:53:26.50,0.0,0.0,-46.960941314697266,-58.171783447265625,25.881549835205078
IMPACT,3208.608,3208.608,00:53:28.61,00:53:28.61,0.0,9.67273621102486,-53.97228240966797,-61.77867889404297,18.887451171875
HARSH,3208.928,3208.928,00:53:28.93,00:53:28.93,0.0,21.406572762782638,-63.89744567871094,-68.1722412109375,13.17580795288086
IMPACT,3209.504,3209.504,00:53:29.50,00:53:29.50,0.0,11.057588696527443,-59.326324462890625,-67.76519012451172,21.106163024902344
IMPACT,3211.296,3211.296,00:53:31.30,00:53:31.30,0.0,10.792683918939646,-46.385154724121094,-61.292667388916016,32.26350021362305
SWELL,3211.584,3211.584,00:53:31.58,00:53:31.58,0.0,0.0,-61.64044189453125,-64.68814086914062,14.193504333496094
IMPACT,3215.04,3215.04,00:53:35.04,00:53:35.04,0.0,9.78652177563682,-46.10114288330078,-55.41082000732422,30.647579193115234
HARSH,3215.072,3215.072,00:53:35.07,00:53:35.07,0.0,13.889796965267427,-46.13938903808594,-53.37500762939453,30.666732788085938
SWELL,3216.832,3216.832,00:53:36.83,00:53:36.83,0.0,0.0,-57.900535583496094,-63.19072341918945,13.679607391357422
IMPACT,3217.056,3217.056,00:53:37.06,00:53:37.06,0.0,9.681739086259595,-52.11025619506836,-63.39381790161133,26.35926055908203
HARSH,3219.616,3219.616,00:53:39.62,00:53:39.62,0.0,27.398791677888436,-52.037986755371094,-65.28738403320312,27.7340087890625
IMPACT,3219.616,3219.616,00:53:39.62,00:53:39.62,0.0,10.805260605359802,-52.037986755371094,-65.28738403320312,27.7340087890625
IMPACT,3221.536,3221.536,00:53:41.54,00:53:41.54,0.0,12.459555979932087,-45.38167953491211,-52.49385452270508,34.75728225708008
SWELL,3221.92,3221.92,00:53:41.92,00:53:41.92,0.0,0.0,-50.50262451171875,-56.9524040222168,27.501136779785156
IMPACT,3222.624,3222.624,00:53:42.62,00:53:42.62,0.0,9.096197724579211,-49.3746337890625,-54.7736701965332,28.820053100585938
IMPACT,3224.064,3224.064,00:53:44.06,00:53:44.06,0.0,9.287265339741614,-50.132225036621094,-59.4344482421875,30.72957992553711
HARSH,3225.248,3225.248,00:53:45.25,00:53:45.25,0.0,17.65036734876297,-55.62141799926758,-61.49760818481445,19.27674102783203
IMPACT,3225.248,3225.248,00:53:45.25,00:53:45.25,0.0,9.673067914757302,-55.62141799926758,-61.49760818481445,19.27674102783203
SWELL,3226.912,3226.912,00:53:46.91,00:53:46.91,0.0,0.0,-61.41628646850586,-65.8039779663086,7.824817657470703
HARSH,3228.64,3228.64,00:53:48.64,00:53:48.64,0.0,24.00842298648203,-53.81989288330078,-63.251461029052734,24.553401947021484
IMPACT,3228.64,3228.64,00:53:48.64,00:53:48.64,0.0,18.500935515798172,-53.81989288330078,-63.251461029052734,24.553401947021484
IMPACT,3230.08,3230.08,00:53:50.08,00:53:50.08,0.0,9.033960799452942,-49.11100769042969,-53.81728744506836,29.650718688964844
SWELL,3231.968,3231.968,00:53:51.97,00:53:51.97,0.0,0.0,-62.274932861328125,-63.05925750732422,12.467403411865234
HARSH,3233.568,3233.568,00:53:53.57,00:53:53.57,0.0,20.14793033135156,-60.66747283935547,-63.027095794677734,14.142837524414062
IMPACT,3233.6,3233.6,00:53:53.60,00:53:53.60,0.0,8.941727040522986,-61.243778228759766,-64.072265625,14.056499481201172
IMPACT,3235.488,3235.488,00:53:55.49,00:53:55.49,0.0,12.084941449030564,-50.13269805908203,-55.518245697021484,27.96343994140625
SWELL,3237.056,3237.056,00:53:57.06,00:53:57.06,0.0,0.0,-63.013641357421875,-64.54966735839844,9.580726623535156
HARSH,3237.568,3237.568,00:53:57.57,00:53:57.57,0.0,22.690922554463857,-49.154266357421875,-54.956565856933594,24.609664916992188
IMPACT,3237.568,3237.568,00:53:57.57,00:53:57.57,0.0,12.590032365181806,-49.154266357421875,-54.956565856933594,24.609664916992188
SWELL,3242.176,3242.176,00:54:02.18,00:54:02.18,0.0,0.0,-60.32219314575195,-61.36331558227539,9.547584533691406
IMPACT,3246.848,3246.848,00:54:06.85,00:54:06.85,0.0,13.548720588960254,-28.75298309326172,-29.14022445678711,4.010812759399414
SWELL,3247.296,3247.296,00:54:07.30,00:54:07.30,0.0,0.0,-25.463226318359375,-25.705394744873047,3.5596389770507812
IMPACT,3248.288,3248.288,00:54:08.29,00:54:08.29,0.0,9.216751690624916,-30.461082458496094,-31.02379035949707,0.5251693725585938
HIGH_LOAD,3249.568,3269.312,00:54:09.57,00:54:29.31,19.743999999999687,0.5240652882299887,-28.17954956906513,-28.849469999665196,-0.8822366658923695
IMPACT,3249.696,3249.696,00:54:09.70,00:54:09.70,0.0,15.581210665151511,-27.416868209838867,-29.098743438720703,-3.9923858642578125
IMPACT,3251.136,3251.136,00:54:11.14,00:54:11.14,0.0,12.0240126630531,-25.13067054748535,-25.92569351196289,-0.04635429382324219
SWELL,3252.32,3252.32,00:54:12.32,00:54:12.32,0.0,0.0,-27.478809356689453,-27.933448791503906,0.5035572052001953
IMPACT,3252.576,3252.576,00:54:12.58,00:54:12.58,0.0,10.364109772007668,-26.221969604492188,-27.246482849121094,-0.6459865570068359
IMPACT,3253.984,3253.984,00:54:13.98,00:54:13.98,0.0,9.296612558670732,-26.702938079833984,-27.931716918945312,0.3574943542480469
IMPACT,3255.424,3255.424,00:54:15.42,00:54:15.42,0.0,15.204343660260387,-26.17023277282715,-28.015249252319336,-3.6873779296875
SWELL,3257.44,3257.44,00:54:17.44,00:54:17.44,0.0,0.0,-30.55316162109375,-30.959400177001953,1.0175590515136719
IMPACT,3258.272,3258.272,00:54:18.27,00:54:18.27,0.0,10.982728846357617,-24.55175018310547,-26.206607818603516,0.008846282958984375
IMPACT,3260.416,3260.416,00:54:20.42,00:54:20.42,0.0,11.629578497742784,-24.94820785522461,-26.61431884765625,-3.482086181640625
IMPACT,3261.856,3261.856,00:54:21.86,00:54:21.86,0.0,9.147958559163884,-24.614044189453125,-25.50458526611328,-3.946441650390625
SWELL,3262.432,3262.432,00:54:22.43,00:54:22.43,0.0,0.0,-27.24875259399414,-27.539539337158203,-1.9180145263671875
IMPACT,3263.264,3263.264,00:54:23.26,00:54:23.26,0.0,10.368241274796963,-24.841297149658203,-26.92395782470703,-4.376337051391602
IMPACT,3264.0,3264.0,00:54:24.00,00:54:24.00,0.0,11.370489635620586,-24.663808822631836,-25.87407112121582,-4.683616638183594
IMPACT,3266.144,3266.144,00:54:26.14,00:54:26.14,0.0,10.919803728460941,-28.73866081237793,-30.6624813079834,-4.065876007080078
SWELL,3267.456,3267.456,00:54:27.46,00:54:27.46,0.0,0.0,-31.36581802368164,-31.81816291809082,-1.8910636901855469
IMPACT,3268.608,3268.608,00:54:28.61,00:54:28.61,0.0,10.614415737537222,-31.76428985595703,-33.67285919189453,14.387937545776367
HIGH_LOAD,3271.296,3275.936,00:54:31.30,00:54:35.94,4.640000000000327,0.5250052371012497,-37.18166168421915,-40.86235289377709,7.624692969126244
SWELL,3272.608,3272.608,00:54:32.61,00:54:32.61,0.0,0.0,-38.549922943115234,-40.46159744262695,6.0154876708984375
IMPACT,3276.928,3276.928,00:54:36.93,00:54:36.93,0.0,8.61816814874035,-38.45769500732422,-40.81158447265625,-5.072475433349609
SWELL,3277.792,3277.792,00:54:37.79,00:54:37.79,0.0,0.0,-42.039878845214844,-44.391212463378906,-4.917060852050781
SWELL,3282.848,3282.848,00:54:42.85,00:54:42.85,0.0,0.0,-49.364173889160156,-50.878440856933594,-3.3271026611328125
HARSH,3284.384,3284.384,00:54:44.38,00:54:44.38,0.0,18.60014615156085,-46.37932205200195,-53.199798583984375,21.23373794555664
IMPACT,3284.384,3284.384,00:54:44.38,00:54:44.38,0.0,12.299579916590003,-46.37932205200195,-53.199798583984375,21.23373794555664
IMPACT,3286.528,3286.528,00:54:46.53,00:54:46.53,0.0,10.918798686757224,-32.20991516113281,-42.880218505859375,37.69489860534668
SWELL,3288.064,3288.064,00:54:48.06,00:54:48.06,0.0,0.0,-55.24142837524414,-56.80013656616211,5.238788604736328
HARSH,3288.832,3288.832,00:54:48.83,00:54:48.83,0.0,23.302840536216852,-45.11127471923828,-54.11444091796875,24.760684967041016
IMPACT,3288.832,3288.832,00:54:48.83,00:54:48.83,0.0,12.454243120649942,-45.11127471923828,-54.11444091796875,24.760684967041016
IMPACT,3290.688,3290.688,00:54:50.69,00:54:50.69,0.0,10.709631340018746,-47.95911407470703,-52.233184814453125,23.598918914794922
IMPACT,3291.616,3291.616,00:54:51.62,00:54:51.62,0.0,11.839830981390952,-45.10820388793945,-49.481563568115234,26.397258758544922
SWELL,3293.056,3293.056,00:54:53.06,00:54:53.06,0.0,0.0,-59.35625076293945,-60.62684631347656,3.9558868408203125
IMPACT,3293.376,3293.376,00:54:53.38,00:54:53.38,0.0,11.795890134479201,-44.74460220336914,-50.22373580932617,28.108776092529297
HARSH,3294.784,3294.784,00:54:54.78,00:54:54.78,0.0,22.53250531352025,-47.35593795776367,-53.42682647705078,25.189674377441406
IMPACT,3294.784,3294.784,00:54:54.78,00:54:54.78,0.0,9.730404932213379,-47.35593795776367,-53.42682647705078,25.189674377441406
IMPACT,3296.864,3296.864,00:54:56.86,00:54:56.86,0.0,12.937243686976785,-44.8227653503418,-56.82255554199219,28.57585906982422
IMPACT,3297.76,3297.76,00:54:57.76,00:54:57.76,0.0,8.19860021950501,-36.68205261230469,-47.53425979614258,36.82584762573242
SWELL,3298.592,3298.592,00:54:58.59,00:54:58.59,0.0,0.0,-55.18233871459961,-56.045616149902344,6.799625396728516
IMPACT,3300.256,3300.256,00:55:00.26,00:55:00.26,0.0,9.556456632741643,-31.868038177490234,-45.24226760864258,40.305498123168945
HARSH,3301.056,3301.056,00:55:01.06,00:55:01.06,0.0,14.6965906291819,-48.660491943359375,-54.674522399902344,24.269535064697266
IMPACT,3301.056,3301.056,00:55:01.06,00:55:01.06,0.0,8.92941881871136,-48.660491943359375,-54.674522399902344,24.269535064697266
SWELL,3303.904,3303.904,00:55:03.90,00:55:03.90,0.0,0.0,-48.1434440612793,-48.47026062011719,5.105014801025391
SWELL,3308.896,3308.896,00:55:08.90,00:55:08.90,0.0,0.0,-31.4555721282959,-32.61286926269531,-2.562469482421875
SWELL,3314.016,3314.016,00:55:14.02,00:55:14.02,0.0,0.0,-42.8599853515625,-43.70813751220703,4.27728271484375
IMPACT,3314.112,3314.112,00:55:14.11,00:55:14.11,0.0,10.684611015926913,-38.60163879394531,-40.39363098144531,15.756298065185547
SWELL,3319.008,3319.008,00:55:19.01,00:55:19.01,0.0,0.0,-59.375770568847656,-61.22050857543945,6.083564758300781
IMPACT,3319.264,3319.264,00:55:19.26,00:55:19.26,0.0,9.691432321853334,-49.76337432861328,-52.9595947265625,23.274120330810547
HARSH,3319.68,3319.68,00:55:19.68,00:55:19.68,0.0,22.917707368719313,-51.47290802001953,-61.392234802246094,23.66634750366211
IMPACT,3320.128,3320.128,00:55:20.13,00:55:20.13,0.0,9.175110526494406,-58.24631118774414,-62.07755661010742,12.680736541748047
IMPACT,3321.312,3321.312,00:55:21.31,00:55:21.31,0.0,12.206158925041379,-54.71571350097656,-62.82438278198242,21.12567901611328
IMPACT,3322.08,3322.08,00:55:22.08,00:55:22.08,0.0,9.482648383285044,-53.084503173828125,-63.999977111816406,28.037235260009766
IMPACT,3323.456,3323.456,00:55:23.46,00:55:23.46,0.0,11.17235526383457,-47.52357482910156,-49.36000442504883,30.022624969482422
HARSH,3324.16,3324.16,00:55:24.16,00:55:24.16,0.0,24.616594513224882,-54.23463439941406,-62.78624725341797,25.028060913085938
SWELL,3324.16,3324.16,00:55:24.16,00:55:24.16,0.0,0.0,-54.23463439941406,-62.78624725341797,25.028060913085938
IMPACT,3324.224,3324.224,00:55:24.22,00:55:24.22,0.0,14.685409585333781,-48.413028717041016,-52.60212707519531,31.030250549316406
BARRAGE,3324.512,3330.208,00:55:24.51,00:55:30.21,5.695999999999913,1.3045821176826553,-52.9105351197653,-57.09633497952083,21.618310225076517
IMPACT,3325.664,3325.664,00:55:25.66,00:55:25.66,0.0,9.902546677051165,-57.315895080566406,-66.19368743896484,20.58852767944336
IMPACT,3326.72,3326.72,00:55:26.72,00:55:26.72,0.0,15.772726228414722,-44.334373474121094,-47.36823654174805,36.03900909423828
IMPACT,3328.288,3328.288,00:55:28.29,00:55:28.29,0.0,11.020859538067496,-51.82208251953125,-56.5410041809082,21.982269287109375
HARSH,3328.544,3328.544,00:55:28.54,00:55:28.54,0.0,16.084134109297505,-52.17958068847656,-60.49674987792969,19.573646545410156
SWELL,3329.28,3329.28,00:55:29.28,00:55:29.28,0.0,0.0,-45.36754608154297,-55.10507583618164,27.55297088623047
IMPACT,3330.208,3330.208,00:55:30.21,00:55:30.21,0.0,10.458925014397865,-50.1860237121582,-55.946876525878906,28.671165466308594
SWELL,3334.784,3334.784,00:55:34.78,00:55:34.78,0.0,0.0,-60.21490478515625,-60.832027435302734,-7.876091003417969
BARRAGE,3336.512,3343.712,00:55:36.51,00:55:43.71,7.199999999999818,1.2747933198974144,-54.56995182543729,-59.13298534292036,20.695040778776185
IMPACT,3337.024,3337.024,00:55:37.02,00:55:37.02,0.0,9.718283167104326,-55.33384704589844,-58.517818450927734,11.686195373535156
HARSH,3338.816,3338.816,00:55:38.82,00:55:38.82,0.0,23.92091075208746,-59.500457763671875,-63.79116439819336,16.475196838378906
IMPACT,3339.04,3339.04,00:55:39.04,00:55:39.04,0.0,8.846606835291826,-48.04670715332031,-63.531700134277344,30.178077697753906
SWELL,3339.808,3339.808,00:55:39.81,00:55:39.81,0.0,0.0,-65.50038146972656,-67.80284118652344,5.130680084228516
IMPACT,3340.192,3340.192,00:55:40.19,00:55:40.19,0.0,9.883190787870204,-45.76732635498047,-55.21201705932617,32.20482635498047
IMPACT,3341.504,3341.504,00:55:41.50,00:55:41.50,0.0,13.489877776795185,-47.7348518371582,-53.93312072753906,31.497692108154297
IMPACT,3342.784,3342.784,00:55:42.78,00:55:42.78,0.0,10.490371387119293,-50.018592834472656,-54.51560592651367,27.103309631347656
HARSH,3342.816,3342.816,00:55:42.82,00:55:42.82,0.0,20.999236730197037,-50.95783233642578,-57.431339263916016,26.119415283203125
SWELL,3344.832,3344.832,00:55:44.83,00:55:44.83,0.0,0.0,-64.57853698730469,-66.42981719970703,8.508861541748047
IMPACT,3345.344,3345.344,00:55:45.34,00:55:45.34,0.0,14.800493354767589,-55.92155456542969,-67.07243347167969,27.457901000976562
IMPACT,3346.368,3346.368,00:55:46.37,00:55:46.37,0.0,8.20227269758742,-54.735904693603516,-59.389766693115234,28.12781524658203
HARSH,3347.072,3347.072,00:55:47.07,00:55:47.07,0.0,18.625095062372974,-63.81964111328125,-68.53901672363281,20.055648803710938
IMPACT,3347.264,3347.264,00:55:47.26,00:55:47.26,0.0,14.545355939461711,-50.82011795043945,-59.318092346191406,33.36204147338867
IMPACT,3348.224,3348.224,00:55:48.22,00:55:48.22,0.0,10.962944372829032,-55.0069465637207,-70.20962524414062,31.700111389160156
SWELL,3350.016,3350.016,00:55:50.02,00:55:50.02,0.0,0.0,-70.1855697631836,-74.31295776367188,12.66628646850586
HARSH,3350.432,3350.432,00:55:50.43,00:55:50.43,0.0,31.711599299765766,-57.056602478027344,-68.97998046875,25.169647216796875
IMPACT,3350.432,3350.432,00:55:50.43,00:55:50.43,0.0,11.791181447384767,-57.056602478027344,-68.97998046875,25.169647216796875
IMPACT,3351.52,3351.52,00:55:51.52,00:55:51.52,0.0,15.059809042456715,-56.42133712768555,-64.25240325927734,28.490699768066406
IMPACT,3352.352,3352.352,00:55:52.35,00:55:52.35,0.0,12.179012736823788,-49.517364501953125,-68.27193450927734,35.927886962890625
BARRAGE,3352.512,3360.672,00:55:52.51,00:56:00.67,8.159999999999854,1.525772620001981,-52.59876251220703,-58.61250557509842,32.313343567607006
HIGH_LOAD,3354.08,3359.84,00:55:54.08,00:55:59.84,5.760000000000218,0.545975855843841,-51.65948073244885,-57.88344810022175,33.14250836451409
HARSH,3354.24,3354.24,00:55:54.24,00:55:54.24,0.0,16.708718330488942,-55.87106704711914,-70.75814819335938,29.390907287597656
IMPACT,3354.24,3354.24,00:55:54.24,00:55:54.24,0.0,11.480437058471011,-55.87106704711914,-70.75814819335938,29.390907287597656
SWELL,3355.392,3355.392,00:55:55.39,00:55:55.39,0.0,0.0,-61.916908264160156,-71.11693572998047,22.451526641845703
IMPACT,3355.456,3355.456,00:55:55.46,00:55:55.46,0.0,12.946887312908425,-59.11676788330078,-67.41609191894531,24.375991821289062
IMPACT,3356.416,3356.416,00:55:56.42,00:55:56.42,0.0,11.661186055059188,-54.92359924316406,-64.42195129394531,30.535659790039062
HARSH,3357.536,3357.536,00:55:57.54,00:55:57.54,0.0,26.801342503679688,-54.58161926269531,-65.26300048828125,31.16315460205078
IMPACT,3358.208,3358.208,00:55:58.21,00:55:58.21,0.0,11.762593043071705,-46.21674346923828,-52.736671447753906,39.477420806884766
IMPACT,3359.648,3359.648,00:55:59.65,00:55:59.65,0.0,15.584397288926597,-49.89795684814453,-61.84862518310547,36.41631317138672
SWELL,3360.48,3360.48,00:56:00.48,00:56:00.48,0.0,0.0,-56.02705383300781,-61.76714324951172,28.59796142578125
IMPACT,3360.576,3360.576,00:56:00.58,00:56:00.58,0.0,9.6319386191805,-50.38900375366211,-72.9244613647461,35.132659912109375
HARSH,3360.672,3360.672,00:56:00.67,00:56:00.67,0.0,17.227220618981555,-57.567474365234375,-72.84198760986328,26.468826293945312
IMPACT,3363.424,3363.424,00:56:03.42,00:56:03.42,0.0,8.431313695479199,-46.46119689941406,-51.635215759277344,35.20105743408203
HARSH,3364.288,3364.288,00:56:04.29,00:56:04.29,0.0,12.389051991749717,-46.14604949951172,-52.884544372558594,38.12538528442383
IMPACT,3364.288,3364.288,00:56:04.29,00:56:04.29,0.0,11.141046053576394,-46.14604949951172,-52.884544372558594,38.12538528442383
RECOVERY,3365.216,3371.552,00:56:05.22,00:56:11.55,6.33600000000024,-0.21477711914788053,-56.72566943911452,-58.934447302890185,3.1776907647674406
SWELL,3365.664,3365.664,00:56:05.66,00:56:05.66,0.0,0.0,-70.09532928466797,-73.18146514892578,10.726127624511719
SWELL,3370.816,3370.816,00:56:10.82,00:56:10.82,0.0,0.0,-44.94331359863281,-45.23893356323242,3.0705108642578125
SWELL,3375.84,3375.84,00:56:15.84,00:56:15.84,0.0,0.0,-32.83037185668945,-33.69935607910156,3.9833335876464844
SWELL,3380.896,3380.896,00:56:20.90,00:56:20.90,0.0,0.0,-39.312049865722656,-41.244773864746094,12.565967559814453
BARRAGE,3383.264,3391.712,00:56:23.26,00:56:31.71,8.447999999999865,1.3697342952253062,-50.397460822339326,-54.283557531968604,15.356519403997456
HARSH,3384.48,3384.48,00:56:24.48,00:56:24.48,0.0,18.98245214971376,-46.269107818603516,-52.342891693115234,23.833942413330078
IMPACT,3384.512,3384.512,00:56:24.51,00:56:24.51,0.0,10.103749860901623,-50.38637161254883,-55.25539016723633,17.906993865966797
IMPACT,3385.408,3385.408,00:56:25.41,00:56:25.41,0.0,11.015124707844995,-49.32294845581055,-57.052764892578125,19.38043975830078
SWELL,3386.112,3386.112,00:56:26.11,00:56:26.11,0.0,0.0,-47.05020523071289,-57.05879592895508,23.616683959960938
IMPACT,3387.392,3387.392,00:56:27.39,00:56:27.39,0.0,8.207560528681284,-46.55244827270508,-53.412479400634766,23.264999389648438
HARSH,3388.928,3388.928,00:56:28.93,00:56:28.93,0.0,20.302343185222195,-47.438201904296875,-55.671348571777344,23.396984100341797
IMPACT,3388.928,3388.928,00:56:28.93,00:56:28.93,0.0,13.463465555953311,-47.438201904296875,-55.671348571777344,23.396984100341797
IMPACT,3390.016,3390.016,00:56:30.02,00:56:30.02,0.0,8.3946973168832,-37.74814224243164,-46.883235931396484,29.929834365844727
SWELL,3391.168,3391.168,00:56:31.17,00:56:31.17,0.0,0.0,-55.56735610961914,-56.72233963012695,8.986465454101562
IMPACT,3392.192,3392.192,00:56:32.19,00:56:32.19,0.0,10.894753785901722,-41.42533874511719,-49.260868072509766,24.779399871826172
HARSH,3392.64,3392.64,00:56:32.64,00:56:32.64,0.0,14.112604404719676,-44.47500228881836,-53.54716491699219,26.3482666015625
IMPACT,3392.992,3392.992,00:56:32.99,00:56:32.99,0.0,10.451994147355357,-47.617000579833984,-57.352203369140625,22.426910400390625
SWELL,3396.32,3396.32,00:56:36.32,00:56:36.32,0.0,0.0,-58.8630485534668,-59.45414733886719,-12.060150146484375
HARSH,3396.992,3396.992,00:56:36.99,00:56:36.99,0.0,14.99222887589533,-48.14613723754883,-59.01723861694336,22.203781127929688
IMPACT,3397.6,3397.6,00:56:37.60,00:56:37.60,0.0,10.838004313983543,-56.14989471435547,-60.29534149169922,13.744274139404297
HARSH,3400.896,3400.896,00:56:40.90,00:56:40.90,0.0,22.592742132559028,-54.13450622558594,-59.13097381591797,14.368843078613281
IMPACT,3401.408,3401.408,00:56:41.41,00:56:41.41,0.0,11.446044171961345,-55.696533203125,-57.459373474121094,10.443405151367188
SWELL,3401.664,3401.664,00:56:41.66,00:56:41.66,0.0,0.0,-48.416446685791016,-53.125221252441406,18.875728607177734
RECOVERY,3402.336,3420.64,00:56:42.34,00:57:00.64,18.304000000000087,-0.1282498119861242,-57.3705973342736,-58.29316981910413,-10.616111898256095
SWELL,3406.784,3406.784,00:56:46.78,00:56:46.78,0.0,0.0,-56.06849670410156,-58.04280090332031,9.956470489501953
IMPACT,3406.88,3406.88,00:56:46.88,00:56:46.88,0.0,9.862253718755563,-55.547523498535156,-58.05455780029297,12.759540557861328
HARSH,3410.688,3410.688,00:56:50.69,00:56:50.69,0.0,16.923727094683088,-45.627601623535156,-52.521610260009766,26.987056732177734
IMPACT,3410.688,3410.688,00:56:50.69,00:56:50.69,0.0,10.958054157401023,-45.627601623535156,-52.521610260009766,26.987056732177734
SWELL,3412.288,3412.288,00:56:52.29,00:56:52.29,0.0,0.0,-58.19527053833008,-59.848228454589844,3.9035491943359375
SWELL,3418.656,3418.656,00:56:58.66,00:56:58.66,0.0,0.0,-55.35503387451172,-55.83616638183594,4.566139221191406
HARSH,3421.888,3421.888,00:57:01.89,00:57:01.89,0.0,16.097697855279048,-50.54679489135742,-54.45989990234375,12.908287048339844
IMPACT,3421.92,3421.92,00:57:01.92,00:57:01.92,0.0,11.455688363607852,-49.991031646728516,-53.56690979003906,12.094863891601562
SWELL,3424.128,3424.128,00:57:04.13,00:57:04.13,0.0,0.0,-46.93586349487305,-47.31801986694336,-0.212432861328125
HARSH,3425.472,3425.472,00:57:05.47,00:57:05.47,0.0,13.708280048359477,-44.28818130493164,-46.229759216308594,9.78549575805664
SWELL,3429.376,3429.376,00:57:09.38,00:57:09.38,0.0,0.0,-35.34187316894531,-35.555904388427734,-26.271087646484375
SWELL,3434.464,3434.464,00:57:14.46,00:57:14.46,0.0,0.0,-31.723976135253906,-33.44959259033203,-33.664310455322266
SWELL,3439.488,3439.488,00:57:19.49,00:57:19.49,0.0,0.0,-28.803035736083984,-32.16545104980469,0.5570335388183594
SWELL,3444.512,3444.512,00:57:24.51,00:57:24.51,0.0,0.0,-30.74268341064453,-33.983848571777344,9.590578079223633
SWELL,3449.536,3449.536,00:57:29.54,00:57:29.54,0.0,0.0,-36.303627014160156,-36.56890106201172,-20.03078842163086
SWELL,3454.528,3454.528,00:57:34.53,00:57:34.53,0.0,0.0,-49.99110412597656,-53.41598892211914,9.403079986572266
SWELL,3459.68,3459.68,00:57:39.68,00:57:39.68,0.0,0.0,-35.843650817871094,-36.11018753051758,-19.223331451416016
SWELL,3464.8,3464.8,00:57:44.80,00:57:44.80,0.0,0.0,-41.84318542480469,-42.15158462524414,-13.68582534790039
SWELL,3469.888,3469.888,00:57:49.89,00:57:49.89,0.0,0.0,-43.533042907714844,-44.7251091003418,8.747699737548828
HARSH,3470.176,3470.176,00:57:50.18,00:57:50.18,0.0,13.458929681410774,-45.34730529785156,-47.8315544128418,12.150001525878906
IMPACT,3471.68,3471.68,00:57:51.68,00:57:51.68,0.0,12.28170225261666,-38.720149993896484,-40.17207336425781,-12.031475067138672
IMPACT,3473.152,3473.152,00:57:53.15,00:57:53.15,0.0,10.354924286823717,-33.441585540771484,-34.25348663330078,-18.578205108642578
IMPACT,3474.592,3474.592,00:57:54.59,00:57:54.59,0.0,12.193784364610492,-33.005516052246094,-34.240814208984375,-16.24819564819336
SWELL,3475.232,3475.232,00:57:55.23,00:57:55.23,0.0,0.0,-33.587528228759766,-34.40951919555664,-20.825515747070312
IMPACT,3476.032,3476.032,00:57:56.03,00:57:56.03,0.0,11.448174628651493,-33.951210021972656,-34.677345275878906,-28.850391387939453
IMPACT,3477.472,3477.472,00:57:57.47,00:57:57.47,0.0,11.912529638831014,-35.417091369628906,-36.464569091796875,-3.4057960510253906
IMPACT,3478.912,3478.912,00:57:58.91,00:57:58.91,0.0,9.3042457228024,-40.06565475463867,-40.991764068603516,-15.045822143554688
SWELL,3480.288,3480.288,00:58:00.29,00:58:00.29,0.0,0.0,-37.832149505615234,-38.076316833496094,-17.097789764404297
IMPACT,3484.288,3484.288,00:58:04.29,00:58:04.29,0.0,10.118127254874677,-48.19105529785156,-51.60242462158203,12.430854797363281
SWELL,3485.44,3485.44,00:58:05.44,00:58:05.44,0.0,0.0,-60.16017150878906,-61.855140686035156,10.792205810546875
IMPACT,3487.04,3487.04,00:58:07.04,00:58:07.04,0.0,9.195285421937676,-43.89875793457031,-50.38602828979492,34.50188064575195
HARSH,3487.264,3487.264,00:58:07.26,00:58:07.26,0.0,19.23124784586906,-51.70005798339844,-65.05422973632812,29.90645980834961
IMPACT,3487.84,3487.84,00:58:07.84,00:58:07.84,0.0,8.914180305256396,-61.532291412353516,-66.40776062011719,12.39107894897461
IMPACT,3489.056,3489.056,00:58:09.06,00:58:09.06,0.0,9.80744869022351,-52.56671142578125,-65.89888000488281,22.476974487304688
HARSH,3490.4,3490.4,00:58:10.40,00:58:10.40,0.0,22.543724057288607,-62.70178985595703,-69.7060775756836,14.161136627197266
IMPACT,3490.432,3490.432,00:58:10.43,00:58:10.43,0.0,16.193706784095554,-62.60932540893555,-69.5443115234375,14.728221893310547
SWELL,3490.496,3490.496,00:58:10.50,00:58:10.50,0.0,0.0,-57.079261779785156,-63.19804763793945,21.12366485595703
IMPACT,3492.608,3492.608,00:58:12.61,00:58:12.61,0.0,10.525884440289857,-48.94431686401367,-64.0134506225586,30.41714096069336
SWELL,3495.616,3495.616,00:58:15.62,00:58:15.62,0.0,0.0,-70.14229583740234,-72.63809204101562,-0.6009979248046875
HIGH_LOAD,3496.896,3515.552,00:58:16.90,00:58:35.55,18.65599999999995,0.6135394033437913,-51.44582439448735,-57.03338655053753,27.72226188607412
BARRAGE,3497.696,3517.12,00:58:17.70,00:58:37.12,19.423999999999978,1.9486598160237825,-52.11550018034483,-57.52462958662134,26.67379868030548
IMPACT,3497.76,3497.76,00:58:17.76,00:58:17.76,0.0,13.009136705024078,-39.510108947753906,-46.49015426635742,41.62826919555664
HARSH,3499.552,3499.552,00:58:19.55,00:58:19.55,0.0,23.923303145847008,-55.91590881347656,-59.00497055053711,24.171363830566406
SWELL,3500.672,3500.672,00:58:20.67,00:58:20.67,0.0,0.0,-54.608848571777344,-58.235416412353516,25.694290161132812
DRUM_RUN,3502.464,3502.464,00:58:22.46,00:58:22.46,0.0,2.7968835304498514,-39.401912689208984,-48.10123062133789,42.40936851501465
HARSH,3502.688,3502.688,00:58:22.69,00:58:22.69,0.0,29.488279086534554,-59.790809631347656,-65.31983947753906,21.09862518310547
IMPACT,3502.688,3502.688,00:58:22.69,00:58:22.69,0.0,15.601017928572544,-59.790809631347656,-65.31983947753906,21.09862518310547
IMPACT,3503.68,3503.68,00:58:23.68,00:58:23.68,0.0,10.474831014810485,-43.59678268432617,-55.040733337402344,38.82811737060547
IMPACT,3504.48,3504.48,00:58:24.48,00:58:24.48,0.0,12.801241217652935,-53.12981414794922,-61.29021072387695,26.182525634765625
HARSH,3505.664,3505.664,00:58:25.66,00:58:25.66,0.0,14.961102401669748,-60.18619155883789,-70.48539733886719,19.895095825195312
SWELL,3505.76,3505.76,00:58:25.76,00:58:25.76,0.0,0.0,-66.919189453125,-68.17862701416016,-6.563316345214844
IMPACT,3505.952,3505.952,00:58:25.95,00:58:25.95,0.0,12.462839904236187,-43.82952117919922,-46.972625732421875,36.33776092529297
IMPACT,3507.232,3507.232,00:58:27.23,00:58:27.23,0.0,10.413299827630919,-48.890586853027344,-54.316871643066406,30.79564666748047
DRUM_RUN,3507.872,3507.872,00:58:27.87,00:58:27.87,0.0,3.2260615195470033,-50.74757385253906,-55.5495491027832,29.463340759277344
IMPACT,3508.576,3508.576,00:58:28.58,00:58:28.58,0.0,15.299772101887822,-47.12456130981445,-51.235801696777344,33.10113525390625
HARSH,3508.8,3508.8,00:58:28.80,00:58:28.80,0.0,33.28079276498578,-53.668487548828125,-62.05612564086914,28.139076232910156
IMPACT,3509.44,3509.44,00:58:29.44,00:58:29.44,0.0,10.840017213001692,-41.36639404296875,-56.48769760131836,37.48588943481445
SWELL,3510.784,3510.784,00:58:30.78,00:58:30.78,0.0,0.0,-44.73737335205078,-51.450164794921875,35.666717529296875
IMPACT,3511.616,3511.616,00:58:31.62,00:58:31.62,0.0,11.463001807788787,-48.223358154296875,-54.27702331542969,33.2475700378418
DRUM_RUN,3512.896,3512.896,00:58:32.90,00:58:32.90,0.0,2.5283630957129106,-49.11418533325195,-51.59508514404297,32.0236930847168
HARSH,3513.632,3513.632,00:58:33.63,00:58:33.63,0.0,27.349887752788387,-55.02336120605469,-59.48642349243164,24.457645416259766
IMPACT,3513.632,3513.632,00:58:33.63,00:58:33.63,0.0,10.600317105391607,-55.02336120605469,-59.48642349243164,24.457645416259766
IMPACT,3514.784,3514.784,00:58:34.78,00:58:34.78,0.0,14.053722497213482,-44.98841094970703,-54.93360137939453,34.48933029174805
SWELL,3515.904,3515.904,00:58:35.90,00:58:35.90,0.0,0.0,-69.26531982421875,-71.5806655883789,-6.620086669921875
IMPACT,3516.32,3516.32,00:58:36.32,00:58:36.32,0.0,9.678749571644468,-48.2151985168457,-51.78230667114258,31.75574493408203
HARSH,3517.504,3517.504,00:58:37.50,00:58:37.50,0.0,25.039594068618353,-52.622337341308594,-67.48551940917969,30.765342712402344
IMPACT,3517.92,3517.92,00:58:37.92,00:58:37.92,0.0,10.260441850774102,-57.12372589111328,-65.11734771728516,24.352203369140625
RECOVERY,3518.656,3523.776,00:58:38.66,00:58:43.78,5.119999999999891,-0.14600262567447506,-67.07082738935577,-68.93225218494486,-0.017294036675684202
SWELL,3520.96,3520.96,00:58:40.96,00:58:40.96,0.0,0.0,-68.88949584960938,-70.29092407226562,-0.939697265625
HARSH,3524.0,3524.0,00:58:44.00,00:58:44.00,0.0,18.65094646649159,-66.34193420410156,-70.26385498046875,12.9041748046875
SWELL,3526.112,3526.112,00:58:46.11,00:58:46.11,0.0,0.0,-41.78480529785156,-42.18388366699219,-25.436023712158203
IMPACT,3528.0,3528.0,00:58:48.00,00:58:48.00,0.0,9.77200282555012,-42.568397521972656,-43.15472412109375,5.803272247314453
SWELL,3531.2,3531.2,00:58:51.20,00:58:51.20,0.0,0.0,-38.75273132324219,-38.88204574584961,-7.858573913574219
SWELL,3536.256,3536.256,00:58:56.26,00:58:56.26,0.0,0.0,-43.24595642089844,-44.03057861328125,-2.6222152709960938
IMPACT,3541.024,3541.024,00:59:01.02,00:59:01.02,0.0,11.699474298975806,-39.0539665222168,-43.32044219970703,9.462993621826172
SWELL,3541.28,3541.28,00:59:01.28,00:59:01.28,0.0,0.0,-43.73748016357422,-47.795658111572266,-7.804401397705078
SWELL,3546.4,3546.4,00:59:06.40,00:59:06.40,0.0,0.0,-41.27325439453125,-47.336429595947266,-0.4290657043457031
IMPACT,3549.152,3549.152,00:59:09.15,00:59:09.15,0.0,11.995989530658584,-38.612972259521484,-45.47266387939453,3.2008705139160156
HIGH_LOAD,3549.216,3557.216,00:59:09.22,00:59:17.22,8.0,0.5270562358765863,-40.06907573259209,-45.1159787425007,-5.378569310404865
IMPACT,3550.24,3550.24,00:59:10.24,00:59:10.24,0.0,10.011655426878985,-42.66880416870117,-48.81132507324219,2.2488975524902344
IMPACT,3551.36,3551.36,00:59:11.36,00:59:11.36,0.0,13.770320763910195,-34.42918395996094,-38.47373580932617,13.16573715209961
SWELL,3551.488,3551.488,00:59:11.49,00:59:11.49,0.0,0.0,-38.67820358276367,-41.74134063720703,4.5663299560546875
IMPACT,3553.056,3553.056,00:59:13.06,00:59:13.06,0.0,14.164892042625958,-38.780235290527344,-45.0199089050293,11.933435440063477
IMPACT,3554.656,3554.656,00:59:14.66,00:59:14.66,0.0,12.69692528797442,-35.488590240478516,-41.49713134765625,5.441913604736328
HARSH,3555.552,3555.552,00:59:15.55,00:59:15.55,0.0,19.23509434813038,-42.91838836669922,-49.26183319091797,8.328258514404297
IMPACT,3555.584,3555.584,00:59:15.58,00:59:15.58,0.0,17.510980681406167,-42.98881912231445,-49.578025817871094,8.57235336303711
SWELL,3556.512,3556.512,00:59:16.51,00:59:16.51,0.0,0.0,-38.447021484375,-47.38372802734375,-6.306934356689453
IMPACT,3557.056,3557.056,00:59:17.06,00:59:17.06,0.0,11.222195592471842,-41.34627914428711,-50.46515655517578,2.9182891845703125
SWELL,3561.568,3561.568,00:59:21.57,00:59:21.57,0.0,0.0,-36.14378356933594,-41.63726806640625,0.7296829223632812
IMPACT,3561.664,3561.664,00:59:21.66,00:59:21.66,0.0,8.37243156746854,-36.97978210449219,-42.456809997558594,1.9557838439941406
IMPACT,3565.696,3565.696,00:59:25.70,00:59:25.70,0.0,11.930977059401314,-46.50813674926758,-51.58403778076172,30.935401916503906
SWELL,3566.656,3566.656,00:59:26.66,00:59:26.66,0.0,0.0,-63.07346725463867,-63.83837127685547,4.907444000244141
IMPACT,3567.488,3567.488,00:59:27.49,00:59:27.49,0.0,8.693362887449023,-55.336143493652344,-58.67349624633789,20.389144897460938
IMPACT,3569.216,3569.216,00:59:29.22,00:59:29.22,0.0,22.9285913295888,-36.51770782470703,-39.17021942138672,39.765621185302734
IMPACT,3571.36,3571.36,00:59:31.36,00:59:31.36,0.0,14.089886829572336,-53.40591049194336,-60.42783737182617,19.710979461669922
SWELL,3571.648,3571.648,00:59:31.65,00:59:31.65,0.0,0.0,-49.94100570678711,-58.16681671142578,22.48648452758789
HARSH,3575.712,3575.712,00:59:35.71,00:59:35.71,0.0,13.988120346806598,-45.6551399230957,-50.43827438354492,11.146907806396484
SWELL,3576.704,3576.704,00:59:36.70,00:59:36.70,0.0,0.0,-48.45281982421875,-52.72747039794922,5.968658447265625
HIGH_LOAD,3578.08,3584.576,00:59:38.08,00:59:44.58,6.496000000000095,0.5446116087596614,-44.48598489574358,-49.194323147044464,5.810327801049924
SWELL,3581.856,3581.856,00:59:41.86,00:59:41.86,0.0,0.0,-42.53286361694336,-47.07882308959961,5.113605499267578
IMPACT,3583.52,3583.52,00:59:43.52,00:59:43.52,0.0,9.187513213909646,-42.13313293457031,-47.771759033203125,14.710201263427734
SWELL,3586.848,3586.848,00:59:46.85,00:59:46.85,0.0,0.0,-51.22358703613281,-54.00371170043945,-16.239517211914062
IMPACT,3589.344,3589.344,00:59:49.34,00:59:49.34,0.0,14.61588641614761,-47.48146057128906,-50.63640213012695,2.195873260498047
HARSH,3590.496,3590.496,00:59:50.50,00:59:50.50,0.0,12.743378765230505,-52.21220397949219,-58.376380920410156,4.7856903076171875
IMPACT,3590.528,3590.528,00:59:50.53,00:59:50.53,0.0,11.985195960629094,-50.89339828491211,-57.96379852294922,8.18902587890625
SWELL,3591.904,3591.904,00:59:51.90,00:59:51.90,0.0,0.0,-47.63954162597656,-54.1142578125,6.986457824707031
IMPACT,3595.808,3595.808,00:59:55.81,00:59:55.81,0.0,12.000803400057311,-44.57312774658203,-51.3594856262207,11.236442565917969
HARSH,3595.872,3595.872,00:59:55.87,00:59:55.87,0.0,27.536262768534602,-45.80144500732422,-53.9437141418457,11.426219940185547
SWELL,3597.024,3597.024,00:59:57.02,00:59:57.02,0.0,0.0,-53.96245574951172,-57.529197692871094,-9.824970245361328
IMPACT,3597.312,3597.312,00:59:57.31,00:59:57.31,0.0,10.854358427854779,-49.292015075683594,-56.55698776245117,10.954025268554688
IMPACT,3598.336,3598.336,00:59:58.34,00:59:58.34,0.0,8.767853101917293,-42.85954284667969,-51.74258804321289,21.95435333251953
HARSH,3599.808,3599.808,00:59:59.81,00:59:59.81,0.0,28.722694257009557,-45.29583740234375,-54.924713134765625,18.14883041381836
IMPACT,3599.84,3599.84,00:59:59.84,00:59:59.84,0.0,13.538378277997264,-42.182308197021484,-52.766414642333984,22.06361198425293
BARRAGE,3601.536,3613.184,01:00:01.54,01:00:13.18,11.648000000000138,1.286038963616707,-39.988991656368725,-42.61122795000468,7.05717047599897
IMPACT,3601.568,3601.568,01:00:01.57,01:00:01.57,0.0,13.14895112213214,-48.953697204589844,-56.12066650390625,14.866954803466797
SWELL,3602.08,3602.08,01:00:02.08,01:00:02.08,0.0,0.0,-51.94375991821289,-55.690860748291016,10.449737548828125
HARSH,3602.752,3602.752,01:00:02.75,01:00:02.75,0.0,13.711220656780007,-54.001216888427734,-57.3280143737793,6.656459808349609
HIGH_LOAD,3603.872,3612.032,01:00:03.87,01:00:12.03,8.16000000000031,0.5748234546327743,-36.93371466547251,-39.40126736462116,8.546758830547333
IMPACT,3604.544,3604.544,01:00:04.54,01:00:04.54,0.0,9.26061345725009,-36.02251434326172,-49.299659729003906,29.055736541748047
SWELL,3607.296,3607.296,01:00:07.30,01:00:07.30,0.0,0.0,-39.0847053527832,-39.526615142822266,-0.4739532470703125
IMPACT,3610.4,3610.4,01:00:10.40,01:00:10.40,0.0,10.04612605323406,-33.01891326904297,-35.61792755126953,10.741880416870117
SWELL,3612.288,3612.288,01:00:12.29,01:00:12.29,0.0,0.0,-35.140411376953125,-35.86804962158203,-0.2622718811035156
IMPACT,3612.8,3612.8,01:00:12.80,01:00:12.80,0.0,9.610405429066299,-33.12470626831055,-34.23607635498047,7.0237579345703125
IMPACT,3615.328,3615.328,01:00:15.33,01:00:15.33,0.0,11.90688667928064,-35.93136215209961,-37.859378814697266,15.415046691894531
IMPACT,3616.16,3616.16,01:00:16.16,01:00:16.16,0.0,11.003053853043566,-41.99645233154297,-45.676361083984375,20.379947662353516
SWELL,3617.312,3617.312,01:00:17.31,01:00:17.31,0.0,0.0,-44.94397735595703,-53.02058410644531,-3.4984703063964844
IMPACT,3617.504,3617.504,01:00:17.50,01:00:17.50,0.0,8.257398684162803,-45.1731071472168,-53.31086730957031,5.172157287597656
RECOVERY,3617.792,3645.728,01:00:17.79,01:00:45.73,27.93600000000015,-0.18542682427142337,-45.46915191371053,-51.93434638453294,-5.765772647115677
SWELL,3622.336,3622.336,01:00:22.34,01:00:22.34,0.0,0.0,-46.63689041137695,-52.01128005981445,-8.480392456054688
SWELL,3627.776,3627.776,01:00:27.78,01:00:27.78,0.0,0.0,-45.47581481933594,-53.3565673828125,-6.034961700439453
SWELL,3633.184,3633.184,01:00:33.18,01:00:33.18,0.0,0.0,-50.28008270263672,-55.94428634643555,-5.570594787597656
SWELL,3638.432,3638.432,01:00:38.43,01:00:38.43,0.0,0.0,-48.89747619628906,-55.89693069458008,-6.547607421875
SWELL,3644.032,3644.032,01:00:44.03,01:00:44.03,0.0,0.0,-40.57487487792969,-46.31653594970703,-6.9001312255859375
SWELL,3649.024,3649.024,01:00:49.02,01:00:49.02,0.0,0.0,-30.5,-32.90043258666992,14.133720397949219
SWELL,3654.08,3654.08,01:00:54.08,01:00:54.08,0.0,0.0,-27.39182472229004,-34.16382598876953,-6.776943206787109
SWELL,3659.072,3659.072,01:00:59.07,01:00:59.07,0.0,0.0,-30.727428436279297,-36.21955108642578,-5.0404510498046875
SWELL,3664.096,3664.096,01:01:04.10,01:01:04.10,0.0,0.0,-30.377830505371094,-36.41816711425781,1.2980422973632812
SWELL,3669.344,3669.344,01:01:09.34,01:01:09.34,0.0,0.0,-26.230737686157227,-36.439510345458984,4.640346527099609
HIGH_LOAD,3672.512,3682.72,01:01:12.51,01:01:22.72,10.207999999999629,0.548509166965711,-27.754368621110917,-35.32844850420952,-2.0127215445041657
SWELL,3674.56,3674.56,01:01:14.56,01:01:14.56,0.0,0.0,-27.39773178100586,-34.15209197998047,1.5622520446777344
IMPACT,3678.272,3678.272,01:01:18.27,01:01:18.27,0.0,8.31100462011358,-23.555696487426758,-25.125444412231445,15.24282455444336
SWELL,3679.648,3679.648,01:01:19.65,01:01:19.65,0.0,0.0,-29.104816436767578,-36.79941177368164,-6.60020637512207
IMPACT,3680.16,3680.16,01:01:20.16,01:01:20.16,0.0,9.198708536315044,-21.46078872680664,-23.10074806213379,18.618453979492188
IMPACT,3682.56,3682.56,01:01:22.56,01:01:22.56,0.0,8.570291504447486,-26.60426902770996,-29.378576278686523,10.726669311523438
SWELL,3684.768,3684.768,01:01:24.77,01:01:24.77,0.0,0.0,-29.60362434387207,-32.457000732421875,-10.433441162109375
HIGH_LOAD,3687.2,3691.232,01:01:27.20,01:01:31.23,4.032000000000153,0.5216289271008739,-32.48682782030481,-42.08693218982126,-0.7008243921234851
SWELL,3689.92,3689.92,01:01:29.92,01:01:29.92,0.0,0.0,-34.52532958984375,-43.712730407714844,-0.6349830627441406
HARSH,3691.008,3691.008,01:01:31.01,01:01:31.01,0.0,27.06512823156899,-25.719194412231445,-36.92409133911133,18.85142993927002
IMPACT,3691.072,3691.072,01:01:31.07,01:01:31.07,0.0,19.009097995088048,-23.247486114501953,-27.591304779052734,21.863883018493652
SWELL,3694.912,3694.912,01:01:34.91,01:01:34.91,0.0,0.0,-30.981843948364258,-31.306589126586914,-2.033466339111328
IMPACT,3697.984,3697.984,01:01:37.98,01:01:37.98,0.0,12.185633170113285,-25.375232696533203,-26.840484619140625,15.066715240478516
SWELL,3700.064,3700.064,01:01:40.06,01:01:40.06,0.0,0.0,-28.594295501708984,-29.217281341552734,-2.1652088165283203
SWELL,3705.12,3705.12,01:01:45.12,01:01:45.12,0.0,0.0,-26.955978393554688,-27.964950561523438,-2.0985469818115234
SWELL,3710.144,3710.144,01:01:50.14,01:01:50.14,0.0,0.0,-24.768531799316406,-25.296653747558594,-2.1337890625
SWELL,3715.2,3715.2,01:01:55.20,01:01:55.20,0.0,0.0,-22.594411849975586,-23.171398162841797,-2.260923385620117
SWELL,3720.288,3720.288,01:02:00.29,01:02:00.29,0.0,0.0,-24.611103057861328,-25.26757049560547,-2.407400131225586
HIGH_LOAD,3725.184,3730.496,01:02:05.18,01:02:10.50,5.311999999999898,0.5256939565167568,-26.342943477059553,-27.308167725979924,2.759086169168621
SWELL,3725.344,3725.344,01:02:05.34,01:02:05.34,0.0,0.0,-27.198566436767578,-27.990402221679688,1.6511306762695312
IMPACT,3729.664,3729.664,01:02:09.66,01:02:09.66,0.0,13.583597521735191,-23.302650451660156,-24.78799819946289,15.384359359741211
SWELL,3730.368,3730.368,01:02:10.37,01:02:10.37,0.0,0.0,-27.016666412353516,-27.70575714111328,2.2515926361083984
IMPACT,3731.2,3731.2,01:02:11.20,01:02:11.20,0.0,10.015484985714265,-25.016496658325195,-26.160991668701172,11.75086784362793
SWELL,3735.392,3735.392,01:02:15.39,01:02:15.39,0.0,0.0,-30.352249145507812,-31.551395416259766,-0.43524932861328125
SWELL,3740.384,3740.384,01:02:20.38,01:02:20.38,0.0,0.0,-31.164443969726562,-37.34074020385742,-2.1156177520751953
SWELL,3745.472,3745.472,01:02:25.47,01:02:25.47,0.0,0.0,-30.707847595214844,-39.88121032714844,8.065059661865234
SWELL,3750.56,3750.56,01:02:30.56,01:02:30.56,0.0,0.0,-42.705833435058594,-42.74007797241211,-12.788349151611328
BARRAGE,3751.648,3758.304,01:02:31.65,01:02:38.30,6.655999999999949,1.377229265994526,-49.377806211772715,-55.959909648986525,22.165388289821205
IMPACT,3751.776,3751.776,01:02:31.78,01:02:31.78,0.0,8.92666648866421,-43.81155014038086,-51.41103744506836,24.41604995727539
HIGH_LOAD,3752.576,3757.408,01:02:32.58,01:02:37.41,4.83199999999988,0.5383170706461303,-49.455942354704206,-57.194162469161185,27.063492285577876
HARSH,3753.888,3753.888,01:02:33.89,01:02:33.89,0.0,26.280086769758082,-68.52758026123047,-73.93171691894531,17.081233978271484
IMPACT,3753.888,3753.888,01:02:33.89,01:02:33.89,0.0,8.51956066632845,-68.52758026123047,-73.93171691894531,17.081233978271484
IMPACT,3754.976,3754.976,01:02:34.98,01:02:34.98,0.0,13.358050660353603,-43.699562072753906,-49.11262512207031,27.622478485107422
SWELL,3755.616,3755.616,01:02:35.62,01:02:35.62,0.0,0.0,-44.01998519897461,-55.997047424316406,37.231327056884766
HARSH,3757.056,3757.056,01:02:37.06,01:02:37.06,0.0,15.288347975098242,-45.78092956542969,-49.17213439941406,28.263641357421875
IMPACT,3757.44,3757.44,01:02:37.44,01:02:37.44,0.0,10.92127462820062,-44.66813659667969,-55.707008361816406,31.78582000732422
IMPACT,3759.04,3759.04,01:02:39.04,01:02:39.04,0.0,17.770319290305544,-39.5865364074707,-51.474552154541016,32.325042724609375
BARRAGE,3759.872,3783.52,01:02:39.87,01:03:03.52,23.64800000000014,1.963778843538438,-46.18247655850512,-51.80592337954543,22.883060488784523
HIGH_LOAD,3760.128,3777.6,01:02:40.13,01:02:57.60,17.471999999999753,0.5582358375517503,-45.938067141573,-51.605254555097225,24.92010154584644
IMPACT,3760.704,3760.704,01:02:40.70,01:02:40.70,0.0,10.7202278002877,-42.98601531982422,-53.713409423828125,37.31554412841797
SWELL,3760.96,3760.96,01:02:40.96,01:02:40.96,0.0,0.0,-48.64765930175781,-52.55289077758789,27.484371185302734
HARSH,3761.76,3761.76,01:02:41.76,01:02:41.76,0.0,19.99230966055038,-51.33824157714844,-62.13829803466797,26.985408782958984
IMPACT,3761.824,3761.824,01:02:41.82,01:02:41.82,0.0,9.130344864016,-51.389732360839844,-59.56273651123047,27.254547119140625
IMPACT,3763.488,3763.488,01:02:43.49,01:02:43.49,0.0,11.257771319573157,-40.02048110961914,-49.444244384765625,33.96162796020508
IMPACT,3764.32,3764.32,01:02:44.32,01:02:44.32,0.0,10.060584300720093,-39.597381591796875,-47.116661071777344,30.535614013671875
SWELL,3766.08,3766.08,01:02:46.08,01:02:46.08,0.0,0.0,-58.66489028930664,-59.28049087524414,10.465476989746094
IMPACT,3767.136,3767.136,01:02:47.14,01:02:47.14,0.0,8.719416113093581,-46.299739837646484,-50.720096588134766,20.34777069091797
IMPACT,3768.224,3768.224,01:02:48.22,01:02:48.22,0.0,11.895703904972459,-36.85444259643555,-41.95680236816406,23.16240692138672
IMPACT,3770.208,3770.208,01:02:50.21,01:02:50.21,0.0,14.137344242460154,-34.501949310302734,-42.331119537353516,31.014955520629883
HARSH,3770.272,3770.272,01:02:50.27,01:02:50.27,0.0,12.521360257053665,-39.61723709106445,-47.87839889526367,24.53741455078125
IMPACT,3771.2,3771.2,01:02:51.20,01:02:51.20,0.0,13.930292538459595,-36.50009536743164,-41.53755569458008,35.47575378417969
SWELL,3771.296,3771.296,01:02:51.30,01:02:51.30,0.0,0.0,-51.68026351928711,-54.57358932495117,17.98926544189453
IMPACT,3773.184,3773.184,01:02:53.18,01:02:53.18,0.0,8.531570186808851,-40.32820129394531,-49.51557922363281,36.09409523010254
HARSH,3773.856,3773.856,01:02:53.86,01:02:53.86,0.0,20.097868524334604,-49.19859313964844,-57.816158294677734,28.991138458251953
IMPACT,3773.952,3773.952,01:02:53.95,01:02:53.95,0.0,8.22393861502224,-40.39057922363281,-51.927337646484375,36.34348678588867
IMPACT,3774.72,3774.72,01:02:54.72,01:02:54.72,0.0,13.005098953710307,-37.246002197265625,-49.63261413574219,36.39289093017578
IMPACT,3776.288,3776.288,01:02:56.29,01:02:56.29,0.0,10.140647951179057,-36.718238830566406,-40.69593048095703,39.05039978027344
SWELL,3776.384,3776.384,01:02:56.38,01:02:56.38,0.0,0.0,-41.84257888793945,-45.35917663574219,32.788522720336914
HIGH_LOAD,3778.848,3784.288,01:02:58.85,01:03:04.29,5.440000000000055,0.6091938939709867,-44.993674633114836,-51.037082539048306,21.0615275072497
IMPACT,3779.104,3779.104,01:02:59.10,01:02:59.10,0.0,13.065554728590847,-36.66710662841797,-50.474853515625,32.912811279296875
HARSH,3780.096,3780.096,01:03:00.10,01:03:00.10,0.0,16.939671309582064,-42.86539077758789,-53.358707427978516,28.775142669677734
IMPACT,3780.096,3780.096,01:03:00.10,01:03:00.10,0.0,13.557893637642112,-42.86539077758789,-53.358707427978516,28.775142669677734
IMPACT,3780.992,3780.992,01:03:00.99,01:03:00.99,0.0,11.54701031846878,-42.427982330322266,-51.24026870727539,24.2740478515625
SWELL,3781.632,3781.632,01:03:01.63,01:03:01.63,0.0,0.0,-50.924320220947266,-51.35342025756836,4.226085662841797
DRUM_RUN,3782.048,3782.048,01:03:02.05,01:03:02.05,0.0,2.2144419443718153,-44.29157257080078,-46.67106628417969,22.290042877197266
IMPACT,3782.336,3782.336,01:03:02.34,01:03:02.34,0.0,11.25759063303269,-42.12408447265625,-51.423561096191406,25.935701370239258
IMPACT,3783.904,3783.904,01:03:03.90,01:03:03.90,0.0,11.138700912837578,-40.03069305419922,-47.58327865600586,30.7922420501709
SWELL,3786.816,3786.816,01:03:06.82,01:03:06.82,0.0,0.0,-48.07258605957031,-51.016563415527344,18.405811309814453
IMPACT,3788.032,3788.032,01:03:08.03,01:03:08.03,0.0,10.349098978824523,-47.21409606933594,-57.250919342041016,30.390750885009766
IMPACT,3789.472,3789.472,01:03:09.47,01:03:09.47,0.0,28.715725211487904,-33.77489471435547,-36.1428337097168,14.46365737915039
SWELL,3791.84,3791.84,01:03:11.84,01:03:11.84,0.0,0.0,-33.942222595214844,-34.266754150390625,-26.146060943603516
IMPACT,3796.384,3796.384,01:03:16.38,01:03:16.38,0.0,12.3078930528998,-32.798828125,-33.576744079589844,3.8830184936523438
SWELL,3797.824,3797.824,01:03:17.82,01:03:17.82,0.0,0.0,-45.956520080566406,-48.3746337890625,-10.24700927734375
IMPACT,3799.488,3799.488,01:03:19.49,01:03:19.49,0.0,11.605829587942067,-43.059349060058594,-44.95963668823242,26.578941345214844
IMPACT,3801.28,3801.28,01:03:21.28,01:03:21.28,0.0,12.322478107751454,-51.066253662109375,-58.129737854003906,34.146217346191406
IMPACT,3802.56,3802.56,01:03:22.56,01:03:22.56,0.0,15.454969012981904,-53.11515426635742,-62.70261764526367,34.15021896362305
SWELL,3802.912,3802.912,01:03:22.91,01:03:22.91,0.0,0.0,-63.385066986083984,-66.79225158691406,21.825870513916016
HARSH,3803.264,3803.264,01:03:23.26,01:03:23.26,0.0,29.29238916895852,-59.02385330200195,-69.31088256835938,26.96977996826172
IMPACT,3804.352,3804.352,01:03:24.35,01:03:24.35,0.0,12.47425616020743,-54.66112518310547,-64.2952651977539,31.412822723388672
BARRAGE,3806.464,3810.656,01:03:26.46,01:03:30.66,4.192000000000007,1.5636824199943824,-44.26854304111365,-49.286241791465066,18.012020530122697
IMPACT,3806.752,3806.752,01:03:26.75,01:03:26.75,0.0,11.830944864390815,-38.702674865722656,-47.92680358886719,27.78730583190918
SWELL,3808.032,3808.032,01:03:28.03,01:03:28.03,0.0,0.0,-35.821388244628906,-45.321102142333984,28.64415168762207
IMPACT,3808.416,3808.416,01:03:28.42,01:03:28.42,0.0,9.707132329140473,-33.85662841796875,-43.61440658569336,29.754167556762695
DRUM_RUN,3808.512,3808.512,01:03:28.51,01:03:28.51,0.0,2.8934148578387706,-40.49901580810547,-43.67038345336914,22.40313720703125
HARSH,3809.344,3809.344,01:03:29.34,01:03:29.34,0.0,16.644974052470367,-44.30604553222656,-50.90681457519531,19.308441162109375
SWELL,3813.12,3813.12,01:03:33.12,01:03:33.12,0.0,0.0,-38.95455551147461,-39.07147979736328,-15.651538848876953
IMPACT,3817.344,3817.344,01:03:37.34,01:03:37.34,0.0,8.821873305745765,-33.44230270385742,-34.239768981933594,-5.727058410644531
SWELL,3818.72,3818.72,01:03:38.72,01:03:38.72,0.0,0.0,-34.90936279296875,-35.319053649902344,-0.6292648315429688
IMPACT,3820.256,3820.256,01:03:40.26,01:03:40.26,0.0,11.052451866343343,-33.907020568847656,-34.98635482788086,-1.1704292297363281
IMPACT,3823.136,3823.136,01:03:43.14,01:03:43.14,0.0,11.632492980014765,-30.949552536010742,-31.888093948364258,-0.5476799011230469
IMPACT,3823.872,3823.872,01:03:43.87,01:03:43.87,0.0,8.242433723709803,-31.520954132080078,-32.841365814208984,-1.6547355651855469
SWELL,3823.936,3823.936,01:03:43.94,01:03:43.94,0.0,0.0,-31.519123077392578,-32.646358489990234,-1.8073692321777344
SWELL,3829.024,3829.024,01:03:49.02,01:03:49.02,0.0,0.0,-28.47736167907715,-29.851369857788086,-2.203563690185547
IMPACT,3831.072,3831.072,01:03:51.07,01:03:51.07,0.0,10.516559893135314,-26.897218704223633,-28.30666732788086,-2.3682289123535156
IMPACT,3832.512,3832.512,01:03:52.51,01:03:52.51,0.0,11.046621028939418,-28.090925216674805,-30.12364387512207,-2.2915210723876953
SWELL,3834.208,3834.208,01:03:54.21,01:03:54.21,0.0,0.0,-25.589000701904297,-27.159988403320312,-2.238983154296875
IMPACT,3834.656,3834.656,01:03:54.66,01:03:54.66,0.0,9.606724825591105,-28.280868530273438,-29.776887893676758,-2.024486541748047
SWELL,3839.232,3839.232,01:03:59.23,01:03:59.23,0.0,0.0,-28.28466033935547,-29.39396858215332,-1.0961742401123047
SWELL,3844.224,3844.224,01:04:04.22,01:04:04.22,0.0,0.0,-26.52822494506836,-27.805204391479492,-2.2562179565429688
SWELL,3849.344,3849.344,01:04:09.34,01:04:09.34,0.0,0.0,-28.22262954711914,-30.074460983276367,-2.063447952270508
SWELL,3854.368,3854.368,01:04:14.37,01:04:14.37,0.0,0.0,-27.90160369873047,-28.22674560546875,-1.9638385772705078
SWELL,3859.392,3859.392,01:04:19.39,01:04:19.39,0.0,0.0,-38.41474914550781,-39.519981384277344,-1.9645462036132812
SWELL,3864.384,3864.384,01:04:24.38,01:04:24.38,0.0,0.0,-33.071678161621094,-33.73487091064453,-6.5304718017578125
SWELL,3869.44,3869.44,01:04:29.44,01:04:29.44,0.0,0.0,-28.51740837097168,-28.749208450317383,-8.020191192626953
SWELL,3874.528,3874.528,01:04:34.53,01:04:34.53,0.0,0.0,-27.925933837890625,-28.307254791259766,-9.498743057250977
SWELL,3879.616,3879.616,01:04:39.62,01:04:39.62,0.0,0.0,-25.843351364135742,-26.260740280151367,-12.26420783996582
SWELL,3884.704,3884.704,01:04:44.70,01:04:44.70,0.0,0.0,-30.316431045532227,-30.714473724365234,-8.162822723388672
SWELL,3889.92,3889.92,01:04:49.92,01:04:49.92,0.0,0.0,-27.207237243652344,-27.793983459472656,-4.062902450561523
SWELL,3895.104,3895.104,01:04:55.10,01:04:55.10,0.0,0.0,-30.531484603881836,-31.278453826904297,-6.1545562744140625
SWELL,3900.16,3900.16,01:05:00.16,01:05:00.16,0.0,0.0,-26.669353485107422,-27.691856384277344,-6.986581802368164
SWELL,3905.216,3905.216,01:05:05.22,01:05:05.22,0.0,0.0,-28.252534866333008,-29.063241958618164,-1.11480712890625
SWELL,3910.336,3910.336,01:05:10.34,01:05:10.34,0.0,0.0,-31.043411254882812,-31.832475662231445,0.9704971313476562
SWELL,3915.36,3915.36,01:05:15.36,01:05:15.36,0.0,0.0,-24.467025756835938,-24.96757698059082,-6.3911285400390625
SWELL,3920.512,3920.512,01:05:20.51,01:05:20.51,0.0,0.0,-26.282121658325195,-27.117191314697266,-3.0804576873779297
SWELL,3925.632,3925.632,01:05:25.63,01:05:25.63,0.0,0.0,-25.81928062438965,-26.875974655151367,-0.4095592498779297
SWELL,3930.752,3930.752,01:05:30.75,01:05:30.75,0.0,0.0,-26.20953369140625,-26.763391494750977,-13.18934440612793
SWELL,3936.032,3936.032,01:05:36.03,01:05:36.03,0.0,0.0,-18.87418556213379,-19.054719924926758,-20.952938079833984
SWELL,3941.152,3941.152,01:05:41.15,01:05:41.15,0.0,0.0,-33.947872161865234,-37.07170867919922,3.8429527282714844
SWELL,3946.24,3946.24,01:05:46.24,01:05:46.24,0.0,0.0,-29.75505828857422,-31.894662857055664,1.0344657897949219
SWELL,3951.264,3951.264,01:05:51.26,01:05:51.26,0.0,0.0,-33.882179260253906,-36.280399322509766,-2.6534996032714844
SWELL,3956.256,3956.256,01:05:56.26,01:05:56.26,0.0,0.0,-32.15240478515625,-34.50362777709961,-2.5218658447265625
SWELL,3961.216,3961.216,01:06:01.22,01:06:01.22,0.0,0.0,-33.79240036010742,-36.09401321411133,-2.38568115234375
IMPACT,3961.6,3961.6,01:06:01.60,01:06:01.60,0.0,11.64548066567554,-32.842247009277344,-35.037750244140625,14.019865036010742
IMPACT,3963.264,3963.264,01:06:03.26,01:06:03.26,0.0,14.208665534048182,-31.55433464050293,-33.413787841796875,12.817150115966797
SWELL,3966.24,3966.24,01:06:06.24,01:06:06.24,0.0,0.0,-32.56193542480469,-34.56025695800781,1.5230255126953125
SWELL,3971.296,3971.296,01:06:11.30,01:06:11.30,0.0,0.0,-40.7398567199707,-44.419769287109375,11.834053039550781
HARSH,3973.312,3973.312,01:06:13.31,01:06:13.31,0.0,15.699901972875708,-46.8061637878418,-54.09510803222656,7.506610870361328
SWELL,3976.384,3976.384,01:06:16.38,01:06:16.38,0.0,0.0,-37.71800231933594,-49.09138107299805,-4.445159912109375
SWELL,3981.408,3981.408,01:06:21.41,01:06:21.41,0.0,0.0,-29.296241760253906,-30.72561264038086,1.9363212585449219
SWELL,3986.464,3986.464,01:06:26.46,01:06:26.46,0.0,0.0,-25.993160247802734,-26.890830993652344,-5.657630920410156
SWELL,3991.488,3991.488,01:06:31.49,01:06:31.49,0.0,0.0,-24.573680877685547,-26.259862899780273,-4.923494338989258
SWELL,3996.608,3996.608,01:06:36.61,01:06:36.61,0.0,0.0,-32.347190856933594,-33.911659240722656,2.842670440673828
SWELL,4001.632,4001.632,01:06:41.63,01:06:41.63,0.0,0.0,-36.503360748291016,-38.147586822509766,-1.1681098937988281
SWELL,4006.656,4006.656,01:06:46.66,01:06:46.66,0.0,0.0,-32.09921646118164,-33.763187408447266,-2.952960968017578
SWELL,4011.84,4011.84,01:06:51.84,01:06:51.84,0.0,0.0,-28.40915298461914,-29.457530975341797,-2.9196033477783203
SWELL,4016.832,4016.832,01:06:56.83,01:06:56.83,0.0,0.0,-25.69513511657715,-27.16980743408203,-2.8946495056152344
SWELL,4021.888,4021.888,01:07:01.89,01:07:01.89,0.0,0.0,-25.135486602783203,-26.788860321044922,-2.920621871948242
SWELL,4026.944,4026.944,01:07:06.94,01:07:06.94,0.0,0.0,-37.9959831237793,-40.52960205078125,-0.21306991577148438
HARSH,4030.528,4030.528,01:07:10.53,01:07:10.53,0.0,16.813423318584466,-32.83131408691406,-37.32757568359375,10.53360366821289
SWELL,4032.064,4032.064,01:07:12.06,01:07:12.06,0.0,0.0,-35.01288604736328,-36.60282516479492,-2.1852760314941406
SWELL,4037.12,4037.12,01:07:17.12,01:07:17.12,0.0,0.0,-33.64983367919922,-35.10593795776367,1.7669563293457031
SWELL,4042.272,4042.272,01:07:22.27,01:07:22.27,0.0,0.0,-28.738012313842773,-32.644287109375,-2.336040496826172
SWELL,4047.456,4047.456,01:07:27.46,01:07:27.46,0.0,0.0,-26.260595321655273,-30.412580490112305,-3.279916763305664
SWELL,4052.544,4052.544,01:07:32.54,01:07:32.54,0.0,0.0,-25.737987518310547,-32.18882751464844,-3.150379180908203
SWELL,4057.536,4057.536,01:07:37.54,01:07:37.54,0.0,0.0,-24.130952835083008,-27.513296127319336,10.87476921081543
SWELL,4062.56,4062.56,01:07:42.56,01:07:42.56,0.0,0.0,-27.905595779418945,-30.680889129638672,10.795404434204102
SWELL,4067.552,4067.552,01:07:47.55,01:07:47.55,0.0,0.0,-27.01630401611328,-31.699342727661133,0.6728553771972656
SWELL,4072.608,4072.608,01:07:52.61,01:07:52.61,0.0,0.0,-21.42331886291504,-24.6182918548584,-2.689624786376953
SWELL,4077.632,4077.632,01:07:57.63,01:07:57.63,0.0,0.0,-20.161306381225586,-25.083003997802734,-5.879833221435547
SWELL,4082.592,4082.592,01:08:02.59,01:08:02.59,0.0,0.0,-31.77422332763672,-36.773475646972656,9.18560791015625
SWELL,4087.808,4087.808,01:08:07.81,01:08:07.81,0.0,0.0,-39.48565673828125,-42.92729949951172,-2.3787765502929688
SWELL,4092.8,4092.8,01:08:12.80,01:08:12.80,0.0,0.0,-33.1443977355957,-34.908199310302734,-3.922534942626953
SWELL,4097.792,4097.792,01:08:17.79,01:08:17.79,0.0,0.0,-33.74293518066406,-36.497745513916016,-5.888954162597656
SWELL,4102.88,4102.88,01:08:22.88,01:08:22.88,0.0,0.0,-31.437725067138672,-33.214664459228516,-5.206363677978516
SWELL,4107.872,4107.872,01:08:27.87,01:08:27.87,0.0,0.0,-31.405887603759766,-33.66911697387695,-11.842281341552734
SWELL,4112.928,4112.928,01:08:32.93,01:08:32.93,0.0,0.0,-33.1893196105957,-34.52964401245117,0.39731597900390625
RECOVERY,4114.944,4121.664,01:08:34.94,01:08:41.66,6.719999999999345,-0.2316933654194423,-35.821331331515196,-37.01602852626999,-3.013558925610583
SWELL,4117.952,4117.952,01:08:37.95,01:08:37.95,0.0,0.0,-34.2249641418457,-35.599700927734375,-2.2952041625976562
SWELL,4123.136,4123.136,01:08:43.14,01:08:43.14,0.0,0.0,-48.6775016784668,-49.195499420166016,-7.1783905029296875
IMPACT,4126.368,4126.368,01:08:46.37,01:08:46.37,0.0,11.425983891079486,-32.76841735839844,-39.58694076538086,22.251176834106445
SWELL,4128.352,4128.352,01:08:48.35,01:08:48.35,0.0,0.0,-47.86112976074219,-48.34307098388672,1.6593399047851562
BARRAGE,4129.824,4133.344,01:08:49.82,01:08:53.34,3.5200000000004366,1.0928084332910717,-39.141079876873945,-40.35238513431034,3.9961394404505826
SWELL,4133.408,4133.408,01:08:53.41,01:08:53.41,0.0,0.0,-37.41468811035156,-37.87346649169922,5.027153015136719
SWELL,4138.496,4138.496,01:08:58.50,01:08:58.50,0.0,0.0,-43.46775436401367,-43.63462448120117,-18.208297729492188
RECOVERY,4141.536,4147.072,01:09:01.54,01:09:07.07,5.536000000000058,-0.16275726178524588,-46.46648422328905,-46.551310791366404,-17.23292616043968
SWELL,4143.68,4143.68,01:09:03.68,01:09:03.68,0.0,0.0,-46.63286590576172,-46.82842254638672,-17.793624877929688
HARSH,4147.616,4147.616,01:09:07.62,01:09:07.62,0.0,12.385241346653347,-40.36383056640625,-46.25270080566406,15.880878448486328
IMPACT,4147.616,4147.616,01:09:07.62,01:09:07.62,0.0,8.82988099007165,-40.36383056640625,-46.25270080566406,15.880878448486328
RECOVERY,4148.512,4158.144,01:09:08.51,01:09:18.14,9.632000000000517,-0.2104774770743913,-43.654419804250956,-43.85186464423376,-11.781308376236467
SWELL,4149.92,4149.92,01:09:09.92,01:09:09.92,0.0,0.0,-45.27690887451172,-45.29706573486328,-17.820083618164062
SWELL,4155.168,4155.168,01:09:15.17,01:09:15.17,0.0,0.0,-42.6658935546875,-42.74625778198242,-15.933952331542969
HARSH,4158.432,4158.432,01:09:18.43,01:09:18.43,0.0,12.675571451275106,-47.98651885986328,-52.54116439819336,17.1422119140625
IMPACT,4158.432,4158.432,01:09:18.43,01:09:18.43,0.0,8.967320122237881,-47.98651885986328,-52.54116439819336,17.1422119140625
SWELL,4160.416,4160.416,01:09:20.42,01:09:20.42,0.0,0.0,-46.264854431152344,-46.405784606933594,-19.17333984375
SWELL,4165.568,4165.568,01:09:25.57,01:09:25.57,0.0,0.0,-30.003395080566406,-30.358707427978516,-13.936332702636719
SWELL,4170.592,4170.592,01:09:30.59,01:09:30.59,0.0,0.0,-29.216089248657227,-29.61941146850586,-8.032083511352539
SWELL,4175.648,4175.648,01:09:35.65,01:09:35.65,0.0,0.0,-27.39729881286621,-28.854145050048828,-8.440418243408203
SWELL,4180.704,4180.704,01:09:40.70,01:09:40.70,0.0,0.0,-25.888154983520508,-26.331722259521484,-5.9673614501953125
SWELL,4185.76,4185.76,01:09:45.76,01:09:45.76,0.0,0.0,-28.991682052612305,-30.460494995117188,-6.585882186889648
SWELL,4190.784,4190.784,01:09:50.78,01:09:50.78,0.0,0.0,-33.21751022338867,-34.881587982177734,-7.143177032470703
SWELL,4195.872,4195.872,01:09:55.87,01:09:55.87,0.0,0.0,-27.417232513427734,-27.448511123657227,-11.077411651611328
SWELL,4200.928,4200.928,01:10:00.93,01:10:00.93,0.0,0.0,-26.58747100830078,-26.842878341674805,-18.4654541015625
SWELL,4205.984,4205.984,01:10:05.98,01:10:05.98,0.0,0.0,-27.369457244873047,-28.109622955322266,-5.181598663330078
SWELL,4211.04,4211.04,01:10:11.04,01:10:11.04,0.0,0.0,-29.34710693359375,-31.39282989501953,-1.6971397399902344
HIGH_LOAD,4214.464,4225.216,01:10:14.46,01:10:25.22,10.752000000000407,0.5423472016367127,-31.005248655551267,-34.37602072016775,8.795808905310022
SWELL,4216.16,4216.16,01:10:16.16,01:10:16.16,0.0,0.0,-29.31293487548828,-31.62778091430664,3.1238670349121094
SWELL,4221.216,4221.216,01:10:21.22,01:10:21.22,0.0,0.0,-32.13336181640625,-34.41156768798828,1.19464111328125
SWELL,4226.432,4226.432,01:10:26.43,01:10:26.43,0.0,0.0,-33.30086898803711,-34.828983306884766,-1.9614715576171875
SWELL,4231.52,4231.52,01:10:31.52,01:10:31.52,0.0,0.0,-32.495113372802734,-34.074485778808594,8.240976333618164
HIGH_LOAD,4235.616,4257.888,01:10:35.62,01:10:57.89,22.271999999999935,0.5746579441457994,-30.88013049143459,-34.39620248966956,3.403248542008475
SWELL,4236.512,4236.512,01:10:36.51,01:10:36.51,0.0,0.0,-35.40309143066406,-36.239383697509766,-4.984828948974609
SWELL,4241.504,4241.504,01:10:41.50,01:10:41.50,0.0,0.0,-27.70917510986328,-31.556182861328125,-0.26068115234375
IMPACT,4245.12,4245.12,01:10:45.12,01:10:45.12,0.0,8.617569684539394,-33.22821807861328,-34.382164001464844,4.481254577636719
IMPACT,4246.496,4246.496,01:10:46.50,01:10:46.50,0.0,10.257304030623262,-33.533321380615234,-37.64278793334961,13.777957916259766
HARSH,4246.528,4246.528,01:10:46.53,01:10:46.53,0.0,17.72703515646998,-33.00154495239258,-36.832027435302734,13.400096893310547
SWELL,4246.848,4246.848,01:10:46.85,01:10:46.85,0.0,0.0,-34.47767639160156,-34.666996002197266,5.262275695800781
SWELL,4251.872,4251.872,01:10:51.87,01:10:51.87,0.0,0.0,-31.818161010742188,-32.084678649902344,-6.498783111572266
SWELL,4256.896,4256.896,01:10:56.90,01:10:56.90,0.0,0.0,-29.642528533935547,-31.002187728881836,0.5375099182128906
HIGH_LOAD,4258.56,4263.744,01:10:58.56,01:11:03.74,5.183999999999287,0.5274528083725656,-32.03798917444741,-34.9769387826687,-0.40302040518783944
SWELL,4262.048,4262.048,01:11:02.05,01:11:02.05,0.0,0.0,-30.09222984313965,-31.81600570678711,-5.741725921630859
SWELL,4267.072,4267.072,01:11:07.07,01:11:07.07,0.0,0.0,-30.835569381713867,-33.40471267700195,-1.09454345703125
SWELL,4272.192,4272.192,01:11:12.19,01:11:12.19,0.0,0.0,-29.43610954284668,-30.92075538635254,0.04888153076171875
SWELL,4277.248,4277.248,01:11:17.25,01:11:17.25,0.0,0.0,-32.20313262939453,-33.325958251953125,0.1696624755859375
HIGH_LOAD,4277.92,4292.352,01:11:17.92,01:11:32.35,14.431999999999789,0.5662102649779941,-33.5961819454632,-37.33594073236516,6.30177901276445
SWELL,4282.24,4282.24,01:11:22.24,01:11:22.24,0.0,0.0,-41.16347885131836,-44.467010498046875,6.401569366455078
HARSH,4284.032,4284.032,01:11:24.03,01:11:24.03,0.0,20.002038315947726,-39.475276947021484,-44.3515739440918,14.050495147705078
SWELL,4287.296,4287.296,01:11:27.30,01:11:27.30,0.0,0.0,-33.419193267822266,-35.43463134765625,12.704763412475586
HARSH,4288.576,4288.576,01:11:28.58,01:11:28.58,0.0,21.13064348498817,-32.1406135559082,-37.14710998535156,8.677135467529297
IMPACT,4288.576,4288.576,01:11:28.58,01:11:28.58,0.0,8.814812811140358,-32.1406135559082,-37.14710998535156,8.677135467529297
SWELL,4292.32,4292.32,01:11:32.32,01:11:32.32,0.0,0.0,-26.851993560791016,-29.623695373535156,-1.9522533416748047
SWELL,4297.376,4297.376,01:11:37.38,01:11:37.38,0.0,0.0,-38.55608367919922,-38.95096969604492,5.829765319824219
SWELL,4302.464,4302.464,01:11:42.46,01:11:42.46,0.0,0.0,-36.767574310302734,-37.40288162231445,5.152042388916016
IMPACT,4306.688,4306.688,01:11:46.69,01:11:46.69,0.0,9.433029561853088,-34.00094985961914,-35.652103424072266,8.114992141723633
HIGH_LOAD,4307.2,4317.952,01:11:47.20,01:11:57.95,10.752000000000407,0.6172196889290269,-37.54195961541875,-40.6057299605463,10.284278564000342
SWELL,4307.52,4307.52,01:11:47.52,01:11:47.52,0.0,0.0,-37.378841400146484,-40.23876190185547,11.295711517333984
BARRAGE,4307.904,4314.752,01:11:47.90,01:11:54.75,6.847999999999956,1.3829047391085998,-37.19486637559048,-40.053245615404705,9.227845764160156
IMPACT,4308.8,4308.8,01:11:48.80,01:11:48.80,0.0,9.26586550018306,-31.700647354125977,-39.4869384765625,16.997039794921875
DRUM_RUN,4309.6,4309.6,01:11:49.60,01:11:49.60,0.0,2.2886046158778015,-33.4013671875,-36.61024475097656,14.357421875
IMPACT,4311.2,4311.2,01:11:51.20,01:11:51.20,0.0,9.102373685264725,-38.55086135864258,-41.19300842285156,13.0640869140625
SWELL,4312.64,4312.64,01:11:52.64,01:11:52.64,0.0,0.0,-37.15720748901367,-42.15547180175781,19.303070068359375
SWELL,4318.272,4318.272,01:11:58.27,01:11:58.27,0.0,0.0,-47.28690719604492,-48.08750915527344,5.436397552490234
IMPACT,4319.136,4319.136,01:11:59.14,01:11:59.14,0.0,15.420856803617246,-36.29386520385742,-40.307254791259766,23.064674377441406
HARSH,4323.232,4323.232,01:12:03.23,01:12:03.23,0.0,12.924838195293946,-40.99799346923828,-43.982330322265625,9.046619415283203
IMPACT,4323.264,4323.264,01:12:03.26,01:12:03.26,0.0,9.12046844666158,-40.60285568237305,-43.35554504394531,8.537841796875
SWELL,4323.424,4323.424,01:12:03.42,01:12:03.42,0.0,0.0,-40.42764663696289,-41.26612854003906,-9.01498794555664
SWELL,4328.448,4328.448,01:12:08.45,01:12:08.45,0.0,0.0,-36.017669677734375,-37.34494400024414,0.9600486755371094
SWELL,4333.76,4333.76,01:12:13.76,01:12:13.76,0.0,0.0,-36.78379821777344,-40.73245620727539,-5.110515594482422
SWELL,4338.816,4338.816,01:12:18.82,01:12:18.82,0.0,0.0,-35.12388229370117,-36.1962776184082,-2.552501678466797
SWELL,4343.904,4343.904,01:12:23.90,01:12:23.90,0.0,0.0,-35.9356803894043,-36.49468231201172,-9.80368423461914
SWELL,4348.896,4348.896,01:12:28.90,01:12:28.90,0.0,0.0,-41.025203704833984,-45.15687942504883,1.7879562377929688
IMPACT,4350.176,4350.176,01:12:30.18,01:12:30.18,0.0,10.38016758967162,-34.32002258300781,-42.1717414855957,16.784488677978516
SWELL,4353.984,4353.984,01:12:33.98,01:12:33.98,0.0,0.0,-32.41168212890625,-36.401126861572266,-5.7894287109375
SWELL,4359.136,4359.136,01:12:39.14,01:12:39.14,0.0,0.0,-40.11924743652344,-41.715911865234375,-4.244415283203125
SWELL,4364.128,4364.128,01:12:44.13,01:12:44.13,0.0,0.0,-36.50828552246094,-38.807899475097656,-4.823307037353516
SWELL,4369.12,4369.12,01:12:49.12,01:12:49.12,0.0,0.0,-36.974945068359375,-38.96517562866211,-4.053432464599609
HIGH_LOAD,4371.008,4377.248,01:12:51.01,01:12:57.25,6.239999999999782,0.5644120060771503,-40.56547198003652,-43.09603837071633,6.650544672596212
BARRAGE,4372.8,4376.512,01:12:52.80,01:12:56.51,3.7119999999995343,1.1590174288081012,-41.581861870920555,-43.92615287324302,7.054757990388789
SWELL,4374.176,4374.176,01:12:54.18,01:12:54.18,0.0,0.0,-46.31134796142578,-47.422367095947266,6.073554992675781
HARSH,4374.88,4374.88,01:12:54.88,01:12:54.88,0.0,14.459006404212658,-45.959014892578125,-48.430450439453125,9.877750396728516
IMPACT,4375.552,4375.552,01:12:55.55,01:12:55.55,0.0,9.032035943306008,-37.16255569458008,-39.67335891723633,17.195466995239258
SWELL,4379.392,4379.392,01:12:59.39,01:12:59.39,0.0,0.0,-41.4095344543457,-41.690677642822266,-10.28316879272461
IMPACT,4382.72,4382.72,01:13:02.72,01:13:02.72,0.0,9.449660437250909,-38.184268951416016,-44.9699592590332,17.99361228942871
SWELL,4384.736,4384.736,01:13:04.74,01:13:04.74,0.0,0.0,-46.25169372558594,-49.00661087036133,-0.23831939697265625
IMPACT,4386.336,4386.336,01:13:06.34,01:13:06.34,0.0,12.935994877875878,-46.05438995361328,-48.142242431640625,8.78582763671875
BARRAGE,4387.008,4392.0,01:13:07.01,01:13:12.00,4.992000000000189,1.2110190888552588,-38.402436979257374,-39.90432797571656,1.2615790518985432
HIGH_LOAD,4387.744,4392.704,01:13:07.74,01:13:12.70,4.960000000000036,0.5480382078588798,-38.301305379623024,-40.19722141363682,2.729669485336695
SWELL,4389.76,4389.76,01:13:09.76,01:13:09.76,0.0,0.0,-36.22711944580078,-38.609962463378906,9.971660614013672
IMPACT,4392.352,4392.352,01:13:12.35,01:13:12.35,0.0,9.948146412062771,-33.60260009765625,-40.430694580078125,26.72875213623047
IMPACT,4394.176,4394.176,01:13:14.18,01:13:14.18,0.0,10.81584581308717,-35.74964141845703,-37.744842529296875,9.086292266845703
SWELL,4394.912,4394.912,01:13:14.91,01:13:14.91,0.0,0.0,-36.901878356933594,-37.277774810791016,-13.783771514892578
SWELL,4400.0,4400.0,01:13:20.00,01:13:20.00,0.0,0.0,-32.019718170166016,-33.005558013916016,-10.230220794677734
SWELL,4405.024,4405.024,01:13:25.02,01:13:25.02,0.0,0.0,-44.23677444458008,-46.86375045776367,-6.870838165283203
SWELL,4410.08,4410.08,01:13:30.08,01:13:30.08,0.0,0.0,-42.740455627441406,-44.763275146484375,-6.68316650390625
IMPACT,4410.208,4410.208,01:13:30.21,01:13:30.21,0.0,8.75918342651892,-28.604001998901367,-45.394596099853516,26.92905616760254
IMPACT,4411.328,4411.328,01:13:31.33,01:13:31.33,0.0,10.292404706513473,-28.11917495727539,-47.49566650390625,30.776960372924805
SWELL,4415.072,4415.072,01:13:35.07,01:13:35.07,0.0,0.0,-40.234012603759766,-42.80278778076172,-4.755413055419922
SWELL,4420.064,4420.064,01:13:40.06,01:13:40.06,0.0,0.0,-52.75463104248047,-58.23899841308594,-5.648723602294922
HARSH,4420.992,4420.992,01:13:40.99,01:13:40.99,0.0,26.604685524759173,-50.10970687866211,-59.350608825683594,18.67715835571289
IMPACT,4420.992,4420.992,01:13:40.99,01:13:40.99,0.0,14.8150197552144,-50.10970687866211,-59.350608825683594,18.67715835571289
SWELL,4425.184,4425.184,01:13:45.18,01:13:45.18,0.0,0.0,-31.94200325012207,-33.7213249206543,-3.614459991455078
SWELL,4430.4,4430.4,01:13:50.40,01:13:50.40,0.0,0.0,-32.66477966308594,-34.35652160644531,-5.291873931884766
SWELL,4435.392,4435.392,01:13:55.39,01:13:55.39,0.0,0.0,-30.729944229125977,-31.97810173034668,0.156005859375
IMPACT,4440.096,4440.096,01:14:00.10,01:14:00.10,0.0,12.101201818232408,-27.503721237182617,-32.284156799316406,-6.05816650390625
HIGH_LOAD,4440.448,4449.92,01:14:00.45,01:14:09.92,9.471999999999753,0.5394377266648769,-27.037920723860513,-29.537937138618442,3.9917323212029556
SWELL,4440.608,4440.608,01:14:00.61,01:14:00.61,0.0,0.0,-30.788036346435547,-32.179290771484375,-5.939289093017578
IMPACT,4440.928,4440.928,01:14:00.93,01:14:00.93,0.0,8.265019952563328,-28.10195541381836,-32.43524169921875,-1.0058975219726562
SWELL,4445.664,4445.664,01:14:05.66,01:14:05.66,0.0,0.0,-27.464448928833008,-29.272764205932617,3.626617431640625
SWELL,4450.784,4450.784,01:14:10.78,01:14:10.78,0.0,0.0,-25.81976318359375,-27.229412078857422,-4.744045257568359
SWELL,4455.808,4455.808,01:14:15.81,01:14:15.81,0.0,0.0,-36.68125915527344,-40.607276916503906,0.6546821594238281
HIGH_LOAD,4456.992,4469.024,01:14:16.99,01:14:29.02,12.032000000000153,0.5897562681896936,-31.64011557095879,-36.96181901886229,10.855882705364683
SWELL,4460.896,4460.896,01:14:20.90,01:14:20.90,0.0,0.0,-32.48915481567383,-38.50128936767578,12.596435546875
IMPACT,4461.152,4461.152,01:14:21.15,01:14:21.15,0.0,8.502228736448561,-32.350284576416016,-38.850868225097656,13.17807388305664
HARSH,4461.184,4461.184,01:14:21.18,01:14:21.18,0.0,17.56479246042086,-32.40258026123047,-39.44505310058594,13.309076309204102
BARRAGE,4462.304,4467.008,01:14:22.30,01:14:27.01,4.7039999999997235,1.05180543009038,-30.370157847533356,-35.542495637326624,11.655050058622617
IMPACT,4464.736,4464.736,01:14:24.74,01:14:24.74,0.0,8.811717297446862,-30.40347671508789,-36.872840881347656,13.643243789672852
HARSH,4464.768,4464.768,01:14:24.77,01:14:24.77,0.0,15.134636635297944,-30.79840087890625,-37.25832748413086,13.764089584350586
IMPACT,4465.824,4465.824,01:14:25.82,01:14:25.82,0.0,8.58673685772719,-29.81973648071289,-32.21461486816406,15.059368133544922
SWELL,4466.144,4466.144,01:14:26.14,01:14:26.14,0.0,0.0,-32.53517150878906,-35.501075744628906,1.1114120483398438
SWELL,4471.232,4471.232,01:14:31.23,01:14:31.23,0.0,0.0,-25.567054748535156,-26.971683502197266,12.907543182373047
SWELL,4476.288,4476.288,01:14:36.29,01:14:36.29,0.0,0.0,-29.7214412689209,-31.871868133544922,4.645748138427734
HIGH_LOAD,4478.08,4484.448,01:14:38.08,01:14:44.45,6.368000000000393,0.5307551297726494,-25.524695568084717,-28.10690873146057,2.2532393169403075
IMPACT,4480.704,4480.704,01:14:40.70,01:14:40.70,0.0,8.752263204768866,-22.168346405029297,-24.270145416259766,17.004650115966797
SWELL,4481.28,4481.28,01:14:41.28,01:14:41.28,0.0,0.0,-24.156517028808594,-27.64789581298828,11.14129638671875
SWELL,4486.304,4486.304,01:14:46.30,01:14:46.30,0.0,0.0,-26.898591995239258,-28.991409301757812,-3.2376327514648438
SWELL,4491.328,4491.328,01:14:51.33,01:14:51.33,0.0,0.0,-26.560394287109375,-28.626689910888672,-5.672723770141602
IMPACT,4495.968,4495.968,01:14:55.97,01:14:55.97,0.0,12.093728554501489,-21.54015350341797,-25.302610397338867,-10.56241226196289
HARSH,4496.352,4496.352,01:14:56.35,01:14:56.35,0.0,21.864994714624352,-25.376684188842773,-27.729721069335938,-14.337272644042969
SWELL,4496.48,4496.48,01:14:56.48,01:14:56.48,0.0,0.0,-31.407386779785156,-34.87683868408203,2.0389175415039062
IMPACT,4497.12,4497.12,01:14:57.12,01:14:57.12,0.0,13.28275707683624,-23.016746520996094,-25.83944320678711,-12.175132751464844
SWELL,4501.536,4501.536,01:15:01.54,01:15:01.54,0.0,0.0,-35.67564010620117,-37.03724670410156,-3.609130859375
SWELL,4506.624,4506.624,01:15:06.62,01:15:06.62,0.0,0.0,-39.30950164794922,-40.131195068359375,7.900791168212891
IMPACT,4509.152,4509.152,01:15:09.15,01:15:09.15,0.0,27.60133720135447,-24.271827697753906,-27.773712158203125,-9.218109130859375
HARSH,4509.216,4509.216,01:15:09.22,01:15:09.22,0.0,22.550403123604013,-27.07106590270996,-31.127588272094727,-3.8825302124023438
HIGH_LOAD,4510.848,4517.536,01:15:10.85,01:15:17.54,6.688000000000102,0.5369162750399229,-34.69391297839937,-39.29051700773693,6.300277873447963
SWELL,4511.68,4511.68,01:15:11.68,01:15:11.68,0.0,0.0,-41.956512451171875,-46.941429138183594,12.319896697998047
SWELL,4516.768,4516.768,01:15:16.77,01:15:16.77,0.0,0.0,-29.483022689819336,-33.585426330566406,-9.788869857788086
IMPACT,4517.024,4517.024,01:15:17.02,01:15:17.02,0.0,9.371036128072381,-20.998886108398438,-24.041790008544922,-12.64149284362793
HARSH,4517.056,4517.056,01:15:17.06,01:15:17.06,0.0,18.057790601777494,-23.313480377197266,-27.2994384765625,-11.50385856628418
SWELL,4521.888,4521.888,01:15:21.89,01:15:21.89,0.0,0.0,-28.221195220947266,-28.62049102783203,-2.7475662231445312
SWELL,4526.88,4526.88,01:15:26.88,01:15:26.88,0.0,0.0,-20.86990737915039,-21.482681274414062,4.476539611816406
IMPACT,4530.048,4530.048,01:15:30.05,01:15:30.05,0.0,15.025362779240753,-28.340578079223633,-30.898225784301758,12.394378662109375
HARSH,4530.08,4530.08,01:15:30.08,01:15:30.08,0.0,23.317364747986055,-28.44696044921875,-31.073871612548828,12.251728057861328
BARRAGE,4530.752,4536.384,01:15:30.75,01:15:36.38,5.631999999999607,1.3055414699551537,-35.45040016389836,-39.69954029449635,1.4888763212214755
SWELL,4531.936,4531.936,01:15:31.94,01:15:31.94,0.0,0.0,-42.79006576538086,-43.86054992675781,-1.4849319458007812
HIGH_LOAD,4532.0,4543.264,01:15:32.00,01:15:43.26,11.264000000000124,0.6142294435759014,-29.144687717426937,-34.10356227129107,-1.3182665903237318
IMPACT,4532.032,4532.032,01:15:32.03,01:15:32.03,0.0,12.252351444582215,-40.05841064453125,-43.06066131591797,9.47515869140625
HARSH,4533.472,4533.472,01:15:33.47,01:15:33.47,0.0,25.448580582722993,-32.55201721191406,-39.21294021606445,7.718799591064453
IMPACT,4533.472,4533.472,01:15:33.47,01:15:33.47,0.0,22.635841725812476,-32.55201721191406,-39.21294021606445,7.718799591064453
IMPACT,4534.624,4534.624,01:15:34.62,01:15:34.62,0.0,9.881490059206802,-28.687761306762695,-33.478668212890625,6.175432205200195
SWELL,4536.992,4536.992,01:15:36.99,01:15:36.99,0.0,0.0,-25.602073669433594,-30.226938247680664,-11.75229263305664
SWELL,4542.016,4542.016,01:15:42.02,01:15:42.02,0.0,0.0,-26.564388275146484,-30.433866500854492,-5.133674621582031
HARSH,4542.24,4542.24,01:15:42.24,01:15:42.24,0.0,19.837548540518757,-24.504371643066406,-31.132047653198242,9.86288070678711
IMPACT,4542.272,4542.272,01:15:42.27,01:15:42.27,0.0,8.988787004421983,-24.638690948486328,-31.387290954589844,9.293533325195312
HARSH,4545.728,4545.728,01:15:45.73,01:15:45.73,0.0,16.317009262835718,-24.498512268066406,-30.027990341186523,9.216262817382812
SWELL,4547.072,4547.072,01:15:47.07,01:15:47.07,0.0,0.0,-23.628528594970703,-27.12518310546875,-7.102687835693359
IMPACT,4551.36,4551.36,01:15:51.36,01:15:51.36,0.0,9.952714053533533,-28.870330810546875,-30.4653377532959,2.1057376861572266
SWELL,4552.096,4552.096,01:15:52.10,01:15:52.10,0.0,0.0,-33.72377014160156,-35.376373291015625,-3.6835556030273438
SWELL,4557.152,4557.152,01:15:57.15,01:15:57.15,0.0,0.0,-34.3829345703125,-36.36062240600586,4.46966552734375
SWELL,4562.208,4562.208,01:16:02.21,01:16:02.21,0.0,0.0,-36.54536056518555,-39.17202377319336,-4.1400604248046875
SWELL,4567.424,4567.424,01:16:07.42,01:16:07.42,0.0,0.0,-25.621356964111328,-28.837289810180664,7.6680908203125
SWELL,4572.448,4572.448,01:16:12.45,01:16:12.45,0.0,0.0,-26.543319702148438,-28.839710235595703,-2.5756149291992188
SWELL,4577.536,4577.536,01:16:17.54,01:16:17.54,0.0,0.0,-24.716157913208008,-25.96735191345215,-0.9315128326416016
SWELL,4582.56,4582.56,01:16:22.56,01:16:22.56,0.0,0.0,-27.823354721069336,-28.693145751953125,-9.228275299072266
HIGH_LOAD,4583.52,4594.336,01:16:23.52,01:16:34.34,10.815999999999804,0.5480392963537514,-27.856831744708845,-29.292945664892507,2.45892316261224
IMPACT,4584.16,4584.16,01:16:24.16,01:16:24.16,0.0,8.413785271453607,-25.990345001220703,-26.963747024536133,-7.967014312744141
IMPACT,4585.92,4585.92,01:16:25.92,01:16:25.92,0.0,9.311977245570153,-26.027503967285156,-27.301586151123047,-6.084384918212891
SWELL,4587.552,4587.552,01:16:27.55,01:16:27.55,0.0,0.0,-25.84273910522461,-29.718555450439453,12.573688507080078
IMPACT,4590.336,4590.336,01:16:30.34,01:16:30.34,0.0,9.066701266702921,-26.34528923034668,-27.351211547851562,-0.5252361297607422
SWELL,4592.64,4592.64,01:16:32.64,01:16:32.64,0.0,0.0,-28.138582229614258,-28.932723999023438,1.2273063659667969
SWELL,4597.728,4597.728,01:16:37.73,01:16:37.73,0.0,0.0,-29.746097564697266,-30.699539184570312,-7.312168121337891
HIGH_LOAD,4598.912,4613.12,01:16:38.91,01:16:53.12,14.207999999999629,0.5700156022456851,-27.87939256818107,-30.06653563681613,2.4269316298238346
IMPACT,4600.672,4600.672,01:16:40.67,01:16:40.67,0.0,9.97677975357278,-20.843507766723633,-24.396728515625,4.857343673706055
HARSH,4600.704,4600.704,01:16:40.70,01:16:40.70,0.0,16.232901178987838,-22.306482315063477,-25.24509048461914,7.402107238769531
SWELL,4602.72,4602.72,01:16:42.72,01:16:42.72,0.0,0.0,-22.508323669433594,-24.764480590820312,-0.05206298828125
HARSH,4604.64,4604.64,01:16:44.64,01:16:44.64,0.0,15.074602579617796,-26.80138397216797,-29.530275344848633,-1.1365089416503906
IMPACT,4606.208,4606.208,01:16:46.21,01:16:46.21,0.0,8.48064565310374,-21.08006477355957,-24.366483688354492,3.125316619873047
IMPACT,4607.392,4607.392,01:16:47.39,01:16:47.39,0.0,12.227270133681776,-21.80242156982422,-25.073272705078125,-3.738443374633789
SWELL,4607.744,4607.744,01:16:47.74,01:16:47.74,0.0,0.0,-28.001922607421875,-29.098743438720703,-0.20601463317871094
IMPACT,4608.48,4608.48,01:16:48.48,01:16:48.48,0.0,12.504952792746913,-22.445587158203125,-25.915416717529297,-2.3898258209228516
HARSH,4608.512,4608.512,01:16:48.51,01:16:48.51,0.0,19.462138899795583,-24.099685668945312,-27.359020233154297,-0.14696121215820312
IMPACT,4610.048,4610.048,01:16:50.05,01:16:50.05,0.0,8.209815259673668,-28.33307647705078,-30.096435546875,9.461309432983398
IMPACT,4610.912,4610.912,01:16:50.91,01:16:50.91,0.0,13.43376274133148,-21.982032775878906,-25.74573516845703,2.1229724884033203
SWELL,4612.768,4612.768,01:16:52.77,01:16:52.77,0.0,0.0,-30.95688819885254,-33.864139556884766,7.749904632568359
IMPACT,4615.616,4615.616,01:16:55.62,01:16:55.62,0.0,8.319667129748229,-28.478839874267578,-29.98469352722168,-5.399789810180664
HIGH_LOAD,4615.648,4631.616,01:16:55.65,01:17:11.62,15.967999999999847,0.5413826476236799,-26.114026650221287,-28.248973393392657,-1.5654450452732231
IMPACT,4616.512,4616.512,01:16:56.51,01:16:56.51,0.0,9.972267045005795,-25.7491397857666,-26.992761611938477,-7.229715347290039
IMPACT,4617.6,4617.6,01:16:57.60,01:16:57.60,0.0,9.965069943219147,-23.62544059753418,-25.651527404785156,-2.527496337890625
SWELL,4617.92,4617.92,01:16:57.92,01:16:57.92,0.0,0.0,-25.820425033569336,-26.67599868774414,-8.436790466308594
HARSH,4618.592,4618.592,01:16:58.59,01:16:58.59,0.0,12.582509919614566,-27.67898178100586,-30.853900909423828,8.936210632324219
IMPACT,4619.648,4619.648,01:16:59.65,01:16:59.65,0.0,9.283559833022366,-23.173110961914062,-25.035362243652344,-2.3705062866210938
SWELL,4622.88,4622.88,01:17:02.88,01:17:02.88,0.0,0.0,-27.283523559570312,-28.485233306884766,-9.400026321411133
IMPACT,4623.232,4623.232,01:17:03.23,01:17:03.23,0.0,11.213450274381184,-22.63360595703125,-24.296878814697266,-5.688728332519531
SWELL,4627.968,4627.968,01:17:07.97,01:17:07.97,0.0,0.0,-27.499906539916992,-30.980302810668945,-6.781284332275391
HIGH_LOAD,4632.0,4637.76,01:17:12.00,01:17:17.76,5.760000000000218,0.5834813790644843,-27.92901063360562,-30.579088137294708,-3.670311342945415
IMPACT,4632.64,4632.64,01:17:12.64,01:17:12.64,0.0,9.199027858893059,-24.180356979370117,-26.327974319458008,-13.137928009033203
SWELL,4633.152,4633.152,01:17:13.15,01:17:13.15,0.0,0.0,-26.50144386291504,-30.179424285888672,-12.446830749511719
IMPACT,4634.688,4634.688,01:17:14.69,01:17:14.69,0.0,8.64595408558785,-28.652870178222656,-33.051048278808594,10.894237518310547
HARSH,4636.672,4636.672,01:17:16.67,01:17:16.67,0.0,14.492356359303084,-25.958967208862305,-29.965456008911133,11.436119079589844
SWELL,4638.176,4638.176,01:17:18.18,01:17:18.18,0.0,0.0,-31.892194747924805,-33.53264236450195,-10.670352935791016
IMPACT,4639.52,4639.52,01:17:19.52,01:17:19.52,0.0,8.334419430778292,-30.714445114135742,-32.338768005371094,3.6809844970703125
SWELL,4643.52,4643.52,01:17:23.52,01:17:23.52,0.0,0.0,-30.862998962402344,-32.53310012817383,1.0599327087402344
IMPACT,4644.096,4644.096,01:17:24.10,01:17:24.10,0.0,8.364519318646575,-28.60936164855957,-33.111629486083984,13.102441787719727
SWELL,4648.576,4648.576,01:17:28.58,01:17:28.58,0.0,0.0,-32.421958923339844,-34.58784866333008,-10.797863006591797
IMPACT,4650.304,4650.304,01:17:30.30,01:17:30.30,0.0,12.005135869585741,-26.57700538635254,-28.397945404052734,16.869964599609375
SWELL,4653.6,4653.6,01:17:33.60,01:17:33.60,0.0,0.0,-31.043743133544922,-33.07387161254883,-10.835355758666992
SWELL,4658.688,4658.688,01:17:38.69,01:17:38.69,0.0,0.0,-32.427955627441406,-36.102745056152344,-7.014961242675781
HIGH_LOAD,4662.848,4690.176,01:17:42.85,01:18:10.18,27.32800000000043,0.5871396440167643,-29.526220994575002,-32.69899647926616,2.6745968834262026
HARSH,4663.744,4663.744,01:17:43.74,01:17:43.74,0.0,17.476701552706984,-32.08271789550781,-39.459983825683594,17.31183624267578
SWELL,4664.0,4664.0,01:17:44.00,01:17:44.00,0.0,0.0,-25.95948028564453,-28.44961929321289,-2.040628433227539
IMPACT,4666.624,4666.624,01:17:46.62,01:17:46.62,0.0,11.677810645849684,-22.399051666259766,-24.310394287109375,-15.900379180908203
HARSH,4667.2,4667.2,01:17:47.20,01:17:47.20,0.0,14.918669044495969,-26.362510681152344,-29.528079986572266,3.3382530212402344
SWELL,4668.992,4668.992,01:17:48.99,01:17:48.99,0.0,0.0,-29.65041732788086,-32.226715087890625,4.864799499511719
SWELL,4674.048,4674.048,01:17:54.05,01:17:54.05,0.0,0.0,-29.736064910888672,-36.77836990356445,16.419538497924805
IMPACT,4674.4,4674.4,01:17:54.40,01:17:54.40,0.0,9.095361528606345,-26.358333587646484,-29.355247497558594,19.760231018066406
SWELL,4679.136,4679.136,01:17:59.14,01:17:59.14,0.0,0.0,-26.70631217956543,-29.959274291992188,19.454858779907227
IMPACT,4681.536,4681.536,01:18:01.54,01:18:01.54,0.0,17.88885653809365,-22.859010696411133,-25.304868698120117,-11.22939682006836
IMPACT,4683.808,4683.808,01:18:03.81,01:18:03.81,0.0,13.88581871731085,-23.18136978149414,-26.697139739990234,-12.194578170776367
HARSH,4683.84,4683.84,01:18:03.84,01:18:03.84,0.0,23.65776996996774,-26.129695892333984,-29.87859344482422,-6.350942611694336
DRUM_RUN,4684.032,4684.032,01:18:04.03,01:18:04.03,0.0,2.3692415466074324,-19.38874626159668,-21.661296844482422,12.130680084228516
SWELL,4684.32,4684.32,01:18:04.32,01:18:04.32,0.0,0.0,-29.63421058654785,-30.5013427734375,-0.32274818420410156
IMPACT,4685.216,4685.216,01:18:05.22,01:18:05.22,0.0,13.375003149851638,-21.501562118530273,-25.21187973022461,4.757879257202148
IMPACT,4688.416,4688.416,01:18:08.42,01:18:08.42,0.0,17.99041576757294,-21.121280670166016,-25.030813217163086,-10.996768951416016
HARSH,4688.48,4688.48,01:18:08.48,01:18:08.48,0.0,22.18386317047013,-24.06936264038086,-29.150775909423828,1.1427440643310547
SWELL,4689.344,4689.344,01:18:09.34,01:18:09.34,0.0,0.0,-27.86758041381836,-32.898406982421875,10.641119003295898
IMPACT,4689.44,4689.44,01:18:09.44,01:18:09.44,0.0,14.616728669737771,-21.336557388305664,-24.919445037841797,17.606943130493164
SWELL,4694.368,4694.368,01:18:14.37,01:18:14.37,0.0,0.0,-27.827030181884766,-30.250652313232422,-6.94085693359375
IMPACT,4696.992,4696.992,01:18:16.99,01:18:16.99,0.0,20.385644475085154,-24.886310577392578,-28.523239135742188,-1.8754920959472656
HARSH,4697.088,4697.088,01:18:17.09,01:18:17.09,0.0,24.44172430848828,-28.895090103149414,-34.78505325317383,2.91314697265625
SWELL,4699.488,4699.488,01:18:19.49,01:18:19.49,0.0,0.0,-29.75592803955078,-32.590030670166016,-10.894302368164062
IMPACT,4699.84,4699.84,01:18:19.84,01:18:19.84,0.0,12.871979825923487,-26.43149185180664,-30.366352081298828,-11.918365478515625
HIGH_LOAD,4700.8,4705.728,01:18:20.80,01:18:25.73,4.927999999999884,0.5439034792811266,-29.613952501358526,-34.49832852271295,0.7756073490265877
SWELL,4704.48,4704.48,01:18:24.48,01:18:24.48,0.0,0.0,-28.584558486938477,-33.93801498413086,7.642297744750977
SWELL,4709.472,4709.472,01:18:29.47,01:18:29.47,0.0,0.0,-30.944520950317383,-34.72703170776367,-5.330974578857422
SWELL,4714.912,4714.912,01:18:34.91,01:18:34.91,0.0,0.0,-39.251861572265625,-43.924476623535156,-10.43994140625
IMPACT,4715.072,4715.072,01:18:35.07,01:18:35.07,0.0,20.291787350572385,-22.674341201782227,-24.952144622802734,32.07591724395752
HARSH,4715.232,4715.232,01:18:35.23,01:18:35.23,0.0,22.866241022611362,-34.85972213745117,-42.414710998535156,20.397567749023438
IMPACT,4719.328,4719.328,01:18:39.33,01:18:39.33,0.0,9.47969361328863,-30.365245819091797,-33.16178894042969,-10.910215377807617
SWELL,4719.936,4719.936,01:18:39.94,01:18:39.94,0.0,0.0,-29.960853576660156,-31.988052368164062,5.9424591064453125
IMPACT,4720.704,4720.704,01:18:40.70,01:18:40.70,0.0,11.239894044498374,-27.479848861694336,-28.828338623046875,12.300016403198242
IMPACT,4721.664,4721.664,01:18:41.66,01:18:41.66,0.0,9.91339658740925,-25.078744888305664,-27.59314727783203,19.77152442932129
SWELL,4724.928,4724.928,01:18:44.93,01:18:44.93,0.0,0.0,-32.012977600097656,-36.52412414550781,-6.718910217285156
SWELL,4729.92,4729.92,01:18:49.92,01:18:49.92,0.0,0.0,-32.10342025756836,-35.286537170410156,-6.797004699707031
SWELL,4735.072,4735.072,01:18:55.07,01:18:55.07,0.0,0.0,-32.07730484008789,-36.73793411254883,-6.7895355224609375
SWELL,4740.16,4740.16,01:19:00.16,01:19:00.16,0.0,0.0,-32.13276672363281,-36.67185974121094,-6.148326873779297
SWELL,4745.184,4745.184,01:19:05.18,01:19:05.18,0.0,0.0,-30.46094512939453,-34.25832748413086,-7.677371978759766
IMPACT,4746.496,4746.496,01:19:06.50,01:19:06.50,0.0,9.021282217546721,-25.451519012451172,-29.482919692993164,-10.877323150634766
SWELL,4750.272,4750.272,01:19:10.27,01:19:10.27,0.0,0.0,-30.0900936126709,-33.23338317871094,-6.853948593139648
SWELL,4755.552,4755.552,01:19:15.55,01:19:15.55,0.0,0.0,-30.659191131591797,-33.1650390625,3.937410354614258
SWELL,4760.608,4760.608,01:19:20.61,01:19:20.61,0.0,0.0,-28.531362533569336,-31.246070861816406,-8.209228515625
HIGH_LOAD,4761.536,4766.688,01:19:21.54,01:19:26.69,5.152000000000044,0.5446032368359358,-28.66232711886182,-30.881206736152556,-0.014212337540991512
IMPACT,4764.384,4764.384,01:19:24.38,01:19:24.38,0.0,9.112876379455413,-25.697158813476562,-30.41082000732422,16.15131187438965
IMPACT,4765.248,4765.248,01:19:25.25,01:19:25.25,0.0,12.873472094942807,-27.66505241394043,-28.739622116088867,-9.2093505859375
SWELL,4765.696,4765.696,01:19:25.70,01:19:25.70,0.0,0.0,-31.218660354614258,-33.178131103515625,0.8607807159423828
IMPACT,4767.296,4767.296,01:19:27.30,01:19:27.30,0.0,9.001691978413655,-27.935922622680664,-29.19391441345215,-9.426036834716797
SWELL,4770.784,4770.784,01:19:30.78,01:19:30.78,0.0,0.0,-24.37073516845703,-25.57999610900879,-9.97926139831543
HARSH,4772.032,4772.032,01:19:32.03,01:19:32.03,0.0,13.06530834048396,-29.036481857299805,-31.152803421020508,-8.947795867919922
HIGH_LOAD,4772.064,4787.52,01:19:32.06,01:19:47.52,15.456000000000131,0.5155951318432257,-27.356610376972796,-29.1483298057367,-7.676764523687441
SWELL,4775.968,4775.968,01:19:35.97,01:19:35.97,0.0,0.0,-34.3342170715332,-38.52356719970703,-6.667324066162109
SWELL,4781.248,4781.248,01:19:41.25,01:19:41.25,0.0,0.0,-25.064605712890625,-25.887855529785156,-9.276878356933594
IMPACT,4784.928,4784.928,01:19:44.93,01:19:44.93,0.0,9.112997292794795,-24.080581665039062,-26.178722381591797,-7.954933166503906
HARSH,4784.992,4784.992,01:19:44.99,01:19:44.99,0.0,18.443345884673498,-28.1119384765625,-31.153669357299805,-6.171030044555664
SWELL,4786.272,4786.272,01:19:46.27,01:19:46.27,0.0,0.0,-31.033994674682617,-36.35234069824219,10.915346145629883
IMPACT,4789.12,4789.12,01:19:49.12,01:19:49.12,0.0,8.788859763165524,-19.563478469848633,-20.872486114501953,-12.562540054321289
SWELL,4791.456,4791.456,01:19:51.46,01:19:51.46,0.0,0.0,-20.14305305480957,-20.505931854248047,-7.998981475830078
RECOVERY,4793.248,4798.688,01:19:53.25,01:19:58.69,5.440000000000509,-0.23553801183176487,-35.05793108577617,-35.134985695108334,-10.008014188175313
SWELL,4796.608,4796.608,01:19:56.61,01:19:56.61,0.0,0.0,-34.65338897705078,-34.77561569213867,-10.933982849121094
HIGH_LOAD,4801.376,4809.024,01:20:01.38,01:20:09.02,7.648000000000138,0.52176485013935,-46.539598019917804,-48.960212326049806,11.210268680254618
SWELL,4801.568,4801.568,01:20:01.57,01:20:01.57,0.0,0.0,-44.87279510498047,-45.807918548583984,9.758529663085938
IMPACT,4804.032,4804.032,01:20:04.03,01:20:04.03,0.0,10.05183720088754,-46.83101272583008,-49.456790924072266,10.404754638671875
IMPACT,4804.8,4804.8,01:20:04.80,01:20:04.80,0.0,9.497235847177969,-44.78786849975586,-48.081912994384766,15.103591918945312
SWELL,4806.848,4806.848,01:20:06.85,01:20:06.85,0.0,0.0,-50.42951202392578,-52.17378234863281,7.169124603271484
IMPACT,4807.424,4807.424,01:20:07.42,01:20:07.42,0.0,9.553713294935108,-47.75800704956055,-54.09039306640625,18.47386932373047
IMPACT,4808.16,4808.16,01:20:08.16,01:20:08.16,0.0,14.45021123782677,-45.20014953613281,-52.2615852355957,20.498027801513672
HARSH,4808.352,4808.352,01:20:08.35,01:20:08.35,0.0,20.303833942064742,-46.480194091796875,-50.34656524658203,15.263519287109375
IMPACT,4808.96,4808.96,01:20:08.96,01:20:08.96,0.0,11.677278149622477,-40.92121124267578,-47.36186981201172,20.773052215576172
HIGH_LOAD,4811.552,4819.264,01:20:11.55,01:20:19.26,7.712000000000444,0.6045970752566482,-41.23612280128416,-45.04633588239181,22.71194677116457
BARRAGE,4811.776,4818.976,01:20:11.78,01:20:18.98,7.199999999999818,1.2952697441210608,-40.886191587532515,-44.74518058574305,23.782306063491685
SWELL,4812.032,4812.032,01:20:12.03,01:20:12.03,0.0,0.0,-44.34868240356445,-46.80207061767578,21.32845687866211
IMPACT,4813.536,4813.536,01:20:13.54,01:20:13.54,0.0,8.533161071442242,-39.305747985839844,-45.21621322631836,31.665712356567383
IMPACT,4814.4,4814.4,01:20:14.40,01:20:14.40,0.0,10.102114464122598,-44.67405700683594,-50.26534652709961,24.582534790039062
HARSH,4814.464,4814.464,01:20:14.46,01:20:14.46,0.0,19.77130077853267,-46.58272171020508,-51.670501708984375,23.609039306640625
IMPACT,4816.416,4816.416,01:20:16.42,01:20:16.42,0.0,11.168721944679524,-35.575340270996094,-40.006004333496094,28.52383041381836
DRUM_RUN,4816.64,4816.64,01:20:16.64,01:20:16.64,0.0,2.4048577420463784,-33.10081100463867,-35.64375305175781,32.49609375
SWELL,4817.184,4817.184,01:20:17.18,01:20:17.18,0.0,0.0,-47.873497009277344,-50.539039611816406,5.874183654785156
HARSH,4818.784,4818.784,01:20:18.78,01:20:18.78,0.0,16.326583557322675,-46.34893798828125,-50.119930267333984,13.13589859008789
IMPACT,4819.424,4819.424,01:20:19.42,01:20:19.42,0.0,8.957484011298432,-45.895355224609375,-50.377357482910156,13.424522399902344
SWELL,4822.688,4822.688,01:20:22.69,01:20:22.69,0.0,0.0,-43.44310760498047,-45.35746765136719,-0.6978759765625
SWELL,4827.712,4827.712,01:20:27.71,01:20:27.71,0.0,0.0,-38.333736419677734,-40.126380920410156,-8.159439086914062
SWELL,4832.736,4832.736,01:20:32.74,01:20:32.74,0.0,0.0,-35.33483123779297,-37.46357727050781,3.0551185607910156
SWELL,4837.728,4837.728,01:20:37.73,01:20:37.73,0.0,0.0,-30.41988754272461,-32.86644744873047,3.1967430114746094
SWELL,4842.88,4842.88,01:20:42.88,01:20:42.88,0.0,0.0,-34.78602981567383,-36.700252532958984,5.136318206787109
SWELL,4847.904,4847.904,01:20:47.90,01:20:47.90,0.0,0.0,-31.67618179321289,-34.32331466674805,1.937652587890625
RECOVERY,4848.992,4862.752,01:20:48.99,01:21:02.75,13.760000000000218,-0.14595621162640146,-72.91886998988964,-74.3723293851923,0.8392604015491627
SWELL,4852.928,4852.928,01:20:52.93,01:20:52.93,0.0,0.0,-46.54167175292969,-48.30427551269531,-0.5570487976074219
HARSH,4857.6,4857.6,01:20:57.60,01:20:57.60,0.0,66.85031126293484,-100.0,-100.0,0.6287994384765625
IMPACT,4857.6,4857.6,01:20:57.60,01:20:57.60,0.0,20.92887579931862,-100.0,-100.0,0.6287994384765625
SWELL,4857.952,4857.952,01:20:57.95,01:20:57.95,0.0,0.0,-100.0,-100.0,0.6287994384765625
HARSH,4862.432,4862.432,01:21:02.43,01:21:02.43,0.0,66.84523858082417,-100.0,-100.0,0.0
IMPACT,4862.432,4862.432,01:21:02.43,01:21:02.43,0.0,20.92758638958652,-100.0,-100.0,0.0
SWELL,4867.808,4867.808,01:21:07.81,01:21:07.81,0.0,0.0,-75.00801849365234,-78.38766479492188,35.651512145996094
HARSH,4868.256,4868.256,01:21:08.26,01:21:08.26,0.0,12.436605851799541,-72.80099487304688,-78.52608489990234,37.83501434326172
IMPACT,4870.272,4870.272,01:21:10.27,01:21:10.27,0.0,9.993774350406408,-67.770263671875,-76.20436096191406,42.88896942138672
IMPACT,4871.072,4871.072,01:21:11.07,01:21:11.07,0.0,10.257918158069558,-53.443050384521484,-72.28827667236328,57.22257995605469
HARSH,4872.576,4872.576,01:21:12.58,01:21:12.58,0.0,27.105611508864968,-65.92082214355469,-72.59286499023438,44.747352600097656
IMPACT,4872.608,4872.608,01:21:12.61,01:21:12.61,0.0,11.21059940153244,-65.12843322753906,-71.16047668457031,45.54295349121094
SWELL,4873.024,4873.024,01:21:13.02,01:21:13.02,0.0,0.0,-66.3269271850586,-69.89314270019531,44.319419860839844
IMPACT,4874.304,4874.304,01:21:14.30,01:21:14.30,0.0,9.872980140161498,-61.30329132080078,-69.8095932006836,49.360347747802734
IMPACT,4875.68,4875.68,01:21:15.68,01:21:15.68,0.0,9.520131174082488,-68.56438446044922,-75.57684326171875,42.08392333984375
IMPACT,4876.864,4876.864,01:21:16.86,01:21:16.86,0.0,12.136182503360944,-50.430397033691406,-53.9824333190918,58.02254867553711
HARSH,4877.152,4877.152,01:21:17.15,01:21:17.15,0.0,30.393753129377984,-64.79144287109375,-78.5106430053711,45.86446762084961
SWELL,4878.144,4878.144,01:21:18.14,01:21:18.14,0.0,0.0,-74.32069396972656,-79.9560317993164,36.34437942504883
IMPACT,4879.008,4879.008,01:21:19.01,01:21:19.01,0.0,12.104364336452733,-61.95185852050781,-68.6319580078125,32.779117584228516
IMPACT,4880.768,4880.768,01:21:20.77,01:21:20.77,0.0,9.65775613235542,-71.54827880859375,-79.77416229248047,7.3986358642578125
IMPACT,4881.952,4881.952,01:21:21.95,01:21:21.95,0.0,9.167159755666681,-62.30168914794922,-70.11592864990234,3.3438796997070312
HARSH,4883.104,4883.104,01:21:23.10,01:21:23.10,0.0,24.690044068156887,-56.80402755737305,-68.92427062988281,19.523841857910156
IMPACT,4883.104,4883.104,01:21:23.10,01:21:23.10,0.0,22.221790598909315,-56.80402755737305,-68.92427062988281,19.523841857910156
SWELL,4883.232,4883.232,01:21:23.23,01:21:23.23,0.0,0.0,-63.3753547668457,-69.66650390625,-0.6869125366210938
IMPACT,4884.032,4884.032,01:21:24.03,01:21:24.03,0.0,8.577848775783709,-66.1853256225586,-74.67041015625,9.033668518066406
RECOVERY,4884.32,4892.832,01:21:24.32,01:21:32.83,8.512000000000626,-0.1946168210526545,-63.702353302459144,-70.49778327513278,-12.37189543649052
SWELL,4888.256,4888.256,01:21:28.26,01:21:28.26,0.0,0.0,-61.84092712402344,-69.62757873535156,-12.956062316894531
SWELL,4893.312,4893.312,01:21:33.31,01:21:33.31,0.0,0.0,-62.125633239746094,-66.33280944824219,-8.86083984375
BARRAGE,4897.12,4902.976,01:21:37.12,01:21:42.98,5.855999999999767,1.5607559013335048,-53.26018592585688,-58.85597278760827,13.362011950948965
IMPACT,4897.44,4897.44,01:21:37.44,01:21:37.44,0.0,19.01262480972365,-40.047142028808594,-44.97443389892578,32.338871002197266
DRUM_RUN,4898.08,4898.08,01:21:38.08,01:21:38.08,0.0,2.9733500661716556,-41.71055221557617,-48.75192642211914,26.70169448852539
SWELL,4898.464,4898.464,01:21:38.46,01:21:38.46,0.0,0.0,-54.575618743896484,-56.691680908203125,14.245841979980469
HARSH,4898.56,4898.56,01:21:38.56,01:21:38.56,0.0,16.58330952603961,-53.028656005859375,-57.19242858886719,17.775402069091797
IMPACT,4898.56,4898.56,01:21:38.56,01:21:38.56,0.0,15.038226004395556,-53.028656005859375,-57.19242858886719,17.775402069091797
IMPACT,4899.776,4899.776,01:21:39.78,01:21:39.78,0.0,9.563635003252346,-46.423763275146484,-53.93974685668945,27.69308853149414
IMPACT,4901.6,4901.6,01:21:41.60,01:21:41.60,0.0,14.652061099867762,-47.84456253051758,-56.09473419189453,23.02910614013672
HARSH,4902.016,4902.016,01:21:42.02,01:21:42.02,0.0,15.790841378231857,-44.09819793701172,-56.56914520263672,26.319091796875
IMPACT,4902.4,4902.4,01:21:42.40,01:21:42.40,0.0,8.603060612965601,-52.16823959350586,-57.22657775878906,22.852783203125
IMPACT,4903.456,4903.456,01:21:43.46,01:21:43.46,0.0,11.391630455646338,-51.654747009277344,-58.34245681762695,20.035358428955078
SWELL,4903.712,4903.712,01:21:43.71,01:21:43.71,0.0,0.0,-61.21189880371094,-62.65242004394531,1.3947715759277344
IMPACT,4906.72,4906.72,01:21:46.72,01:21:46.72,0.0,9.033744712701933,-51.77029037475586,-60.30269241333008,19.170860290527344
HIGH_LOAD,4906.784,4911.2,01:21:46.78,01:21:51.20,4.416000000000167,0.5615804706052617,-51.201595690610596,-58.964274921005575,22.92181780698488
BARRAGE,4906.944,4911.552,01:21:46.94,01:21:51.55,4.607999999999265,1.261364030121,-51.57188683871565,-59.21159091817922,22.776675467655576
IMPACT,4908.0,4908.0,01:21:48.00,01:21:48.00,0.0,9.936990842135318,-49.34027862548828,-56.61927795410156,22.079788208007812
HARSH,4908.032,4908.032,01:21:48.03,01:21:48.03,0.0,17.38643155336915,-50.93147659301758,-58.291473388671875,19.8153076171875
DRUM_RUN,4908.288,4908.288,01:21:48.29,01:21:48.29,0.0,2.311000332792951,-47.00598907470703,-54.76116180419922,26.858383178710938
SWELL,4908.8,4908.8,01:21:48.80,01:21:48.80,0.0,0.0,-52.2819709777832,-60.301963806152344,21.134510040283203
IMPACT,4909.824,4909.824,01:21:49.82,01:21:49.82,0.0,14.05586044170009,-51.41783142089844,-59.817142486572266,23.275920867919922
IMPACT,4910.816,4910.816,01:21:50.82,01:21:50.82,0.0,12.61962265931202,-48.05646514892578,-57.25517654418945,25.829280853271484
IMPACT,4912.704,4912.704,01:21:52.70,01:21:52.70,0.0,19.85675286285705,-46.33142852783203,-59.135074615478516,28.44561767578125
HARSH,4913.184,4913.184,01:21:53.18,01:21:53.18,0.0,14.110516905416418,-53.24507141113281,-62.162479400634766,19.120075225830078
IMPACT,4913.44,4913.44,01:21:53.44,01:21:53.44,0.0,9.07518449008742,-57.76760482788086,-63.907493591308594,14.911685943603516
SWELL,4913.824,4913.824,01:21:53.82,01:21:53.82,0.0,0.0,-63.386070251464844,-65.210205078125,5.8583526611328125
IMPACT,4918.72,4918.72,01:21:58.72,01:21:58.72,0.0,13.852365365019889,-41.78070068359375,-50.67790222167969,28.982646942138672
SWELL,4918.944,4918.944,01:21:58.94,01:21:58.94,0.0,0.0,-55.27591323852539,-58.73744201660156,14.890007019042969
DRUM_RUN,4919.616,4919.616,01:21:59.62,01:21:59.62,0.0,2.3628552507814597,-40.1793327331543,-49.246612548828125,30.19611167907715
IMPACT,4920.864,4920.864,01:22:00.86,01:22:00.86,0.0,8.427804933738374,-37.6579704284668,-48.72989273071289,33.1676082611084
HARSH,4921.696,4921.696,01:22:01.70,01:22:01.70,0.0,13.071503208114326,-57.6975212097168,-63.42129135131836,13.175338745117188
IMPACT,4921.696,4921.696,01:22:01.70,01:22:01.70,0.0,11.311365145159874,-57.6975212097168,-63.42129135131836,13.175338745117188
BARRAGE,4923.072,4926.272,01:22:03.07,01:22:06.27,3.199999999999818,1.1900281713572576,-47.97700515595993,-55.582723296514835,23.5014384996773
IMPACT,4923.328,4923.328,01:22:03.33,01:22:03.33,0.0,23.311284004694517,-37.82221221923828,-51.44386291503906,35.624656677246094
SWELL,4924.0,4924.0,01:22:04.00,01:22:04.00,0.0,0.0,-50.13267135620117,-58.06830978393555,23.305713653564453
DRUM_RUN,4925.312,4925.312,01:22:05.31,01:22:05.31,0.0,3.0304888657590343,-45.657676696777344,-55.49488830566406,28.041240692138672
IMPACT,4925.408,4925.408,01:22:05.41,01:22:05.41,0.0,10.949838586931936,-40.205692291259766,-47.824703216552734,33.135128021240234
SWELL,4929.056,4929.056,01:22:09.06,01:22:09.06,0.0,0.0,-56.21744155883789,-64.23329162597656,17.904197692871094
HARSH,4929.44,4929.44,01:22:09.44,01:22:09.44,0.0,16.695503440751317,-58.26158905029297,-65.57447052001953,13.956695556640625
IMPACT,4929.44,4929.44,01:22:09.44,01:22:09.44,0.0,12.480482643494536,-58.26158905029297,-65.57447052001953,13.956695556640625
BARRAGE,4929.792,4932.832,01:22:09.79,01:22:12.83,3.0399999999999636,1.1043925915799309,-50.359628001848854,-57.180609385172524,20.55292797088623
DRUM_RUN,4930.848,4930.848,01:22:10.85,01:22:10.85,0.0,2.4271581264108173,-44.79538345336914,-54.04972839355469,27.733890533447266
IMPACT,4930.88,4930.88,01:22:10.88,01:22:10.88,0.0,11.724083192409164,-43.42002868652344,-52.40765380859375,29.133235931396484
IMPACT,4932.512,4932.512,01:22:12.51,01:22:12.51,0.0,10.9463092964941,-48.16632843017578,-54.362510681152344,23.102996826171875
IMPACT,4933.792,4933.792,01:22:13.79,01:22:13.79,0.0,8.662186800597828,-45.292572021484375,-50.918766021728516,25.87569808959961
SWELL,4934.208,4934.208,01:22:14.21,01:22:14.21,0.0,0.0,-44.17768096923828,-49.89921951293945,28.152217864990234
BARRAGE,4935.936,4940.224,01:22:15.94,01:22:20.22,4.288000000000466,1.128243678472042,-51.57633141411675,-57.142299765127675,16.95277231004503
IMPACT,4936.032,4936.032,01:22:16.03,01:22:16.03,0.0,15.119530228911346,-45.73930740356445,-48.23326873779297,15.320598602294922
HIGH_LOAD,4936.096,4942.304,01:22:16.10,01:22:22.30,6.208000000000538,0.5316143375931497,-51.827342517559345,-57.48779514019306,16.40682132427509
IMPACT,4937.216,4937.216,01:22:17.22,01:22:17.22,0.0,9.122466307909795,-49.05242919921875,-56.51966094970703,22.66619110107422
DRUM_RUN,4937.696,4937.696,01:22:17.70,01:22:17.70,0.0,2.5274791747642658,-37.39986038208008,-49.903682708740234,32.72580146789551
SWELL,4939.328,4939.328,01:22:19.33,01:22:19.33,0.0,0.0,-54.945735931396484,-60.527225494384766,16.593917846679688
IMPACT,4940.608,4940.608,01:22:20.61,01:22:20.61,0.0,9.70815638820659,-58.925472259521484,-62.61122131347656,8.982864379882812
IMPACT,4943.168,4943.168,01:22:23.17,01:22:23.17,0.0,17.38873980013732,-39.499427795410156,-52.30028533935547,31.060739517211914
DRUM_RUN,4943.232,4943.232,01:22:23.23,01:22:23.23,0.0,2.385314881123067,-38.82624435424805,-49.986873626708984,32.2554988861084
HARSH,4943.808,4943.808,01:22:23.81,01:22:23.81,0.0,12.845424008751454,-49.349098205566406,-56.574283599853516,20.232784271240234
SWELL,4944.352,4944.352,01:22:24.35,01:22:24.35,0.0,0.0,-52.5462646484375,-57.26567077636719,18.068035125732422
IMPACT,4947.392,4947.392,01:22:27.39,01:22:27.39,0.0,14.862499594971787,-43.06489944458008,-52.135841369628906,26.456600189208984
HARSH,4948.064,4948.064,01:22:28.06,01:22:28.06,0.0,14.583540429340895,-52.10603713989258,-55.671382904052734,18.941577911376953
IMPACT,4948.896,4948.896,01:22:28.90,01:22:28.90,0.0,8.326069626755281,-56.80345153808594,-61.246150970458984,12.235393524169922
SWELL,4949.536,4949.536,01:22:29.54,01:22:29.54,0.0,0.0,-62.63330841064453,-64.19741821289062,1.3511543273925781
IMPACT,4950.848,4950.848,01:22:30.85,01:22:30.85,0.0,12.698557718763162,-47.79619598388672,-55.43606185913086,22.430744171142578
BARRAGE,4951.936,4957.312,01:22:31.94,01:22:37.31,5.376000000000204,1.2958777788420333,-50.57835144404123,-55.37858823065222,11.65645610651321
HARSH,4951.968,4951.968,01:22:31.97,01:22:31.97,0.0,14.650663444577853,-54.93427658081055,-62.9725341796875,15.312320709228516
IMPACT,4952.0,4952.0,01:22:32.00,01:22:32.00,0.0,8.51062897819589,-54.034095764160156,-61.60075759887695,15.229801177978516
IMPACT,4954.4,4954.4,01:22:34.40,01:22:34.40,0.0,18.81107582449267,-41.56903839111328,-52.989749908447266,23.09996223449707
SWELL,4954.624,4954.624,01:22:34.62,01:22:34.62,0.0,0.0,-53.59461212158203,-54.499568939208984,5.027080535888672
IMPACT,4955.168,4955.168,01:22:35.17,01:22:35.17,0.0,12.085453063533082,-40.67930603027344,-52.53821563720703,23.522245407104492
DRUM_RUN,4956.0,4956.0,01:22:36.00,01:22:36.00,0.0,3.223163479342034,-41.900936126708984,-51.35795593261719,22.137191772460938
IMPACT,4957.792,4957.792,01:22:37.79,01:22:37.79,0.0,8.335722978324235,-53.82464599609375,-54.674381256103516,3.806011199951172
SWELL,4959.712,4959.712,01:22:39.71,01:22:39.71,0.0,0.0,-55.660003662109375,-55.8149528503418,-2.5926971435546875
BARRAGE,4961.632,4965.728,01:22:41.63,01:22:45.73,4.096000000000458,1.2875023118366555,-54.66360565303832,-58.30307222706403,7.803835521372714
IMPACT,4962.4,4962.4,01:22:42.40,01:22:42.40,0.0,12.284790824203496,-46.178955078125,-53.855628967285156,23.392337799072266
HARSH,4962.432,4962.432,01:22:42.43,01:22:42.43,0.0,16.020487424100224,-46.39408493041992,-54.58123016357422,22.199687957763672
IMPACT,4963.2,4963.2,01:22:43.20,01:22:43.20,0.0,17.66158366429027,-48.03321838378906,-55.280208587646484,25.576927185058594
DRUM_RUN,4963.392,4963.392,01:22:43.39,01:22:43.39,0.0,2.571640275680336,-47.94617462158203,-51.108856201171875,24.709945678710938
IMPACT,4964.544,4964.544,01:22:44.54,01:22:44.54,0.0,19.190191187768185,-43.908382415771484,-48.32746887207031,29.117565155029297
SWELL,4964.768,4964.768,01:22:44.77,01:22:44.77,0.0,0.0,-46.70785903930664,-51.69643783569336,26.305530548095703
BARRAGE,4965.952,4983.744,01:22:45.95,01:23:03.74,17.79199999999946,2.055126999623177,-49.703003073251374,-53.61969414577689,15.335363794825838
HIGH_LOAD,4966.816,4972.864,01:22:46.82,01:22:52.86,6.0479999999997744,0.6129480959683437,-48.70851040890342,-53.606316235190945,19.406051575510126
IMPACT,4967.072,4967.072,01:22:47.07,01:22:47.07,0.0,13.696310225324345,-40.166297912597656,-48.243961334228516,33.73054504394531
IMPACT,4968.416,4968.416,01:22:48.42,01:22:48.42,0.0,12.231729356097564,-37.0191535949707,-47.955841064453125,33.994895935058594
HARSH,4968.96,4968.96,01:22:48.96,01:22:48.96,0.0,17.20550168984748,-51.2602653503418,-57.869140625,18.235912322998047
DRUM_RUN,4969.056,4969.056,01:22:49.06,01:22:49.06,0.0,4.242803107300556,-39.93984603881836,-46.81549835205078,28.829940795898438
IMPACT,4969.344,4969.344,01:22:49.34,01:22:49.34,0.0,8.595782475763777,-43.5619010925293,-54.911659240722656,26.065170288085938
SWELL,4969.92,4969.92,01:22:49.92,01:22:49.92,0.0,0.0,-59.80514144897461,-60.83317184448242,7.628711700439453
IMPACT,4970.336,4970.336,01:22:50.34,01:22:50.34,0.0,15.719006199623765,-43.767093658447266,-47.692176818847656,22.95840835571289
IMPACT,4971.808,4971.808,01:22:51.81,01:22:51.81,0.0,12.630609420102067,-45.53266906738281,-51.701316833496094,24.799575805664062
HARSH,4972.448,4972.448,01:22:52.45,01:22:52.45,0.0,16.37363269742373,-56.86277770996094,-58.60124588012695,7.1118621826171875
HIGH_LOAD,4973.408,4982.048,01:22:53.41,01:23:02.05,8.639999999999418,0.6152196488642008,-47.94776898271897,-51.864494043238025,19.879710835569046
IMPACT,4973.728,4973.728,01:22:53.73,01:22:53.73,0.0,11.665102431293567,-44.435577392578125,-46.851539611816406,24.21001434326172
SWELL,4975.008,4975.008,01:22:55.01,01:22:55.01,0.0,0.0,-47.87992858886719,-48.54890823364258,21.876720428466797
IMPACT,4975.2,4975.2,01:22:55.20,01:22:55.20,0.0,9.743206964411158,-44.14340591430664,-47.91347122192383,26.671142578125
DRUM_RUN,4975.616,4975.616,01:22:55.62,01:22:55.62,0.0,3.6859658799842747,-47.82176971435547,-49.76789855957031,9.117042541503906
IMPACT,4976.192,4976.192,01:22:56.19,01:22:56.19,0.0,10.346885679381097,-52.98177719116211,-60.125614166259766,12.247451782226562
HARSH,4977.088,4977.088,01:22:57.09,01:22:57.09,0.0,14.560184499218607,-52.099403381347656,-53.926448822021484,21.89942169189453
IMPACT,4977.28,4977.28,01:22:57.28,01:22:57.28,0.0,9.594396660086339,-45.14829635620117,-47.83576202392578,27.453044891357422
IMPACT,4978.016,4978.016,01:22:58.02,01:22:58.02,0.0,8.69124580280212,-50.904964447021484,-52.317657470703125,23.72311782836914
IMPACT,4978.816,4978.816,01:22:58.82,01:22:58.82,0.0,11.592113017395873,-44.27152633666992,-48.05200958251953,22.556488037109375
DRUM_RUN,4979.776,4979.776,01:22:59.78,01:22:59.78,0.0,3.5214083068830946,-43.781044006347656,-50.68095397949219,27.988182067871094
IMPACT,4979.776,4979.776,01:22:59.78,01:22:59.78,0.0,13.99628536348216,-43.781044006347656,-50.68095397949219,27.988182067871094
SWELL,4980.0,4980.0,01:23:00.00,01:23:00.00,0.0,0.0,-57.40404510498047,-58.179534912109375,19.74786376953125
HARSH,4980.512,4980.512,01:23:00.51,01:23:00.51,0.0,15.146479041326204,-47.630401611328125,-56.92267990112305,19.63460922241211
IMPACT,4980.512,4980.512,01:23:00.51,01:23:00.51,0.0,9.413458183007126,-47.630401611328125,-56.92267990112305,19.63460922241211
IMPACT,4981.696,4981.696,01:23:01.70,01:23:01.70,0.0,8.214820836303034,-48.370521545410156,-55.56436538696289,15.203750610351562
IMPACT,4982.912,4982.912,01:23:02.91,01:23:02.91,0.0,12.421983287162394,-46.139625549316406,-49.4773063659668,19.413169860839844
SWELL,4985.152,4985.152,01:23:05.15,01:23:05.15,0.0,0.0,-55.35783767700195,-59.52574920654297,10.020553588867188
IMPACT,4985.216,4985.216,01:23:05.22,01:23:05.22,0.0,8.332227547335162,-51.6425666809082,-59.77507019042969,16.06887435913086
SWELL,4990.72,4990.72,01:23:10.72,01:23:10.72,0.0,0.0,-55.191986083984375,-55.93795394897461,-4.254066467285156
IMPACT,4993.44,4993.44,01:23:13.44,01:23:13.44,0.0,8.533355617735772,-35.040992736816406,-41.22465515136719,29.418710708618164
DRUM_RUN,4993.504,4993.504,01:23:13.50,01:23:13.50,0.0,2.5744797218917306,-34.81177520751953,-39.67597579956055,29.211267471313477
HARSH,4994.016,4994.016,01:23:14.02,01:23:14.02,0.0,18.386695649402796,-45.3822135925293,-55.54439163208008,18.225540161132812
SWELL,4995.712,4995.712,01:23:15.71,01:23:15.71,0.0,0.0,-55.85486602783203,-56.808998107910156,-3.5781707763671875
HARSH,4999.872,4999.872,01:23:19.87,01:23:19.87,0.0,13.761249094929449,-48.44127655029297,-62.865753173828125,21.653114318847656
SWELL,5000.736,5000.736,01:23:20.74,01:23:20.74,0.0,0.0,-62.49225616455078,-64.78966522216797,4.423194885253906
HARSH,5003.104,5003.104,01:23:23.10,01:23:23.10,0.0,22.59526834011872,-54.33666229248047,-61.956520080566406,19.309329986572266
IMPACT,5003.712,5003.712,01:23:23.71,01:23:23.71,0.0,12.09859570002492,-46.81568908691406,-68.1468505859375,29.77996826171875
SWELL,5005.824,5005.824,01:23:25.82,01:23:25.82,0.0,0.0,-61.98321533203125,-66.87030029296875,-1.586639404296875
HARSH,5008.864,5008.864,01:23:28.86,01:23:28.86,0.0,12.514172939522263,-56.57093048095703,-62.725425720214844,9.4337158203125
IMPACT,5008.896,5008.896,01:23:28.90,01:23:28.90,0.0,8.660673384223259,-54.65526580810547,-60.513824462890625,14.38653564453125
SWELL,5010.816,5010.816,01:23:30.82,01:23:30.82,0.0,0.0,-57.55186462402344,-64.74915313720703,-5.262027740478516
SWELL,5015.904,5015.904,01:23:35.90,01:23:35.90,0.0,0.0,-55.015045166015625,-59.446006774902344,-11.696533203125
HARSH,5016.256,5016.256,01:23:36.26,01:23:36.26,0.0,15.947716282785583,-48.2257080078125,-57.95845413208008,17.522708892822266
IMPACT,5016.288,5016.288,01:23:36.29,01:23:36.29,0.0,15.618339513482587,-45.40420913696289,-53.35456848144531,20.698131561279297
BARRAGE,5016.48,5021.44,01:23:36.48,01:23:41.44,4.960000000000036,1.3246198447799002,-52.112075903476814,-57.577440677545006,18.75866377659333
IMPACT,5017.344,5017.344,01:23:37.34,01:23:37.34,0.0,14.660372850053975,-52.2545280456543,-58.74662780761719,17.937576293945312
IMPACT,5019.104,5019.104,01:23:39.10,01:23:39.10,0.0,11.586031948423933,-45.82128143310547,-51.850318908691406,26.45572280883789
HARSH,5019.52,5019.52,01:23:39.52,01:23:39.52,0.0,18.694478044775124,-48.005985260009766,-55.705657958984375,29.530963897705078
IMPACT,5019.936,5019.936,01:23:39.94,01:23:39.94,0.0,8.584015570242975,-45.85214614868164,-55.322513580322266,32.01637268066406
DRUM_RUN,5020.608,5020.608,01:23:40.61,01:23:40.61,0.0,2.066088452631246,-46.23054885864258,-53.063743591308594,32.475067138671875
SWELL,5020.896,5020.896,01:23:40.90,01:23:40.90,0.0,0.0,-54.93879699707031,-58.214210510253906,11.037696838378906
IMPACT,5021.952,5021.952,01:23:41.95,01:23:41.95,0.0,9.883687934665605,-43.54541778564453,-49.25990295410156,36.749210357666016
IMPACT,5022.88,5022.88,01:23:42.88,01:23:42.88,0.0,11.71135866667236,-53.979469299316406,-66.24807739257812,30.74224853515625
HARSH,5022.912,5022.912,01:23:42.91,01:23:42.91,0.0,16.890985934949423,-56.1939697265625,-67.60140991210938,28.81481170654297
RECOVERY,5023.328,5050.208,01:23:43.33,01:24:10.21,26.8799999999992,-0.12923387645597642,-62.03128194016119,-64.70973663148857,-8.358503459468308
SWELL,5025.888,5025.888,01:23:45.89,01:23:45.89,0.0,0.0,-69.03477478027344,-70.99311065673828,21.956378936767578
SWELL,5031.616,5031.616,01:23:51.62,01:23:51.62,0.0,0.0,-67.50572204589844,-74.35991668701172,-10.140769958496094
SWELL,5036.736,5036.736,01:23:56.74,01:23:56.74,0.0,0.0,-50.24188995361328,-50.86174392700195,-10.357864379882812
SWELL,5041.76,5041.76,01:24:01.76,01:24:01.76,0.0,0.0,-63.261817932128906,-63.80828094482422,-9.171722412109375
SWELL,5047.104,5047.104,01:24:07.10,01:24:07.10,0.0,0.0,-66.34054565429688,-69.77862548828125,-4.223499298095703
RECOVERY,5051.456,5085.632,01:24:11.46,01:24:45.63,34.175999999999476,-0.17965350051980153,-46.17883592325466,-48.423205815485645,-54.32193278463451
HARSH,5051.84,5051.84,01:24:11.84,01:24:11.84,0.0,25.793031338332316,-66.46772003173828,-75.46516418457031,11.625381469726562
IMPACT,5051.872,5051.872,01:24:11.87,01:24:11.87,0.0,13.123708757342252,-66.52522277832031,-75.54670715332031,11.570659637451172
SWELL,5052.192,5052.192,01:24:12.19,01:24:12.19,0.0,0.0,-74.55677032470703,-80.43246459960938,2.3842697143554688
SWELL,5058.08,5058.08,01:24:18.08,01:24:18.08,0.0,0.0,-66.85438537597656,-67.70274353027344,-34.77924346923828
SWELL,5064.736,5064.736,01:24:24.74,01:24:24.74,0.0,0.0,-39.94727325439453,-41.199615478515625,-61.707008361816406
SWELL,5069.792,5069.792,01:24:29.79,01:24:29.79,0.0,0.0,-35.21058654785156,-38.783287048339844,-66.351318359375
SWELL,5074.88,5074.88,01:24:34.88,01:24:34.88,0.0,0.0,-36.23896789550781,-38.881229400634766,-65.37078857421875
SWELL,5079.936,5079.936,01:24:39.94,01:24:39.94,0.0,0.0,-34.739097595214844,-35.377471923828125,-66.86219787597656
SWELL,5085.056,5085.056,01:24:45.06,01:24:45.06,0.0,0.0,-38.13337707519531,-38.487003326416016,-63.47658920288086
RECOVERY,5087.168,5143.264,01:24:47.17,01:25:43.26,56.09600000000046,-0.19102718520793432,-42.8337041284284,-46.60957754955672,-21.796822084388843
SWELL,5090.208,5090.208,01:24:50.21,01:24:50.21,0.0,0.0,-36.438716888427734,-37.02262496948242,-65.25708389282227
SWELL,5095.232,5095.232,01:24:55.23,01:24:55.23,0.0,0.0,-38.33443832397461,-39.57786178588867,-63.33121109008789
SWELL,5100.224,5100.224,01:25:00.22,01:25:00.22,0.0,0.0,-33.85336685180664,-34.00132751464844,-67.74183654785156
SWELL,5105.28,5105.28,01:25:05.28,01:25:05.28,0.0,0.0,-40.9473876953125,-41.04198455810547,-38.11595916748047
SWELL,5110.656,5110.656,01:25:10.66,01:25:10.66,0.0,0.0,-45.14291763305664,-46.79185485839844,-4.106372833251953
SWELL,5116.224,5116.224,01:25:16.22,01:25:16.22,0.0,0.0,-42.827266693115234,-51.142051696777344,-0.8527183532714844
SWELL,5121.824,5121.824,01:25:21.82,01:25:21.82,0.0,0.0,-46.36572265625,-50.53859329223633,-3.3286781311035156
SWELL,5127.456,5127.456,01:25:27.46,01:25:27.46,0.0,0.0,-47.29488754272461,-56.415130615234375,1.1582717895507812
SWELL,5132.96,5132.96,01:25:32.96,01:25:32.96,0.0,0.0,-47.10736083984375,-51.06170654296875,0.49820709228515625
SWELL,5138.432,5138.432,01:25:38.43,01:25:38.43,0.0,0.0,-41.72208786010742,-50.07653045654297,-2.2835769653320312
SWELL,5143.584,5143.584,01:25:43.58,01:25:43.58,0.0,0.0,-37.69424057006836,-41.09074020385742,1.0414390563964844
RECOVERY,5145.472,5221.984,01:25:45.47,01:27:01.98,76.51200000000063,-0.15373224250919124,-46.477896827404564,-49.24893598309535,1.5853938450888982
SWELL,5148.736,5148.736,01:25:48.74,01:25:48.74,0.0,0.0,-42.20063018798828,-48.664642333984375,-0.34748077392578125
SWELL,5154.016,5154.016,01:25:54.02,01:25:54.02,0.0,0.0,-41.720558166503906,-52.319950103759766,-0.52813720703125
SWELL,5159.488,5159.488,01:25:59.49,01:25:59.49,0.0,0.0,-46.97524642944336,-51.72797775268555,0.6110420227050781
SWELL,5164.928,5164.928,01:26:04.93,01:26:04.93,0.0,0.0,-49.02870559692383,-56.074546813964844,2.5348129272460938
SWELL,5170.4,5170.4,01:26:10.40,01:26:10.40,0.0,0.0,-44.11874771118164,-47.16621017456055,-1.9737014770507812
SWELL,5175.84,5175.84,01:26:15.84,01:26:15.84,0.0,0.0,-50.5971565246582,-51.62784194946289,-7.5807342529296875
SWELL,5182.784,5182.784,01:26:22.78,01:26:22.78,0.0,0.0,-58.41896438598633,-60.46215057373047,-2.262054443359375
SWELL,5193.888,5193.888,01:26:33.89,01:26:33.89,0.0,0.0,-36.31568145751953,-36.494110107421875,8.997282028198242
SWELL,5209.664,5209.664,01:26:49.66,01:26:49.66,0.0,0.0,-40.61408615112305,-40.85938262939453,12.305997848510742
SWELL,5220.32,5220.32,01:27:00.32,01:27:00.32,0.0,0.0,-96.37222290039062,-96.4152603149414,-0.2211456298828125
