time,momentary,short_term
0.0998125,-120.0,-120.7
0.199813,-120.0,-120.7
0.299812,-120.0,-120.7
0.399812,-117.1,-120.7
0.499812,-116.8,-120.7
0.599812,-116.8,-120.7
0.699812,-116.8,-120.7
0.799812,-116.8,-120.7
0.899813,-116.8,-120.7
0.999812,-82.1,-120.7
1.09981,-66.8,-120.7
1.19981,-59.5,-120.7
1.29981,-52.8,-120.7
1.39981,-47.4,-120.7
1.49981,-39.4,-120.7
1.59981,-30.7,-120.7
1.69981,-19.7,-120.7
1.79981,-18.9,-120.7
1.89981,-18.5,-120.7
1.99981,-18.6,-120.7
2.09981,-23.6,-120.7
2.19981,-26.4,-120.7
2.29981,-28.4,-120.7
2.39981,-28.7,-120.7
2.49981,-29.0,-120.7
2.59981,-28.8,-120.7
2.69981,-29.3,-120.7
2.79981,-30.4,-120.7
2.89981,-30.2,-120.7
2.99981,-31.0,-26.4
3.09981,-31.7,-26.3
3.19981,-32.2,-26.3
3.29981,-34.6,-26.3
3.39981,-35.7,-26.3
3.49981,-37.1,-26.3
3.59981,-38.6,-26.3
3.69981,-38.4,-26.3
3.79981,-38.6,-26.3
3.89981,-39.1,-26.3
3.99981,-39.6,-26.2
4.09981,-40.2,-26.2
4.19981,-41.4,-26.2
4.29981,-41.8,-26.2
4.39981,-42.2,-26.2
4.49981,-42.4,-26.3
4.59981,-42.4,-26.4
4.69981,-42.1,-30.1
4.79981,-41.6,-31.8
4.89981,-41.2,-33.0
4.99981,-40.3,-33.6
5.09981,-39.8,-34.0
5.19981,-39.0,-34.2
5.29981,-38.4,-34.8
5.39981,-37.7,-35.5
5.49981,-36.6,-35.8
5.59981,-35.8,-36.3
5.69981,-34.1,-36.5
5.79981,-32.1,-36.2
5.89981,-30.2,-35.8
5.99981,-27.9,-34.6
6.09981,-25.5,-32.9
6.19981,-23.4,-31.1
6.29981,-21.6,-29.4
6.39981,-20.0,-27.8
6.49981,-18.0,-25.9
6.59981,-16.2,-24.0
6.69981,-15.8,-23.4
6.79981,-16.5,-23.3
6.89981,-18.1,-23.3
6.99981,-22.9,-23.3
7.09981,-34.5,-23.3
7.19981,-37.5,-23.3
7.29981,-41.1,-23.3
7.39981,-44.7,-23.3
7.49981,-48.3,-23.3
7.59981,-51.2,-23.3
7.69981,-54.7,-23.3
7.79981,-56.3,-23.3
7.89981,-58.3,-23.3
7.99981,-59.8,-23.3
8.09981,-61.0,-23.4
8.19981,-62.5,-23.4
8.29981,-63.7,-23.4
8.39981,-65.4,-23.4
8.49981,-66.8,-23.4
8.59981,-68.3,-23.4
8.69981,-70.0,-23.4
8.79981,-71.3,-23.4
8.89981,-72.6,-23.5
8.99981,-74.3,-23.6
9.09981,-76.0,-23.8
9.19981,-77.6,-24.1
9.29981,-79.1,-24.5
9.39981,-80.8,-25.2
9.49981,-82.8,-26.8
9.59981,-84.4,-31.6
9.69981,-86.1,-43.1
9.79981,-88.3,-46.0
9.89981,-91.1,-49.6
9.99981,-93.8,-53.1
10.0998,-97.6,-56.5
10.1998,-101.5,-59.2
10.2998,-104.5,-62.3
10.3998,-110.0,-63.8
10.4998,-115.1,-65.7
10.5998,-116.9,-67.2
10.6998,-116.9,-68.4
10.7998,-116.8,-70.0
10.8998,-116.8,-71.3
10.9998,-116.8,-72.9
11.0998,-116.8,-74.3
11.1998,-116.8,-75.8
11.2998,-77.7,-77.0
11.3998,-65.5,-73.0
11.4998,-62.2,-70.5
11.5998,-60.0,-68.5
11.6998,-58.4,-67.0
11.7998,-57.8,-65.8
11.8998,-57.1,-64.6
11.9998,-56.1,-63.4
12.0998,-54.8,-62.0
12.1998,-53.9,-60.9
12.2998,-53.1,-60.0
12.3998,-52.4,-59.1
12.4998,-52.0,-58.3
12.5998,-51.0,-57.3
12.6998,-50.6,-56.7
12.7998,-50.4,-56.1
12.8998,-50.5,-55.7
12.9998,-51.2,-55.4
13.0998,-51.8,-55.2
13.1998,-52.0,-54.8
13.2998,-51.7,-54.5
13.3998,-51.2,-54.1
13.4998,-50.4,-53.7
13.5998,-49.6,-53.2
13.6998,-48.8,-52.7
13.7998,-48.3,-52.3
13.8998,-47.9,-51.9
13.9998,-47.7,-51.5
14.0998,-47.5,-51.1
14.1998,-47.3,-50.8
14.2998,-47.1,-50.4
14.3998,-46.9,-50.1
14.4998,-46.7,-49.8
14.5998,-46.6,-49.5
14.6998,-46.5,-49.3
14.7998,-46.4,-49.0
14.8998,-46.4,-48.8
14.9998,-46.5,-48.6
15.0998,-46.6,-48.5
15.1998,-46.5,-48.2
15.2998,-46.3,-48.0
15.3998,-46.0,-47.9
15.4998,-45.6,-47.7
15.5998,-45.4,-47.5
15.6998,-45.3,-47.3
15.7998,-44.9,-47.1
15.8998,-44.9,-46.9
15.9998,-44.8,-46.7
16.0998,-44.9,-46.6
16.1998,-45.1,-46.4
16.2998,-45.0,-46.3
16.3998,-45.3,-46.2
16.4998,-45.4,-46.1
16.5998,-45.6,-46.0
16.6998,-45.8,-46.0
16.7998,-45.7,-45.9
16.8998,-45.5,-45.8
16.9998,-45.0,-45.7
17.0998,-44.3,-45.6
17.1998,-43.9,-45.4
17.2998,-43.8,-45.3
17.3998,-43.6,-45.2
17.4998,-43.5,-45.1
17.5998,-43.2,-44.9
17.6998,-42.8,-44.8
17.7998,-42.6,-44.6
17.8998,-42.5,-44.5
17.9998,-42.3,-44.3
18.0998,-42.2,-44.2
18.1998,-42.0,-44.0
18.2998,-41.9,-43.9
18.3998,-41.7,-43.7
18.4998,-41.4,-43.5
18.5998,-41.2,-43.4
18.6998,-41.2,-43.3
18.7998,-41.4,-43.2
18.8998,-41.7,-43.1
18.9998,-41.9,-43.0
19.0998,-41.9,-42.9
19.1998,-41.9,-42.8
19.2998,-42.0,-42.7
19.3998,-42.1,-42.6
19.4998,-42.4,-42.6
19.5998,-42.3,-42.5
19.6998,-42.4,-42.4
19.7998,-42.6,-42.4
19.8998,-43.0,-42.3
19.9998,-43.4,-42.3
20.0998,-43.7,-42.3
20.1998,-44.0,-42.4
20.2998,-44.1,-42.4
20.3998,-44.7,-42.4
20.4998,-45.3,-42.5
20.5998,-45.6,-42.6
20.6998,-45.8,-42.6
20.7998,-45.5,-42.7
20.8998,-45.1,-42.8
20.9998,-45.0,-42.9
21.0998,-44.7,-42.9
21.1998,-44.7,-43.0
21.2998,-44.8,-43.1
21.3998,-44.5,-43.3
21.4998,-44.5,-43.4
21.5998,-44.6,-43.5
21.6998,-44.5,-43.6
21.7998,-44.4,-43.7
21.8998,-44.0,-43.7
21.9998,-43.7,-43.8
22.0998,-43.4,-43.9
22.1998,-43.1,-43.9
22.2998,-42.9,-43.9
22.3998,-43.1,-44.0
22.4998,-43.1,-44.0
22.5998,-43.2,-44.1
22.6998,-43.8,-44.2
22.7998,-43.9,-44.2
22.8998,-44.1,-44.2
22.9998,-44.7,-44.3
23.0998,-44.6,-44.3
23.1998,-44.5,-44.3
23.2998,-39.3,-43.2
23.3998,-26.5,-34.8
23.4998,-23.0,-31.5
23.5998,-21.2,-29.8
23.6998,-20.6,-29.2
23.7998,-21.2,-28.8
23.8998,-22.6,-28.4
23.9998,-24.6,-28.2
24.0998,-25.6,-28.0
24.1998,-26.3,-27.9
24.2998,-27.0,-27.7
24.3998,-27.3,-27.6
24.4998,-27.8,-27.5
24.5998,-28.1,-27.4
24.6998,-28.0,-27.2
24.7998,-28.2,-27.1
24.8998,-28.5,-27.0
24.9998,-28.9,-27.0
25.0998,-29.2,-26.9
25.1998,-29.4,-26.8
25.2998,-28.9,-26.7
25.3998,-29.1,-26.6
25.4998,-29.6,-26.6
25.5998,-30.1,-26.5
25.6998,-30.8,-26.5
25.7998,-30.7,-26.4
25.8998,-30.8,-26.4
25.9998,-31.0,-26.3
26.0998,-31.1,-26.3
26.1998,-31.4,-26.3
26.2998,-31.5,-26.2
26.3998,-31.5,-26.7
26.4998,-31.7,-27.5
26.5998,-31.6,-28.4
26.6998,-31.5,-28.9
26.7998,-31.5,-29.2
26.8998,-31.5,-29.5
26.9998,-31.5,-29.7
27.0998,-31.8,-29.9
27.1998,-32.0,-30.1
27.2998,-32.1,-30.3
27.3998,-32.2,-30.4
27.4998,-32.1,-30.5
27.5998,-32.0,-30.7
27.6998,-32.0,-30.9
27.7998,-32.2,-31.1
27.8998,-32.5,-31.1
27.9998,-32.7,-31.2
28.0998,-32.8,-31.4
28.1998,-33.0,-31.6
28.2998,-32.9,-31.8
28.3998,-32.6,-31.8
28.4998,-32.4,-31.8
28.5998,-32.0,-31.9
28.6998,-31.5,-31.9
28.7998,-31.3,-31.9
28.8998,-31.2,-31.9
28.9998,-31.2,-31.9
29.0998,-31.2,-31.9
29.1998,-31.1,-31.8
29.2998,-30.8,-31.8
29.3998,-30.6,-31.7
29.4998,-30.5,-31.7
29.5998,-30.4,-31.6
29.6998,-30.4,-31.6
29.7998,-30.5,-31.6
29.8998,-30.9,-31.6
29.9998,-31.4,-31.6
30.0998,-31.7,-31.6
30.1998,-32.2,-31.6
30.2998,-32.3,-31.6
30.3998,-32.4,-31.6
30.4998,-32.5,-31.7
30.5998,-32.6,-31.7
30.6998,-32.5,-31.7
30.7998,-32.4,-31.7
30.8998,-32.3,-31.6
30.9998,-32.2,-31.6
31.0998,-32.1,-31.6
31.1998,-32.0,-31.6
31.2998,-32.0,-31.5
31.3998,-32.1,-31.6
31.4998,-32.1,-31.6
31.5998,-32.2,-31.6
31.6998,-32.4,-31.6
31.7998,-32.4,-31.7
31.8998,-32.5,-31.7
31.9998,-32.6,-31.8
32.0998,-32.7,-31.8
32.1998,-32.3,-31.9
32.2998,-32.1,-31.9
32.3998,-31.8,-32.0
32.4998,-31.4,-32.0
32.5998,-31.4,-32.0
32.6998,-31.3,-32.1
32.7998,-31.1,-32.1
32.8998,-30.9,-32.0
32.9998,-30.6,-31.9
33.0998,-30.3,-31.8
33.1998,-30.3,-31.8
33.2998,-30.8,-31.8
33.3998,-31.5,-31.8
33.4998,-32.2,-31.8
33.5998,-33.1,-31.8
33.6998,-33.9,-31.9
33.7998,-34.9,-32.0
33.8998,-36.5,-32.1
33.9998,-39.0,-32.3
34.0998,-40.6,-32.4
34.1998,-41.0,-32.5
34.2998,-41.5,-32.7
34.3998,-42.1,-32.8
34.4998,-42.6,-33.0
34.5998,-43.3,-33.2
34.6998,-43.8,-33.3
34.7998,-44.1,-33.5
34.8998,-44.4,-33.7
34.9998,-44.6,-33.8
35.0998,-44.8,-34.0
35.1998,-44.9,-34.3
35.2998,-44.9,-34.5
35.3998,-44.8,-34.8
35.4998,-44.8,-35.1
35.5998,-44.3,-35.5
35.6998,-43.1,-35.8
35.7998,-42.0,-36.3
35.8998,-41.0,-36.8
35.9998,-37.7,-37.2
36.0998,-35.5,-37.5
36.1998,-33.6,-37.7
36.2998,-31.9,-37.4
36.3998,-30.6,-36.8
36.4998,-29.4,-36.0
36.5998,-28.6,-35.4
36.6998,-28.9,-35.2
36.7998,-29.7,-35.1
36.8998,-31.0,-34.9
36.9998,-29.5,-33.8
37.0998,-30.0,-33.8
37.1998,-28.9,-33.3
37.2998,-27.1,-32.4
37.3998,-28.1,-32.1
37.4998,-26.0,-31.3
37.5998,-26.1,-31.0
37.6998,-27.4,-30.9
37.7998,-28.2,-30.9
37.8998,-32.7,-30.9
37.9998,-36.2,-30.9
38.0998,-37.0,-30.8
38.1998,-36.3,-30.8
38.2998,-35.6,-30.7
38.3998,-34.4,-30.6
38.4998,-34.3,-30.6
38.5998,-32.3,-30.4
38.6998,-32.0,-30.3
38.7998,-31.2,-30.2
38.8998,-31.7,-30.2
38.9998,-32.9,-30.2
39.0998,-33.7,-30.2
39.1998,-37.1,-30.3
39.2998,-37.3,-30.5
39.3998,-40.6,-30.7
39.4998,-41.0,-31.0
39.5998,-42.1,-31.3
39.6998,-42.5,-31.4
39.7998,-43.8,-31.4
39.8998,-44.7,-31.5
39.9998,-44.3,-32.2
40.0998,-44.3,-32.2
40.1998,-43.9,-32.6
40.2998,-43.8,-33.5
40.3998,-43.8,-33.9
40.4998,-43.9,-35.6
40.5998,-43.5,-36.4
40.6998,-42.6,-36.7
40.7998,-42.4,-36.8
40.8998,-41.8,-36.8
40.9998,-41.4,-36.8
41.0998,-41.3,-37.1
41.1998,-41.0,-37.2
41.2998,-41.1,-37.3
41.3998,-41.3,-37.7
41.4998,-40.6,-38.0
41.5998,-39.2,-39.0
41.6998,-37.9,-39.2
41.7998,-37.5,-40.4
41.8998,-36.8,-40.1
41.9998,-36.1,-40.4
42.0998,-35.5,-39.9
42.1998,-34.4,-39.4
42.2998,-34.0,-39.0
42.3998,-33.7,-38.6
42.4998,-33.6,-38.3
42.5998,-33.3,-37.7
42.6998,-33.4,-37.5
42.7998,-33.4,-37.1
42.8998,-33.3,-36.9
42.9998,-33.5,-36.5
43.0998,-33.3,-36.3
43.1998,-33.4,-36.0
43.2998,-33.1,-35.8
43.3998,-33.2,-35.5
43.4998,-33.1,-35.3
43.5998,-32.8,-35.0
43.6998,-32.5,-34.8
43.7998,-32.2,-34.5
43.8998,-31.6,-34.2
43.9998,-28.9,-33.2
44.0998,-25.4,-31.5
44.1998,-22.9,-29.9
44.2998,-22.0,-29.2
44.3998,-21.7,-28.6
44.4998,-22.3,-28.3
44.5998,-23.9,-28.1
44.6998,-25.0,-27.9
44.7998,-25.7,-27.7
44.8998,-26.5,-27.5
44.9998,-27.2,-27.5
45.0998,-27.2,-27.4
45.1998,-28.4,-27.3
45.2998,-29.4,-27.3
45.3998,-29.9,-27.3
45.4998,-31.1,-27.3
45.5998,-31.9,-27.3
45.6998,-32.3,-27.3
45.7998,-32.7,-27.3
45.8998,-33.3,-27.3
45.9998,-33.6,-27.3
46.0998,-34.4,-27.3
46.1998,-34.8,-27.3
46.2998,-35.2,-27.3
46.3998,-35.8,-27.4
46.4998,-35.9,-27.4
46.5998,-36.3,-27.4
46.6998,-36.3,-27.4
46.7998,-36.4,-27.5
46.8998,-36.9,-27.5
46.9998,-37.2,-27.8
47.0998,-37.9,-28.4
47.1998,-38.1,-29.5
47.2998,-38.4,-30.2
47.3998,-39.1,-31.0
47.4998,-39.4,-31.7
47.5998,-40.0,-32.3
47.6998,-40.1,-32.7
47.7998,-40.1,-33.6
47.8998,-40.1,-34.2
47.9998,-40.3,-34.6
48.0998,-40.6,-35.3
48.1998,-40.6,-35.8
48.2998,-40.6,-36.2
48.3998,-40.2,-36.6
48.4998,-40.2,-37.0
48.5998,-40.1,-37.3
48.6998,-39.8,-37.6
48.7998,-40.4,-37.9
48.8998,-40.1,-38.2
48.9998,-40.0,-38.4
49.0998,-40.4,-38.6
49.1998,-39.2,-38.8
49.2998,-39.4,-38.9
49.3998,-39.4,-39.1
49.4998,-38.8,-39.2
49.5998,-39.7,-39.4
49.6998,-39.4,-39.5
49.7998,-39.5,-39.6
49.8998,-40.0,-39.7
49.9998,-39.4,-39.8
50.0998,-39.5,-39.8
50.1998,-39.5,-39.9
50.2998,-38.5,-39.7
50.3998,-39.0,-39.7
50.4998,-38.6,-39.7
50.5998,-38.7,-39.7
50.6998,-39.8,-39.7
50.7998,-38.2,-39.5
50.8998,-38.5,-39.4
50.9998,-38.4,-39.4
51.0998,-36.7,-39.1
51.1998,-37.5,-39.0
51.2998,-36.7,-38.8
51.3998,-36.2,-38.7
51.4998,-37.1,-38.6
51.5998,-36.5,-38.5
51.6998,-36.9,-38.4
51.7998,-37.2,-38.3
51.8998,-36.7,-38.2
51.9998,-37.5,-38.2
52.0998,-37.2,-38.0
52.1998,-37.0,-38.0
52.2998,-37.9,-38.0
52.3998,-36.5,-37.8
52.4998,-36.5,-37.7
52.5998,-36.5,-37.6
52.6998,-35.3,-37.4
52.7998,-35.7,-37.2
52.8998,-35.3,-37.1
52.9998,-34.9,-37.0
53.0998,-35.2,-36.8
53.1998,-34.0,-36.4
53.2998,-33.6,-36.3
53.3998,-33.0,-36.0
53.4998,-31.8,-35.6
53.5998,-31.6,-35.2
53.6998,-30.9,-34.8
53.7998,-30.6,-34.6
53.8998,-30.4,-34.2
53.9998,-29.6,-33.7
54.0998,-28.8,-33.2
54.1998,-27.8,-32.6
54.2998,-26.3,-31.8
54.3998,-25.1,-30.9
54.4998,-24.5,-30.3
54.5998,-23.7,-29.6
54.6998,-23.6,-29.2
54.7998,-23.3,-28.5
54.8998,-23.1,-28.1
54.9998,-23.2,-27.7
55.0998,-22.5,-27.1
55.1998,-22.4,-26.7
55.2998,-22.1,-26.3
55.3998,-21.4,-25.8
55.4998,-21.2,-25.4
55.5998,-20.8,-24.9
55.6998,-20.0,-24.4
55.7998,-19.9,-24.0
55.8998,-19.5,-23.6
55.9998,-19.1,-23.2
56.0998,-19.0,-22.8
56.1998,-18.6,-22.4
56.2998,-18.3,-22.0
56.3998,-18.0,-21.6
56.4998,-17.3,-21.2
56.5998,-16.1,-20.5
56.6998,-15.1,-19.9
56.7998,-14.3,-19.3
56.8998,-13.8,-18.8
56.9998,-13.6,-18.3
57.0998,-13.5,-17.9
57.1998,-13.2,-17.5
57.2998,-13.0,-17.1
57.3998,-13.2,-16.9
57.4998,-13.3,-16.6
57.5998,-14.6,-16.6
57.6998,-16.6,-16.6
57.7998,-18.6,-16.6
57.8998,-25.5,-16.7
57.9998,-29.0,-16.7
58.0998,-30.4,-16.7
58.1998,-35.6,-16.8
58.2998,-35.1,-16.8
58.3998,-31.1,-16.9
58.4998,-31.5,-16.9
58.5998,-32.3,-17.0
58.6998,-32.6,-17.1
58.7998,-40.9,-17.2
58.8998,-39.8,-17.3
58.9998,-41.3,-17.4
59.0998,-42.3,-17.5
59.1998,-41.5,-17.6
59.2998,-45.0,-17.7
59.3998,-46.1,-17.9
59.4998,-46.0,-18.1
59.5998,-47.2,-18.5
59.6998,-46.7,-19.0
59.7998,-46.7,-19.5
59.8998,-46.7,-20.1
59.9998,-48.7,-20.8
60.0998,-49.2,-21.7
60.1998,-48.2,-23.1
60.2998,-46.4,-25.0
60.3998,-45.9,-27.0
60.4998,-45.7,-33.0
60.5998,-45.7,-35.2
60.6998,-46.1,-36.1
60.7998,-46.2,-38.6
60.8998,-46.2,-38.7
60.9998,-46.5,-38.7
61.0998,-47.7,-39.0
61.1998,-48.3,-39.9
61.2998,-49.1,-40.2
61.3998,-49.6,-44.7
61.4998,-49.6,-45.0
61.5998,-49.6,-45.7
61.6998,-49.7,-46.0
61.7998,-49.7,-46.1
61.8998,-50.0,-47.2
61.9998,-50.1,-47.4
62.0998,-45.0,-46.8
62.1998,-44.1,-46.9
62.2998,-43.9,-46.9
62.3998,-43.9,-46.9
62.4998,-47.2,-46.9
62.5998,-43.2,-46.2
62.6998,-38.7,-44.5
62.7998,-38.2,-44.2
62.8998,-38.2,-44.2
62.9998,-39.5,-44.3
63.0998,-46.1,-44.3
63.1998,-52.1,-44.4
63.2998,-52.5,-44.5
63.3998,-53.2,-44.6
63.4998,-53.2,-44.7
63.5998,-52.5,-44.7
63.6998,-51.2,-44.8
63.7998,-50.6,-44.9
63.8998,-50.5,-44.9
63.9998,-49.7,-44.9
64.0998,-49.5,-44.9
64.1998,-48.2,-44.9
64.2998,-47.3,-44.8
64.3998,-44.5,-44.5
64.4998,-41.4,-43.9
64.5998,-41.2,-43.8
64.6998,-41.4,-43.8
64.7998,-42.7,-43.8
64.8998,-48.3,-43.9
64.9998,-51.3,-43.9
65.0998,-51.8,-44.2
65.1998,-52.0,-44.3
65.2998,-51.4,-44.4
65.3998,-51.3,-44.4
65.4998,-51.1,-44.4
65.5998,-50.5,-45.0
65.6998,-50.5,-47.0
65.7998,-50.3,-47.6
65.8998,-47.7,-47.3
65.9998,-45.7,-47.0
66.0998,-43.8,-46.5
66.1998,-43.2,-46.4
66.2998,-43.8,-46.3
66.3998,-45.0,-46.3
66.4998,-47.6,-46.2
66.5998,-49.5,-46.2
66.6998,-50.0,-46.2
66.7998,-41.2,-44.9
66.8998,-34.2,-41.3
66.9998,-32.0,-39.7
67.0998,-31.4,-39.2
67.1998,-31.7,-39.2
67.2998,-34.4,-39.2
67.3998,-39.3,-39.3
67.4998,-47.6,-39.5
67.5998,-49.2,-39.5
67.6998,-48.3,-39.5
67.7998,-47.3,-39.5
67.8998,-47.2,-39.5
67.9998,-47.7,-39.5
68.0998,-48.5,-39.5
68.1998,-49.5,-39.5
68.2998,-49.4,-39.5
68.3998,-48.7,-39.4
68.4998,-48.0,-39.4
68.5998,-47.6,-39.4
68.6998,-47.5,-39.4
68.7998,-47.9,-39.4
68.8998,-48.6,-39.4
68.9998,-49.3,-39.5
69.0998,-49.7,-39.6
69.1998,-49.7,-39.6
69.2998,-49.7,-39.6
69.3998,-49.6,-39.6
69.4998,-49.6,-39.6
69.5998,-49.8,-39.6
69.6998,-50.0,-39.6
69.7998,-49.7,-40.0
69.8998,-49.7,-42.2
69.9998,-48.1,-45.6
70.0998,-44.1,-47.6
70.1998,-41.6,-46.9
70.2998,-41.4,-46.8
70.3998,-41.7,-46.8
70.4998,-43.5,-46.8
70.5998,-48.6,-46.8
70.6998,-49.7,-46.9
70.7998,-49.5,-47.0
70.8998,-49.3,-47.0
70.9998,-49.5,-47.0
71.0998,-49.5,-47.0
71.1998,-50.0,-47.0
71.2998,-50.2,-47.0
71.3998,-50.1,-47.1
71.4998,-48.3,-47.0
71.5998,-47.5,-47.0
71.6998,-47.5,-47.0
71.7998,-47.6,-47.0
71.8998,-49.0,-47.0
71.9998,-49.7,-47.0
72.0998,-49.9,-47.0
72.1998,-49.6,-47.0
72.2998,-50.0,-47.1
72.3998,-50.4,-47.1
72.4998,-50.3,-47.1
72.5998,-50.6,-47.1
72.6998,-50.0,-47.1
72.7998,-50.0,-47.1
72.8998,-49.5,-47.1
72.9998,-49.4,-47.2
73.0998,-49.0,-47.9
73.1998,-48.3,-49.1
73.2998,-47.4,-49.1
73.3998,-45.6,-48.6
73.4998,-44.8,-48.4
73.5998,-44.6,-48.2
73.6998,-40.4,-46.3
73.7998,-40.7,-46.3
73.8998,-41.0,-46.3
73.9998,-36.0,-43.3
74.0998,-37.1,-43.2
74.1998,-37.2,-43.2
74.2998,-37.2,-43.2
74.3998,-48.9,-43.2
74.4998,-49.8,-43.3
74.5998,-50.1,-43.3
74.6998,-43.3,-42.9
74.7998,-37.4,-41.6
74.8998,-36.9,-41.4
74.9998,-36.8,-41.4
75.0998,-37.4,-41.3
75.1998,-42.8,-41.2
75.2998,-43.9,-41.2
75.3998,-44.6,-41.2
75.4998,-45.8,-41.1
75.5998,-41.3,-40.7
75.6998,-40.7,-40.6
75.7998,-40.4,-40.6
75.8998,-40.4,-40.6
75.9998,-44.1,-40.6
76.0998,-46.2,-40.6
76.1998,-46.6,-40.5
76.2998,-46.9,-40.6
76.3998,-44.7,-40.5
76.4998,-44.5,-40.5
76.5998,-44.6,-40.5
76.6998,-44.3,-40.9
76.7998,-46.1,-40.9
76.8998,-46.4,-40.9
76.9998,-46.3,-42.4
77.0998,-46.9,-42.4
77.1998,-46.8,-42.4
77.2998,-46.9,-42.3
77.3998,-47.0,-42.3
77.4998,-47.2,-42.3
77.5998,-47.3,-42.3
77.6998,-47.5,-42.7
77.7998,-48.2,-44.4
77.8998,-48.3,-44.7
77.9998,-48.6,-44.8
78.0998,-48.3,-45.0
78.1998,-47.6,-45.0
78.2998,-47.5,-45.1
78.3998,-47.3,-45.1
78.4998,-47.0,-45.1
78.5998,-47.3,-46.2
78.6998,-47.5,-46.6
78.7998,-47.9,-46.8
78.8998,-48.6,-46.9
78.9998,-48.5,-46.8
79.0998,-48.3,-46.9
79.1998,-48.0,-47.0
79.2998,-47.9,-47.0
79.3998,-48.3,-47.4
79.4998,-48.3,-47.5
79.5998,-48.1,-47.6
79.6998,-48.1,-47.7
79.7998,-48.0,-47.7
79.8998,-48.0,-47.8
79.9998,-47.9,-47.8
80.0998,-48.0,-47.8
80.1998,-47.6,-47.8
80.2998,-47.9,-47.9
80.3998,-48.1,-48.0
80.4998,-47.9,-47.9
80.5998,-47.7,-47.9
80.6998,-47.1,-47.8
80.7998,-45.9,-47.6
80.8998,-44.9,-47.3
80.9998,-44.2,-47.1
81.0998,-43.6,-46.9
81.1998,-43.7,-46.8
81.2998,-44.1,-46.7
81.3998,-44.4,-46.6
81.4998,-44.3,-46.5
81.5998,-44.1,-46.3
81.6998,-42.9,-45.9
81.7998,-42.5,-45.7
81.8998,-42.4,-45.5
81.9998,-42.0,-45.2
82.0998,-42.5,-45.1
82.1998,-42.2,-44.8
82.2998,-41.0,-44.3
82.3998,-40.5,-44.0
82.4998,-40.2,-43.8
82.5998,-39.9,-43.5
82.6998,-39.7,-43.1
82.7998,-39.7,-42.8
82.8998,-39.9,-42.7
82.9998,-40.0,-42.5
83.0998,-40.7,-42.4
83.1998,-40.9,-42.2
83.2998,-38.1,-41.4
83.3998,-38.5,-41.4
83.4998,-38.9,-41.4
83.5998,-39.3,-41.3
83.6998,-44.0,-41.3
83.7998,-43.9,-41.3
83.8998,-43.3,-41.2
83.9998,-43.1,-41.2
84.0998,-43.0,-41.2
84.1998,-42.9,-41.2
84.2998,-42.9,-41.2
84.3998,-42.8,-41.1
84.4998,-43.0,-41.1
84.5998,-43.4,-41.1
84.6998,-41.8,-41.0
84.7998,-41.9,-41.0
84.8998,-42.1,-41.1
84.9998,-42.3,-41.2
85.0998,-45.1,-41.2
85.1998,-45.8,-41.3
85.2998,-46.4,-41.5
85.3998,-46.4,-41.7
85.4998,-45.9,-41.8
85.5998,-45.7,-41.9
85.6998,-39.7,-41.5
85.7998,-39.5,-41.6
85.8998,-39.5,-41.7
85.9998,-39.5,-41.8
86.0998,-44.6,-42.0
86.1998,-45.7,-42.1
86.2998,-46.3,-43.0
86.3998,-46.7,-43.1
86.4998,-47.0,-43.1
86.5998,-46.0,-43.1
86.6998,-44.7,-43.1
86.7998,-43.8,-43.1
86.8998,-42.1,-42.9
86.9998,-41.8,-42.9
87.0998,-42.1,-42.9
87.1998,-42.6,-43.0
87.2998,-44.7,-43.1
87.3998,-46.2,-43.2
87.4998,-47.4,-43.3
87.5998,-47.7,-43.4
87.6998,-47.5,-43.7
87.7998,-47.3,-43.8
87.8998,-47.0,-43.9
87.9998,-46.9,-43.9
88.0998,-47.3,-43.9
88.1998,-47.6,-44.0
88.2998,-47.8,-44.0
88.3998,-47.7,-44.0
88.4998,-47.0,-44.0
88.5998,-46.9,-44.1
88.6998,-47.1,-45.5
88.7998,-47.1,-45.6
88.8998,-47.3,-45.7
88.9998,-39.8,-44.2
89.0998,-31.3,-39.1
89.1998,-30.5,-38.5
89.2998,-30.3,-38.2
89.3998,-30.6,-38.2
89.4998,-36.3,-38.2
89.5998,-40.2,-38.2
89.6998,-44.6,-38.2
89.7998,-45.9,-38.3
89.8998,-47.1,-38.4
89.9998,-46.6,-38.4
90.0998,-45.1,-38.4
90.1998,-43.4,-38.3
90.2998,-42.1,-38.2
90.3998,-30.6,-35.9
90.4998,-30.3,-35.7
90.5998,-30.2,-35.6
90.6998,-30.0,-35.5
90.7998,-35.9,-35.4
90.8998,-34.1,-35.0
90.9998,-32.6,-34.6
91.0998,-31.9,-34.4
91.1998,-31.9,-34.3
91.2998,-32.9,-34.2
91.3998,-34.3,-34.1
91.4998,-35.2,-34.0
91.5998,-35.1,-33.8
91.6998,-34.1,-33.6
91.7998,-32.2,-33.3
91.8998,-32.1,-33.2
91.9998,-32.3,-33.2
92.0998,-32.7,-33.9
92.1998,-34.7,-34.0
92.2998,-34.7,-34.0
92.3998,-34.3,-33.9
92.4998,-33.6,-33.7
92.5998,-28.5,-32.4
92.6998,-28.1,-32.2
92.7998,-28.1,-32.1
92.8998,-28.3,-32.0
92.9998,-32.9,-32.0
93.0998,-33.8,-31.9
93.1998,-33.5,-31.7
93.2998,-32.6,-31.6
93.3998,-28.8,-31.6
93.4998,-28.3,-31.4
93.5998,-28.3,-31.3
93.6998,-28.4,-31.2
93.7998,-31.1,-31.2
93.8998,-31.5,-31.2
93.9998,-31.3,-31.2
94.0998,-30.6,-31.1
94.1998,-29.9,-30.9
94.2998,-29.1,-30.7
94.3998,-28.6,-30.5
94.4998,-28.4,-30.3
94.5998,-28.4,-30.1
94.6998,-28.7,-30.1
94.7998,-28.8,-30.0
94.8998,-28.6,-29.8
94.9998,-28.4,-29.7
95.0998,-27.8,-29.4
95.1998,-27.6,-29.3
95.2998,-27.2,-29.1
95.3998,-26.9,-28.9
95.4998,-26.9,-28.7
95.5998,-26.5,-28.9
95.6998,-26.5,-28.7
95.7998,-26.4,-28.5
95.8998,-26.5,-28.4
95.9998,-26.5,-28.2
96.0998,-26.4,-28.0
96.1998,-26.0,-27.8
96.2998,-25.5,-27.5
96.3998,-25.3,-27.6
96.4998,-25.1,-27.4
96.5998,-25.1,-27.2
96.6998,-25.1,-27.0
96.7998,-24.6,-26.8
96.8998,-24.2,-26.5
96.9998,-23.9,-26.3
97.0998,-23.7,-26.1
97.1998,-23.7,-26.0
97.2998,-23.8,-25.8
97.3998,-23.5,-25.6
97.4998,-23.2,-25.4
97.5998,-22.8,-25.2
97.6998,-22.4,-25.0
97.7998,-22.0,-24.7
97.8998,-21.9,-24.5
97.9998,-21.4,-24.2
98.0998,-21.3,-24.0
98.1998,-21.2,-23.8
98.2998,-21.1,-23.6
98.3998,-21.1,-23.4
98.4998,-20.9,-23.2
98.5998,-20.7,-23.0
98.6998,-20.4,-22.8
98.7998,-20.1,-22.6
98.8998,-19.9,-22.3
98.9998,-19.4,-22.1
99.0998,-19.1,-21.8
99.1998,-19.0,-21.6
99.2998,-18.7,-21.4
99.3998,-18.7,-21.2
99.4998,-18.6,-21.0
99.5998,-18.4,-20.8
99.6998,-18.4,-20.6
99.7998,-18.4,-20.4
99.8998,-18.5,-20.3
99.9998,-18.5,-20.1
100.1,-18.7,-20.0
100.2,-18.7,-19.9
100.3,-18.8,-19.7
100.4,-18.9,-19.6
100.5,-19.1,-19.6
100.6,-19.6,-19.6
100.7,-20.8,-19.6
100.8,-22.9,-19.7
100.9,-26.1,-19.8
101.0,-32.7,-19.9
101.1,-45.3,-20.0
101.2,-41.4,-20.1
101.3,-38.8,-20.2
101.4,-36.2,-20.4
101.5,-33.9,-20.5
101.6,-34.2,-20.6
101.7,-34.8,-20.8
101.8,-36.5,-21.0
101.9,-43.3,-21.2
102.0,-49.5,-21.5
102.1,-42.5,-21.8
102.2,-39.0,-22.0
102.3,-38.8,-22.4
102.4,-38.9,-22.7
102.5,-41.1,-23.1
102.6,-51.6,-23.6
102.7,-47.1,-24.1
102.8,-37.0,-24.7
102.9,-36.7,-25.3
103.0,-36.6,-26.0
103.1,-37.0,-26.8
103.2,-46.6,-27.9
103.3,-49.7,-29.2
103.4,-49.8,-31.0
103.5,-45.0,-33.6
103.6,-44.1,-37.3
103.7,-42.4,-39.2
103.8,-42.2,-39.3
103.9,-41.4,-39.1
104.0,-40.9,-39.0
104.1,-41.7,-39.0
104.2,-40.4,-39.2
104.3,-40.9,-39.4
104.4,-41.3,-39.9
104.5,-41.4,-40.9
104.6,-42.5,-41.1
104.7,-39.0,-40.5
104.8,-34.2,-39.1
104.9,-34.0,-38.9
105.0,-33.7,-38.8
105.1,-33.7,-38.6
105.2,-34.2,-38.0
105.3,-34.3,-38.0
105.4,-34.6,-37.9
105.5,-36.0,-37.9
105.6,-42.5,-37.9
105.7,-39.1,-37.6
105.8,-38.3,-38.1
105.9,-38.2,-38.2
106.0,-34.6,-37.4
106.1,-34.8,-37.2
106.2,-33.0,-36.6
106.3,-33.0,-36.6
106.4,-35.1,-36.6
106.5,-36.2,-36.6
106.6,-43.9,-36.6
106.7,-43.8,-36.6
106.8,-45.2,-36.7
106.9,-46.6,-36.7
107.0,-47.3,-36.8
107.1,-49.7,-36.8
107.2,-48.1,-36.9
107.3,-47.9,-36.9
107.4,-46.3,-36.9
107.5,-44.7,-36.9
107.6,-44.1,-36.9
107.7,-43.9,-37.2
107.8,-44.8,-38.0
107.9,-38.2,-37.7
108.0,-37.8,-37.7
108.1,-37.8,-38.1
108.2,-37.9,-38.9
108.3,-41.5,-38.8
108.4,-40.2,-38.7
108.5,-40.2,-38.7
108.6,-40.3,-38.7
108.7,-42.8,-39.2
108.8,-49.1,-39.3
108.9,-50.0,-39.3
109.0,-50.8,-40.5
109.1,-44.4,-40.8
109.2,-36.3,-40.9
109.3,-36.1,-40.9
109.4,-36.1,-41.0
109.5,-36.7,-41.0
109.6,-46.8,-41.0
109.7,-46.4,-41.0
109.8,-46.1,-41.0
109.9,-46.2,-41.0
110.0,-46.1,-41.0
110.1,-41.9,-40.6
110.2,-41.5,-40.6
110.3,-39.9,-40.4
110.4,-39.8,-40.4
110.5,-42.3,-40.5
110.6,-41.9,-40.4
110.7,-42.5,-40.3
110.8,-40.8,-40.1
110.9,-40.4,-40.9
111.0,-40.6,-41.0
111.1,-41.6,-41.0
111.2,-40.2,-40.5
111.3,-39.2,-40.5
111.4,-39.4,-40.8
111.5,-39.4,-40.8
111.6,-42.7,-40.8
111.7,-48.1,-40.8
111.8,-48.7,-40.8
111.9,-50.1,-40.8
112.0,-48.5,-40.8
112.1,-39.7,-40.3
112.2,-39.1,-41.7
112.3,-38.8,-41.7
112.4,-34.9,-40.3
112.5,-35.0,-39.7
112.6,-35.0,-39.7
112.7,-34.0,-39.3
112.8,-36.6,-39.2
112.9,-38.8,-39.2
113.0,-39.3,-39.2
113.1,-44.8,-39.4
113.2,-37.6,-38.7
113.3,-35.9,-38.5
113.4,-35.8,-38.5
113.5,-35.8,-38.5
113.6,-39.7,-38.6
113.7,-46.5,-38.6
113.8,-38.9,-38.3
113.9,-37.6,-38.2
114.0,-37.6,-38.2
114.1,-37.6,-38.2
114.2,-41.8,-38.4
114.3,-45.9,-38.6
114.4,-37.5,-38.0
114.5,-31.1,-36.2
114.6,-30.6,-36.0
114.7,-30.5,-35.9
114.8,-31.0,-35.8
114.9,-36.1,-35.7
115.0,-38.4,-35.7
115.1,-28.4,-33.7
115.2,-28.2,-33.5
115.3,-28.4,-33.5
115.4,-28.4,-33.7
115.5,-37.9,-33.9
115.6,-48.0,-33.9
115.7,-47.5,-34.0
115.8,-46.6,-34.0
115.9,-45.6,-34.0
116.0,-44.7,-34.0
116.1,-44.3,-34.0
116.2,-43.9,-34.2
116.3,-43.7,-34.3
116.4,-43.8,-34.3
116.5,-43.6,-34.3
116.6,-43.7,-34.3
116.7,-43.8,-34.3
116.8,-43.8,-34.5
116.9,-43.6,-34.5
117.0,-43.3,-34.5
117.1,-42.9,-34.5
117.2,-42.5,-34.5
117.3,-42.3,-34.5
117.4,-42.1,-34.7
117.5,-41.9,-35.9
117.6,-41.8,-36.1
117.7,-41.9,-36.1
117.8,-41.7,-36.2
117.9,-41.5,-36.3
118.0,-32.1,-35.1
118.1,-31.6,-38.3
118.2,-31.6,-38.8
118.3,-31.6,-38.7
118.4,-38.1,-38.7
118.5,-41.0,-38.6
118.6,-41.2,-38.6
118.7,-41.4,-38.5
118.8,-41.4,-38.5
118.9,-41.4,-38.4
119.0,-41.3,-38.4
119.1,-41.2,-38.4
119.2,-38.3,-38.0
119.3,-31.1,-36.2
119.4,-30.6,-36.0
119.5,-29.0,-35.1
119.6,-29.1,-35.0
119.7,-32.1,-35.0
119.8,-32.7,-34.9
119.9,-37.9,-34.9
120.0,-38.3,-34.8
120.1,-37.6,-34.8
120.2,-36.9,-34.7
120.3,-36.3,-34.6
120.4,-35.6,-34.5
120.5,-35.0,-34.4
120.6,-34.2,-34.2
120.7,-32.8,-33.9
120.8,-31.0,-33.4
120.9,-30.0,-33.1
121.0,-29.4,-33.4
121.1,-28.8,-33.1
121.2,-28.3,-32.5
121.3,-27.5,-32.0
121.4,-26.6,-31.4
121.5,-26.1,-30.9
121.6,-25.8,-30.5
121.7,-25.6,-30.0
121.8,-25.4,-29.6
121.9,-24.5,-29.0
122.0,-23.9,-28.5
122.1,-23.3,-28.0
122.2,-22.8,-27.5
122.3,-22.5,-27.2
122.4,-22.5,-26.9
122.5,-22.3,-26.5
122.6,-21.9,-26.1
122.7,-21.9,-25.7
122.8,-21.4,-25.3
122.9,-21.3,-25.0
123.0,-21.4,-24.7
123.1,-21.7,-24.5
123.2,-22.0,-24.3
123.3,-21.8,-24.0
123.4,-21.6,-23.7
123.5,-20.9,-23.4
123.6,-20.1,-23.0
123.7,-20.0,-22.8
123.8,-19.9,-22.6
123.9,-19.8,-22.3
124.0,-20.6,-22.2
124.1,-20.9,-22.1
124.2,-21.3,-22.0
124.3,-21.7,-21.9
124.4,-21.9,-21.8
124.5,-22.2,-21.7
124.6,-22.7,-21.7
124.7,-23.6,-21.7
124.8,-24.0,-21.7
124.9,-24.5,-21.7
125.0,-24.2,-21.8
125.1,-24.3,-21.8
125.2,-24.7,-21.9
125.3,-24.6,-21.9
125.4,-24.6,-21.9
125.5,-24.7,-22.0
125.6,-24.5,-22.1
125.7,-24.9,-22.2
125.8,-25.3,-22.4
125.9,-25.4,-22.5
126.0,-25.1,-22.5
126.1,-24.7,-22.6
126.2,-24.4,-22.6
126.3,-24.1,-22.8
126.4,-24.3,-22.9
126.5,-24.6,-23.1
126.6,-25.1,-23.4
126.7,-25.5,-23.6
126.8,-25.6,-23.8
126.9,-25.5,-24.1
127.0,-25.6,-24.2
127.1,-25.8,-24.4
127.2,-26.1,-24.6
127.3,-26.6,-24.8
127.4,-26.3,-24.9
127.5,-26.3,-25.1
127.6,-26.0,-25.1
127.7,-26.0,-25.2
127.8,-26.2,-25.2
127.9,-26.3,-25.3
128.0,-26.6,-25.4
128.1,-26.7,-25.5
128.2,-26.7,-25.5
128.3,-26.7,-25.6
128.4,-26.7,-25.7
128.5,-26.5,-25.7
128.6,-26.6,-25.8
128.7,-26.7,-25.8
128.8,-26.6,-25.9
128.9,-26.9,-25.9
129.0,-27.3,-26.0
129.1,-27.1,-26.1
129.2,-27.0,-26.2
129.3,-27.0,-26.3
129.4,-26.8,-26.4
129.5,-27.1,-26.5
129.6,-27.6,-26.6
129.7,-27.3,-26.6
129.8,-27.0,-26.6
129.9,-27.0,-26.7
130.0,-26.9,-26.7
130.1,-27.0,-26.7
130.2,-27.3,-26.8
130.3,-27.3,-26.8
130.4,-27.8,-26.9
130.5,-28.4,-27.0
130.6,-28.5,-27.1
130.7,-28.5,-27.1
130.8,-27.8,-27.1
130.9,-27.6,-27.2
131.0,-27.7,-27.2
131.1,-28.0,-27.3
131.2,-28.7,-27.4
131.3,-29.3,-27.5
131.4,-29.8,-27.6
131.5,-30.1,-27.7
131.6,-30.3,-27.8
131.7,-30.0,-27.9
131.8,-29.5,-27.9
131.9,-29.2,-28.0
132.0,-29.0,-28.0
132.1,-28.9,-28.1
132.2,-29.1,-28.2
132.3,-29.1,-28.3
132.4,-29.5,-28.4
132.5,-29.8,-28.5
132.6,-29.7,-28.5
132.7,-29.5,-28.6
132.8,-29.1,-28.7
132.9,-29.0,-28.8
133.0,-29.0,-28.8
133.1,-28.9,-28.9
133.2,-28.9,-28.9
133.3,-29.1,-29.0
133.4,-29.2,-29.0
133.5,-29.6,-29.1
133.6,-29.8,-29.1
133.7,-29.6,-29.2
133.8,-29.4,-29.3
133.9,-29.5,-29.4
134.0,-29.6,-29.4
134.1,-29.7,-29.4
134.2,-29.8,-29.5
134.3,-30.0,-29.5
134.4,-30.3,-29.5
134.5,-30.8,-29.5
134.6,-31.1,-29.5
134.7,-30.9,-29.5
134.8,-30.5,-29.6
134.9,-30.1,-29.6
135.0,-30.1,-29.7
135.1,-30.3,-29.7
135.2,-30.5,-29.8
135.3,-30.9,-29.9
135.4,-31.0,-29.9
135.5,-30.7,-29.8
135.6,-30.7,-29.9
135.7,-31.0,-30.0
135.8,-30.7,-30.1
135.9,-30.7,-30.1
136.0,-30.2,-30.1
136.1,-29.5,-30.1
136.2,-30.2,-30.3
136.3,-31.3,-30.4
136.4,-32.6,-30.5
136.5,-33.2,-30.5
136.6,-31.5,-30.5
136.7,-30.4,-30.5
136.8,-30.0,-30.6
136.9,-29.9,-30.6
137.0,-30.3,-30.6
137.1,-30.7,-30.7
137.2,-30.8,-30.7
137.3,-31.1,-30.7
137.4,-30.5,-30.7
137.5,-30.0,-30.5
137.6,-29.7,-30.5
137.7,-29.9,-30.6
137.8,-30.4,-30.6
137.9,-31.3,-30.7
138.0,-32.1,-30.7
138.1,-31.5,-30.7
138.2,-31.4,-30.7
138.3,-31.0,-30.7
138.4,-30.9,-30.7
138.5,-30.9,-30.8
138.6,-30.5,-30.7
138.7,-29.6,-30.5
138.8,-29.2,-30.5
138.9,-29.5,-30.6
139.0,-29.8,-30.7
139.1,-30.7,-30.7
139.2,-31.9,-30.7
139.3,-32.5,-30.7
139.4,-32.8,-30.7
139.5,-32.0,-30.6
139.6,-30.6,-30.6
139.7,-29.8,-30.6
139.8,-29.6,-30.6
139.9,-30.1,-30.7
140.0,-31.0,-30.7
140.1,-31.3,-30.7
140.2,-31.6,-30.7
140.3,-31.6,-30.7
140.4,-31.8,-30.8
140.5,-32.4,-31.0
140.6,-32.7,-31.1
140.7,-32.6,-31.1
140.8,-31.9,-31.0
140.9,-29.3,-30.7
141.0,-26.6,-30.1
141.1,-26.7,-30.1
141.2,-26.3,-30.0
141.3,-25.5,-29.5
141.4,-26.9,-29.4
141.5,-26.8,-29.4
141.6,-27.6,-29.5
141.7,-30.9,-29.6
141.8,-31.7,-29.7
141.9,-30.5,-29.5
142.0,-30.4,-29.6
142.1,-30.3,-29.6
142.2,-30.8,-29.6
142.3,-30.9,-29.4
142.4,-29.4,-29.2
142.5,-29.6,-29.3
142.6,-29.8,-29.5
142.7,-31.2,-29.6
142.8,-34.8,-29.6
142.9,-36.2,-29.7
143.0,-35.6,-29.7
143.1,-35.3,-29.8
143.2,-35.4,-29.9
143.3,-35.4,-29.9
143.4,-36.1,-30.0
143.5,-36.7,-30.0
143.6,-37.2,-30.1
143.7,-37.3,-30.1
143.8,-37.5,-30.3
143.9,-37.5,-30.6
144.0,-37.0,-31.4
144.1,-36.8,-31.5
144.2,-36.6,-31.8
144.3,-35.1,-32.8
144.4,-33.4,-32.9
144.5,-32.7,-33.0
144.6,-32.6,-33.0
144.7,-31.7,-32.9
144.8,-30.7,-32.7
144.9,-29.7,-32.8
145.0,-29.3,-32.7
145.1,-29.8,-32.8
145.2,-30.5,-32.7
145.3,-30.8,-32.8
145.4,-30.4,-33.0
145.5,-30.2,-33.0
145.6,-30.2,-32.8
145.7,-30.5,-32.6
145.8,-30.8,-32.4
145.9,-30.2,-32.2
146.0,-29.8,-32.0
146.1,-29.5,-31.8
146.2,-29.4,-31.6
146.3,-29.9,-31.5
146.4,-29.9,-31.3
146.5,-29.5,-31.1
146.6,-29.5,-30.9
146.7,-29.8,-30.9
146.8,-30.7,-30.8
146.9,-32.2,-30.8
147.0,-32.7,-30.7
147.1,-30.9,-30.5
147.2,-30.2,-30.4
147.3,-30.6,-30.4
147.4,-31.5,-30.5
147.5,-34.4,-30.6
147.6,-36.1,-30.6
147.7,-34.4,-30.6
147.8,-33.7,-30.8
147.9,-33.3,-31.0
148.0,-33.2,-31.0
148.1,-33.4,-31.0
148.2,-32.5,-31.0
148.3,-32.2,-31.2
148.4,-32.8,-31.3
148.5,-33.4,-31.4
148.6,-34.3,-31.5
148.7,-33.9,-31.5
148.8,-32.8,-31.6
148.9,-32.0,-31.7
149.0,-31.6,-31.8
149.1,-31.8,-31.9
149.2,-32.4,-32.1
149.3,-33.0,-32.2
149.4,-33.6,-32.3
149.5,-33.2,-32.6
149.6,-32.6,-32.7
149.7,-32.5,-32.6
149.8,-32.5,-32.6
149.9,-32.6,-32.6
150.0,-32.9,-32.7
150.1,-32.7,-33.0
150.2,-32.7,-33.1
150.3,-33.1,-33.0
150.4,-33.4,-32.9
150.5,-32.9,-32.8
150.6,-32.1,-32.7
150.7,-31.3,-32.6
150.8,-30.8,-32.5
150.9,-30.9,-32.4
151.0,-30.8,-32.3
151.1,-30.6,-32.2
151.2,-30.5,-32.2
151.3,-29.8,-32.0
151.4,-29.6,-31.8
151.5,-29.2,-31.6
151.6,-29.1,-31.4
151.7,-29.4,-31.4
151.8,-29.6,-31.3
151.9,-30.2,-31.3
152.0,-30.6,-31.3
152.1,-30.8,-31.2
152.2,-31.0,-31.2
152.3,-31.3,-31.1
152.4,-32.0,-31.1
152.5,-32.7,-31.2
152.6,-32.6,-31.1
152.7,-31.7,-31.0
152.8,-30.7,-30.9
152.9,-30.3,-30.9
153.0,-30.6,-30.9
153.1,-31.2,-30.9
153.2,-31.5,-30.8
153.3,-31.3,-30.7
153.4,-31.0,-30.7
153.5,-31.0,-30.7
153.6,-31.5,-30.7
153.7,-31.4,-30.7
153.8,-31.2,-30.7
153.9,-30.9,-30.7
154.0,-30.6,-30.7
154.1,-30.9,-30.8
154.2,-31.0,-30.8
154.3,-31.0,-30.8
154.4,-31.1,-30.9
154.5,-30.7,-31.0
154.6,-30.7,-31.0
154.7,-30.7,-31.0
154.8,-30.3,-31.1
154.9,-30.3,-31.0
155.0,-30.6,-31.0
155.1,-30.7,-31.0
155.2,-30.7,-31.0
155.3,-30.9,-31.0
155.4,-29.8,-30.7
155.5,-28.7,-30.5
155.6,-27.3,-30.2
155.7,-27.1,-30.2
155.8,-27.7,-30.2
155.9,-28.5,-30.2
156.0,-30.7,-30.2
156.1,-31.6,-30.2
156.2,-32.7,-30.3
156.3,-34.6,-30.4
156.4,-36.5,-30.5
156.5,-39.5,-30.6
156.6,-39.4,-30.7
156.7,-37.4,-30.8
156.8,-37.2,-30.9
156.9,-37.4,-31.1
157.0,-37.7,-31.2
157.1,-40.4,-31.3
157.2,-40.6,-31.5
157.3,-39.9,-31.6
157.4,-39.3,-31.7
157.5,-39.2,-31.9
157.6,-39.3,-32.1
157.7,-39.9,-32.3
157.8,-40.2,-32.5
157.9,-40.5,-32.7
158.0,-40.5,-32.9
158.1,-40.5,-33.2
158.2,-40.6,-33.4
158.3,-40.6,-33.6
158.4,-40.8,-34.2
158.5,-41.0,-35.0
158.6,-41.1,-36.5
158.7,-41.0,-37.3
158.8,-40.7,-37.8
158.9,-40.4,-38.6
159.0,-30.0,-36.1
159.1,-22.3,-30.5
159.2,-20.9,-29.3
159.3,-20.7,-29.1
159.4,-21.2,-29.1
159.5,-25.8,-29.1
159.6,-33.4,-29.1
159.7,-38.2,-29.2
159.8,-38.1,-29.1
159.9,-37.7,-29.1
160.0,-37.5,-29.1
160.1,-37.7,-29.1
160.2,-38.8,-29.1
160.3,-39.1,-29.1
160.4,-38.9,-29.1
160.5,-38.5,-29.1
160.6,-38.0,-29.1
160.7,-37.7,-29.1
160.8,-37.3,-29.1
160.9,-36.6,-29.0
161.0,-35.7,-29.0
161.1,-35.2,-29.0
161.2,-34.8,-29.0
161.3,-34.9,-28.9
161.4,-34.8,-28.9
161.5,-34.4,-28.9
161.6,-33.6,-28.8
161.7,-32.2,-28.7
161.8,-31.4,-28.6
161.9,-30.9,-28.6
162.0,-30.5,-28.8
162.1,-30.6,-31.7
162.2,-30.4,-33.9
162.3,-29.8,-33.9
162.4,-29.2,-33.4
162.5,-28.9,-33.1
162.6,-29.0,-32.9
162.7,-28.9,-32.5
162.8,-28.9,-32.2
162.9,-29.0,-32.0
163.0,-28.9,-31.8
163.1,-29.5,-31.6
163.2,-29.9,-31.4
163.3,-29.9,-31.2
163.4,-30.2,-31.1
163.5,-30.2,-31.0
163.6,-30.2,-30.8
163.7,-30.7,-30.7
163.8,-30.9,-30.7
163.9,-31.0,-30.6
164.0,-31.2,-30.5
164.1,-30.7,-30.4
164.2,-30.7,-30.3
164.3,-30.8,-30.3
164.4,-30.5,-30.1
164.5,-30.5,-30.1
164.6,-30.7,-30.1
164.7,-31.4,-30.2
164.8,-33.1,-30.3
164.9,-34.9,-30.3
165.0,-34.7,-30.4
165.1,-34.4,-30.5
165.2,-34.6,-30.6
165.3,-34.1,-30.8
165.4,-33.1,-30.9
165.5,-32.9,-31.0
165.6,-32.7,-31.1
165.7,-33.4,-31.4
165.8,-34.9,-31.7
165.9,-34.6,-31.8
166.0,-33.9,-31.9
166.1,-34.1,-32.0
166.2,-34.4,-32.2
166.3,-34.6,-32.4
166.4,-35.4,-32.5
166.5,-35.7,-32.7
166.6,-35.6,-33.0
166.7,-37.0,-33.1
166.8,-37.8,-33.2
166.9,-36.8,-33.4
167.0,-36.6,-33.6
167.1,-36.8,-33.9
167.2,-37.1,-34.1
167.3,-38.0,-34.3
167.4,-39.2,-34.8
167.5,-38.8,-35.2
167.6,-38.4,-35.3
167.7,-39.2,-35.4
167.8,-39.2,-35.5
167.9,-39.1,-35.6
168.0,-39.7,-35.8
168.1,-39.2,-35.9
168.2,-38.8,-36.0
168.3,-39.9,-36.3
168.4,-40.1,-36.7
168.5,-40.0,-37.0
168.6,-40.5,-37.1
168.7,-40.4,-37.3
168.8,-40.5,-37.4
168.9,-41.1,-37.8
169.0,-40.3,-38.2
169.1,-39.8,-38.2
169.2,-39.9,-38.4
169.3,-40.3,-38.8
169.4,-41.7,-39.1
169.5,-42.7,-39.2
169.6,-42.6,-39.3
169.7,-41.8,-39.4
169.8,-40.7,-39.5
169.9,-40.5,-39.8
170.0,-39.8,-39.9
170.1,-39.9,-40.0
170.2,-40.8,-40.1
170.3,-41.2,-40.3
170.4,-42.3,-40.3
170.5,-43.1,-40.5
170.6,-43.0,-40.7
170.7,-41.3,-40.6
170.8,-41.3,-40.6
170.9,-41.3,-40.9
171.0,-41.4,-40.9
171.1,-43.4,-41.1
171.2,-44.0,-41.3
171.3,-43.8,-41.3
171.4,-43.9,-41.4
171.5,-44.2,-41.6
171.6,-43.2,-41.6
171.7,-42.5,-41.6
171.8,-41.7,-41.6
171.9,-40.5,-41.5
172.0,-40.3,-41.6
172.1,-40.0,-41.6
172.2,-39.9,-41.5
172.3,-40.2,-41.5
172.4,-40.2,-41.4
172.5,-40.3,-41.3
172.6,-40.7,-41.3
172.7,-38.8,-40.9
172.8,-32.7,-38.8
172.9,-31.9,-38.3
173.0,-31.9,-38.3
173.1,-32.2,-38.3
173.2,-37.3,-38.3
173.3,-42.4,-38.4
173.4,-44.0,-38.4
173.5,-44.9,-38.4
173.6,-45.7,-38.4
173.7,-46.0,-38.6
173.8,-46.3,-38.6
173.9,-46.9,-38.6
174.0,-47.7,-38.7
174.1,-47.8,-38.7
174.2,-47.8,-38.7
174.3,-47.5,-38.7
174.4,-47.1,-38.8
174.5,-47.2,-38.8
174.6,-47.3,-38.8
174.7,-47.4,-38.9
174.8,-47.7,-39.0
174.9,-47.8,-39.1
175.0,-48.1,-39.2
175.1,-47.6,-39.3
175.2,-46.8,-39.4
175.3,-46.2,-39.5
175.4,-46.2,-39.6
175.5,-46.5,-39.7
175.6,-47.3,-39.7
175.7,-48.0,-40.1
175.8,-47.9,-43.8
175.9,-48.0,-46.1
176.0,-48.3,-46.7
176.1,-47.8,-46.9
176.2,-39.0,-44.7
176.3,-38.7,-44.6
176.4,-38.7,-44.6
176.5,-38.6,-44.7
176.6,-45.3,-44.7
176.7,-46.7,-44.7
176.8,-46.2,-44.6
176.9,-46.2,-44.6
177.0,-44.8,-44.4
177.1,-28.3,-36.4
177.2,-28.1,-36.3
177.3,-28.1,-36.2
177.4,-28.2,-36.2
177.5,-40.5,-36.2
177.6,-44.1,-36.2
177.7,-43.0,-36.2
177.8,-41.3,-36.1
177.9,-39.1,-36.0
178.0,-36.0,-35.7
178.1,-35.9,-35.6
178.2,-36.3,-35.6
178.3,-37.2,-35.6
178.4,-35.9,-35.2
178.5,-36.2,-35.2
178.6,-36.2,-35.2
178.7,-36.2,-35.2
178.8,-43.0,-35.1
178.9,-42.8,-35.1
179.0,-42.4,-35.1
179.1,-42.0,-35.1
179.2,-41.6,-35.2
179.3,-41.2,-35.2
179.4,-40.9,-35.2
179.5,-40.3,-35.2
179.6,-40.4,-35.1
179.7,-39.7,-35.1
179.8,-39.6,-35.0
179.9,-39.8,-35.0
180.0,-39.9,-35.0
180.1,-40.4,-39.0
180.2,-40.6,-39.2
180.3,-40.0,-39.1
180.4,-39.3,-38.9
180.5,-38.7,-38.8
180.6,-38.4,-38.7
180.7,-38.4,-38.6
180.8,-38.0,-38.6
180.9,-37.7,-38.6
181.0,-37.0,-38.9
181.1,-35.6,-38.6
181.2,-34.3,-38.0
181.3,-33.3,-37.6
181.4,-32.4,-37.7
181.5,-31.9,-37.1
181.6,-31.8,-36.7
181.7,-31.0,-36.0
181.8,-30.6,-35.5
181.9,-30.4,-35.1
182.0,-30.0,-34.7
182.1,-30.2,-34.3
182.2,-30.3,-34.0
182.3,-30.2,-33.7
182.4,-30.2,-33.4
182.5,-29.8,-33.0
182.6,-28.9,-32.6
182.7,-28.0,-32.0
182.8,-27.3,-31.6
182.9,-27.4,-31.4
183.0,-28.0,-31.2
183.1,-29.1,-31.1
183.2,-30.3,-30.9
183.3,-30.6,-30.8
183.4,-30.9,-30.7
183.5,-30.7,-30.6
183.6,-30.6,-30.5
183.7,-30.4,-30.3
183.8,-29.8,-30.2
183.9,-29.6,-30.0
184.0,-29.5,-29.9
184.1,-29.7,-29.8
184.2,-30.0,-29.8
184.3,-30.4,-29.8
184.4,-30.6,-29.7
184.5,-30.3,-29.7
184.6,-30.0,-29.6
184.7,-30.0,-29.7
184.8,-29.9,-29.7
184.9,-30.0,-29.6
185.0,-30.1,-29.6
185.1,-29.6,-29.6
185.2,-29.1,-29.5
185.3,-29.4,-29.5
185.4,-29.7,-29.6
185.5,-30.0,-29.6
185.6,-30.3,-29.7
185.7,-30.1,-29.9
185.8,-29.7,-30.0
185.9,-29.6,-30.0
186.0,-29.7,-30.0
186.1,-29.3,-29.9
186.2,-29.4,-29.9
186.3,-29.6,-29.9
186.4,-29.5,-29.8
186.5,-29.4,-29.7
186.6,-29.2,-29.7
186.7,-29.1,-29.7
186.8,-28.8,-29.6
186.9,-28.9,-29.6
187.0,-28.8,-29.6
187.1,-28.6,-29.5
187.2,-28.7,-29.5
187.3,-28.8,-29.4
187.4,-28.6,-29.3
187.5,-28.7,-29.3
187.6,-28.6,-29.3
187.7,-28.3,-29.2
187.8,-28.1,-29.1
187.9,-27.8,-29.0
188.0,-27.6,-28.9
188.1,-27.4,-28.8
188.2,-27.2,-28.8
188.3,-27.1,-28.6
188.4,-27.0,-28.5
188.5,-27.1,-28.4
188.6,-27.1,-28.3
188.7,-26.8,-28.2
188.8,-26.6,-28.1
188.9,-26.3,-28.0
189.0,-26.0,-27.8
189.1,-25.9,-27.7
189.2,-25.8,-27.6
189.3,-25.8,-27.4
189.4,-25.7,-27.3
189.5,-25.9,-27.2
189.6,-25.7,-27.1
189.7,-25.2,-26.9
189.8,-25.2,-26.8
189.9,-24.5,-26.6
190.0,-24.0,-26.4
190.1,-24.2,-26.3
190.2,-24.1,-26.2
190.3,-24.4,-26.0
190.4,-24.5,-25.9
190.5,-24.6,-25.8
190.6,-24.2,-25.6
190.7,-24.1,-25.5
190.8,-23.9,-25.3
190.9,-23.5,-25.2
191.0,-23.9,-25.1
191.1,-24.1,-25.1
191.2,-24.4,-25.0
191.3,-24.5,-24.9
191.4,-24.7,-24.9
191.5,-24.6,-24.8
191.6,-25.1,-24.8
191.7,-25.5,-24.8
191.8,-25.5,-24.8
191.9,-25.2,-24.7
192.0,-25.0,-24.7
192.1,-25.0,-24.7
192.2,-24.8,-24.6
192.3,-25.0,-24.6
192.4,-24.9,-24.6
192.5,-24.9,-24.6
192.6,-24.9,-24.6
192.7,-24.9,-24.6
192.8,-24.6,-24.5
192.9,-24.2,-24.5
193.0,-24.5,-24.6
193.1,-24.7,-24.7
193.2,-24.7,-24.6
193.3,-25.2,-24.6
193.4,-24.9,-24.7
193.5,-24.9,-24.7
193.6,-25.4,-24.8
193.7,-25.4,-24.8
193.8,-25.3,-24.9
193.9,-25.3,-25.0
194.0,-25.4,-25.0
194.1,-25.4,-25.0
194.2,-25.7,-25.0
194.3,-25.6,-25.1
194.4,-25.4,-25.1
194.5,-25.7,-25.1
194.6,-26.0,-25.1
194.7,-26.2,-25.2
194.8,-26.5,-25.2
194.9,-26.6,-25.3
195.0,-26.6,-25.3
195.1,-26.7,-25.4
195.2,-27.0,-25.5
195.3,-26.9,-25.5
195.4,-27.0,-25.6
195.5,-27.3,-25.7
195.6,-27.7,-25.8
195.7,-28.1,-25.9
195.8,-28.3,-26.0
195.9,-27.7,-26.1
196.0,-27.4,-26.2
196.1,-27.4,-26.3
196.2,-27.6,-26.4
196.3,-28.4,-26.5
196.4,-28.6,-26.7
196.5,-27.7,-26.7
196.6,-26.7,-26.6
196.7,-25.6,-26.6
196.8,-25.0,-26.6
196.9,-24.9,-26.6
197.0,-25.2,-26.6
197.1,-25.9,-26.6
197.2,-26.8,-26.8
197.3,-27.7,-26.9
197.4,-28.3,-27.0
197.5,-28.9,-27.1
197.6,-29.1,-27.1
197.7,-29.3,-27.2
197.8,-29.2,-27.3
197.9,-28.8,-27.3
198.0,-28.6,-27.4
198.1,-28.7,-27.4
198.2,-28.9,-27.5
198.3,-29.3,-27.6
198.4,-29.8,-27.7
198.5,-29.7,-27.7
198.6,-30.0,-27.7
198.7,-30.1,-27.8
198.8,-29.8,-27.8
198.9,-29.6,-27.9
199.0,-27.9,-27.8
199.1,-25.9,-27.5
199.2,-24.8,-27.3
199.3,-24.2,-27.1
199.4,-23.8,-26.9
199.5,-24.2,-26.9
199.6,-24.5,-26.9
199.7,-25.1,-27.0
199.8,-26.2,-27.2
199.9,-27.3,-27.3
200.0,-28.4,-27.4
200.1,-28.0,-27.3
200.2,-26.8,-27.2
200.3,-26.3,-27.1
200.4,-25.5,-27.0
200.5,-25.4,-26.9
200.6,-25.9,-26.8
200.7,-26.3,-26.7
200.8,-27.2,-26.8
200.9,-28.1,-26.8
201.0,-28.8,-26.8
201.1,-28.9,-26.8
201.2,-28.6,-26.7
201.3,-28.1,-26.7
201.4,-27.4,-26.6
201.5,-26.6,-26.5
201.6,-25.8,-26.3
201.7,-25.4,-26.2
201.8,-25.2,-26.1
201.9,-25.2,-26.0
202.0,-25.2,-26.0
202.1,-24.9,-26.0
202.2,-24.9,-26.1
202.3,-24.9,-26.1
202.4,-24.9,-26.2
202.5,-25.3,-26.2
202.6,-25.2,-26.2
202.7,-25.3,-26.2
202.8,-25.8,-26.1
202.9,-25.9,-26.1
203.0,-26.2,-26.0
203.1,-26.7,-26.0
203.2,-27.2,-26.2
203.3,-27.9,-26.2
203.4,-28.5,-26.3
203.5,-28.6,-26.4
203.6,-28.4,-26.4
203.7,-28.1,-26.4
203.8,-28.0,-26.4
203.9,-27.5,-26.3
204.0,-24.2,-25.8
204.1,-19.7,-24.5
204.2,-18.3,-23.9
204.3,-17.1,-23.3
204.4,-17.0,-23.0
204.5,-18.1,-22.7
204.6,-18.3,-22.5
204.7,-19.6,-22.4
204.8,-20.3,-22.3
204.9,-20.6,-22.2
205.0,-22.0,-22.1
205.1,-22.1,-22.1
205.2,-22.3,-22.1
205.3,-23.7,-22.1
205.4,-24.2,-22.1
205.5,-24.9,-22.1
205.6,-25.5,-22.1
205.7,-25.6,-22.1
205.8,-25.5,-22.1
205.9,-25.3,-22.0
206.0,-25.3,-22.0
206.1,-25.1,-22.0
206.2,-25.3,-22.0
206.3,-26.0,-22.0
206.4,-26.1,-21.9
206.5,-25.6,-21.9
206.6,-24.8,-21.8
206.7,-24.1,-21.7
206.8,-23.7,-21.7
206.9,-23.8,-21.7
207.0,-24.1,-21.8
207.1,-24.7,-22.4
207.2,-25.0,-22.8
207.3,-25.4,-23.4
207.4,-25.8,-23.7
207.5,-26.3,-24.1
207.6,-26.9,-24.5
207.7,-27.0,-24.7
207.8,-27.0,-24.8
207.9,-26.7,-25.1
208.0,-26.7,-25.2
208.1,-27.2,-25.5
208.2,-27.7,-25.6
208.3,-28.3,-25.7
208.4,-28.4,-25.7
208.5,-27.9,-25.8
208.6,-27.5,-25.9
208.7,-27.4,-25.9
208.8,-27.3,-26.0
208.9,-27.1,-26.0
209.0,-26.3,-26.0
209.1,-25.8,-26.0
209.2,-24.9,-25.9
209.3,-24.1,-25.7
209.4,-23.5,-25.6
209.5,-22.8,-25.5
209.6,-22.1,-25.3
209.7,-21.7,-25.1
209.8,-21.4,-25.0
209.9,-21.4,-24.9
210.0,-21.8,-24.8
210.1,-22.3,-24.7
210.2,-22.9,-24.6
210.3,-23.2,-24.6
210.4,-23.7,-24.5
210.5,-23.8,-24.4
210.6,-24.1,-24.3
210.7,-24.4,-24.3
210.8,-24.5,-24.2
210.9,-24.9,-24.2
211.0,-25.0,-24.2
211.1,-25.2,-24.1
211.2,-24.9,-24.0
211.3,-24.7,-23.9
211.4,-24.5,-23.9
211.5,-23.7,-23.7
211.6,-23.8,-23.7
211.7,-23.9,-23.6
211.8,-23.9,-23.6
211.9,-24.6,-23.5
212.0,-24.7,-23.5
212.1,-25.0,-23.6
212.2,-25.2,-23.6
212.3,-25.5,-23.7
212.4,-25.7,-23.8
212.5,-25.7,-23.9
212.6,-25.7,-24.1
212.7,-25.9,-24.3
212.8,-26.0,-24.5
212.9,-26.2,-24.7
213.0,-26.4,-24.8
213.1,-26.5,-24.9
213.2,-26.8,-25.0
213.3,-27.1,-25.1
213.4,-26.1,-25.1
213.5,-23.6,-24.9
213.6,-21.7,-24.5
213.7,-20.8,-24.3
213.8,-20.5,-24.2
213.9,-21.1,-24.1
214.0,-22.2,-24.1
214.1,-23.0,-24.0
214.2,-24.0,-24.1
214.3,-24.8,-24.1
214.4,-25.1,-24.1
214.5,-25.4,-24.2
214.6,-24.9,-24.2
214.7,-24.9,-24.3
214.8,-25.2,-24.3
214.9,-25.3,-24.3
215.0,-25.4,-24.3
215.1,-25.6,-24.3
215.2,-25.6,-24.3
215.3,-25.6,-24.3
215.4,-25.8,-24.3
215.5,-25.8,-24.3
215.6,-26.0,-24.4
215.7,-26.2,-24.4
215.8,-26.8,-24.4
215.9,-26.9,-24.4
216.0,-27.3,-24.4
216.1,-27.3,-24.4
216.2,-27.0,-24.4
216.3,-27.1,-24.4
216.4,-27.0,-24.5
216.5,-26.9,-24.8
216.6,-26.8,-25.2
216.7,-26.6,-25.5
216.8,-26.3,-25.7
216.9,-26.0,-25.9
217.0,-26.1,-26.0
217.1,-25.9,-26.0
217.2,-26.0,-26.0
217.3,-25.6,-26.0
217.4,-24.5,-25.9
217.5,-23.3,-25.6
217.6,-22.3,-25.5
217.7,-21.7,-25.2
217.8,-21.7,-25.1
217.9,-21.9,-25.0
218.0,-22.2,-24.9
218.1,-22.8,-24.8
218.2,-23.1,-24.7
218.3,-23.6,-24.7
218.4,-24.3,-24.7
218.5,-24.5,-24.6
218.6,-24.7,-24.6
218.7,-24.7,-24.5
218.8,-24.5,-24.5
218.9,-24.7,-24.4
219.0,-24.9,-24.4
219.1,-25.0,-24.3
219.2,-24.9,-24.3
219.3,-24.8,-24.2
219.4,-24.9,-24.2
219.5,-24.8,-24.1
219.6,-25.2,-24.1
219.7,-25.5,-24.1
219.8,-25.6,-24.1
219.9,-26.0,-24.1
220.0,-25.9,-24.1
220.1,-25.9,-24.1
220.2,-25.6,-24.1
220.3,-25.7,-24.1
220.4,-26.0,-24.3
220.5,-26.2,-24.5
220.6,-26.6,-24.6
220.7,-26.6,-24.9
220.8,-26.5,-25.0
220.9,-26.2,-25.2
221.0,-26.2,-25.3
221.1,-25.7,-25.3
221.2,-25.7,-25.4
221.3,-25.5,-25.5
221.4,-25.6,-25.5
221.5,-25.5,-25.5
221.6,-24.8,-25.5
221.7,-24.9,-25.5
221.8,-23.6,-25.3
221.9,-23.3,-25.2
222.0,-23.3,-25.2
222.1,-23.0,-25.1
222.2,-22.7,-25.0
222.3,-22.8,-24.9
222.4,-22.5,-24.8
222.5,-21.7,-24.5
222.6,-21.8,-24.4
222.7,-21.2,-24.1
222.8,-20.7,-23.9
222.9,-20.7,-23.6
223.0,-20.6,-23.5
223.1,-20.6,-23.3
223.2,-20.5,-23.1
223.3,-20.8,-22.9
223.4,-20.5,-22.7
223.5,-20.6,-22.5
223.6,-20.7,-22.4
223.7,-20.9,-22.3
223.8,-21.1,-22.2
223.9,-21.4,-22.1
224.0,-21.1,-21.9
224.1,-20.2,-21.7
224.2,-20.3,-21.6
224.3,-20.5,-21.5
224.4,-21.1,-21.4
224.5,-21.7,-21.4
224.6,-21.6,-21.3
224.7,-21.1,-21.2
224.8,-20.7,-21.1
224.9,-21.0,-21.1
225.0,-20.9,-21.0
225.1,-21.3,-21.0
225.2,-21.9,-21.0
225.3,-22.2,-21.1
225.4,-22.1,-21.0
225.5,-21.7,-21.0
225.6,-21.3,-21.0
225.7,-21.0,-21.0
225.8,-21.7,-21.1
225.9,-22.5,-21.2
226.0,-23.2,-21.3
226.1,-23.9,-21.4
226.2,-23.3,-21.4
226.3,-22.1,-21.4
226.4,-21.3,-21.4
226.5,-21.1,-21.5
226.6,-21.9,-21.6
226.7,-23.4,-21.7
226.8,-25.1,-21.8
226.9,-25.6,-21.9
227.0,-24.4,-22.0
227.1,-23.1,-22.1
227.2,-22.4,-22.1
227.3,-22.8,-22.2
227.4,-23.7,-22.3
227.5,-25.0,-22.5
227.6,-25.6,-22.5
227.7,-25.1,-22.7
227.8,-24.0,-22.8
227.9,-23.6,-22.8
228.0,-24.3,-23.0
228.1,-24.8,-23.1
228.2,-25.8,-23.2
228.3,-26.6,-23.3
228.4,-25.9,-23.4
228.5,-24.9,-23.6
228.6,-24.7,-23.7
228.7,-24.7,-23.9
228.8,-25.7,-24.0
228.9,-26.2,-24.0
229.0,-25.4,-24.0
229.1,-24.1,-23.9
229.2,-22.7,-23.9
229.3,-21.8,-24.0
229.4,-21.6,-24.1
229.5,-21.8,-24.1
229.6,-20.3,-23.5
229.7,-20.1,-23.3
229.8,-19.9,-23.1
229.9,-18.8,-22.7
230.0,-19.3,-22.5
230.1,-19.6,-22.6
230.2,-19.9,-22.6
230.3,-21.5,-22.5
230.4,-23.0,-22.5
230.5,-23.5,-22.4
230.6,-23.7,-22.5
230.7,-23.6,-22.4
230.8,-23.7,-22.4
230.9,-24.0,-22.5
231.0,-24.5,-22.5
231.1,-25.2,-22.4
231.2,-25.6,-22.4
231.3,-25.8,-22.4
231.4,-25.7,-22.5
231.5,-25.9,-22.5
231.6,-26.2,-22.5
231.7,-26.8,-22.6
231.8,-27.8,-22.6
231.9,-28.4,-22.6
232.0,-28.5,-22.7
232.1,-28.5,-22.8
232.2,-28.3,-23.0
232.3,-28.4,-23.2
232.4,-29.1,-23.4
232.5,-29.7,-23.5
232.6,-30.3,-24.1
232.7,-30.7,-24.4
232.8,-30.4,-24.7
232.9,-30.0,-25.5
233.0,-30.2,-26.1
233.1,-30.7,-26.5
233.2,-31.3,-26.8
233.3,-32.0,-27.0
233.4,-32.2,-27.3
233.5,-31.9,-27.5
233.6,-31.4,-27.9
233.7,-31.4,-28.2
233.8,-31.5,-28.6
233.9,-32.1,-28.8
234.0,-33.2,-29.1
234.1,-32.6,-29.3
234.2,-30.6,-29.4
234.3,-29.5,-29.6
234.4,-29.1,-29.8
234.5,-29.6,-30.1
234.6,-31.4,-30.4
234.7,-33.7,-30.5
234.8,-35.0,-30.7
234.9,-35.1,-30.9
235.0,-34.9,-31.1
235.1,-34.6,-31.3
235.2,-34.9,-31.5
235.3,-35.3,-31.8
235.4,-36.0,-31.9
235.5,-36.9,-32.0
235.6,-37.5,-32.2
235.7,-37.5,-32.4
235.8,-37.2,-32.6
235.9,-37.5,-32.8
236.0,-37.8,-33.0
236.1,-38.5,-33.2
236.2,-36.6,-33.2
236.3,-35.3,-33.2
236.4,-30.3,-32.7
236.5,-28.0,-32.2
236.6,-28.2,-32.3
236.7,-28.4,-32.5
236.8,-30.6,-32.5
236.9,-36.0,-32.5
237.0,-30.3,-31.9
237.1,-29.9,-32.0
237.2,-28.0,-31.8
237.3,-27.8,-32.0
237.4,-30.1,-32.2
237.5,-30.5,-32.2
237.6,-36.0,-32.3
237.7,-35.2,-32.2
237.8,-34.7,-32.1
237.9,-34.7,-32.2
238.0,-34.7,-32.2
238.1,-37.5,-32.3
238.2,-40.8,-32.4
238.3,-41.3,-32.4
238.4,-41.5,-32.4
238.5,-40.9,-32.4
238.6,-40.7,-32.5
238.7,-40.3,-32.5
238.8,-40.3,-32.5
238.9,-36.9,-32.4
239.0,-36.8,-32.4
239.1,-36.8,-32.4
239.2,-36.7,-32.5
239.3,-36.7,-32.5
239.4,-36.6,-33.2
239.5,-36.1,-34.0
239.6,-36.1,-34.1
239.7,-38.1,-34.1
239.8,-36.3,-34.1
239.9,-36.3,-34.1
240.0,-36.4,-35.3
240.1,-37.0,-35.5
240.2,-34.6,-36.4
240.3,-33.7,-36.4
240.4,-32.9,-36.3
240.5,-32.8,-36.3
240.6,-35.5,-36.3
240.7,-37.9,-36.7
240.8,-41.4,-37.0
240.9,-41.7,-37.1
241.0,-42.4,-37.1
241.1,-42.5,-37.1
241.2,-43.0,-37.1
241.3,-43.1,-37.1
241.4,-42.8,-37.1
241.5,-42.2,-37.2
241.6,-42.0,-37.2
241.7,-41.5,-37.2
241.8,-41.6,-37.2
241.9,-42.0,-37.6
242.0,-42.3,-37.7
242.1,-42.7,-37.7
242.2,-42.7,-37.7
242.3,-42.4,-38.2
242.4,-42.1,-38.2
242.5,-41.9,-38.4
242.6,-41.8,-38.4
242.7,-41.6,-38.5
242.8,-40.8,-38.8
242.9,-40.9,-39.0
243.0,-40.7,-39.0
243.1,-40.6,-39.0
243.2,-41.5,-40.3
243.3,-41.0,-41.0
243.4,-40.3,-41.6
243.5,-40.1,-41.5
243.6,-37.8,-41.1
243.7,-37.5,-40.9
243.8,-37.6,-40.8
243.9,-37.6,-40.7
244.0,-39.4,-40.7
244.1,-39.5,-40.5
244.2,-39.7,-40.4
244.3,-39.5,-40.3
244.4,-39.0,-40.2
244.5,-38.5,-40.0
244.6,-38.0,-39.9
244.7,-37.6,-39.7
244.8,-37.3,-39.5
244.9,-37.0,-39.3
245.0,-37.1,-39.2
245.1,-36.8,-39.0
245.2,-36.7,-38.8
245.3,-36.4,-38.5
245.4,-35.9,-38.3
245.5,-35.1,-38.0
245.6,-34.5,-37.7
245.7,-34.3,-37.4
245.8,-33.8,-37.2
245.9,-33.6,-36.8
246.0,-33.6,-36.6
246.1,-33.6,-36.4
246.2,-33.9,-36.2
246.3,-34.3,-36.1
246.4,-34.6,-36.0
246.5,-34.6,-35.8
246.6,-34.5,-35.8
246.7,-34.5,-35.7
246.8,-34.4,-35.6
246.9,-34.5,-35.5
247.0,-34.8,-35.4
247.1,-34.7,-35.2
247.2,-34.9,-35.2
247.3,-35.1,-35.1
247.4,-34.9,-35.0
247.5,-34.9,-34.9
247.6,-34.8,-34.8
247.7,-34.6,-34.8
247.8,-34.7,-34.7
247.9,-34.9,-34.7
248.0,-35.1,-34.6
248.1,-35.4,-34.6
248.2,-35.5,-34.6
248.3,-35.7,-34.6
248.4,-35.6,-34.6
248.5,-35.4,-34.7
248.6,-35.5,-34.7
248.7,-35.4,-34.8
248.8,-35.4,-34.8
248.9,-35.6,-34.9
249.0,-35.4,-35.0
249.1,-35.5,-35.0
249.2,-35.7,-35.1
249.3,-35.8,-35.1
249.4,-36.1,-35.2
249.5,-36.1,-35.2
249.6,-36.2,-35.3
249.7,-36.1,-35.3
249.8,-35.9,-35.4
249.9,-35.9,-35.4
250.0,-35.8,-35.4
250.1,-35.8,-35.5
250.2,-35.9,-35.5
250.3,-36.0,-35.5
250.4,-35.8,-35.6
250.5,-35.8,-35.6
250.6,-35.8,-35.7
250.7,-35.8,-35.7
250.8,-36.2,-35.8
250.9,-36.0,-35.8
251.0,-35.6,-35.7
251.1,-35.5,-35.7
251.2,-35.4,-35.8
251.3,-35.8,-35.8
251.4,-36.4,-35.8
251.5,-36.5,-35.9
251.6,-36.6,-35.9
251.7,-36.0,-35.9
251.8,-36.1,-35.9
251.9,-35.8,-35.9
252.0,-35.7,-35.9
252.1,-36.3,-36.0
252.2,-36.1,-36.0
252.3,-36.5,-36.0
252.4,-36.8,-36.0
252.5,-36.9,-36.1
252.6,-37.3,-36.1
252.7,-37.1,-36.1
252.8,-37.4,-36.2
252.9,-36.7,-36.2
253.0,-35.9,-36.1
253.1,-36.3,-36.2
253.2,-36.3,-36.3
253.3,-37.0,-36.3
253.4,-37.3,-36.3
253.5,-36.5,-36.3
253.6,-36.2,-36.3
253.7,-36.2,-36.4
253.8,-36.6,-36.4
253.9,-36.9,-36.4
254.0,-36.3,-36.4
254.1,-36.0,-36.4
254.2,-36.0,-36.5
254.3,-36.3,-36.5
254.4,-36.7,-36.5
254.5,-36.4,-36.4
254.6,-36.0,-36.4
254.7,-36.1,-36.5
254.8,-35.6,-36.4
254.9,-35.8,-36.4
255.0,-35.3,-36.3
255.1,-35.0,-36.3
255.2,-35.3,-36.3
255.3,-35.6,-36.3
255.4,-36.2,-36.3
255.5,-36.3,-36.2
255.6,-36.8,-36.2
255.7,-37.0,-36.3
255.8,-37.4,-36.2
255.9,-38.2,-36.4
256.0,-38.5,-36.5
256.1,-38.8,-36.5
256.2,-39.0,-36.5
256.3,-38.8,-36.5
256.4,-30.0,-34.8
256.5,-29.3,-34.6
256.6,-29.3,-34.6
256.7,-29.3,-34.6
256.8,-35.0,-34.6
256.9,-38.9,-34.7
257.0,-38.4,-34.7
257.1,-38.1,-34.8
257.2,-37.9,-34.8
257.3,-37.5,-34.8
257.4,-37.1,-34.8
257.5,-36.9,-34.8
257.6,-36.8,-34.9
257.7,-36.6,-34.8
257.8,-36.9,-34.9
257.9,-36.7,-34.9
258.0,-36.4,-35.0
258.1,-36.3,-35.0
258.2,-36.6,-35.0
258.3,-36.6,-35.0
258.4,-36.0,-35.0
258.5,-35.4,-34.9
258.6,-35.0,-34.8
258.7,-34.8,-34.8
258.8,-34.8,-34.7
258.9,-35.2,-34.6
259.0,-35.1,-34.5
259.1,-35.0,-34.5
259.2,-34.6,-34.3
259.3,-33.7,-34.2
259.4,-32.3,-35.3
259.5,-32.2,-35.5
259.6,-32.5,-35.4
259.7,-32.7,-35.2
259.8,-32.5,-34.8
259.9,-31.5,-34.5
260.0,-31.6,-34.4
260.1,-31.7,-34.3
260.2,-32.3,-34.1
260.3,-32.8,-33.9
260.4,-32.4,-33.9
260.5,-32.6,-33.8
260.6,-33.5,-33.8
260.7,-34.5,-33.7
260.8,-34.6,-33.7
260.9,-34.0,-33.6
261.0,-33.8,-33.5
261.1,-32.5,-33.3
261.2,-30.7,-32.9
261.3,-30.8,-32.8
261.4,-30.9,-32.8
261.5,-30.7,-32.7
261.6,-31.3,-32.4
261.7,-30.7,-32.3
261.8,-30.5,-32.2
261.9,-31.0,-32.2
262.0,-32.2,-32.2
262.1,-33.8,-32.2
262.2,-32.0,-32.0
262.3,-31.5,-31.9
262.4,-31.5,-32.1
262.5,-30.9,-32.0
262.6,-31.6,-31.9
262.7,-32.4,-31.9
262.8,-32.1,-32.0
262.9,-31.7,-32.0
263.0,-32.3,-32.0
263.1,-32.4,-32.0
263.2,-32.2,-32.0
263.3,-33.2,-32.1
263.4,-32.5,-32.0
263.5,-30.9,-31.7
263.6,-30.2,-31.6
263.7,-29.8,-31.5
263.8,-29.9,-31.4
263.9,-30.2,-31.3
264.0,-30.8,-31.2
264.1,-30.6,-31.2
264.2,-30.1,-31.3
264.3,-29.9,-31.1
264.4,-29.8,-31.0
264.5,-29.9,-31.1
264.6,-30.3,-31.1
264.7,-30.2,-31.1
264.8,-29.5,-30.9
264.9,-29.2,-30.8
265.0,-29.4,-30.7
265.1,-29.5,-30.6
265.2,-30.2,-30.6
265.3,-30.4,-30.6
265.4,-30.3,-30.6
265.5,-30.6,-30.5
265.6,-30.7,-30.5
265.7,-30.9,-30.5
265.8,-30.6,-30.4
265.9,-30.3,-30.4
266.0,-30.2,-30.3
266.1,-30.6,-30.3
266.2,-31.1,-30.3
266.3,-31.6,-30.2
266.4,-31.9,-30.3
266.5,-31.3,-30.3
266.6,-31.5,-30.4
266.7,-31.3,-30.4
266.8,-31.6,-30.5
266.9,-31.8,-30.5
267.0,-31.3,-30.5
267.1,-31.5,-30.5
267.2,-31.0,-30.6
267.3,-30.4,-30.6
267.4,-29.5,-30.4
267.5,-28.9,-30.4
267.6,-28.3,-30.3
267.7,-28.5,-30.3
267.8,-29.2,-30.4
267.9,-29.3,-30.4
268.0,-30.1,-30.4
268.1,-30.2,-30.4
268.2,-30.6,-30.4
268.3,-31.5,-30.5
268.4,-32.2,-30.6
268.5,-33.0,-30.6
268.6,-33.5,-30.7
268.7,-33.6,-30.8
268.8,-33.5,-30.9
268.9,-33.5,-31.0
269.0,-33.6,-31.1
269.1,-33.8,-31.1
269.2,-34.1,-31.2
269.3,-34.3,-31.2
269.4,-34.2,-31.3
269.5,-34.3,-31.4
269.6,-34.3,-31.4
269.7,-34.3,-31.5
269.8,-34.4,-31.5
269.9,-34.6,-31.6
270.0,-34.9,-31.8
270.1,-35.0,-31.9
270.2,-35.3,-32.0
270.3,-35.4,-32.2
270.4,-35.5,-32.6
270.5,-35.5,-32.9
270.6,-35.5,-33.2
270.7,-35.4,-33.4
270.8,-35.1,-33.7
270.9,-35.0,-33.9
271.0,-35.0,-34.2
271.1,-35.1,-34.4
271.2,-35.2,-34.5
271.3,-35.3,-34.6
271.4,-35.1,-34.6
271.5,-35.0,-34.7
271.6,-34.9,-34.7
271.7,-34.9,-34.8
271.8,-35.0,-34.8
271.9,-35.2,-34.9
272.0,-35.2,-34.9
272.1,-35.2,-35.0
272.2,-35.1,-35.0
272.3,-34.9,-35.0
272.4,-34.9,-35.1
272.5,-34.6,-35.0
272.6,-34.6,-35.0
272.7,-34.7,-35.1
272.8,-34.9,-35.1
272.9,-35.1,-35.1
273.0,-35.3,-35.1
273.1,-35.5,-35.1
273.2,-35.5,-35.2
273.3,-36.1,-35.2
273.4,-36.6,-35.2
273.5,-36.9,-35.3
273.6,-37.4,-35.3
273.7,-37.9,-35.4
273.8,-38.5,-35.5
273.9,-39.1,-35.7
274.0,-39.4,-35.8
274.1,-38.1,-35.8
274.2,-36.1,-35.7
274.3,-34.9,-35.6
274.4,-34.1,-35.6
274.5,-33.8,-35.5
274.6,-34.4,-35.6
274.7,-35.1,-35.6
274.8,-35.6,-35.7
274.9,-36.5,-35.7
275.0,-37.1,-35.8
275.1,-37.3,-35.9
275.2,-38.0,-36.0
275.3,-38.4,-36.1
275.4,-38.8,-36.2
275.5,-39.4,-36.4
275.6,-39.8,-36.6
275.7,-39.6,-36.7
275.8,-39.6,-36.8
275.9,-39.3,-36.9
276.0,-39.1,-37.1
276.1,-38.9,-37.1
276.2,-38.6,-37.2
276.3,-38.5,-37.2
276.4,-38.5,-37.3
276.5,-38.3,-37.3
276.6,-37.9,-37.3
276.7,-37.4,-37.2
276.8,-37.1,-37.1
276.9,-36.8,-37.0
277.0,-37.0,-37.0
277.1,-37.4,-37.1
277.2,-37.6,-37.3
277.3,-37.8,-37.5
277.4,-37.8,-37.7
277.5,-37.8,-37.9
277.6,-37.8,-38.0
277.7,-37.9,-38.1
277.8,-37.8,-38.1
277.9,-37.7,-38.1
278.0,-37.8,-38.1
278.1,-37.7,-38.1
278.2,-37.7,-38.1
278.3,-37.6,-38.0
278.4,-37.2,-37.9
278.5,-37.4,-37.9
278.6,-37.5,-37.8
278.7,-38.0,-37.8
278.8,-38.4,-37.8
278.9,-38.2,-37.8
279.0,-38.5,-37.8
279.1,-38.5,-37.8
279.2,-38.2,-37.7
279.3,-37.9,-37.7
279.4,-37.4,-37.6
279.5,-37.2,-37.6
279.6,-37.3,-37.7
279.7,-37.5,-37.7
279.8,-37.6,-37.7
279.9,-37.2,-37.7
280.0,-36.9,-37.7
280.1,-37.0,-37.6
280.2,-37.3,-37.7
280.3,-37.4,-37.6
280.4,-37.7,-37.6
280.5,-37.8,-37.7
280.6,-37.5,-37.6
280.7,-37.5,-37.6
280.8,-37.7,-37.6
280.9,-37.8,-37.7
281.0,-37.9,-37.7
281.1,-38.2,-37.7
281.2,-38.1,-37.7
281.3,-37.9,-37.7
281.4,-37.7,-37.7
281.5,-37.7,-37.7
281.6,-37.7,-37.7
281.7,-37.8,-37.7
281.8,-38.0,-37.7
281.9,-37.8,-37.7
282.0,-37.7,-37.6
282.1,-37.8,-37.6
282.2,-37.9,-37.6
282.3,-38.6,-37.7
282.4,-38.5,-37.7
282.5,-38.1,-37.7
282.6,-37.7,-37.7
282.7,-37.3,-37.7
282.8,-37.9,-37.8
282.9,-38.7,-37.9
283.0,-39.5,-38.0
283.1,-40.6,-38.1
283.2,-40.5,-38.1
283.3,-40.3,-38.2
283.4,-39.8,-38.3
283.5,-39.2,-38.3
283.6,-39.0,-38.3
283.7,-38.7,-38.4
283.8,-38.5,-38.4
283.9,-38.5,-38.4
284.0,-38.7,-38.5
284.1,-39.2,-38.5
284.2,-39.7,-38.6
284.3,-40.3,-38.7
284.4,-40.5,-38.8
284.5,-40.2,-38.8
284.6,-40.1,-38.9
284.7,-39.9,-39.0
284.8,-39.8,-39.0
284.9,-40.5,-39.2
285.0,-40.7,-39.3
285.1,-40.7,-39.4
285.2,-40.7,-39.4
285.3,-40.1,-39.4
285.4,-39.6,-39.5
285.5,-39.4,-39.6
285.6,-39.3,-39.7
285.7,-39.5,-39.7
285.8,-39.7,-39.7
285.9,-39.6,-39.7
286.0,-39.4,-39.6
286.1,-39.2,-39.6
286.2,-39.0,-39.5
286.3,-38.7,-39.5
286.4,-38.7,-39.5
286.5,-38.6,-39.5
286.6,-38.9,-39.5
286.7,-39.0,-39.6
286.8,-39.1,-39.6
286.9,-39.0,-39.6
287.0,-38.8,-39.5
287.1,-38.7,-39.5
287.2,-38.4,-39.4
287.3,-38.1,-39.3
287.4,-38.0,-39.2
287.5,-37.9,-39.2
287.6,-38.5,-39.2
287.7,-39.1,-39.2
287.8,-39.2,-39.1
287.9,-38.8,-39.0
288.0,-38.2,-38.9
288.1,-37.7,-38.8
288.2,-37.6,-38.7
288.3,-37.5,-38.6
288.4,-37.3,-38.5
288.5,-37.4,-38.5
288.6,-37.3,-38.4
288.7,-37.4,-38.3
288.8,-37.3,-38.2
288.9,-36.9,-38.1
289.0,-36.8,-38.1
289.1,-36.6,-38.0
289.2,-36.7,-37.9
289.3,-37.0,-37.9
289.4,-36.8,-37.8
289.5,-36.7,-37.7
289.6,-36.6,-37.6
289.7,-36.4,-37.5
289.8,-36.3,-37.4
289.9,-36.3,-37.3
290.0,-36.4,-37.3
290.1,-36.4,-37.2
290.2,-36.7,-37.2
290.3,-36.7,-37.2
290.4,-36.5,-37.1
290.5,-36.1,-37.0
290.6,-35.8,-36.9
290.7,-35.9,-36.8
290.8,-36.1,-36.7
290.9,-36.4,-36.7
291.0,-36.8,-36.7
291.1,-37.0,-36.7
291.2,-37.2,-36.7
291.3,-37.4,-36.7
291.4,-37.1,-36.7
291.5,-36.8,-36.6
291.6,-36.8,-36.6
291.7,-36.8,-36.6
291.8,-37.3,-36.7
291.9,-37.7,-36.7
292.0,-37.9,-36.7
292.1,-38.1,-36.8
292.2,-38.1,-36.8
292.3,-38.5,-36.9
292.4,-38.5,-36.9
292.5,-38.5,-37.0
292.6,-38.6,-37.1
292.7,-38.5,-37.1
292.8,-38.3,-37.2
292.9,-38.3,-37.3
293.0,-38.4,-37.3
293.1,-38.9,-37.4
293.2,-39.0,-37.5
293.3,-39.2,-37.6
293.4,-38.6,-37.6
293.5,-37.8,-37.7
293.6,-37.7,-37.8
293.7,-37.4,-37.8
293.8,-37.2,-37.8
293.9,-37.1,-37.8
294.0,-36.9,-37.8
294.1,-36.8,-37.8
294.2,-37.1,-37.8
294.3,-37.5,-37.8
294.4,-37.3,-37.8
294.5,-37.1,-37.8
294.6,-37.0,-37.8
294.7,-36.9,-37.8
294.8,-36.8,-37.7
294.9,-36.9,-37.7
295.0,-36.8,-37.7
295.1,-36.7,-37.6
295.2,-36.9,-37.6
295.3,-36.6,-37.5
295.4,-36.7,-37.4
295.5,-36.9,-37.4
295.6,-36.7,-37.3
295.7,-37.0,-37.3
295.8,-37.1,-37.3
295.9,-37.2,-37.3
296.0,-37.5,-37.2
296.1,-37.5,-37.1
296.2,-37.1,-37.1
296.3,-37.3,-37.0
296.4,-37.1,-37.1
296.5,-37.7,-37.1
296.6,-38.3,-37.1
296.7,-38.3,-37.1
296.8,-38.4,-37.2
296.9,-37.9,-37.2
297.0,-37.3,-37.2
297.1,-36.4,-37.1
297.2,-36.2,-37.1
297.3,-36.1,-37.0
297.4,-36.2,-37.0
297.5,-36.7,-37.0
297.6,-36.8,-37.0
297.7,-36.8,-37.0
297.8,-37.3,-37.1
297.9,-37.5,-37.1
298.0,-37.3,-37.1
298.1,-36.4,-37.0
298.2,-35.2,-36.8
298.3,-34.6,-36.7
298.4,-34.4,-36.7
298.5,-34.7,-36.6
298.6,-35.1,-36.5
298.7,-35.5,-36.5
298.8,-35.8,-36.5
298.9,-35.7,-36.4
299.0,-35.5,-36.3
299.1,-34.5,-36.1
299.2,-33.6,-35.9
299.3,-32.8,-35.6
299.4,-32.4,-35.4
299.5,-32.5,-35.3
299.6,-32.5,-35.1
299.7,-32.7,-34.9
299.8,-32.6,-34.7
299.9,-32.7,-34.6
300.0,-32.6,-34.4
300.1,-32.0,-34.2
300.2,-31.3,-33.9
300.3,-30.9,-33.7
300.4,-31.0,-33.6
300.5,-31.7,-33.6
300.6,-32.8,-33.5
300.7,-33.0,-33.4
300.8,-33.1,-33.2
300.9,-32.7,-33.1
301.0,-31.7,-32.9
301.1,-31.7,-32.8
301.2,-31.9,-32.9
301.3,-32.1,-32.8
301.4,-33.1,-32.7
301.5,-33.3,-32.7
301.6,-32.7,-32.6
301.7,-32.4,-32.5
301.8,-32.3,-32.4
301.9,-32.1,-32.3
302.0,-32.2,-32.3
302.1,-32.2,-32.3
302.2,-32.1,-32.2
302.3,-31.9,-32.2
302.4,-31.6,-32.2
302.5,-31.4,-32.1
302.6,-31.3,-32.1
302.7,-31.3,-32.0
302.8,-31.1,-31.9
302.9,-30.5,-31.8
303.0,-30.3,-31.7
303.1,-30.3,-31.7
303.2,-30.2,-31.8
303.3,-30.4,-31.7
303.4,-30.5,-31.6
303.5,-30.0,-31.5
303.6,-29.6,-31.3
303.7,-29.5,-31.2
303.8,-29.2,-31.1
303.9,-28.7,-30.9
304.0,-28.2,-30.7
304.1,-27.9,-30.5
304.2,-27.9,-30.4
304.3,-28.2,-30.3
304.4,-28.9,-30.2
304.5,-28.7,-30.0
304.6,-27.8,-29.7
304.7,-27.1,-29.5
304.8,-26.8,-29.4
304.9,-26.9,-29.2
305.0,-27.5,-29.1
305.1,-27.8,-29.0
305.2,-27.8,-28.9
305.3,-27.7,-28.8
305.4,-27.4,-28.6
305.5,-27.7,-28.6
305.6,-27.8,-28.5
305.7,-27.1,-28.3
305.8,-26.7,-28.1
305.9,-26.3,-28.0
306.0,-26.0,-27.9
306.1,-26.7,-27.8
306.2,-27.2,-27.7
306.3,-25.3,-27.3
306.4,-24.6,-27.0
306.5,-24.6,-27.0
306.6,-25.0,-27.1
306.7,-28.0,-27.2
306.8,-30.2,-27.1
306.9,-28.3,-27.0
307.0,-26.2,-26.8
307.1,-25.5,-26.8
307.2,-26.1,-26.9
307.3,-27.9,-27.0
307.4,-32.7,-27.1
307.5,-43.3,-27.2
307.6,-43.9,-27.4
307.7,-43.8,-27.6
307.8,-43.9,-27.7
307.9,-44.0,-27.8
308.0,-43.1,-28.0
308.1,-39.6,-28.1
308.2,-34.0,-28.2
308.3,-28.4,-27.9
308.4,-27.4,-28.0
308.5,-26.9,-28.0
308.6,-27.3,-28.1
308.7,-27.9,-28.0
308.8,-28.2,-28.2
308.9,-29.0,-28.4
309.0,-28.3,-28.5
309.1,-29.0,-28.4
309.2,-29.5,-28.5
309.3,-28.4,-29.0
309.4,-28.8,-29.5
309.5,-30.9,-29.6
309.6,-31.6,-29.7
309.7,-33.2,-29.6
309.8,-34.7,-29.8
309.9,-33.8,-30.2
310.0,-33.8,-30.9
310.1,-35.3,-31.2
310.2,-36.5,-31.2
310.3,-40.2,-31.2
310.4,-41.1,-31.2
310.5,-38.9,-31.1
310.6,-38.9,-31.1
310.7,-39.0,-31.1
310.8,-39.2,-31.1
310.9,-42.6,-31.1
311.0,-43.2,-31.1
311.1,-43.3,-31.2
311.2,-43.4,-31.4
311.3,-43.5,-32.3
311.4,-44.0,-32.7
311.5,-44.0,-33.0
311.6,-43.7,-33.2
311.7,-43.6,-34.3
311.8,-42.2,-34.7
311.9,-41.0,-34.7
312.0,-36.0,-35.0
312.1,-33.8,-35.8
312.2,-31.3,-35.4
312.3,-31.2,-36.1
312.4,-32.1,-36.5
312.5,-33.2,-36.6
312.6,-37.5,-36.6
312.7,-37.1,-36.8
312.8,-37.6,-37.0
312.9,-35.7,-37.0
313.0,-36.0,-37.0
313.1,-36.9,-37.0
313.2,-36.7,-37.0
313.3,-40.1,-37.0
313.4,-41.2,-37.0
313.5,-42.0,-37.2
313.6,-43.2,-37.2
313.7,-42.8,-37.2
313.8,-42.4,-37.2
313.9,-42.3,-37.2
314.0,-42.1,-37.2
314.1,-42.0,-37.2
314.2,-42.3,-37.2
314.3,-42.3,-37.2
314.4,-42.9,-37.2
314.5,-43.5,-37.2
314.6,-43.9,-37.2
314.7,-44.3,-37.2
314.8,-44.5,-37.2
314.9,-39.0,-37.0
315.0,-34.9,-37.0
315.1,-32.6,-36.8
315.2,-32.4,-37.8
315.3,-33.1,-37.9
315.4,-35.2,-38.0
315.5,-40.7,-38.1
315.6,-42.4,-38.2
315.7,-42.5,-38.4
315.8,-42.5,-38.4
315.9,-42.5,-38.9
316.0,-42.5,-39.0
316.1,-42.6,-39.1
316.2,-42.8,-39.1
316.3,-42.7,-39.1
316.4,-42.6,-39.1
316.5,-42.5,-39.1
316.6,-42.3,-39.1
316.7,-35.9,-38.2
316.8,-32.5,-37.2
316.9,-32.2,-37.1
317.0,-32.3,-37.1
317.1,-34.0,-37.1
317.2,-40.0,-37.1
317.3,-41.7,-37.1
317.4,-41.3,-37.1
317.5,-39.8,-36.9
317.6,-38.3,-36.8
317.7,-38.1,-36.7
317.8,-38.2,-36.7
317.9,-39.1,-36.9
318.0,-39.3,-37.4
318.1,-38.1,-38.0
318.2,-37.7,-38.0
318.3,-37.3,-37.9
318.4,-37.4,-37.8
318.5,-38.5,-37.8
318.6,-39.1,-37.8
318.7,-40.2,-37.8
318.8,-42.5,-37.8
318.9,-42.9,-37.8
319.0,-42.3,-37.8
319.1,-41.5,-37.7
319.2,-41.2,-37.7
319.3,-40.9,-37.7
319.4,-40.3,-37.6
319.5,-39.7,-37.6
319.6,-38.8,-37.5
319.7,-37.2,-37.9
319.8,-35.8,-38.8
319.9,-35.1,-38.6
320.0,-34.9,-38.5
320.1,-34.7,-38.2
320.2,-34.0,-37.6
320.3,-33.1,-37.1
320.4,-31.6,-36.5
320.5,-30.9,-36.1
320.6,-30.7,-35.7
320.7,-30.8,-35.4
320.8,-31.4,-35.2
320.9,-31.5,-34.9
321.0,-31.7,-34.7
321.1,-31.3,-34.4
321.2,-31.1,-34.2
321.3,-31.6,-34.1
321.4,-31.8,-33.9
321.5,-32.2,-33.7
321.6,-31.5,-33.4
321.7,-30.8,-33.1
321.8,-29.8,-32.7
321.9,-29.3,-32.4
322.0,-28.9,-32.1
322.1,-28.6,-31.8
322.2,-28.9,-31.5
322.3,-28.8,-31.3
322.4,-29.5,-31.2
322.5,-30.5,-31.1
322.6,-31.7,-31.1
322.7,-33.2,-31.1
322.8,-33.7,-31.1
322.9,-33.7,-31.0
323.0,-33.0,-31.0
323.1,-32.4,-30.9
323.2,-32.2,-30.9
323.3,-32.0,-30.9
323.4,-32.2,-31.0
323.5,-32.7,-31.1
323.6,-32.9,-31.2
323.7,-32.7,-31.2
323.8,-32.4,-31.1
323.9,-31.9,-31.2
324.0,-31.6,-31.2
324.1,-31.9,-31.2
324.2,-32.4,-31.3
324.3,-33.2,-31.3
324.4,-34.2,-31.4
324.5,-34.8,-31.5
324.6,-34.5,-31.6
324.7,-33.9,-31.7
324.8,-33.8,-31.9
324.9,-33.6,-32.1
325.0,-33.4,-32.3
325.1,-33.7,-32.6
325.2,-33.7,-32.8
325.3,-33.6,-33.0
325.4,-34.1,-33.1
325.5,-34.4,-33.2
325.6,-34.6,-33.2
325.7,-35.0,-33.2
325.8,-35.0,-33.3
325.9,-35.2,-33.3
326.0,-34.9,-33.4
326.1,-34.5,-33.5
326.2,-34.1,-33.5
326.3,-33.4,-33.6
326.4,-33.6,-33.6
326.5,-34.0,-33.7
326.6,-34.7,-33.8
326.7,-35.7,-33.9
326.8,-35.5,-34.0
326.9,-35.2,-34.2
327.0,-35.0,-34.3
327.1,-35.0,-34.4
327.2,-35.3,-34.5
327.3,-35.7,-34.5
327.4,-35.9,-34.5
327.5,-36.0,-34.6
327.6,-36.3,-34.7
327.7,-36.6,-34.8
327.8,-36.6,-34.9
327.9,-36.2,-34.9
328.0,-35.8,-35.0
328.1,-35.5,-35.1
328.2,-35.7,-35.1
328.3,-36.5,-35.3
328.4,-37.5,-35.4
328.5,-37.9,-35.5
328.6,-37.8,-35.5
328.7,-37.7,-35.6
328.8,-37.3,-35.7
328.9,-37.6,-35.7
329.0,-38.0,-35.9
329.1,-37.7,-36.0
329.2,-37.6,-36.1
329.3,-37.6,-36.4
329.4,-37.5,-36.5
329.5,-37.9,-36.5
329.6,-37.6,-36.5
329.7,-37.6,-36.6
329.8,-37.7,-36.8
329.9,-37.9,-36.9
330.0,-38.4,-37.0
330.1,-37.8,-37.1
330.2,-37.6,-37.1
330.3,-37.3,-37.2
330.4,-37.2,-37.2
330.5,-37.6,-37.3
330.6,-37.8,-37.3
330.7,-37.9,-37.4
330.8,-37.8,-37.4
330.9,-37.7,-37.5
331.0,-37.6,-37.6
331.1,-37.8,-37.7
331.2,-37.9,-37.7
331.3,-38.0,-37.7
331.4,-38.2,-37.7
331.5,-37.9,-37.7
331.6,-37.8,-37.7
331.7,-36.6,-37.6
331.8,-36.0,-37.5
331.9,-35.8,-37.4
332.0,-35.8,-37.4
332.1,-36.7,-37.4
332.2,-37.1,-37.4
332.3,-37.6,-37.4
332.4,-37.9,-37.4
332.5,-37.9,-37.4
332.6,-38.0,-37.5
332.7,-37.7,-37.4
332.8,-37.6,-37.4
332.9,-37.5,-37.4
333.0,-37.7,-37.4
333.1,-38.0,-37.5
333.2,-37.9,-37.5
333.3,-38.2,-37.5
333.4,-38.1,-37.5
333.5,-38.0,-37.5
333.6,-37.8,-37.5
333.7,-36.8,-37.3
333.8,-36.0,-37.3
333.9,-35.7,-37.2
334.0,-36.0,-37.2
334.1,-36.6,-37.2
334.2,-37.7,-37.2
334.3,-38.3,-37.2
334.4,-38.3,-37.2
334.5,-38.5,-37.2
334.6,-38.2,-37.3
334.7,-37.8,-37.4
334.8,-37.6,-37.5
334.9,-37.5,-37.5
335.0,-37.7,-37.6
335.1,-38.0,-37.6
335.2,-38.4,-37.6
335.3,-38.8,-37.7
335.4,-38.7,-37.7
335.5,-39.3,-37.7
335.6,-39.4,-37.8
335.7,-38.6,-37.8
335.8,-38.3,-37.8
335.9,-37.9,-37.8
336.0,-37.8,-37.8
336.1,-38.3,-37.8
336.2,-38.8,-37.9
336.3,-39.2,-37.9
336.4,-39.1,-37.9
336.5,-38.9,-37.9
336.6,-38.6,-38.0
336.7,-38.4,-38.1
336.8,-38.3,-38.3
336.9,-38.5,-38.4
337.0,-38.8,-38.4
337.1,-38.7,-38.5
337.2,-38.9,-38.4
337.3,-38.6,-38.4
337.4,-37.2,-38.3
337.5,-36.9,-38.2
337.6,-36.7,-38.2
337.7,-36.5,-38.2
337.8,-37.4,-38.2
337.9,-37.9,-38.3
338.0,-38.3,-38.3
338.1,-38.9,-38.3
338.2,-33.0,-37.0
338.3,-29.8,-35.7
338.4,-29.4,-35.5
338.5,-29.0,-35.3
338.6,-29.2,-34.7
338.7,-31.5,-34.6
338.8,-32.2,-34.6
338.9,-32.9,-34.6
339.0,-37.1,-34.6
339.1,-38.6,-34.6
339.2,-38.9,-34.6
339.3,-39.0,-34.6
339.4,-39.4,-34.6
339.5,-39.9,-34.7
339.6,-40.4,-34.7
339.7,-39.8,-34.7
339.8,-38.7,-34.7
339.9,-38.0,-34.6
340.0,-37.1,-34.6
340.1,-37.2,-34.6
340.2,-37.5,-34.6
340.3,-37.8,-34.6
340.4,-37.2,-34.6
340.5,-35.0,-34.4
340.6,-34.9,-34.4
340.7,-33.5,-34.2
340.8,-32.6,-34.0
340.9,-32.3,-33.8
341.0,-32.3,-33.7
341.1,-33.0,-33.7
341.2,-34.4,-34.2
341.3,-36.7,-35.1
341.4,-37.0,-35.3
341.5,-36.9,-35.4
341.6,-36.9,-36.1
341.7,-37.1,-36.2
341.8,-37.0,-36.2
341.9,-37.8,-36.2
342.0,-38.5,-36.2
342.1,-39.1,-36.2
342.2,-39.9,-36.2
342.3,-40.1,-36.3
342.4,-39.2,-36.2
342.5,-38.8,-36.2
342.6,-38.3,-36.1
342.7,-38.0,-36.1
342.8,-38.4,-36.2
342.9,-38.6,-36.2
343.0,-38.3,-36.2
343.1,-38.2,-36.2
343.2,-38.0,-36.2
343.3,-38.0,-36.2
343.4,-38.6,-36.4
343.5,-39.2,-36.7
343.6,-39.6,-36.8
343.7,-39.7,-37.1
343.8,-39.6,-37.6
343.9,-39.0,-38.2
344.0,-38.6,-38.3
344.1,-38.5,-38.4
344.2,-38.5,-38.4
344.3,-38.4,-38.5
344.4,-38.4,-38.5
344.5,-38.5,-38.6
344.6,-38.6,-38.7
344.7,-39.2,-38.8
344.8,-39.7,-38.9
344.9,-39.7,-38.9
345.0,-39.0,-38.8
345.1,-38.4,-38.7
345.2,-38.2,-38.7
345.3,-38.1,-38.6
345.4,-38.8,-38.7
345.5,-39.4,-38.8
345.6,-39.3,-38.8
345.7,-38.9,-38.7
345.8,-38.8,-38.8
345.9,-38.9,-38.8
346.0,-39.5,-38.9
346.1,-40.3,-39.0
346.2,-40.5,-39.1
346.3,-39.6,-39.0
346.4,-38.9,-39.0
346.5,-38.4,-38.9
346.6,-37.9,-38.8
346.7,-38.3,-38.8
346.8,-38.6,-38.8
346.9,-38.3,-38.8
347.0,-37.9,-38.7
347.1,-37.7,-38.7
347.2,-37.7,-38.7
347.3,-38.3,-38.8
347.4,-39.3,-38.9
347.5,-39.8,-38.9
347.6,-39.4,-38.8
347.7,-38.9,-38.8
347.8,-38.3,-38.7
347.9,-37.8,-38.6
348.0,-37.8,-38.7
348.1,-38.1,-38.7
348.2,-38.1,-38.7
348.3,-38.1,-38.6
348.4,-38.3,-38.6
348.5,-38.6,-38.6
348.6,-39.2,-38.7
348.7,-40.2,-38.8
348.8,-40.1,-38.7
348.9,-39.3,-38.6
349.0,-38.6,-38.5
349.1,-37.8,-38.5
349.2,-37.7,-38.4
349.3,-38.0,-38.4
349.4,-38.6,-38.5
349.5,-37.3,-38.3
349.6,-36.3,-38.1
349.7,-36.3,-38.1
349.8,-36.4,-38.1
349.9,-37.9,-38.2
350.0,-40.2,-38.4
350.1,-39.0,-38.3
350.2,-37.4,-38.1
350.3,-36.7,-38.0
350.4,-36.3,-37.9
350.5,-36.9,-37.9
350.6,-38.1,-38.0
350.7,-38.6,-38.0
350.8,-38.1,-37.9
350.9,-38.2,-37.9
351.0,-38.1,-38.0
351.1,-38.6,-38.0
351.2,-40.2,-38.1
351.3,-41.3,-38.2
351.4,-39.1,-38.1
351.5,-37.5,-37.9
351.6,-36.0,-37.7
351.7,-34.9,-37.4
351.8,-34.7,-37.3
351.9,-34.7,-37.1
352.0,-34.7,-37.0
352.1,-34.8,-36.9
352.2,-35.0,-36.8
352.3,-35.4,-36.8
352.4,-36.1,-36.7
352.5,-37.1,-36.9
352.6,-38.4,-37.1
352.7,-38.4,-37.0
352.8,-38.0,-36.9
352.9,-36.9,-36.8
353.0,-36.0,-36.7
353.1,-35.9,-36.7
353.2,-35.7,-36.7
353.3,-35.3,-36.6
353.4,-34.1,-36.2
353.5,-33.2,-36.0
353.6,-32.7,-35.8
353.7,-32.7,-35.6
353.8,-33.5,-35.6
353.9,-34.3,-35.5
354.0,-33.8,-35.2
354.1,-33.4,-35.0
354.2,-32.9,-34.8
354.3,-32.4,-34.6
354.4,-32.7,-34.5
354.5,-33.2,-34.5
354.6,-33.4,-34.4
354.7,-33.0,-34.3
354.8,-33.3,-34.3
354.9,-33.5,-34.3
355.0,-34.0,-34.4
355.1,-35.7,-34.4
355.2,-36.8,-34.5
355.3,-36.1,-34.4
355.4,-35.4,-34.3
355.5,-35.0,-34.2
355.6,-34.6,-34.2
355.7,-35.4,-34.2
355.8,-36.4,-34.2
355.9,-36.6,-34.2
356.0,-36.4,-34.2
356.1,-36.4,-34.2
356.2,-36.7,-34.3
356.3,-37.7,-34.4
356.4,-39.2,-34.6
356.5,-39.0,-34.8
356.6,-36.5,-34.8
356.7,-35.0,-34.7
356.8,-34.3,-34.8
356.9,-34.0,-34.7
357.0,-34.8,-34.9
357.1,-35.7,-35.1
357.2,-35.6,-35.2
357.3,-35.1,-35.2
357.4,-35.0,-35.3
357.5,-34.5,-35.3
357.6,-35.4,-35.5
357.7,-36.9,-35.8
357.8,-37.0,-35.9
357.9,-35.7,-35.7
358.0,-34.1,-35.5
358.1,-33.3,-35.4
358.2,-33.0,-35.3
358.3,-33.5,-35.3
358.4,-34.2,-35.3
358.5,-34.0,-35.3
358.6,-34.0,-35.2
358.7,-34.5,-35.2
358.8,-35.1,-35.2
358.9,-36.8,-35.3
359.0,-38.6,-35.3
359.1,-37.8,-35.3
359.2,-35.3,-35.0
359.3,-33.8,-34.8
359.4,-33.1,-34.7
359.5,-33.0,-34.6
359.6,-33.7,-34.7
359.7,-34.4,-34.7
359.8,-32.6,-34.4
359.9,-30.2,-33.7
360.0,-29.0,-33.3
360.1,-28.6,-33.1
360.2,-29.0,-33.0
360.3,-30.6,-33.0
360.4,-32.1,-33.0
360.5,-31.9,-32.8
360.6,-31.3,-32.6
360.7,-30.9,-32.4
360.8,-30.7,-32.3
360.9,-31.2,-32.3
361.0,-32.0,-32.3
361.1,-32.6,-32.3
361.2,-32.6,-32.2
361.3,-32.8,-32.2
361.4,-33.3,-32.2
361.5,-34.1,-32.3
361.6,-35.2,-32.3
361.7,-35.9,-32.3
361.8,-34.7,-32.2
361.9,-33.9,-32.1
362.0,-33.4,-32.0
362.1,-33.0,-32.0
362.2,-33.7,-32.1
362.3,-34.6,-32.2
362.4,-34.8,-32.2
362.5,-34.9,-32.2
362.6,-35.0,-32.2
362.7,-35.3,-32.2
362.8,-36.2,-32.5
362.9,-38.0,-33.0
363.0,-39.3,-33.4
363.1,-36.9,-33.5
363.2,-35.2,-33.6
363.3,-34.3,-33.6
363.4,-33.7,-33.7
363.5,-34.2,-33.9
363.6,-35.0,-34.2
363.7,-34.7,-34.3
363.8,-33.3,-34.2
363.9,-32.3,-34.1
364.0,-31.6,-34.1
364.1,-31.6,-34.1
364.2,-32.4,-34.2
364.3,-33.3,-34.2
364.4,-33.3,-34.1
364.5,-32.3,-33.8
364.6,-31.6,-33.6
364.7,-31.0,-33.5
364.8,-31.1,-33.5
364.9,-31.9,-33.5
365.0,-32.1,-33.4
365.1,-31.5,-33.2
365.2,-30.9,-33.0
365.3,-30.6,-32.9
365.4,-30.7,-32.8
365.5,-31.7,-32.8
365.6,-33.0,-32.8
365.7,-33.1,-32.7
365.8,-30.8,-32.2
365.9,-29.7,-31.9
366.0,-29.5,-31.8
366.1,-29.6,-31.8
366.2,-31.5,-31.8
366.3,-33.5,-31.9
366.4,-33.7,-31.8
366.5,-33.8,-31.8
366.6,-33.9,-31.7
366.7,-34.3,-31.8
366.8,-35.6,-32.0
366.9,-37.1,-32.1
367.0,-36.8,-32.2
367.1,-34.7,-32.2
367.2,-33.4,-32.1
367.3,-32.7,-32.1
367.4,-32.7,-32.1
367.5,-33.6,-32.3
367.6,-34.5,-32.4
367.7,-34.3,-32.5
367.8,-33.8,-32.5
367.9,-33.8,-32.5
368.0,-34.0,-32.6
368.1,-35.1,-32.9
368.2,-36.6,-33.1
368.3,-36.6,-33.2
368.4,-34.5,-33.2
368.5,-33.1,-33.1
368.6,-32.4,-33.1
368.7,-32.2,-33.1
368.8,-32.9,-33.6
368.9,-33.9,-34.0
369.0,-33.8,-34.0
369.1,-33.6,-34.0
369.2,-33.8,-34.0
369.3,-34.2,-34.1
369.4,-35.5,-34.2
369.5,-37.5,-34.3
369.6,-38.3,-34.4
369.7,-35.2,-34.2
369.8,-33.8,-34.0
369.9,-33.1,-33.9
370.0,-32.8,-33.9
370.1,-33.8,-34.1
370.2,-34.8,-34.2
370.3,-34.3,-34.1
370.4,-31.0,-33.5
370.5,-30.2,-33.4
370.6,-30.2,-33.4
370.7,-30.6,-33.4
370.8,-33.7,-33.5
370.9,-36.1,-33.6
371.0,-35.1,-33.5
371.1,-34.3,-33.4
371.2,-33.5,-33.2
371.3,-32.7,-33.2
371.4,-32.6,-33.2
371.5,-32.7,-33.3
371.6,-32.7,-33.3
371.7,-32.3,-33.2
371.8,-32.3,-33.2
371.9,-32.5,-33.1
372.0,-33.1,-33.2
372.1,-34.5,-33.3
372.2,-35.8,-33.3
372.3,-34.4,-33.1
372.4,-32.4,-32.9
372.5,-31.2,-32.7
372.6,-30.4,-32.5
372.7,-30.4,-32.5
372.8,-30.9,-32.4
372.9,-31.2,-32.4
373.0,-31.0,-32.2
373.1,-31.3,-32.1
373.2,-31.7,-32.1
373.3,-32.3,-32.2
373.4,-33.7,-32.6
373.5,-35.0,-32.8
373.6,-34.5,-32.7
373.7,-33.6,-32.6
373.8,-33.1,-32.5
373.9,-32.7,-32.5
374.0,-33.2,-32.5
374.1,-34.2,-32.6
374.2,-34.9,-32.7
374.3,-32.6,-32.5
374.4,-30.8,-32.2
374.5,-29.7,-32.1
374.6,-29.2,-32.0
374.7,-29.9,-32.0
374.8,-31.0,-32.0
374.9,-32.1,-32.0
375.0,-32.2,-31.9
375.1,-32.1,-31.8
375.2,-32.0,-31.7
375.3,-32.0,-31.8
375.4,-32.5,-31.9
375.5,-32.9,-32.0
375.6,-32.6,-32.0
375.7,-30.4,-31.8
375.8,-29.8,-31.7
375.9,-29.4,-31.7
376.0,-29.5,-31.7
376.1,-31.0,-31.8
376.2,-32.0,-31.7
376.3,-32.4,-31.7
376.4,-32.0,-31.6
376.5,-31.8,-31.5
376.6,-31.8,-31.5
376.7,-32.2,-31.5
376.8,-33.2,-31.6
376.9,-33.9,-31.6
377.0,-32.6,-31.4
377.1,-32.0,-31.3
377.2,-32.0,-31.3
377.3,-31.8,-31.5
377.4,-33.0,-31.7
377.5,-32.3,-31.7
377.6,-30.4,-31.5
377.7,-29.6,-31.4
377.8,-28.4,-31.2
377.9,-28.2,-31.0
378.0,-28.7,-31.0
378.1,-29.2,-31.0
378.2,-30.1,-30.9
378.3,-30.6,-30.8
378.4,-30.7,-30.8
378.5,-30.8,-30.7
378.6,-31.1,-30.8
378.7,-31.7,-31.0
378.8,-32.5,-31.1
378.9,-32.3,-31.1
379.0,-30.6,-31.0
379.1,-29.8,-30.8
379.2,-29.3,-30.7
379.3,-29.2,-30.7
379.4,-29.9,-30.7
379.5,-30.4,-30.7
379.6,-30.3,-30.5
379.7,-29.8,-30.4
379.8,-29.5,-30.3
379.9,-29.5,-30.2
380.0,-29.6,-30.2
380.1,-29.9,-30.1
380.2,-29.9,-30.0
380.3,-29.3,-29.9
380.4,-28.4,-29.7
380.5,-27.9,-29.6
380.6,-27.6,-29.6
380.7,-27.6,-29.6
380.8,-27.9,-29.6
380.9,-27.8,-29.5
381.0,-23.5,-28.2
381.1,-20.4,-26.7
381.2,-18.9,-25.7
381.3,-18.2,-25.2
381.4,-18.4,-24.8
381.5,-18.9,-24.3
381.6,-19.4,-23.9
381.7,-19.2,-23.4
381.8,-19.1,-23.1
381.9,-19.4,-22.9
382.0,-19.6,-22.6
382.1,-19.7,-22.4
382.2,-20.0,-22.1
382.3,-19.9,-21.9
382.4,-19.9,-21.7
382.5,-20.3,-21.6
382.6,-20.8,-21.5
382.7,-21.0,-21.4
382.8,-21.4,-21.2
382.9,-21.6,-21.1
383.0,-21.4,-21.0
383.1,-21.5,-20.9
383.2,-21.7,-20.8
383.3,-21.7,-20.7
383.4,-22.0,-20.7
383.5,-22.3,-20.6
383.6,-22.0,-20.5
383.7,-22.0,-20.4
383.8,-22.1,-20.4
383.9,-22.4,-20.3
384.0,-22.9,-20.5
384.1,-23.4,-20.7
384.2,-23.3,-20.9
384.3,-22.7,-21.0
384.4,-22.6,-21.1
384.5,-22.6,-21.3
384.6,-22.9,-21.4
384.7,-23.6,-21.6
384.8,-24.1,-21.8
384.9,-24.2,-21.9
385.0,-24.5,-22.0
385.1,-25.0,-22.3
385.2,-25.7,-22.5
385.3,-26.8,-22.7
385.4,-28.0,-22.9
385.5,-28.3,-23.1
385.6,-27.8,-23.2
385.7,-27.7,-23.4
385.8,-27.7,-23.6
385.9,-28.2,-23.8
386.0,-29.3,-24.0
386.1,-29.0,-24.2
386.2,-27.1,-24.3
386.3,-26.8,-24.5
386.4,-26.6,-24.7
386.5,-27.1,-24.9
386.6,-29.2,-25.2
386.7,-30.3,-25.5
386.8,-30.0,-25.7
386.9,-29.6,-25.8
387.0,-29.3,-26.0
387.1,-29.1,-26.2
387.2,-29.7,-26.5
387.3,-30.4,-26.9
387.4,-30.9,-27.3
387.5,-31.2,-27.6
387.6,-31.5,-27.9
387.7,-32.0,-28.2
387.8,-32.9,-28.5
387.9,-34.1,-28.9
388.0,-34.7,-29.2
388.1,-34.2,-29.4
388.2,-33.5,-29.5
388.3,-31.9,-29.5
388.4,-28.7,-29.3
388.5,-26.7,-29.1
388.6,-25.9,-29.0
388.7,-25.9,-29.1
388.8,-27.2,-29.2
388.9,-29.6,-29.3
389.0,-32.3,-29.3
389.1,-34.1,-29.5
389.2,-35.4,-30.1
389.3,-35.3,-30.3
389.4,-34.6,-30.4
389.5,-33.7,-30.4
389.6,-33.0,-30.5
389.7,-33.1,-30.5
389.8,-33.6,-30.7
389.9,-34.0,-30.9
390.0,-34.0,-31.0
390.1,-34.0,-31.1
390.2,-34.2,-31.2
390.3,-34.7,-31.3
390.4,-36.1,-31.4
390.5,-37.1,-31.6
390.6,-35.8,-31.6
390.7,-35.2,-31.6
390.8,-34.7,-31.6
390.9,-34.4,-31.6
391.0,-35.4,-31.6
391.1,-36.1,-31.7
391.2,-36.0,-31.7
391.3,-35.2,-31.9
391.4,-34.9,-32.6
391.5,-34.8,-33.6
391.6,-35.5,-34.4
391.7,-37.0,-34.8
391.8,-37.0,-34.9
391.9,-34.2,-34.7
392.0,-32.6,-34.5
392.1,-31.4,-34.2
392.2,-30.6,-34.0
392.3,-30.5,-33.8
392.4,-30.6,-33.7
392.5,-30.5,-33.6
392.6,-31.0,-33.6
392.7,-32.1,-33.6
392.8,-32.7,-33.5
392.9,-34.0,-33.6
393.0,-34.7,-33.7
393.1,-34.1,-33.6
393.2,-33.3,-33.4
393.3,-32.6,-33.3
393.4,-31.6,-33.1
393.5,-31.1,-32.9
393.6,-31.1,-32.8
393.7,-31.0,-32.7
393.8,-31.0,-32.6
393.9,-31.3,-32.5
394.0,-31.8,-32.4
394.1,-32.4,-32.4
394.2,-33.5,-32.4
394.3,-34.5,-32.4
394.4,-35.1,-32.4
394.5,-35.0,-32.4
394.6,-34.8,-32.4
394.7,-34.3,-32.3
394.8,-33.9,-32.2
394.9,-34.0,-32.4
395.0,-33.9,-32.5
395.1,-34.0,-32.6
395.2,-34.1,-32.7
395.3,-34.3,-32.9
395.4,-34.7,-33.1
395.5,-35.1,-33.3
395.6,-35.4,-33.3
395.7,-35.7,-33.3
395.8,-35.0,-33.4
395.9,-31.6,-32.9
396.0,-28.9,-32.3
396.1,-27.5,-31.9
396.2,-26.3,-31.5
396.3,-25.7,-31.0
396.4,-26.7,-31.1
396.5,-27.8,-31.1
396.6,-29.5,-31.2
396.7,-30.5,-30.9
396.8,-29.3,-30.8
396.9,-27.3,-30.4
397.0,-26.3,-30.1
397.1,-26.7,-29.9
397.2,-25.8,-29.5
397.3,-26.3,-29.2
397.4,-26.3,-29.0
397.5,-26.2,-28.9
397.6,-27.6,-28.8
397.7,-29.1,-28.9
397.8,-31.0,-28.9
397.9,-34.3,-28.9
398.0,-36.4,-28.9
398.1,-36.7,-28.9
398.2,-37.1,-29.0
398.3,-37.3,-29.0
398.4,-36.5,-29.0
398.5,-35.4,-28.9
398.6,-34.7,-28.9
398.7,-34.3,-28.9
398.8,-34.5,-28.9
398.9,-35.2,-29.1
399.0,-35.9,-29.4
399.1,-36.3,-29.7
399.2,-33.8,-29.9
399.3,-30.9,-30.1
399.4,-29.2,-29.9
399.5,-27.7,-29.7
399.6,-26.4,-29.3
399.7,-27.2,-29.5
399.8,-28.2,-29.7
399.9,-29.8,-30.1
400.0,-30.6,-30.1
400.1,-29.0,-30.0
400.2,-26.8,-30.0
400.3,-25.8,-30.0
400.4,-26.3,-30.1
400.5,-26.0,-30.0
400.6,-26.8,-29.8
400.7,-27.2,-29.6
400.8,-27.0,-29.4
400.9,-28.3,-29.4
401.0,-29.8,-29.4
401.1,-31.7,-29.4
401.2,-35.5,-29.4
401.3,-37.4,-29.4
401.4,-37.5,-29.4
401.5,-38.0,-29.4
401.6,-37.9,-29.5
401.7,-38.0,-29.5
401.8,-38.3,-29.5
401.9,-38.6,-29.5
402.0,-39.2,-29.5
402.1,-39.5,-29.6
402.2,-39.8,-29.7
402.3,-39.9,-29.9
402.4,-39.8,-30.2
402.5,-34.7,-30.3
402.6,-30.8,-30.5
402.7,-28.6,-30.2
402.8,-26.9,-29.9
402.9,-26.1,-29.5
403.0,-27.1,-29.8
403.1,-27.7,-30.0
403.2,-29.4,-30.4
403.3,-33.5,-30.8
403.4,-33.5,-31.1
403.5,-37.2,-31.6
403.6,-32.3,-31.5
403.7,-29.2,-31.3
403.8,-27.7,-31.3
403.9,-27.3,-31.2
404.0,-28.6,-31.3
404.1,-30.9,-31.2
404.2,-34.1,-31.2
404.3,-34.6,-31.1
404.4,-32.6,-31.0
404.5,-32.0,-30.9
404.6,-30.5,-30.7
404.7,-29.7,-30.5
404.8,-29.2,-30.3
404.9,-29.1,-30.2
405.0,-30.0,-30.1
405.1,-31.3,-30.1
405.2,-32.2,-30.0
405.3,-31.5,-29.8
405.4,-30.7,-29.7
405.5,-30.6,-29.8
405.6,-30.3,-29.9
405.7,-31.7,-30.2
405.8,-31.9,-30.5
405.9,-31.8,-30.9
406.0,-31.8,-30.7
406.1,-31.5,-30.8
406.2,-27.4,-30.1
406.3,-26.8,-29.9
406.4,-26.2,-29.6
406.5,-25.3,-29.2
406.6,-26.3,-29.2
406.7,-26.6,-29.4
406.8,-27.4,-29.5
406.9,-27.9,-29.4
407.0,-29.0,-29.2
407.1,-29.5,-29.2
407.2,-28.3,-29.0
407.3,-28.5,-28.9
407.4,-28.5,-28.8
407.5,-26.6,-28.5
407.6,-26.3,-28.4
407.7,-26.6,-28.4
407.8,-26.9,-28.5
407.9,-28.4,-28.4
408.0,-29.5,-28.3
408.1,-30.0,-28.3
408.2,-28.9,-28.2
408.3,-28.2,-28.1
408.4,-28.5,-28.1
408.5,-28.2,-28.0
408.6,-28.4,-28.0
408.7,-29.9,-28.0
408.8,-30.5,-28.0
408.9,-31.3,-28.0
409.0,-31.7,-28.0
409.1,-28.9,-27.8
409.2,-27.9,-28.1
409.3,-28.5,-28.2
409.4,-28.0,-28.3
409.5,-28.9,-28.4
409.6,-30.5,-28.7
409.7,-29.9,-28.7
409.8,-32.1,-28.8
409.9,-36.2,-29.0
410.0,-37.1,-29.1
410.1,-43.4,-29.2
410.2,-43.7,-29.5
410.3,-43.5,-29.7
410.4,-43.8,-29.9
410.5,-44.0,-30.4
410.6,-43.4,-30.8
410.7,-43.4,-31.1
410.8,-43.3,-31.1
410.9,-42.9,-31.4
411.0,-38.2,-31.6
411.1,-32.4,-31.4
411.2,-30.3,-31.4
411.3,-29.1,-31.6
411.4,-28.2,-31.5
411.5,-29.1,-31.7
411.6,-29.2,-31.6
411.7,-29.5,-31.5
411.8,-30.7,-31.5
411.9,-28.9,-31.2
412.0,-29.7,-31.3
412.1,-30.3,-31.8
412.2,-29.2,-31.9
412.3,-31.2,-31.8
412.4,-29.5,-31.7
412.5,-28.6,-31.7
412.6,-30.0,-31.8
412.7,-29.7,-31.7
412.8,-30.7,-31.5
412.9,-32.1,-31.4
413.0,-31.4,-31.3
413.1,-30.9,-31.1
413.2,-31.7,-31.0
413.3,-32.1,-31.0
413.4,-32.4,-30.9
413.5,-31.3,-30.6
413.6,-30.7,-30.5
413.7,-30.7,-30.4
413.8,-31.0,-30.4
413.9,-34.1,-30.4
414.0,-34.1,-30.3
414.1,-31.1,-30.3
414.2,-29.6,-30.3
414.3,-29.0,-30.4
414.4,-29.1,-30.5
414.5,-30.7,-30.6
414.6,-31.1,-30.6
414.7,-30.6,-30.5
414.8,-31.0,-30.5
414.9,-30.8,-30.9
415.0,-32.2,-30.9
415.1,-34.5,-30.9
415.2,-35.4,-31.2
415.3,-33.8,-31.1
415.4,-32.1,-31.3
415.5,-30.3,-31.3
415.6,-30.3,-31.2
415.7,-30.3,-31.2
415.8,-30.8,-31.3
415.9,-32.2,-31.3
416.0,-32.1,-31.3
416.1,-32.1,-31.4
416.2,-32.0,-31.4
416.3,-32.5,-31.3
416.4,-33.0,-31.4
416.5,-34.7,-31.7
416.6,-36.2,-31.9
416.7,-36.0,-31.8
416.8,-35.5,-31.8
416.9,-35.4,-31.8
417.0,-35.5,-32.0
417.1,-35.9,-32.3
417.2,-35.1,-32.5
417.3,-34.3,-32.7
417.4,-33.9,-32.8
417.5,-33.8,-32.8
417.6,-33.8,-32.9
417.7,-34.1,-33.2
417.8,-33.4,-33.2
417.9,-32.7,-33.1
418.0,-31.1,-32.7
418.1,-29.5,-32.4
418.2,-29.7,-32.3
418.3,-29.7,-32.4
418.4,-30.7,-32.5
418.5,-32.7,-32.8
418.6,-32.9,-32.8
418.7,-32.4,-32.8
418.8,-32.0,-32.7
418.9,-31.0,-32.6
419.0,-30.0,-32.4
419.1,-29.0,-32.1
419.2,-28.4,-31.9
419.3,-28.5,-31.8
419.4,-28.2,-31.5
419.5,-28.1,-31.1
419.6,-27.4,-30.7
419.7,-26.8,-30.4
419.8,-25.3,-29.7
419.9,-25.3,-29.4
420.0,-25.9,-29.3
420.1,-25.5,-29.0
420.2,-26.8,-28.8
420.3,-27.4,-28.8
420.4,-27.1,-28.6
420.5,-28.1,-28.5
420.6,-29.2,-28.5
420.7,-29.1,-28.4
420.8,-29.5,-28.4
420.9,-29.1,-28.2
421.0,-28.7,-28.2
421.1,-28.5,-28.3
421.2,-28.2,-28.2
421.3,-28.8,-28.2
421.4,-28.7,-28.1
421.5,-27.6,-27.9
421.6,-27.9,-27.8
421.7,-27.4,-27.7
421.8,-27.1,-27.6
421.9,-28.4,-27.6
422.0,-28.2,-27.6
422.1,-27.5,-27.5
422.2,-27.7,-27.5
422.3,-27.5,-27.5
422.4,-27.8,-27.5
422.5,-29.2,-27.6
422.6,-29.5,-27.8
422.7,-29.3,-27.8
422.8,-29.0,-28.2
422.9,-28.6,-28.2
423.0,-27.8,-28.1
423.1,-27.3,-28.2
423.2,-27.1,-28.2
423.3,-26.4,-28.0
423.4,-27.0,-28.1
423.5,-27.5,-28.1
423.6,-27.6,-28.0
423.7,-26.6,-27.7
423.8,-25.4,-27.5
423.9,-24.1,-27.2
424.0,-23.6,-27.0
424.1,-23.4,-26.8
424.2,-24.0,-26.7
424.3,-24.2,-26.5
424.4,-24.8,-26.5
424.5,-26.2,-26.6
424.6,-26.4,-26.6
424.7,-28.2,-26.6
424.8,-28.1,-26.6
424.9,-27.5,-26.5
425.0,-27.0,-26.4
425.1,-27.4,-26.6
425.2,-26.8,-26.5
425.3,-26.7,-26.4
425.4,-27.2,-26.4
425.5,-25.5,-26.2
425.6,-25.3,-26.1
425.7,-26.0,-26.1
425.8,-26.0,-26.1
425.9,-27.5,-26.1
426.0,-28.1,-26.1
426.1,-28.0,-26.1
426.2,-27.6,-26.1
426.3,-26.4,-26.1
426.4,-26.5,-26.0
426.5,-25.9,-25.9
426.6,-26.1,-26.0
426.7,-27.3,-26.1
426.8,-26.9,-26.2
426.9,-28.0,-26.5
427.0,-27.3,-26.6
427.1,-27.0,-26.8
427.2,-26.6,-26.7
427.3,-26.2,-26.9
427.4,-27.0,-26.9
427.5,-27.4,-27.0
427.6,-28.9,-27.0
427.7,-29.6,-27.0
427.8,-29.4,-27.0
427.9,-29.6,-27.1
428.0,-29.7,-27.3
428.1,-30.2,-27.3
428.2,-29.7,-27.3
428.3,-29.4,-27.5
428.4,-29.5,-27.5
428.5,-28.7,-27.7
428.6,-29.2,-27.9
428.7,-29.2,-27.9
428.8,-28.8,-27.9
428.9,-29.0,-27.9
429.0,-28.4,-27.9
429.1,-28.5,-28.0
429.2,-28.5,-28.0
429.3,-28.5,-28.2
429.4,-29.2,-28.3
429.5,-29.1,-28.5
429.6,-29.7,-28.6
429.7,-29.7,-28.6
429.8,-28.5,-28.6
429.9,-28.1,-28.5
430.0,-27.2,-28.5
430.1,-26.7,-28.5
430.2,-27.5,-28.8
430.3,-27.8,-28.8
430.4,-28.8,-28.8
430.5,-29.1,-28.8
430.6,-28.2,-28.7
430.7,-27.4,-28.5
430.8,-26.5,-28.4
430.9,-26.8,-28.3
431.0,-26.8,-28.2
431.1,-27.5,-28.2
431.2,-28.7,-28.3
431.3,-28.6,-28.3
431.4,-29.7,-28.3
431.5,-29.9,-28.3
431.6,-29.3,-28.3
431.7,-29.9,-28.3
431.8,-29.3,-28.3
431.9,-28.6,-28.3
432.0,-28.1,-28.2
432.1,-27.3,-28.2
432.2,-27.0,-28.1
432.3,-26.5,-28.0
432.4,-26.6,-27.9
432.5,-26.8,-27.8
432.6,-25.6,-27.5
432.7,-24.6,-27.2
432.8,-23.8,-27.0
432.9,-22.7,-26.7
433.0,-23.4,-26.7
433.1,-24.7,-26.8
433.2,-26.1,-26.8
433.3,-30.0,-26.8
433.4,-30.5,-26.8
433.5,-30.0,-26.9
433.6,-30.5,-27.0
433.7,-30.7,-27.1
433.8,-31.4,-27.3
433.9,-32.3,-27.3
434.0,-33.3,-27.5
434.1,-34.0,-27.6
434.2,-34.5,-27.6
434.3,-35.5,-27.7
434.4,-35.8,-27.7
434.5,-36.3,-27.8
434.6,-37.0,-27.9
434.7,-37.2,-28.0
434.8,-37.9,-28.1
434.9,-38.4,-28.3
435.0,-38.1,-28.5
435.1,-37.9,-28.7
435.2,-37.4,-28.8
435.3,-37.0,-29.1
435.4,-34.8,-29.3
435.5,-32.3,-29.3
435.6,-31.3,-29.8
435.7,-30.1,-30.5
435.8,-29.6,-31.1
435.9,-27.1,-31.5
436.0,-26.3,-31.3
436.1,-24.4,-30.4
436.2,-24.1,-30.2
436.3,-25.5,-30.3
436.4,-26.6,-30.4
436.5,-31.5,-30.5
436.6,-38.0,-30.7
436.7,-37.5,-30.7
436.8,-37.6,-30.8
436.9,-37.5,-30.8
437.0,-37.4,-30.8
437.1,-38.2,-30.9
437.2,-38.3,-30.9
437.3,-38.3,-30.9
437.4,-38.2,-30.9
437.5,-37.7,-30.9
437.6,-37.2,-30.9
437.7,-37.1,-30.9
437.8,-36.6,-30.9
437.9,-36.2,-30.9
438.0,-36.3,-30.9
438.1,-36.0,-30.8
438.2,-36.1,-30.8
438.3,-36.2,-30.8
438.4,-35.8,-30.9
438.5,-35.5,-31.1
438.6,-35.4,-31.2
438.7,-35.1,-31.3
438.8,-34.9,-31.5
438.9,-35.0,-32.5
439.0,-34.8,-33.1
439.1,-34.7,-35.2
439.2,-34.9,-36.3
439.3,-35.0,-36.3
439.4,-35.0,-36.2
439.5,-35.4,-36.1
439.6,-35.2,-36.0
439.7,-34.5,-35.9
439.8,-34.7,-35.8
439.9,-34.3,-35.7
440.0,-34.6,-35.6
440.1,-35.2,-35.5
440.2,-35.4,-35.5
440.3,-35.4,-35.4
440.4,-35.2,-35.3
440.5,-34.9,-35.2
440.6,-34.5,-35.2
440.7,-34.5,-35.1
440.8,-34.7,-35.1
440.9,-35.1,-35.1
441.0,-35.3,-35.1
441.1,-35.4,-35.0
441.2,-35.3,-35.0
441.3,-35.4,-35.0
441.4,-35.7,-35.1
441.5,-35.8,-35.1
441.6,-35.7,-35.1
441.7,-35.9,-35.1
441.8,-35.3,-35.1
441.9,-35.1,-35.1
442.0,-35.4,-35.1
442.1,-34.7,-35.1
442.2,-34.7,-35.1
442.3,-34.2,-35.0
442.4,-33.4,-34.9
442.5,-33.1,-34.7
442.6,-32.7,-34.7
442.7,-32.4,-34.6
442.8,-32.3,-34.5
442.9,-32.0,-34.3
443.0,-32.2,-34.2
443.1,-32.2,-34.1
443.2,-31.9,-33.9
443.3,-32.1,-33.8
443.4,-31.9,-33.7
443.5,-31.8,-33.6
443.6,-32.1,-33.6
443.7,-32.3,-33.5
443.8,-32.4,-33.4
443.9,-33.1,-33.4
444.0,-33.4,-33.4
444.1,-33.1,-33.3
444.2,-33.4,-33.2
444.3,-33.6,-33.2
444.4,-33.2,-33.1
444.5,-33.7,-33.1
444.6,-33.8,-33.0
444.7,-33.7,-33.0
444.8,-33.8,-32.9
444.9,-33.4,-32.9
445.0,-33.4,-32.8
445.1,-33.2,-32.8
445.2,-33.4,-32.8
445.3,-34.0,-32.9
445.4,-34.2,-32.9
445.5,-34.4,-33.0
445.6,-34.7,-33.1
445.7,-34.2,-33.1
445.8,-34.1,-33.2
445.9,-34.2,-33.3
446.0,-33.9,-33.3
446.1,-34.1,-33.4
446.2,-34.5,-33.5
446.3,-34.4,-33.6
446.4,-34.9,-33.7
446.5,-35.2,-33.9
446.6,-35.1,-33.9
446.7,-35.1,-34.0
446.8,-35.1,-34.1
446.9,-34.9,-34.1
447.0,-34.7,-34.1
447.1,-34.9,-34.2
447.2,-35.1,-34.3
447.3,-35.2,-34.3
447.4,-31.4,-33.8
447.5,-30.4,-33.5
447.6,-30.0,-33.5
447.7,-29.6,-33.4
447.8,-30.5,-33.2
447.9,-29.9,-32.8
448.0,-30.2,-32.9
448.1,-29.5,-32.6
448.2,-30.5,-32.7
448.3,-32.2,-32.6
448.4,-32.0,-32.6
448.5,-34.3,-32.6
448.6,-34.6,-32.7
448.7,-35.4,-32.7
448.8,-36.5,-32.8
448.9,-37.2,-32.8
449.0,-37.2,-32.9
449.1,-37.3,-33.0
449.2,-37.2,-33.0
449.3,-37.2,-33.0
449.4,-37.3,-33.1
449.5,-37.2,-33.1
449.6,-37.2,-33.1
449.7,-37.8,-33.2
449.8,-38.0,-33.2
449.9,-37.9,-33.3
450.0,-38.2,-33.3
450.1,-37.8,-33.4
450.2,-37.8,-33.4
450.3,-38.1,-33.5
450.4,-37.7,-34.1
450.5,-37.7,-34.5
450.6,-37.5,-34.6
450.7,-37.0,-34.8
450.8,-37.2,-35.3
450.9,-36.8,-36.0
451.0,-35.0,-35.8
451.1,-33.8,-36.2
451.2,-32.5,-36.0
451.3,-30.9,-35.5
451.4,-30.1,-35.1
451.5,-29.3,-34.6
451.6,-28.9,-34.2
451.7,-28.3,-33.6
451.8,-28.0,-33.1
451.9,-28.3,-32.8
452.0,-28.2,-32.6
452.1,-28.9,-32.3
452.2,-29.8,-32.2
452.3,-30.2,-32.1
452.4,-29.8,-31.8
452.5,-29.9,-31.6
452.6,-29.9,-31.4
452.7,-29.8,-31.3
452.8,-30.8,-31.2
452.9,-30.7,-31.0
453.0,-30.2,-30.8
453.1,-29.3,-30.6
453.2,-29.4,-30.5
453.3,-29.5,-30.4
453.4,-30.0,-30.3
453.5,-30.7,-30.2
453.6,-30.5,-30.1
453.7,-30.9,-30.0
453.8,-30.9,-29.9
453.9,-30.4,-29.8
454.0,-30.0,-29.7
454.1,-29.5,-29.6
454.2,-28.3,-29.4
454.3,-27.6,-29.3
454.4,-26.8,-29.1
454.5,-26.0,-29.0
454.6,-25.6,-28.7
454.7,-25.6,-28.7
454.8,-25.6,-28.6
454.9,-25.7,-28.4
455.0,-26.4,-28.4
455.1,-26.7,-28.3
455.2,-27.3,-28.3
455.3,-27.8,-28.2
455.4,-27.4,-28.1
455.5,-27.4,-28.0
455.6,-27.2,-27.9
455.7,-26.5,-27.7
455.8,-26.3,-27.6
455.9,-25.6,-27.4
456.0,-25.4,-27.3
456.1,-25.4,-27.2
456.2,-24.6,-26.9
456.3,-24.2,-26.6
456.4,-23.1,-26.2
456.5,-22.5,-25.9
456.6,-22.1,-25.6
456.7,-21.8,-25.3
456.8,-21.8,-25.0
456.9,-21.7,-24.8
457.0,-21.7,-24.5
457.1,-21.7,-24.3
457.2,-22.1,-24.2
457.3,-22.2,-24.1
457.4,-22.3,-23.9
457.5,-21.8,-23.7
457.6,-21.1,-23.5
457.7,-21.0,-23.4
457.8,-20.4,-23.1
457.9,-20.1,-22.9
458.0,-20.2,-22.7
458.1,-20.0,-22.5
458.2,-20.3,-22.3
458.3,-20.9,-22.2
458.4,-19.4,-21.7
458.5,-19.4,-21.6
458.6,-18.9,-21.3
458.7,-18.3,-21.1
458.8,-18.9,-20.9
458.9,-18.7,-20.8
459.0,-19.1,-20.6
459.1,-19.6,-20.6
459.2,-19.8,-20.4
459.3,-20.1,-20.4
459.4,-18.7,-20.1
459.5,-18.2,-20.0
459.6,-17.6,-19.8
459.7,-17.1,-19.6
459.8,-17.8,-19.5
459.9,-18.0,-19.5
460.0,-18.5,-19.4
460.1,-18.7,-19.3
460.2,-18.2,-19.1
460.3,-18.4,-19.1
460.4,-18.2,-19.0
460.5,-18.2,-18.9
460.6,-18.2,-18.8
460.7,-18.3,-18.8
460.8,-18.5,-18.7
460.9,-18.6,-18.7
461.0,-19.1,-18.6
461.1,-18.6,-18.6
461.2,-19.0,-18.6
461.3,-19.4,-18.5
461.4,-19.2,-18.6
461.5,-19.2,-18.6
461.6,-19.1,-18.6
461.7,-18.6,-18.6
461.8,-18.2,-18.5
461.9,-18.1,-18.5
462.0,-18.1,-18.5
462.1,-18.5,-18.5
462.2,-19.3,-18.5
462.3,-19.3,-18.4
462.4,-18.5,-18.5
462.5,-18.3,-18.5
462.6,-18.0,-18.5
462.7,-18.0,-18.6
462.8,-18.1,-18.5
462.9,-18.0,-18.5
463.0,-18.4,-18.5
463.1,-18.8,-18.6
463.2,-19.1,-18.6
463.3,-18.6,-18.5
463.4,-18.1,-18.5
463.5,-17.6,-18.5
463.6,-17.8,-18.6
463.7,-18.1,-18.5
463.8,-18.5,-18.5
463.9,-18.9,-18.5
464.0,-18.6,-18.5
464.1,-18.3,-18.4
464.2,-17.3,-18.3
464.3,-15.8,-18.0
464.4,-15.6,-17.9
464.5,-15.6,-17.9
464.6,-15.8,-17.8
464.7,-16.9,-17.7
464.8,-16.2,-17.6
464.9,-15.9,-17.5
465.0,-16.0,-17.4
465.1,-16.3,-17.4
465.2,-17.4,-17.4
465.3,-18.1,-17.4
465.4,-18.3,-17.4
465.5,-18.3,-17.4
465.6,-18.9,-17.5
465.7,-19.5,-17.5
465.8,-20.0,-17.6
465.9,-20.5,-17.6
466.0,-20.3,-17.6
466.1,-19.9,-17.6
466.2,-20.1,-17.7
466.3,-19.8,-17.7
466.4,-20.2,-17.8
466.5,-20.6,-17.9
466.6,-20.6,-18.0
466.7,-21.9,-18.1
466.8,-21.7,-18.1
466.9,-21.5,-18.2
467.0,-21.8,-18.2
467.1,-21.1,-18.3
467.2,-21.5,-18.6
467.3,-21.9,-19.0
467.4,-21.7,-19.1
467.5,-22.6,-19.3
467.6,-22.7,-19.5
467.7,-22.8,-19.7
467.8,-22.7,-20.1
467.9,-22.2,-20.4
468.0,-22.0,-20.6
468.1,-21.6,-20.7
468.2,-21.9,-20.9
468.3,-21.8,-21.0
468.4,-22.0,-21.2
468.5,-22.7,-21.5
468.6,-22.9,-21.5
468.7,-23.4,-21.6
468.8,-24.3,-21.7
468.9,-24.3,-21.9
469.0,-25.3,-22.1
469.1,-26.5,-22.3
469.2,-25.8,-22.4
469.3,-26.3,-22.7
469.4,-26.2,-22.8
469.5,-26.0,-22.9
469.6,-26.2,-23.1
469.7,-26.2,-23.2
469.8,-25.9,-23.3
469.9,-25.9,-23.5
470.0,-25.3,-23.5
470.1,-24.8,-23.7
470.2,-24.9,-23.8
470.3,-24.5,-23.8
470.4,-24.3,-23.9
470.5,-23.9,-23.9
470.6,-23.7,-24.0
470.7,-23.6,-24.0
470.8,-23.3,-24.1
470.9,-23.3,-24.1
471.0,-22.6,-24.1
471.1,-22.2,-24.1
471.2,-21.3,-23.9
471.3,-20.8,-23.9
471.4,-20.4,-23.7
471.5,-20.1,-23.5
471.6,-19.7,-23.2
471.7,-19.0,-22.8
471.8,-18.1,-22.3
471.9,-17.3,-21.9
472.0,-17.0,-21.5
472.1,-17.0,-21.2
472.2,-17.2,-20.9
472.3,-17.6,-20.7
472.4,-18.0,-20.5
472.5,-18.2,-20.4
472.6,-18.5,-20.2
472.7,-18.4,-20.0
472.8,-18.1,-19.8
472.9,-17.9,-19.6
473.0,-17.6,-19.4
473.1,-17.3,-19.2
473.2,-17.2,-19.0
473.3,-17.1,-18.8
473.4,-17.1,-18.7
473.5,-17.2,-18.5
473.6,-17.5,-18.4
473.7,-17.9,-18.3
473.8,-18.0,-18.2
473.9,-18.2,-18.1
474.0,-18.2,-18.0
474.1,-18.2,-18.0
474.2,-18.5,-18.0
474.3,-18.6,-17.9
474.4,-19.0,-17.9
474.5,-19.7,-17.9
474.6,-20.4,-18.0
474.7,-21.2,-18.1
474.8,-21.7,-18.2
474.9,-21.6,-18.4
475.0,-21.4,-18.5
475.1,-21.5,-18.6
475.2,-21.6,-18.7
475.3,-22.1,-18.8
475.4,-22.4,-18.9
475.5,-22.6,-19.0
475.6,-22.9,-19.1
475.7,-23.1,-19.3
475.8,-23.3,-19.4
475.9,-23.5,-19.6
476.0,-23.7,-19.8
476.1,-24.0,-20.0
476.2,-24.3,-20.3
476.3,-24.5,-20.6
476.4,-24.7,-20.8
476.5,-24.8,-21.1
476.6,-25.2,-21.3
476.7,-25.0,-21.5
476.8,-25.0,-21.8
476.9,-25.0,-22.1
477.0,-25.0,-22.4
477.1,-25.2,-22.7
477.2,-25.3,-22.9
477.3,-25.2,-23.2
477.4,-24.6,-23.4
477.5,-24.7,-23.5
477.6,-24.1,-23.6
477.7,-24.2,-23.7
477.8,-24.3,-23.8
477.9,-24.2,-23.9
478.0,-24.9,-24.1
478.1,-25.0,-24.3
478.2,-25.9,-24.4
478.3,-24.9,-24.4
478.4,-24.1,-24.4
478.5,-23.9,-24.5
478.6,-23.0,-24.4
478.7,-23.7,-24.5
478.8,-23.2,-24.4
478.9,-22.9,-24.4
479.0,-23.8,-24.4
479.1,-23.6,-24.4
479.2,-24.8,-24.5
479.3,-26.0,-24.5
479.4,-25.3,-24.5
479.5,-26.0,-24.6
479.6,-26.3,-24.6
479.7,-26.0,-24.7
479.8,-26.4,-24.7
479.9,-26.7,-24.7
480.0,-25.7,-24.7
480.1,-25.6,-24.7
480.2,-25.7,-24.7
480.3,-24.9,-24.7
480.4,-25.7,-24.8
480.5,-24.8,-24.7
480.6,-25.1,-24.8
480.7,-25.6,-24.9
480.8,-24.8,-24.9
480.9,-26.1,-25.0
481.0,-26.0,-25.0
481.1,-25.7,-24.9
481.2,-26.6,-24.9
481.3,-26.5,-25.1
481.4,-26.6,-25.3
481.5,-27.1,-25.3
481.6,-27.7,-25.6
481.7,-28.2,-25.7
481.8,-28.0,-26.0
481.9,-28.4,-26.1
482.0,-26.8,-26.1
482.1,-25.1,-26.0
482.2,-24.5,-25.9
482.3,-23.3,-25.6
482.4,-23.3,-25.7
482.5,-22.9,-25.4
482.6,-22.5,-25.2
482.7,-22.9,-25.1
482.8,-22.2,-24.9
482.9,-22.4,-24.7
483.0,-20.3,-24.1
483.1,-19.3,-23.7
483.2,-18.9,-23.4
483.3,-18.0,-23.0
483.4,-18.9,-22.8
483.5,-18.9,-22.5
483.6,-19.1,-22.4
483.7,-20.4,-22.3
483.8,-20.3,-22.2
483.9,-21.5,-22.1
484.0,-22.6,-22.1
484.1,-22.3,-22.0
484.2,-23.3,-22.0
484.3,-23.3,-21.9
484.4,-22.1,-21.7
484.5,-21.8,-21.6
484.6,-21.1,-21.4
484.7,-20.5,-21.3
484.8,-20.3,-21.1
484.9,-20.1,-21.0
485.0,-19.5,-20.7
485.1,-19.4,-20.6
485.2,-19.1,-20.5
485.3,-19.3,-20.5
485.4,-20.3,-20.4
485.5,-21.1,-20.5
485.6,-22.4,-20.5
485.7,-22.5,-20.4
485.8,-22.7,-20.5
485.9,-22.8,-20.5
486.0,-23.2,-20.8
486.1,-24.4,-21.0
486.2,-25.2,-21.2
486.3,-26.1,-21.5
486.4,-26.6,-21.6
486.5,-26.9,-21.9
486.6,-26.9,-22.0
486.7,-27.5,-22.1
486.8,-27.9,-22.3
486.9,-28.5,-22.4
487.0,-29.1,-22.5
487.1,-29.4,-22.6
487.2,-29.6,-22.7
487.3,-29.5,-22.8
487.4,-29.7,-23.0
487.5,-30.3,-23.2
487.6,-30.8,-23.5
487.7,-31.5,-23.8
487.8,-31.9,-24.2
487.9,-32.1,-24.5
488.0,-32.7,-25.2
488.1,-32.7,-25.7
488.2,-33.5,-26.4
488.3,-33.7,-26.9
488.4,-33.8,-27.3
488.5,-34.4,-27.7
488.6,-34.1,-28.1
488.7,-34.6,-28.8
488.8,-34.4,-29.2
488.9,-34.4,-29.8
489.0,-34.9,-30.2
489.1,-34.5,-30.5
489.2,-35.2,-30.8
489.3,-35.2,-31.1
489.4,-35.1,-31.5
489.5,-35.4,-31.8
489.6,-35.0,-32.1
489.7,-35.5,-32.5
489.8,-35.3,-32.7
489.9,-35.7,-32.9
490.0,-35.9,-33.2
490.1,-35.7,-33.5
490.2,-36.0,-33.8
490.3,-35.6,-34.0
490.4,-36.1,-34.3
490.5,-35.9,-34.4
490.6,-35.9,-34.6
490.7,-36.2,-34.8
490.8,-35.8,-34.9
490.9,-36.2,-35.1
491.0,-36.1,-35.2
491.1,-36.0,-35.3
491.2,-36.4,-35.4
491.3,-36.1,-35.4
491.4,-36.6,-35.5
491.5,-36.7,-35.6
491.6,-36.7,-35.7
491.7,-36.9,-35.8
491.8,-36.2,-35.8
491.9,-36.5,-35.9
492.0,-36.3,-35.9
492.1,-36.3,-36.0
492.2,-36.4,-36.0
492.3,-35.9,-36.0
492.4,-35.8,-36.0
492.5,-35.4,-36.0
492.6,-35.2,-36.0
492.7,-35.3,-36.0
492.8,-35.1,-36.0
492.9,-35.6,-36.0
493.0,-35.6,-36.0
493.1,-35.3,-35.9
493.2,-35.5,-35.9
493.3,-35.2,-35.9
493.4,-35.1,-35.9
493.5,-35.2,-35.8
493.6,-35.0,-35.8
493.7,-35.0,-35.8
493.8,-34.6,-35.7
493.9,-34.3,-35.6
494.0,-34.1,-35.5
494.1,-33.4,-35.3
494.2,-33.2,-35.2
494.3,-32.9,-35.0
494.4,-32.2,-34.8
494.5,-32.0,-34.6
494.6,-31.9,-34.4
494.7,-31.7,-34.2
494.8,-31.8,-34.1
494.9,-31.7,-33.9
495.0,-31.5,-33.7
495.1,-31.4,-33.5
495.2,-31.1,-33.3
495.3,-31.3,-33.2
495.4,-31.3,-33.1
495.5,-31.1,-33.0
495.6,-31.3,-32.8
495.7,-31.0,-32.7
495.8,-31.0,-32.6
495.9,-31.0,-32.4
496.0,-30.9,-32.3
496.1,-31.4,-32.2
496.2,-31.1,-32.1
496.3,-31.2,-32.0
496.4,-31.2,-31.9
496.5,-30.7,-31.7
496.6,-30.8,-31.6
496.7,-30.3,-31.4
496.8,-30.3,-31.4
496.9,-30.3,-31.3
497.0,-30.1,-31.2
497.1,-30.2,-31.0
497.2,-29.8,-30.9
497.3,-29.6,-30.8
497.4,-29.3,-30.7
497.5,-29.3,-30.7
497.6,-29.4,-30.6
497.7,-29.1,-30.5
497.8,-29.0,-30.3
497.9,-28.8,-30.3
498.0,-28.5,-30.2
498.1,-28.5,-30.0
498.2,-28.2,-29.9
498.3,-27.7,-29.7
498.4,-27.1,-29.5
498.5,-26.3,-29.2
498.6,-25.4,-28.8
498.7,-24.4,-28.4
498.8,-22.9,-27.7
498.9,-21.5,-26.9
499.0,-20.0,-26.0
499.1,-18.8,-25.0
499.2,-17.6,-24.1
499.3,-16.6,-23.1
499.4,-15.7,-22.2
499.5,-15.1,-21.4
499.6,-15.0,-20.9
499.7,-15.3,-20.6
499.8,-15.7,-20.2
499.9,-16.4,-19.9
500.0,-16.9,-19.7
500.1,-17.4,-19.6
500.2,-18.8,-19.5
500.3,-20.6,-19.5
500.4,-23.1,-19.5
500.5,-22.6,-19.4
500.6,-21.6,-19.3
500.7,-20.9,-19.2
500.8,-20.4,-19.1
500.9,-21.2,-19.1
501.0,-22.2,-19.0
501.1,-22.8,-19.0
501.2,-23.5,-19.0
501.3,-24.9,-19.0
501.4,-21.6,-18.8
501.5,-20.8,-18.7
501.6,-20.4,-18.7
501.7,-20.0,-18.7
501.8,-21.1,-18.7
501.9,-21.8,-18.8
502.0,-22.0,-18.9
502.1,-22.3,-19.0
502.2,-24.1,-19.3
502.3,-21.0,-19.4
502.4,-20.1,-19.7
502.5,-19.6,-20.1
502.6,-18.9,-20.4
502.7,-19.7,-20.5
502.8,-20.3,-20.8
502.9,-20.7,-21.1
503.0,-21.3,-21.3
503.1,-22.6,-21.4
503.2,-21.4,-21.2
503.3,-20.8,-21.1
503.4,-20.2,-20.9
503.5,-19.6,-21.0
503.6,-19.7,-20.9
503.7,-19.8,-20.9
503.8,-20.4,-21.0
503.9,-21.2,-21.0
504.0,-21.7,-20.9
504.1,-21.5,-20.8
504.2,-21.0,-20.7
504.3,-20.3,-20.6
504.4,-20.4,-20.7
504.5,-20.1,-20.7
504.6,-19.9,-20.6
504.7,-20.5,-20.6
504.8,-21.4,-20.8
504.9,-21.9,-20.7
505.0,-21.0,-20.5
505.1,-20.4,-20.4
505.2,-19.7,-20.3
505.3,-19.8,-20.5
505.4,-20.3,-20.6
505.5,-20.3,-20.5
505.6,-20.8,-20.6
505.7,-21.7,-20.8
505.8,-21.8,-20.7
505.9,-21.7,-20.7
506.0,-20.6,-20.5
506.1,-20.1,-20.5
506.2,-19.9,-20.5
506.3,-19.8,-20.5
506.4,-20.7,-20.6
506.5,-21.0,-20.7
506.6,-22.1,-20.9
506.7,-22.0,-20.8
506.8,-20.9,-20.7
506.9,-20.6,-20.6
507.0,-20.5,-20.7
507.1,-20.7,-20.7
507.2,-21.4,-20.7
507.3,-21.3,-20.7
507.4,-21.1,-20.8
507.5,-22.3,-21.0
507.6,-21.1,-20.9
507.7,-20.4,-20.7
507.8,-20.3,-20.7
507.9,-20.2,-20.8
508.0,-20.6,-20.8
508.1,-21.4,-20.9
508.2,-21.3,-20.9
508.3,-21.0,-20.9
508.4,-22.1,-21.0
508.5,-20.8,-21.0
508.6,-19.7,-20.7
508.7,-19.3,-20.6
508.8,-19.2,-20.7
508.9,-19.4,-20.6
509.0,-20.7,-20.7
509.1,-20.9,-20.7
509.2,-20.7,-20.8
509.3,-21.9,-20.9
509.4,-21.1,-20.8
509.5,-20.5,-20.6
509.6,-19.8,-20.5
509.7,-19.4,-20.5
509.8,-19.2,-20.5
509.9,-19.6,-20.5
510.0,-20.1,-20.4
510.1,-20.3,-20.5
510.2,-21.6,-20.5
510.3,-21.0,-20.5
510.4,-20.4,-20.4
510.5,-19.8,-20.2
510.6,-19.2,-20.3
510.7,-19.2,-20.3
510.8,-19.7,-20.3
510.9,-20.3,-20.2
511.0,-20.8,-20.3
511.1,-21.8,-20.3
511.2,-21.3,-20.3
511.3,-21.2,-20.2
511.4,-20.7,-20.1
511.5,-20.0,-20.2
511.6,-19.7,-20.3
511.7,-19.8,-20.3
511.8,-20.2,-20.3
511.9,-20.8,-20.4
512.0,-21.8,-20.4
512.1,-21.4,-20.4
512.2,-20.9,-20.3
512.3,-20.9,-20.3
512.4,-20.5,-20.3
512.5,-20.6,-20.4
512.6,-20.7,-20.5
512.7,-20.5,-20.5
512.8,-21.1,-20.6
512.9,-21.2,-20.6
513.0,-20.4,-20.5
513.1,-20.1,-20.4
513.2,-19.6,-20.3
513.3,-19.3,-20.4
513.4,-19.5,-20.4
513.5,-19.7,-20.4
513.6,-20.2,-20.5
513.7,-20.7,-20.6
513.8,-21.6,-20.6
513.9,-21.1,-20.5
514.0,-20.7,-20.5
514.1,-20.7,-20.5
514.2,-20.1,-20.4
514.3,-20.1,-20.4
514.4,-20.2,-20.4
514.5,-20.4,-20.5
514.6,-21.2,-20.6
514.7,-21.9,-20.6
514.8,-21.0,-20.5
514.9,-20.5,-20.5
515.0,-20.5,-20.5
515.1,-20.1,-20.5
515.2,-20.5,-20.5
515.3,-20.5,-20.4
515.4,-20.4,-20.5
515.5,-21.0,-20.5
515.6,-21.1,-20.5
515.7,-20.1,-20.4
515.8,-19.3,-20.2
515.9,-19.2,-20.2
516.0,-19.0,-20.3
516.1,-19.8,-20.3
516.2,-20.4,-20.3
516.3,-20.4,-20.4
516.4,-21.5,-20.5
516.5,-21.4,-20.5
516.6,-20.9,-20.4
516.7,-20.2,-20.3
516.8,-19.8,-20.3
516.9,-19.3,-20.3
517.0,-19.6,-20.3
517.1,-19.9,-20.2
517.2,-20.0,-20.3
517.3,-21.1,-20.4
517.4,-21.4,-20.4
517.5,-21.5,-20.4
517.6,-20.8,-20.3
517.7,-20.1,-20.2
517.8,-19.5,-20.2
517.9,-19.6,-20.2
518.0,-20.0,-20.2
518.1,-20.3,-20.2
518.2,-21.4,-20.3
518.3,-20.8,-20.3
518.4,-20.2,-20.2
518.5,-20.4,-20.2
518.6,-20.1,-20.2
518.7,-20.4,-20.3
518.8,-20.7,-20.4
518.9,-20.5,-20.4
519.0,-20.9,-20.5
519.1,-21.4,-20.5
519.2,-20.8,-20.4
519.3,-20.5,-20.4
519.4,-20.0,-20.3
519.5,-19.5,-20.3
519.6,-19.3,-20.2
519.7,-19.4,-20.2
519.8,-19.7,-20.3
519.9,-20.1,-20.4
520.0,-21.1,-20.4
520.1,-20.7,-20.4
520.2,-20.0,-20.3
520.3,-19.8,-20.2
520.4,-19.3,-20.1
520.5,-19.0,-20.0
520.6,-18.9,-20.0
520.7,-18.7,-20.0
520.8,-18.5,-20.0
520.9,-18.6,-19.9
521.0,-17.8,-19.6
521.1,-17.5,-19.5
521.2,-17.8,-19.5
521.3,-18.1,-19.5
521.4,-19.1,-19.5
521.5,-19.8,-19.4
521.6,-20.1,-19.5
521.7,-20.8,-19.5
521.8,-21.6,-19.6
521.9,-21.1,-19.5
522.0,-20.1,-19.4
522.1,-19.9,-19.4
522.2,-19.6,-19.4
522.3,-20.0,-19.4
522.4,-20.7,-19.5
522.5,-21.0,-19.5
522.6,-21.8,-19.7
522.7,-22.1,-19.7
522.8,-21.4,-19.7
522.9,-20.5,-19.6
523.0,-20.3,-19.6
523.1,-20.1,-19.7
523.2,-20.8,-19.7
523.3,-21.7,-19.8
523.4,-21.8,-19.9
523.5,-22.5,-20.1
523.6,-22.5,-20.2
523.7,-21.6,-20.2
523.8,-21.2,-20.3
523.9,-21.0,-20.4
524.0,-20.7,-20.7
524.1,-21.5,-20.9
524.2,-22.0,-20.9
524.3,-22.2,-21.1
524.4,-23.1,-21.2
524.5,-23.4,-21.3
524.6,-23.3,-21.3
524.7,-23.3,-21.3
524.8,-23.1,-21.4
524.9,-22.9,-21.5
525.0,-23.0,-21.7
525.1,-23.5,-21.8
525.2,-22.8,-21.9
525.3,-20.9,-21.7
525.4,-18.6,-21.3
525.5,-17.8,-21.1
525.6,-17.6,-21.0
525.7,-18.1,-20.9
525.8,-19.6,-21.0
525.9,-20.6,-21.1
526.0,-21.3,-21.1
526.1,-22.7,-21.3
526.2,-24.3,-21.4
526.3,-24.3,-21.4
526.4,-24.7,-21.4
526.5,-25.0,-21.5
526.6,-24.5,-21.5
526.7,-24.7,-21.7
526.8,-24.9,-21.8
526.9,-24.3,-21.8
527.0,-24.0,-21.9
527.1,-24.3,-22.0
527.2,-22.0,-21.8
527.3,-21.9,-21.8
527.4,-22.2,-21.8
527.5,-22.3,-21.8
527.6,-24.6,-21.9
527.7,-24.8,-21.9
527.8,-24.9,-22.0
527.9,-24.9,-22.0
528.0,-24.5,-22.0
528.1,-24.4,-22.0
528.2,-23.9,-22.1
528.3,-24.1,-22.4
528.4,-24.8,-23.1
528.5,-24.9,-23.4
528.6,-25.6,-23.7
528.7,-25.5,-24.0
528.8,-25.3,-24.1
528.9,-24.5,-24.1
529.0,-23.9,-24.2
529.1,-23.7,-24.1
529.2,-23.6,-24.0
529.3,-24.3,-24.1
529.4,-24.8,-24.2
529.5,-25.2,-24.1
529.6,-25.8,-24.2
529.7,-26.6,-24.3
529.8,-26.3,-24.3
529.9,-25.9,-24.3
530.0,-25.3,-24.3
530.1,-25.2,-24.4
530.2,-25.0,-24.8
530.3,-25.0,-24.9
530.4,-25.5,-24.9
530.5,-25.5,-24.9
530.6,-26.3,-25.0
530.7,-26.4,-25.1
530.8,-25.9,-25.0
530.9,-25.6,-25.0
531.0,-25.3,-25.2
531.1,-25.3,-25.2
531.2,-25.3,-25.2
531.3,-25.5,-25.2
531.4,-25.6,-25.3
531.5,-26.1,-25.3
531.6,-26.2,-25.3
531.7,-25.3,-25.2
531.8,-24.8,-25.2
531.9,-24.8,-25.4
532.0,-24.6,-25.4
532.1,-25.2,-25.4
532.2,-25.7,-25.5
532.3,-25.8,-25.6
532.4,-26.5,-25.6
532.5,-26.5,-25.6
532.6,-25.7,-25.5
532.7,-25.0,-25.4
532.8,-24.5,-25.4
532.9,-24.3,-25.4
533.0,-24.5,-25.4
533.1,-24.5,-25.3
533.2,-24.5,-25.3
533.3,-24.6,-25.3
533.4,-24.4,-25.2
533.5,-24.2,-25.1
533.6,-24.1,-25.0
533.7,-24.1,-25.0
533.8,-24.2,-25.0
533.9,-24.8,-25.0
534.0,-25.2,-25.0
534.1,-25.2,-25.0
534.2,-25.3,-25.0
534.3,-24.3,-24.8
534.4,-24.1,-24.8
534.5,-23.8,-24.7
534.6,-23.8,-24.7
534.7,-24.4,-24.7
534.8,-24.2,-24.7
534.9,-24.8,-24.7
535.0,-25.1,-24.7
535.1,-25.1,-24.7
535.2,-24.2,-24.5
535.3,-23.6,-24.4
535.4,-22.9,-24.3
535.5,-22.6,-24.2
535.6,-23.2,-24.2
535.7,-23.3,-24.2
535.8,-23.5,-24.1
535.9,-23.6,-24.1
536.0,-23.2,-24.0
536.1,-22.8,-23.9
536.2,-22.7,-23.9
536.3,-22.5,-23.8
536.4,-22.5,-23.7
536.5,-22.7,-23.7
536.6,-22.7,-23.7
536.7,-22.9,-23.6
536.8,-22.8,-23.5
536.9,-22.7,-23.4
537.0,-22.4,-23.3
537.1,-22.2,-23.2
537.2,-22.3,-23.2
537.3,-22.3,-23.2
537.4,-22.5,-23.1
537.5,-22.3,-23.0
537.6,-22.5,-23.0
537.7,-22.7,-23.0
537.8,-22.6,-22.9
537.9,-22.8,-22.8
538.0,-22.7,-22.8
538.1,-22.7,-22.7
538.2,-22.9,-22.7
538.3,-23.1,-22.7
538.4,-23.2,-22.8
538.5,-23.2,-22.8
538.6,-23.5,-22.8
538.7,-23.1,-22.7
538.8,-22.7,-22.7
538.9,-22.6,-22.7
539.0,-22.2,-22.6
539.1,-22.4,-22.7
539.2,-22.8,-22.7
539.3,-22.7,-22.7
539.4,-23.0,-22.7
539.5,-22.9,-22.7
539.6,-22.6,-22.7
539.7,-22.2,-22.6
539.8,-22.1,-22.6
539.9,-22.1,-22.6
540.0,-22.1,-22.6
540.1,-22.4,-22.6
540.2,-22.6,-22.6
540.3,-22.6,-22.7
540.4,-22.8,-22.7
540.5,-22.7,-22.7
540.6,-22.1,-22.6
540.7,-22.1,-22.6
540.8,-22.0,-22.6
540.9,-22.1,-22.6
541.0,-22.6,-22.6
541.1,-22.5,-22.6
541.2,-22.6,-22.6
541.3,-22.7,-22.5
541.4,-22.5,-22.5
541.5,-22.1,-22.4
541.6,-21.7,-22.3
541.7,-21.0,-22.2
541.8,-20.6,-22.1
541.9,-19.6,-21.9
542.0,-18.3,-21.5
542.1,-18.0,-21.3
542.2,-18.0,-21.2
542.3,-18.2,-21.1
542.4,-19.4,-21.0
542.5,-20.4,-21.0
542.6,-20.7,-21.0
542.7,-21.8,-21.0
542.8,-22.3,-21.1
542.9,-22.4,-21.1
543.0,-22.4,-21.0
543.1,-21.4,-20.9
543.2,-19.6,-20.7
543.3,-18.9,-20.6
543.4,-18.6,-20.5
543.5,-18.9,-20.4
543.6,-20.2,-20.5
543.7,-21.3,-20.5
543.8,-22.3,-20.5
543.9,-23.0,-20.5
544.0,-22.9,-20.5
544.1,-22.8,-20.5
544.2,-22.4,-20.5
544.3,-22.3,-20.5
544.4,-21.9,-20.4
544.5,-22.1,-20.5
544.6,-22.5,-20.5
544.7,-22.7,-20.6
544.8,-22.9,-20.7
544.9,-22.5,-20.9
545.0,-21.9,-21.1
545.1,-21.8,-21.3
545.2,-21.7,-21.3
545.3,-21.6,-21.5
545.4,-21.8,-21.5
545.5,-21.9,-21.5
545.6,-22.1,-21.5
545.7,-21.9,-21.5
545.8,-21.9,-21.5
545.9,-21.4,-21.4
546.0,-21.1,-21.4
546.1,-21.4,-21.5
546.2,-21.2,-21.7
546.3,-21.5,-21.9
546.4,-21.7,-22.0
546.5,-21.6,-22.0
546.6,-22.0,-22.0
546.7,-22.3,-22.0
546.8,-22.6,-22.0
546.9,-21.3,-21.8
547.0,-18.7,-21.3
547.1,-17.3,-20.9
547.2,-16.7,-20.8
547.3,-16.7,-20.6
547.4,-17.5,-20.5
547.5,-18.2,-20.3
547.6,-18.6,-20.2
547.7,-18.6,-20.1
547.8,-18.8,-20.0
547.9,-18.7,-19.9
548.0,-18.7,-19.8
548.1,-18.7,-19.7
548.2,-18.8,-19.6
548.3,-19.0,-19.6
548.4,-19.4,-19.5
548.5,-19.6,-19.5
548.6,-19.5,-19.4
548.7,-19.3,-19.3
548.8,-19.0,-19.2
548.9,-19.1,-19.2
549.0,-19.4,-19.2
549.1,-19.8,-19.1
549.2,-20.3,-19.1
549.3,-20.7,-19.1
549.4,-21.2,-19.1
549.5,-21.6,-19.2
549.6,-21.6,-19.1
549.7,-21.7,-19.1
549.8,-21.9,-19.1
549.9,-22.1,-19.2
550.0,-22.7,-19.5
550.1,-22.8,-19.8
550.2,-22.4,-19.9
550.3,-22.0,-20.0
550.4,-22.1,-20.2
550.5,-22.3,-20.3
550.6,-22.4,-20.4
550.7,-22.6,-20.5
550.8,-22.7,-20.7
550.9,-22.8,-20.9
551.0,-22.8,-21.0
551.1,-23.1,-21.1
551.2,-22.5,-21.2
551.3,-22.4,-21.4
551.4,-22.6,-21.4
551.5,-22.2,-21.5
551.6,-22.3,-21.7
551.7,-22.2,-21.8
551.8,-21.8,-22.0
551.9,-22.2,-22.1
552.0,-22.5,-22.2
552.1,-22.3,-22.3
552.2,-22.7,-22.3
552.3,-22.7,-22.4
552.4,-22.1,-22.3
552.5,-22.2,-22.4
552.6,-21.8,-22.4
552.7,-21.8,-22.4
552.8,-22.0,-22.3
552.9,-21.7,-22.3
553.0,-21.3,-22.2
553.1,-21.0,-22.1
553.2,-20.2,-22.0
553.3,-19.7,-21.9
553.4,-19.7,-21.8
553.5,-19.4,-21.6
553.6,-19.7,-21.5
553.7,-19.4,-21.4
553.8,-19.1,-21.2
553.9,-19.1,-21.1
554.0,-18.9,-21.0
554.1,-19.2,-20.8
554.2,-19.4,-20.8
554.3,-19.2,-20.6
554.4,-19.6,-20.6
554.5,-19.7,-20.5
554.6,-19.7,-20.4
554.7,-19.7,-20.3
554.8,-19.8,-20.3
554.9,-19.9,-20.2
555.0,-20.2,-20.2
555.1,-20.3,-20.1
555.2,-19.3,-19.9
555.3,-19.4,-19.9
555.4,-19.5,-19.9
555.5,-19.2,-19.8
555.6,-20.2,-19.8
555.7,-20.0,-19.7
555.8,-19.7,-19.7
555.9,-20.3,-19.7
556.0,-20.9,-19.7
556.1,-20.5,-19.6
556.2,-20.0,-19.6
556.3,-19.7,-19.7
556.4,-18.9,-19.6
556.5,-19.0,-19.6
556.6,-19.9,-19.7
556.7,-20.5,-19.8
556.8,-21.1,-19.9
556.9,-21.9,-19.9
557.0,-21.3,-20.0
557.1,-21.3,-20.1
557.2,-21.8,-20.1
557.3,-21.7,-20.2
557.4,-21.5,-20.2
557.5,-20.7,-20.2
557.6,-20.4,-20.2
557.7,-20.4,-20.3
557.8,-20.1,-20.3
557.9,-20.6,-20.3
558.0,-20.7,-20.3
558.1,-18.9,-20.1
558.2,-17.7,-19.9
558.3,-16.5,-19.7
558.4,-15.9,-19.5
558.5,-15.9,-19.4
558.6,-16.7,-19.3
558.7,-17.2,-19.2
558.8,-17.5,-19.1
558.9,-18.1,-19.1
559.0,-18.1,-19.0
559.1,-17.8,-18.8
559.2,-17.9,-18.9
559.3,-18.2,-18.9
559.4,-18.4,-18.9
559.5,-19.8,-18.9
559.6,-20.6,-18.9
559.7,-20.7,-18.9
559.8,-21.0,-18.9
559.9,-21.1,-18.9
560.0,-20.7,-18.9
560.1,-21.1,-18.9
560.2,-21.5,-18.9
560.3,-21.5,-18.9
560.4,-21.5,-18.9
560.5,-21.3,-18.9
560.6,-21.0,-18.9
560.7,-21.3,-18.9
560.8,-22.1,-19.0
560.9,-22.5,-19.0
561.0,-22.8,-19.1
561.1,-22.7,-19.3
561.2,-21.7,-19.5
561.3,-21.8,-19.9
561.4,-20.6,-19.9
561.5,-20.0,-20.1
561.6,-20.3,-20.2
561.7,-20.0,-20.4
561.8,-20.6,-20.5
561.9,-21.0,-20.6
562.0,-21.3,-20.7
562.1,-20.8,-21.0
562.2,-19.4,-20.8
562.3,-18.7,-20.7
562.4,-18.1,-20.7
562.5,-18.0,-20.6
562.6,-18.3,-20.4
562.7,-17.0,-20.0
562.8,-15.0,-19.3
562.9,-13.5,-18.6
563.0,-12.9,-18.3
563.1,-12.9,-18.0
563.2,-13.7,-17.8
563.3,-15.3,-17.8
563.4,-16.5,-17.8
563.5,-18.0,-17.7
563.6,-19.0,-17.7
563.7,-19.1,-17.6
563.8,-18.9,-17.5
563.9,-18.5,-17.4
564.0,-18.3,-17.4
564.1,-18.3,-17.3
564.2,-18.3,-17.3
564.3,-18.6,-17.2
564.4,-18.9,-17.2
564.5,-19.5,-17.3
564.6,-20.6,-17.3
564.7,-22.2,-17.3
564.8,-21.7,-17.3
564.9,-21.3,-17.3
565.0,-20.9,-17.3
565.1,-20.8,-17.3
565.2,-21.6,-17.4
565.3,-22.2,-17.5
565.4,-22.2,-17.6
565.5,-22.4,-17.6
565.6,-22.1,-17.7
565.7,-21.5,-18.0
565.8,-21.2,-18.4
565.9,-20.8,-19.1
566.0,-20.5,-19.5
566.1,-20.3,-19.9
566.2,-20.4,-20.1
566.3,-20.3,-20.1
566.4,-20.2,-20.2
566.5,-20.1,-20.2
566.6,-20.0,-20.2
566.7,-19.9,-20.2
566.8,-20.1,-20.4
566.9,-20.0,-20.5
567.0,-20.0,-20.5
567.1,-20.0,-20.6
567.2,-20.4,-20.7
567.3,-21.2,-20.9
567.4,-21.9,-21.0
567.5,-23.1,-21.0
567.6,-23.4,-21.0
567.7,-23.3,-21.0
567.8,-23.6,-21.1
567.9,-23.0,-21.2
568.0,-22.5,-21.2
568.1,-22.1,-21.2
568.2,-21.3,-21.1
568.3,-20.9,-21.0
568.4,-20.5,-21.0
568.5,-20.5,-21.0
568.6,-20.8,-21.0
568.7,-21.2,-21.0
568.8,-21.8,-21.1
568.9,-22.1,-21.1
569.0,-22.6,-21.2
569.1,-23.0,-21.3
569.2,-23.4,-21.4
569.3,-23.8,-21.5
569.4,-24.0,-21.7
569.5,-24.1,-21.8
569.6,-24.1,-21.9
569.7,-24.2,-22.1
569.8,-24.3,-22.2
569.9,-24.7,-22.4
570.0,-25.0,-22.6
570.1,-25.1,-22.8
570.2,-25.3,-22.8
570.3,-25.0,-22.9
570.4,-25.1,-23.0
570.5,-25.3,-23.0
570.6,-25.5,-23.1
570.7,-26.1,-23.1
570.8,-26.7,-23.2
570.9,-26.8,-23.4
571.0,-27.2,-23.5
571.1,-27.2,-23.7
571.2,-27.1,-23.9
571.3,-27.5,-24.2
571.4,-27.5,-24.5
571.5,-27.6,-24.8
571.6,-27.8,-25.0
571.7,-27.7,-25.2
571.8,-27.8,-25.5
571.9,-28.2,-25.7
572.0,-28.5,-25.9
572.1,-28.7,-26.0
572.2,-28.9,-26.2
572.3,-28.9,-26.3
572.4,-28.8,-26.5
572.5,-29.0,-26.7
572.6,-29.2,-26.9
572.7,-29.2,-27.1
572.8,-29.4,-27.2
572.9,-29.3,-27.3
573.0,-28.7,-27.4
573.1,-28.4,-27.6
573.2,-28.8,-27.8
573.3,-29.0,-28.0
573.4,-29.7,-28.2
573.5,-30.8,-28.3
573.6,-30.6,-28.5
573.7,-30.5,-28.6
573.8,-30.6,-28.7
573.9,-30.8,-28.9
574.0,-31.2,-29.0
574.1,-32.1,-29.1
574.2,-32.3,-29.3
574.3,-32.0,-29.4
574.4,-32.1,-29.6
574.5,-32.3,-29.7
574.6,-32.5,-29.9
574.7,-33.1,-30.1
574.8,-33.7,-30.2
574.9,-34.0,-30.4
575.0,-35.0,-30.5
575.1,-35.4,-30.7
575.2,-35.5,-30.9
575.3,-35.9,-31.1
575.4,-36.5,-31.3
575.5,-37.1,-31.5
575.6,-37.4,-31.7
575.7,-37.9,-31.9
575.8,-37.7,-32.2
575.9,-37.7,-32.4
576.0,-37.9,-32.9
576.1,-38.6,-33.3
576.2,-39.4,-33.5
576.3,-40.0,-33.8
576.4,-40.6,-34.1
576.5,-40.4,-34.3
576.6,-40.3,-34.7
576.7,-40.7,-35.1
576.8,-41.2,-35.5
576.9,-41.6,-35.8
577.0,-42.0,-36.1
577.1,-42.0,-36.4
577.2,-42.0,-36.8
577.3,-41.8,-37.2
577.4,-41.7,-37.6
577.5,-41.5,-37.9
577.6,-40.7,-38.3
577.7,-28.4,-35.0
577.8,-23.4,-31.4
577.9,-22.6,-30.7
578.0,-22.4,-30.6
578.1,-23.0,-30.3
578.2,-26.7,-30.1
578.3,-28.7,-30.0
578.4,-29.5,-30.0
578.5,-31.5,-30.0
578.6,-34.1,-30.0
578.7,-35.4,-30.0
578.8,-35.5,-29.9
578.9,-36.6,-29.9
579.0,-35.4,-29.9
579.1,-34.9,-29.9
579.2,-35.9,-29.9
579.3,-36.3,-29.9
579.4,-37.8,-29.9
579.5,-33.6,-29.7
579.6,-31.3,-29.5
579.7,-30.7,-29.4
579.8,-30.6,-29.4
579.9,-32.6,-29.4
580.0,-35.0,-29.4
580.1,-35.9,-29.3
580.2,-34.7,-29.3
580.3,-34.5,-29.3
580.4,-35.3,-29.3
580.5,-34.7,-29.2
580.6,-36.1,-29.2
580.7,-36.5,-29.9
580.8,-37.4,-32.3
580.9,-41.1,-33.2
581.0,-41.6,-33.7
581.1,-40.3,-34.3
581.2,-38.7,-34.8
581.3,-38.5,-35.1
581.4,-38.4,-35.2
581.5,-39.1,-35.4
581.6,-41.6,-35.5
581.7,-43.1,-35.5
581.8,-45.7,-35.7
581.9,-45.9,-35.8
582.0,-43.9,-36.0
582.1,-41.0,-36.0
582.2,-40.6,-36.1
582.3,-40.8,-36.1
582.4,-40.8,-36.2
582.5,-42.5,-37.0
582.6,-42.9,-38.2
582.7,-43.7,-38.7
582.8,-45.0,-38.9
582.9,-43.1,-38.8
583.0,-39.4,-39.0
583.1,-37.5,-39.1
583.2,-37.0,-39.5
583.3,-37.4,-39.7
583.4,-39.5,-40.0
583.5,-43.1,-40.7
583.6,-45.5,-40.9
583.7,-46.5,-40.9
583.8,-46.9,-41.0
583.9,-47.1,-41.1
584.0,-47.4,-41.2
584.1,-48.2,-41.5
584.2,-48.8,-42.0
584.3,-48.6,-42.2
584.4,-50.4,-42.4
584.5,-52.1,-42.6
584.6,-53.0,-42.6
584.7,-56.6,-42.6
584.8,-59.4,-42.7
584.9,-57.0,-42.8
585.0,-53.9,-43.0
585.1,-53.8,-43.5
585.2,-54.2,-43.7
585.3,-55.8,-43.8
585.4,-56.9,-44.1
585.5,-51.7,-44.2
585.6,-50.5,-44.3
585.7,-50.3,-44.3
585.8,-51.2,-44.5
585.9,-55.6,-45.0
586.0,-59.4,-46.5
586.1,-51.6,-48.5
586.2,-50.5,-49.8
586.3,-50.3,-50.5
586.4,-50.5,-50.8
586.5,-55.6,-51.1
586.6,-62.9,-51.7
586.7,-71.6,-52.2
586.8,-73.9,-52.6
586.9,-74.9,-52.8
587.0,-75.6,-53.6
587.1,-76.4,-54.0
587.2,-77.0,-54.2
587.3,-77.5,-54.7
587.4,-78.0,-55.0
587.5,-78.7,-55.0
587.6,-79.2,-55.1
587.7,-79.8,-55.1
587.8,-80.4,-55.2
587.9,-81.0,-55.4
588.0,-81.5,-55.9
588.1,-82.1,-55.9
588.2,-82.6,-56.0
588.3,-83.4,-56.0
588.4,-84.4,-56.4
588.5,-85.3,-57.9
588.6,-85.0,-58.7
588.7,-83.7,-58.9
588.8,-83.4,-58.9
588.9,-82.8,-58.9
589.0,-76.7,-59.2
589.1,-74.1,-64.2
589.2,-72.9,-70.8
589.3,-72.4,-76.2
589.4,-73.7,-77.0
589.5,-31.5,-40.3
589.6,-29.5,-38.2
589.7,-26.9,-35.7
589.8,-25.5,-34.2
589.9,-24.3,-32.3
590.0,-23.4,-31.2
590.1,-22.8,-30.1
590.2,-22.0,-29.1
590.3,-21.9,-28.4
590.4,-21.5,-27.7
590.5,-21.2,-27.0
590.6,-21.0,-26.4
590.7,-20.8,-25.9
590.8,-20.8,-25.5
590.9,-21.1,-25.2
591.0,-21.4,-24.9
591.1,-21.6,-24.6
591.2,-22.0,-24.4
591.3,-22.4,-24.2
591.4,-22.7,-24.0
591.5,-23.4,-23.9
591.6,-23.6,-23.7
591.7,-23.8,-23.6
591.8,-24.1,-23.5
591.9,-24.0,-23.4
592.0,-24.4,-23.3
592.1,-24.7,-23.2
592.2,-24.9,-23.1
592.3,-25.2,-23.0
592.4,-25.2,-22.9
592.5,-24.9,-22.9
592.6,-24.7,-22.8
592.7,-24.7,-22.8
592.8,-24.7,-22.8
592.9,-24.9,-22.9
593.0,-25.1,-23.0
593.1,-24.5,-23.0
593.2,-24.5,-23.2
593.3,-24.5,-23.3
593.4,-23.9,-23.3
593.5,-23.7,-23.4
593.6,-23.4,-23.6
593.7,-22.3,-23.6
593.8,-22.5,-23.7
593.9,-22.6,-23.8
594.0,-22.0,-23.7
594.1,-22.7,-23.8
594.2,-22.2,-23.7
594.3,-21.7,-23.6
594.4,-21.9,-23.6
594.5,-21.8,-23.5
594.6,-22.0,-23.5
594.7,-22.6,-23.5
594.8,-22.8,-23.4
594.9,-22.2,-23.3
595.0,-22.4,-23.2
595.1,-22.5,-23.2
595.2,-22.8,-23.2
595.3,-24.1,-23.2
595.4,-24.6,-23.2
595.5,-24.7,-23.2
595.6,-24.6,-23.2
595.7,-24.4,-23.1
595.8,-24.4,-23.1
595.9,-24.5,-23.1
596.0,-24.6,-23.1
596.1,-24.7,-23.2
596.2,-24.7,-23.1
596.3,-24.7,-23.1
596.4,-24.7,-23.2
596.5,-24.9,-23.3
596.6,-25.2,-23.3
596.7,-25.6,-23.5
596.8,-25.9,-23.6
596.9,-25.7,-23.6
597.0,-25.7,-23.8
597.1,-25.2,-23.8
597.2,-25.1,-24.0
597.3,-25.2,-24.2
597.4,-25.0,-24.3
597.5,-25.3,-24.4
597.6,-25.3,-24.5
597.7,-25.5,-24.6
597.8,-25.7,-24.7
597.9,-25.7,-24.9
598.0,-26.0,-25.1
598.1,-25.9,-25.1
598.2,-25.3,-25.1
598.3,-24.7,-25.0
598.4,-24.6,-25.1
598.5,-24.4,-25.1
598.6,-24.6,-25.1
598.7,-25.4,-25.2
598.8,-25.5,-25.2
598.9,-25.9,-25.3
599.0,-26.6,-25.4
599.1,-26.7,-25.4
599.2,-26.9,-25.5
599.3,-24.7,-25.3
599.4,-23.6,-25.2
599.5,-23.3,-25.1
599.6,-23.1,-25.1
599.7,-24.3,-25.1
599.8,-25.4,-25.1
599.9,-25.9,-25.2
600.0,-26.0,-25.2
600.1,-24.4,-25.0
600.2,-23.2,-24.8
600.3,-22.8,-24.8
600.4,-22.4,-24.7
600.5,-23.5,-24.7
600.6,-24.6,-24.7
600.7,-25.1,-24.7
600.8,-25.5,-24.7
600.9,-25.4,-24.7
601.0,-24.8,-24.6
601.1,-24.4,-24.5
601.2,-23.9,-24.5
601.3,-23.4,-24.5
601.4,-23.8,-24.5
601.5,-23.5,-24.4
601.6,-23.5,-24.3
601.7,-23.8,-24.3
601.8,-23.7,-24.2
601.9,-23.6,-24.1
602.0,-23.1,-23.9
602.1,-23.1,-23.9
602.2,-23.1,-23.8
602.3,-23.2,-23.9
602.4,-23.7,-24.0
602.5,-23.6,-23.9
602.6,-23.4,-23.8
602.7,-23.4,-23.8
602.8,-23.3,-23.7
602.9,-23.4,-23.6
603.0,-23.5,-23.6
603.1,-23.6,-23.7
603.2,-23.8,-23.8
603.3,-23.5,-23.8
603.4,-22.8,-23.6
603.5,-23.0,-23.6
603.6,-22.8,-23.6
603.7,-23.1,-23.5
603.8,-24.1,-23.5
603.9,-24.3,-23.5
604.0,-24.6,-23.5
604.1,-24.6,-23.5
604.2,-24.7,-23.6
604.3,-24.5,-23.6
604.4,-24.5,-23.6
604.5,-24.6,-23.7
604.6,-24.8,-23.7
604.7,-24.9,-23.8
604.8,-24.8,-23.8
604.9,-24.7,-23.8
605.0,-24.8,-24.0
605.1,-24.7,-24.0
605.2,-24.8,-24.0
605.3,-24.8,-24.0
605.4,-24.8,-24.1
605.5,-24.9,-24.1
605.6,-25.0,-24.2
605.7,-25.1,-24.3
605.8,-24.9,-24.3
605.9,-24.8,-24.3
606.0,-24.4,-24.3
606.1,-24.1,-24.3
606.2,-24.0,-24.4
606.3,-24.1,-24.4
606.4,-24.1,-24.6
606.5,-23.9,-24.5
606.6,-23.1,-24.4
606.7,-20.3,-23.8
606.8,-19.5,-23.5
606.9,-19.2,-23.3
607.0,-19.3,-23.2
607.1,-21.3,-23.2
607.2,-22.7,-23.2
607.3,-24.1,-23.3
607.4,-24.9,-23.3
607.5,-25.5,-23.3
607.6,-25.0,-23.2
607.7,-23.8,-23.1
607.8,-18.8,-22.2
607.9,-17.4,-21.8
608.0,-16.9,-21.5
608.1,-16.8,-21.4
608.2,-18.9,-21.3
608.3,-20.3,-21.3
608.4,-21.5,-21.2
608.5,-22.3,-21.2
608.6,-23.1,-21.2
608.7,-24.4,-21.2
608.8,-25.4,-21.3
608.9,-25.9,-21.3
609.0,-26.3,-21.3
609.1,-26.7,-21.4
609.2,-26.6,-21.4
609.3,-26.7,-21.4
609.4,-26.7,-21.5
609.5,-26.6,-21.5
609.6,-26.7,-21.6
609.7,-26.6,-22.0
609.8,-26.9,-22.3
609.9,-26.9,-22.4
610.0,-27.0,-22.5
610.1,-27.2,-22.6
610.2,-27.3,-22.6
610.3,-27.9,-22.7
610.4,-28.4,-22.7
610.5,-29.2,-22.8
610.6,-30.0,-22.9
610.7,-30.2,-23.0
610.8,-30.4,-24.3
610.9,-30.4,-25.3
611.0,-30.4,-25.9
611.1,-30.4,-26.4
611.2,-30.5,-26.8
611.3,-30.9,-27.3
611.4,-31.1,-27.7
611.5,-31.2,-27.9
611.6,-31.1,-28.1
611.7,-30.7,-28.3
611.8,-30.5,-28.4
611.9,-30.6,-28.6
612.0,-31.0,-28.8
612.1,-31.0,-28.9
612.2,-30.8,-29.0
612.3,-30.6,-29.1
612.4,-30.0,-29.3
612.5,-29.4,-29.4
612.6,-29.3,-29.5
612.7,-29.1,-29.6
612.8,-29.6,-29.8
612.9,-30.5,-30.0
613.0,-30.9,-30.1
613.1,-31.3,-30.3
613.2,-31.4,-30.5
613.3,-31.0,-30.5
613.4,-30.9,-30.5
613.5,-30.6,-30.5
613.6,-30.6,-30.5
613.7,-31.1,-30.6
613.8,-31.7,-30.7
613.9,-32.6,-30.8
614.0,-33.2,-30.8
614.1,-33.6,-30.9
614.2,-33.7,-31.0
614.3,-33.7,-31.0
614.4,-33.9,-31.1
614.5,-34.0,-31.2
614.6,-34.2,-31.3
614.7,-34.3,-31.4
614.8,-33.7,-31.5
614.9,-33.2,-31.5
615.0,-32.3,-31.4
615.1,-30.9,-31.4
615.2,-27.8,-30.8
615.3,-27.7,-30.8
615.4,-27.6,-30.9
615.5,-26.0,-30.4
615.6,-25.0,-29.6
615.7,-25.2,-29.7
615.8,-25.4,-29.8
615.9,-27.0,-29.8
616.0,-33.3,-29.8
616.1,-33.2,-29.9
616.2,-32.7,-29.9
616.3,-32.9,-29.9
616.4,-32.9,-30.0
616.5,-32.9,-30.1
616.6,-33.2,-30.1
616.7,-33.4,-30.1
616.8,-33.1,-30.1
616.9,-33.1,-30.1
617.0,-33.1,-30.1
617.1,-32.6,-30.1
617.2,-32.8,-30.1
617.3,-33.0,-30.1
617.4,-33.2,-30.1
617.5,-33.7,-30.0
617.6,-33.9,-30.0
617.7,-31.9,-29.9
617.8,-30.8,-29.8
617.9,-30.7,-29.8
618.0,-30.7,-29.9
618.1,-31.8,-30.0
618.2,-32.8,-30.5
618.3,-32.9,-30.5
618.4,-32.8,-30.6
618.5,-32.9,-31.3
618.6,-33.0,-32.7
618.7,-32.8,-32.6
618.8,-32.3,-32.5
618.9,-31.9,-32.5
619.0,-30.6,-32.3
619.1,-28.9,-31.9
619.2,-29.0,-31.8
619.3,-29.2,-31.9
619.4,-30.3,-31.9
619.5,-33.2,-31.9
619.6,-33.8,-31.9
619.7,-33.3,-31.9
619.8,-33.1,-31.9
619.9,-33.0,-31.9
620.0,-33.0,-31.9
620.1,-31.2,-31.7
620.2,-31.1,-31.7
620.3,-29.9,-31.4
620.4,-29.7,-31.4
620.5,-30.4,-31.3
620.6,-29.8,-31.2
620.7,-29.9,-31.2
620.8,-29.7,-31.2
620.9,-30.2,-31.2
621.0,-31.0,-31.2
621.1,-32.4,-31.2
621.2,-33.4,-31.2
621.3,-33.2,-31.2
621.4,-32.8,-31.2
621.5,-32.5,-31.2
621.6,-31.8,-31.1
621.7,-31.5,-31.1
621.8,-31.5,-31.1
621.9,-31.2,-31.1
622.0,-31.5,-31.3
622.1,-31.6,-31.5
622.2,-27.2,-30.6
622.3,-24.1,-29.5
622.4,-21.1,-27.8
622.5,-20.4,-27.3
622.6,-19.8,-26.6
622.7,-20.3,-26.4
622.8,-22.2,-26.2
622.9,-22.5,-25.9
623.0,-22.7,-25.5
623.1,-21.7,-25.1
623.2,-21.5,-24.9
623.3,-21.8,-24.8
623.4,-23.1,-24.8
623.5,-25.4,-24.7
623.6,-26.9,-24.7
623.7,-28.5,-24.8
623.8,-29.7,-24.8
623.9,-28.5,-24.7
624.0,-26.6,-24.5
624.1,-24.9,-24.3
624.2,-24.2,-24.2
624.3,-24.7,-24.2
624.4,-25.9,-24.2
624.5,-28.1,-24.2
624.6,-29.8,-24.2
624.7,-30.5,-24.2
624.8,-31.1,-24.2
624.9,-31.4,-24.2
625.0,-31.4,-24.2
625.1,-31.5,-24.2
625.2,-31.2,-24.3
625.3,-31.3,-24.7
625.4,-31.5,-25.4
625.5,-31.2,-25.7
625.6,-30.9,-26.2
625.7,-30.8,-26.4
625.8,-30.5,-26.5
625.9,-30.3,-26.8
626.0,-30.2,-27.4
626.1,-29.5,-28.1
626.2,-28.8,-28.4
626.3,-22.9,-27.3
626.4,-21.1,-26.6
626.5,-20.1,-26.1
626.6,-19.4,-25.6
626.7,-20.3,-25.3
626.8,-21.5,-25.2
626.9,-22.8,-25.3
627.0,-24.3,-25.3
627.1,-26.0,-25.5
627.2,-26.1,-25.5
627.3,-25.7,-25.4
627.4,-25.6,-25.3
627.5,-25.4,-25.2
627.6,-25.1,-25.1
627.7,-24.6,-24.9
627.8,-24.1,-24.7
627.9,-24.2,-24.7
628.0,-24.4,-24.6
628.1,-24.8,-24.5
628.2,-24.2,-24.2
628.3,-24.3,-24.2
628.4,-24.6,-24.2
628.5,-25.3,-24.1
628.6,-27.5,-24.1
628.7,-27.6,-24.0
628.8,-27.2,-24.0
628.9,-26.2,-23.9
629.0,-24.8,-23.8
629.1,-24.6,-23.7
629.2,-23.9,-23.6
629.3,-23.2,-24.0
629.4,-24.1,-24.3
629.5,-24.5,-24.7
629.6,-25.6,-25.0
629.7,-27.7,-25.2
629.8,-28.0,-25.3
629.9,-28.0,-25.3
630.0,-28.0,-25.4
630.1,-28.8,-25.5
630.2,-29.3,-25.5
630.3,-29.3,-25.6
630.4,-30.0,-25.7
630.5,-30.0,-25.9
630.6,-29.7,-26.0
630.7,-29.9,-26.2
630.8,-29.8,-26.4
630.9,-29.7,-26.5
631.0,-29.7,-26.6
631.1,-29.8,-26.8
631.2,-29.5,-27.1
631.3,-29.5,-27.3
631.4,-29.6,-27.3
631.5,-29.4,-27.3
631.6,-29.2,-27.3
631.7,-29.1,-27.4
631.8,-28.7,-27.4
631.9,-28.5,-27.6
632.0,-28.8,-28.0
632.1,-28.6,-28.1
632.2,-29.2,-28.5
632.3,-29.5,-29.1
632.4,-29.3,-29.1
632.5,-29.6,-29.1
632.6,-29.3,-29.2
632.7,-29.1,-29.3
632.8,-29.4,-29.3
632.9,-29.4,-29.4
633.0,-29.6,-29.4
633.1,-29.7,-29.4
633.2,-29.6,-29.4
633.3,-29.3,-29.4
633.4,-29.2,-29.3
633.5,-28.4,-29.2
633.6,-27.5,-29.0
633.7,-25.5,-28.6
633.8,-24.5,-28.2
633.9,-24.0,-28.0
634.0,-23.8,-27.8
634.1,-23.9,-27.5
634.2,-23.7,-27.2
634.3,-23.6,-26.9
634.4,-22.5,-26.5
634.5,-22.4,-26.2
634.6,-22.5,-26.0
634.7,-22.3,-25.8
634.8,-22.7,-25.5
634.9,-22.9,-25.4
635.0,-22.8,-25.2
635.1,-22.6,-25.0
635.2,-23.0,-24.8
635.3,-23.1,-24.7
635.4,-23.4,-24.6
635.5,-24.2,-24.5
635.6,-24.1,-24.4
635.7,-23.8,-24.2
635.8,-23.1,-24.0
635.9,-22.6,-23.8
636.0,-22.7,-23.7
636.1,-23.1,-23.7
636.2,-23.7,-23.6
636.3,-23.5,-23.4
636.4,-23.0,-23.3
636.5,-22.3,-23.1
636.6,-21.9,-23.0
636.7,-21.8,-22.9
636.8,-21.9,-22.9
636.9,-22.0,-22.8
637.0,-22.1,-22.8
637.1,-22.3,-22.7
637.2,-22.3,-22.7
637.3,-22.5,-22.7
637.4,-22.4,-22.7
637.5,-22.4,-22.7
637.6,-22.5,-22.7
637.7,-22.1,-22.7
637.8,-22.3,-22.7
637.9,-22.7,-22.7
638.0,-23.0,-22.7
638.1,-23.9,-22.8
638.2,-24.2,-22.8
638.3,-24.4,-22.8
638.4,-24.1,-22.8
638.5,-23.7,-22.8
638.6,-23.4,-22.7
638.7,-23.2,-22.8
638.8,-23.3,-22.9
638.9,-23.5,-22.9
639.0,-23.5,-22.8
639.1,-23.1,-22.8
639.2,-22.9,-22.8
639.3,-22.9,-22.8
639.4,-23.1,-22.9
639.5,-23.3,-22.9
639.6,-23.2,-22.9
639.7,-22.9,-23.0
639.8,-22.4,-22.9
639.9,-21.8,-22.9
640.0,-20.8,-22.7
640.1,-20.7,-22.7
640.2,-20.8,-22.7
640.3,-21.2,-22.7
640.4,-21.9,-22.6
640.5,-22.0,-22.6
640.6,-21.9,-22.6
640.7,-22.2,-22.7
640.8,-22.7,-22.7
640.9,-23.4,-22.7
641.0,-23.9,-22.7
641.1,-23.2,-22.6
641.2,-22.7,-22.5
641.3,-22.2,-22.5
641.4,-22.0,-22.4
641.5,-21.8,-22.4
641.6,-22.0,-22.4
641.7,-22.0,-22.3
641.8,-22.1,-22.3
641.9,-22.7,-22.3
642.0,-23.0,-22.3
642.1,-23.3,-22.3
642.2,-23.0,-22.3
642.3,-22.8,-22.3
642.4,-22.7,-22.3
642.5,-22.9,-22.3
642.6,-23.3,-22.3
642.7,-23.4,-22.3
642.8,-23.4,-22.4
642.9,-23.4,-22.5
643.0,-23.7,-22.7
643.1,-24.1,-22.8
643.2,-24.2,-22.8
643.3,-23.8,-22.9
643.4,-23.5,-22.9
643.5,-23.4,-23.0
643.6,-23.5,-23.1
643.7,-23.6,-23.0
643.8,-22.8,-22.9
643.9,-21.0,-22.6
644.0,-20.9,-22.6
644.1,-21.1,-22.7
644.2,-21.6,-22.8
644.3,-23.4,-22.8
644.4,-23.4,-22.8
644.5,-23.4,-22.9
644.6,-23.6,-23.0
644.7,-23.6,-23.0
644.8,-23.5,-23.0
644.9,-23.5,-23.0
645.0,-23.3,-23.0
645.1,-23.1,-23.0
645.2,-22.8,-23.0
645.3,-22.7,-23.0
645.4,-23.0,-23.1
645.5,-23.8,-23.1
645.6,-24.4,-23.1
645.7,-24.3,-23.1
645.8,-24.1,-23.1
645.9,-21.9,-22.9
646.0,-20.5,-22.6
646.1,-20.6,-22.6
646.2,-20.7,-22.6
646.3,-22.1,-22.7
646.4,-24.6,-22.7
646.5,-25.1,-22.7
646.6,-25.4,-22.8
646.7,-25.8,-22.9
646.8,-26.5,-23.0
646.9,-27.0,-23.4
647.0,-27.4,-23.5
647.1,-27.0,-23.6
647.2,-27.3,-23.7
647.3,-27.2,-23.8
647.4,-27.1,-23.9
647.5,-27.4,-24.0
647.6,-26.9,-24.0
647.7,-26.8,-24.1
647.8,-26.6,-24.2
647.9,-26.7,-24.3
648.0,-27.0,-24.4
648.1,-26.9,-24.6
648.2,-26.1,-24.7
648.3,-26.1,-24.8
648.4,-26.0,-24.8
648.5,-26.3,-24.9
648.6,-27.7,-25.0
648.7,-27.7,-25.1
648.8,-27.7,-25.2
648.9,-27.7,-25.8
649.0,-27.4,-26.5
649.1,-27.4,-26.7
649.2,-27.6,-26.8
649.3,-27.6,-26.9
649.4,-27.7,-27.0
649.5,-22.2,-26.0
649.6,-21.4,-25.7
649.7,-21.2,-25.7
649.8,-21.1,-25.6
649.9,-24.2,-25.6
650.0,-25.6,-25.5
650.1,-26.4,-25.6
650.2,-27.0,-25.6
650.3,-27.9,-25.6
650.4,-28.3,-25.6
650.5,-28.2,-25.7
650.6,-27.7,-25.7
650.7,-26.8,-25.6
650.8,-26.3,-25.6
650.9,-25.8,-25.5
651.0,-26.1,-25.6
651.1,-26.7,-25.6
651.2,-27.1,-25.7
651.3,-27.9,-25.7
651.4,-27.8,-25.8
651.5,-27.1,-25.7
651.6,-26.7,-25.6
651.7,-26.6,-25.6
651.8,-26.2,-25.6
651.9,-26.6,-25.6
652.0,-26.3,-25.5
652.1,-26.1,-25.5
652.2,-26.4,-25.5
652.3,-26.4,-25.5
652.4,-26.6,-25.4
652.5,-27.1,-26.4
652.6,-27.1,-26.7
652.7,-27.1,-26.8
652.8,-27.4,-26.9
652.9,-26.9,-26.9
653.0,-26.7,-26.9
653.1,-26.8,-26.9
653.2,-26.4,-26.8
653.3,-26.1,-26.7
653.4,-25.9,-26.6
653.5,-26.0,-26.6
653.6,-26.2,-26.6
653.7,-26.4,-26.6
653.8,-26.7,-26.6
653.9,-26.7,-26.7
654.0,-26.8,-26.7
654.1,-27.5,-26.7
654.2,-27.9,-26.7
654.3,-27.8,-26.7
654.4,-27.0,-26.6
654.5,-27.0,-26.7
654.6,-26.7,-26.7
654.7,-26.5,-26.7
654.8,-26.9,-26.7
654.9,-26.6,-26.7
655.0,-26.6,-26.8
655.1,-26.7,-26.8
655.2,-26.9,-26.8
655.3,-27.3,-26.8
655.4,-27.6,-26.9
655.5,-27.9,-26.9
655.6,-27.9,-26.9
655.7,-27.7,-26.9
655.8,-27.5,-26.9
655.9,-27.5,-26.9
656.0,-27.5,-27.0
656.1,-27.4,-27.0
656.2,-27.5,-27.0
656.3,-27.9,-27.2
656.4,-28.0,-27.3
656.5,-28.1,-27.3
656.6,-28.0,-27.3
656.7,-27.8,-27.4
656.8,-27.5,-27.4
656.9,-27.8,-27.4
657.0,-27.1,-27.3
657.1,-25.6,-27.1
657.2,-24.9,-26.9
657.3,-24.6,-26.9
657.4,-25.1,-27.0
657.5,-26.4,-27.0
657.6,-26.0,-26.8
657.7,-25.6,-26.7
657.8,-25.5,-26.8
657.9,-25.5,-26.8
658.0,-26.9,-26.9
658.1,-25.8,-26.6
658.2,-24.9,-26.5
658.3,-24.9,-26.4
658.4,-24.6,-26.4
658.5,-25.7,-26.3
658.6,-26.1,-26.3
658.7,-25.6,-26.2
658.8,-25.2,-26.1
658.9,-24.9,-26.0
659.0,-24.4,-25.8
659.1,-24.1,-25.7
659.2,-23.9,-25.6
659.3,-23.8,-25.4
659.4,-23.7,-25.3
659.5,-23.6,-25.1
659.6,-23.6,-25.0
659.7,-23.0,-24.8
659.8,-22.6,-24.6
659.9,-21.7,-24.3
660.0,-21.4,-24.2
660.1,-21.6,-24.1
660.2,-21.4,-24.0
660.3,-21.5,-23.8
660.4,-21.4,-23.6
660.5,-21.5,-23.5
660.6,-21.9,-23.4
660.7,-22.0,-23.3
660.8,-21.8,-23.1
660.9,-21.9,-23.0
661.0,-21.9,-22.9
661.1,-22.6,-22.9
661.2,-23.2,-22.9
661.3,-23.7,-22.9
661.4,-23.7,-22.8
661.5,-23.3,-22.7
661.6,-23.0,-22.6
661.7,-22.2,-22.5
661.8,-21.5,-22.4
661.9,-21.6,-22.3
662.0,-21.6,-22.3
662.1,-22.0,-22.3
662.2,-23.3,-22.3
662.3,-23.9,-22.3
662.4,-24.9,-22.4
662.5,-24.8,-22.4
662.6,-23.8,-22.3
662.7,-23.8,-22.4
662.8,-23.7,-22.5
662.9,-24.2,-22.7
663.0,-25.5,-22.8
663.1,-25.9,-22.9
663.2,-26.4,-23.1
663.3,-26.7,-23.3
663.4,-26.4,-23.4
663.5,-26.5,-23.5
663.6,-26.2,-23.6
663.7,-26.0,-23.8
663.8,-25.2,-23.9
663.9,-24.8,-23.9
664.0,-24.6,-24.0
664.1,-24.5,-24.1
664.2,-25.2,-24.1
664.3,-25.6,-24.1
664.4,-26.3,-24.3
664.5,-26.6,-24.4
664.6,-26.8,-24.6
664.7,-26.9,-24.8
664.8,-26.1,-25.1
664.9,-26.0,-25.2
665.0,-26.4,-25.4
665.1,-26.4,-25.5
665.2,-26.1,-25.5
665.3,-25.7,-25.5
665.4,-25.4,-25.5
665.5,-25.9,-25.7
665.6,-27.1,-26.0
665.7,-28.1,-26.1
665.8,-28.8,-26.2
665.9,-29.0,-26.3
666.0,-28.8,-26.3
666.1,-28.8,-26.4
666.2,-28.5,-26.4
666.3,-28.1,-26.4
666.4,-27.5,-26.5
666.5,-27.3,-26.5
666.6,-27.6,-26.6
666.7,-27.0,-26.5
666.8,-27.2,-26.8
666.9,-27.1,-26.9
667.0,-27.2,-27.0
667.1,-28.1,-27.1
667.2,-28.8,-27.2
667.3,-29.6,-27.4
667.4,-30.0,-27.4
667.5,-29.9,-27.5
667.6,-29.8,-27.6
667.7,-29.7,-27.7
667.8,-29.7,-27.9
667.9,-29.9,-28.0
668.0,-30.1,-28.0
668.1,-29.7,-28.1
668.2,-29.8,-28.4
668.3,-29.6,-28.6
668.4,-29.5,-28.7
668.5,-29.6,-28.7
668.6,-29.4,-28.7
668.7,-29.6,-28.8
668.8,-29.5,-28.8
668.9,-29.0,-28.7
669.0,-28.6,-28.7
669.1,-28.3,-28.7
669.2,-28.3,-28.8
669.3,-28.8,-28.8
669.4,-29.2,-29.0
669.5,-29.2,-29.0
669.6,-29.1,-29.0
669.7,-29.1,-29.2
669.8,-29.2,-29.3
669.9,-28.7,-29.3
670.0,-28.4,-29.2
670.1,-27.9,-29.1
670.2,-27.7,-29.1
670.3,-27.0,-28.9
670.4,-26.5,-28.7
670.5,-26.3,-28.6
670.6,-26.1,-28.5
670.7,-26.3,-28.3
670.8,-26.7,-28.3
670.9,-27.2,-28.2
671.0,-26.8,-28.0
671.1,-25.7,-27.7
671.2,-24.9,-27.5
671.3,-24.4,-27.3
671.4,-24.2,-27.1
671.5,-24.5,-27.0
671.6,-25.3,-26.9
671.7,-25.8,-26.9
671.8,-26.9,-26.9
671.9,-28.1,-26.9
672.0,-28.6,-26.9
672.1,-29.2,-26.9
672.2,-29.2,-26.9
672.3,-29.7,-27.0
672.4,-29.7,-27.0
672.5,-30.2,-27.0
672.6,-30.7,-27.0
672.7,-30.9,-27.1
672.8,-30.9,-27.1
672.9,-30.5,-27.2
673.0,-30.7,-27.2
673.1,-30.8,-27.3
673.2,-31.3,-27.4
673.3,-31.7,-27.6
673.4,-31.7,-27.7
673.5,-32.0,-27.9
673.6,-32.3,-28.0
673.7,-32.8,-28.2
673.8,-32.7,-28.3
673.9,-33.0,-28.4
674.0,-33.1,-28.7
674.1,-33.5,-29.1
674.2,-33.7,-29.6
674.3,-33.1,-29.9
674.4,-33.0,-30.4
674.5,-32.4,-30.8
674.6,-32.1,-31.0
674.7,-32.5,-31.3
674.8,-32.3,-31.4
674.9,-32.7,-31.6
675.0,-33.4,-31.8
675.1,-33.5,-31.9
675.2,-33.7,-32.1
675.3,-33.5,-32.2
675.4,-32.9,-32.3
675.5,-32.5,-32.3
675.6,-32.3,-32.4
675.7,-32.1,-32.4
675.8,-32.3,-32.5
675.9,-32.6,-32.7
676.0,-32.8,-32.7
676.1,-33.3,-32.8
676.2,-33.4,-32.8
676.3,-32.4,-32.8
676.4,-31.6,-32.7
676.5,-30.8,-32.6
676.6,-30.5,-32.5
676.7,-30.7,-32.4
676.8,-31.1,-32.4
676.9,-31.3,-32.3
677.0,-31.1,-32.2
677.1,-30.9,-32.1
677.2,-30.6,-32.0
677.3,-30.8,-32.0
677.4,-31.1,-32.0
677.5,-31.5,-32.0
677.6,-31.0,-31.8
677.7,-31.0,-31.8
677.8,-30.9,-31.8
677.9,-30.9,-31.7
678.0,-31.8,-31.7
678.1,-31.7,-31.6
678.2,-32.1,-31.6
678.3,-32.4,-31.6
678.4,-32.6,-31.6
678.5,-32.3,-31.6
678.6,-31.9,-31.5
678.7,-31.3,-31.5
678.8,-31.3,-31.5
678.9,-31.8,-31.5
679.0,-32.1,-31.5
679.1,-32.7,-31.4
679.2,-33.0,-31.5
679.3,-32.9,-31.5
679.4,-32.2,-31.5
679.5,-32.3,-31.6
679.6,-32.2,-31.7
679.7,-32.5,-31.8
679.8,-31.7,-31.6
679.9,-31.2,-31.6
680.0,-30.9,-31.7
680.1,-30.1,-31.6
680.2,-30.8,-31.7
680.3,-31.0,-31.7
680.4,-31.1,-31.7
680.5,-31.8,-31.6
680.6,-31.5,-31.7
680.7,-30.9,-31.6
680.8,-30.3,-31.6
680.9,-30.4,-31.6
681.0,-30.6,-31.6
681.1,-31.0,-31.5
681.2,-31.3,-31.5
681.3,-31.1,-31.4
681.4,-30.8,-31.3
681.5,-30.9,-31.4
681.6,-31.1,-31.4
681.7,-31.0,-31.4
681.8,-31.3,-31.3
681.9,-31.4,-31.3
682.0,-31.5,-31.3
682.1,-31.6,-31.2
682.2,-31.3,-31.2
682.3,-31.3,-31.1
682.4,-31.1,-31.2
682.5,-31.1,-31.1
682.6,-31.0,-31.0
682.7,-30.7,-30.9
682.8,-30.4,-31.0
682.9,-30.3,-31.0
683.0,-30.2,-30.9
683.1,-30.0,-30.9
683.2,-30.4,-30.9
683.3,-30.6,-30.9
683.4,-30.8,-30.9
683.5,-30.9,-30.8
683.6,-30.5,-30.8
683.7,-29.7,-30.7
683.8,-28.3,-30.5
683.9,-28.4,-30.5
684.0,-28.6,-30.4
684.1,-29.2,-30.5
684.2,-31.4,-30.5
684.3,-30.7,-30.4
684.4,-29.0,-30.2
684.5,-29.0,-30.2
684.6,-28.7,-30.1
684.7,-29.1,-30.1
684.8,-30.7,-30.1
684.9,-30.8,-30.1
685.0,-31.1,-30.1
685.1,-31.3,-30.1
685.2,-31.5,-30.1
685.3,-30.9,-30.1
685.4,-30.9,-30.1
685.5,-30.8,-30.1
685.6,-31.1,-30.1
685.7,-31.7,-30.2
685.8,-31.6,-30.2
685.9,-31.3,-30.2
686.0,-31.1,-30.3
686.1,-31.1,-30.3
686.2,-31.3,-30.3
686.3,-31.6,-30.3
686.4,-30.7,-30.2
686.5,-29.7,-30.2
686.6,-30.0,-30.2
686.7,-30.2,-30.4
686.8,-31.0,-30.7
686.9,-31.9,-30.7
687.0,-31.8,-30.7
687.1,-31.8,-30.7
687.2,-32.2,-30.8
687.3,-32.3,-30.9
687.4,-32.0,-31.2
687.5,-31.9,-31.2
687.6,-31.7,-31.2
687.7,-31.8,-31.3
687.8,-31.9,-31.3
687.9,-31.5,-31.3
688.0,-31.4,-31.3
688.1,-31.6,-31.3
688.2,-31.4,-31.3
688.3,-31.6,-31.4
688.4,-31.9,-31.4
688.5,-32.0,-31.5
688.6,-32.2,-31.5
688.7,-32.2,-31.4
688.8,-31.9,-31.5
688.9,-31.8,-31.5
689.0,-31.6,-31.5
689.1,-31.5,-31.5
689.2,-31.6,-31.5
689.3,-31.8,-31.5
689.4,-32.1,-31.7
689.5,-32.4,-31.9
689.6,-32.0,-31.8
689.7,-31.8,-31.8
689.8,-31.6,-31.8
689.9,-31.7,-31.9
690.0,-31.8,-31.8
690.1,-31.9,-31.8
690.2,-31.7,-31.8
690.3,-31.5,-31.8
690.4,-31.8,-31.8
690.5,-32.0,-31.8
690.6,-32.1,-31.8
690.7,-32.4,-31.8
690.8,-32.4,-31.9
690.9,-32.4,-31.9
691.0,-32.5,-32.0
691.1,-32.7,-32.0
691.2,-32.4,-32.0
691.3,-32.4,-32.0
691.4,-32.2,-32.0
691.5,-32.2,-32.0
691.6,-32.1,-32.0
691.7,-31.8,-32.0
691.8,-31.1,-31.9
691.9,-30.9,-31.9
692.0,-30.9,-31.9
692.1,-31.1,-31.9
692.2,-31.9,-31.9
692.3,-31.7,-31.9
692.4,-31.7,-31.8
692.5,-31.3,-31.8
692.6,-31.2,-31.8
692.7,-31.6,-31.8
692.8,-31.8,-31.8
692.9,-32.2,-31.8
693.0,-32.1,-31.8
693.1,-32.2,-31.9
693.2,-32.2,-31.9
693.3,-32.1,-31.9
693.4,-31.9,-31.9
693.5,-31.8,-31.9
693.6,-31.8,-31.9
693.7,-31.9,-31.9
693.8,-31.8,-31.8
693.9,-31.4,-31.7
694.0,-31.4,-31.7
694.1,-31.4,-31.7
694.2,-31.6,-31.7
694.3,-31.8,-31.7
694.4,-31.5,-31.6
694.5,-31.2,-31.6
694.6,-31.4,-31.6
694.7,-31.6,-31.6
694.8,-31.6,-31.7
694.9,-32.0,-31.7
695.0,-32.1,-31.8
695.1,-32.1,-31.8
695.2,-32.1,-31.7
695.3,-31.7,-31.7
695.4,-31.6,-31.7
695.5,-31.7,-31.8
695.6,-32.0,-31.8
695.7,-32.6,-31.8
695.8,-32.9,-31.9
695.9,-32.8,-31.9
696.0,-32.5,-31.9
696.1,-32.2,-31.9
696.2,-32.2,-31.9
696.3,-32.5,-31.9
696.4,-33.0,-32.0
696.5,-33.4,-32.0
696.6,-33.0,-32.0
696.7,-32.9,-32.1
696.8,-32.4,-32.1
696.9,-32.6,-32.2
697.0,-33.1,-32.2
697.1,-33.4,-32.3
697.2,-33.8,-32.3
697.3,-33.8,-32.5
697.4,-33.6,-32.5
697.5,-33.4,-32.6
697.6,-33.6,-32.6
697.7,-33.6,-32.7
697.8,-33.5,-32.8
697.9,-33.7,-32.8
698.0,-33.8,-32.9
698.1,-33.3,-32.9
698.2,-33.3,-32.9
698.3,-33.0,-33.0
698.4,-32.6,-33.0
698.5,-32.4,-33.0
698.6,-31.9,-32.9
698.7,-32.0,-32.9
698.8,-32.2,-32.9
698.9,-32.4,-32.9
699.0,-33.0,-33.0
699.1,-33.0,-33.0
699.2,-33.3,-33.1
699.3,-33.6,-33.1
699.4,-33.8,-33.1
699.5,-33.5,-33.1
699.6,-33.4,-33.1
699.7,-33.2,-33.1
699.8,-33.2,-33.2
699.9,-33.5,-33.2
700.0,-33.0,-33.1
700.1,-33.1,-33.1
700.2,-33.1,-33.1
700.3,-32.8,-33.0
700.4,-32.8,-33.0
700.5,-32.6,-33.0
700.6,-32.0,-32.9
700.7,-31.6,-32.8
700.8,-31.7,-32.8
700.9,-31.7,-32.7
701.0,-32.1,-32.7
701.1,-32.7,-32.7
701.2,-32.7,-32.7
701.3,-32.7,-32.7
701.4,-32.4,-32.7
701.5,-32.7,-32.7
701.6,-33.1,-32.8
701.7,-33.5,-32.9
701.8,-34.6,-32.9
701.9,-34.9,-33.0
702.0,-35.0,-33.0
702.1,-34.7,-33.1
702.2,-34.4,-33.1
702.3,-33.9,-33.0
702.4,-33.7,-33.0
702.5,-33.4,-33.1
702.6,-33.3,-33.0
702.7,-33.1,-33.0
702.8,-32.7,-33.0
702.9,-32.5,-32.9
703.0,-32.3,-32.9
703.1,-32.2,-32.9
703.2,-32.3,-32.8
703.3,-32.0,-32.8
703.4,-31.2,-32.7
703.5,-30.4,-32.5
703.6,-29.6,-32.4
703.7,-29.3,-32.3
703.8,-28.8,-32.0
703.9,-28.7,-31.9
704.0,-28.8,-31.7
704.1,-28.2,-31.4
704.2,-27.8,-31.1
704.3,-27.8,-31.0
704.4,-27.1,-30.7
704.5,-25.6,-30.0
704.6,-25.5,-29.7
704.7,-25.5,-29.5
704.8,-25.7,-29.3
704.9,-27.4,-29.2
705.0,-28.0,-29.0
705.1,-28.1,-29.0
705.2,-28.9,-28.9
705.3,-29.1,-28.8
705.4,-29.2,-28.7
705.5,-29.1,-28.6
705.6,-29.0,-28.5
705.7,-29.1,-28.5
705.8,-29.1,-28.4
705.9,-28.9,-28.3
706.0,-28.3,-28.2
706.1,-27.4,-28.0
706.2,-26.5,-27.8
706.3,-26.0,-27.6
706.4,-25.8,-27.5
706.5,-25.7,-27.4
706.6,-25.9,-27.3
706.7,-26.0,-27.2
706.8,-26.0,-27.1
706.9,-26.1,-27.1
707.0,-26.2,-27.0
707.1,-26.2,-27.0
707.2,-26.4,-27.0
707.3,-26.6,-26.9
707.4,-26.5,-26.9
707.5,-26.5,-27.1
707.6,-26.6,-27.1
707.7,-27.0,-27.1
707.8,-27.7,-27.2
707.9,-28.4,-27.2
708.0,-29.2,-27.3
708.1,-29.8,-27.3
708.2,-30.1,-27.3
708.3,-30.4,-27.3
708.4,-30.7,-27.4
708.5,-30.7,-27.4
708.6,-30.8,-27.4
708.7,-30.8,-27.5
708.8,-30.7,-27.5
708.9,-30.9,-27.6
709.0,-30.9,-27.7
709.1,-30.9,-27.8
709.2,-31.0,-28.0
709.3,-30.8,-28.1
709.4,-30.7,-28.3
709.5,-30.6,-28.5
709.6,-30.6,-28.7
709.7,-30.6,-28.8
709.8,-30.7,-29.0
709.9,-30.9,-29.2
710.0,-31.0,-29.4
710.1,-31.2,-29.6
710.2,-31.4,-29.8
710.3,-31.7,-30.0
710.4,-31.8,-30.3
710.5,-31.8,-30.5
710.6,-31.7,-30.7
710.7,-31.5,-30.8
710.8,-31.4,-30.9
710.9,-31.4,-31.0
711.0,-31.5,-31.0
711.1,-31.8,-31.1
711.2,-32.1,-31.2
711.3,-32.3,-31.2
711.4,-32.3,-31.3
711.5,-32.1,-31.3
711.6,-31.9,-31.3
711.7,-32.0,-31.4
711.8,-32.0,-31.4
711.9,-31.7,-31.4
712.0,-31.7,-31.4
712.1,-31.6,-31.5
712.2,-31.4,-31.5
712.3,-31.6,-31.5
712.4,-31.6,-31.5
712.5,-31.8,-31.6
712.6,-32.1,-31.7
712.7,-32.4,-31.7
712.8,-32.2,-31.8
712.9,-32.1,-31.8
713.0,-32.1,-31.9
713.1,-32.2,-31.9
713.2,-32.2,-31.9
713.3,-31.9,-31.8
713.4,-31.7,-31.8
713.5,-31.5,-31.8
713.6,-31.6,-31.9
713.7,-31.6,-31.9
713.8,-31.5,-31.9
713.9,-31.8,-31.9
714.0,-31.7,-31.9
714.1,-31.6,-31.8
714.2,-31.5,-31.8
714.3,-31.2,-31.7
714.4,-31.4,-31.8
714.5,-31.3,-31.7
714.6,-31.6,-31.7
714.7,-31.4,-31.7
714.8,-31.1,-31.6
714.9,-31.0,-31.6
715.0,-30.7,-31.6
715.1,-30.8,-31.5
715.2,-30.7,-31.5
715.3,-30.7,-31.5
715.4,-28.0,-30.9
715.5,-26.1,-30.3
715.6,-24.8,-29.7
715.7,-24.4,-29.6
715.8,-25.2,-29.4
715.9,-25.9,-29.2
716.0,-27.6,-29.2
716.1,-28.6,-29.2
716.2,-29.4,-29.2
716.3,-31.9,-29.2
716.4,-32.7,-29.2
716.5,-32.8,-29.3
716.6,-32.6,-29.2
716.7,-32.5,-29.3
716.8,-32.5,-29.3
716.9,-32.5,-29.3
717.0,-32.3,-29.3
717.1,-32.4,-29.3
717.2,-32.2,-29.3
717.3,-32.0,-29.4
717.4,-32.3,-29.4
717.5,-32.4,-29.4
717.6,-32.2,-29.4
717.7,-32.2,-29.4
717.8,-32.2,-29.5
717.9,-32.1,-29.5
718.0,-31.8,-29.5
718.1,-31.8,-29.5
718.2,-31.5,-29.5
718.3,-31.4,-29.5
718.4,-31.5,-30.0
718.5,-31.7,-30.6
718.6,-32.0,-31.2
718.7,-32.0,-31.4
718.8,-32.0,-31.6
718.9,-31.8,-32.0
719.0,-31.8,-32.1
719.1,-31.8,-32.1
719.2,-31.7,-32.0
719.3,-31.5,-32.0
719.4,-31.2,-31.9
719.5,-31.1,-31.9
719.6,-31.2,-31.8
719.7,-31.1,-31.8
719.8,-31.2,-31.7
719.9,-31.3,-31.7
720.0,-31.4,-31.7
720.1,-31.7,-31.7
720.2,-31.8,-31.7
720.3,-32.0,-31.7
720.4,-32.1,-31.7
720.5,-32.1,-31.7
720.6,-32.4,-31.7
720.7,-32.5,-31.7
720.8,-32.7,-31.8
720.9,-31.9,-31.7
721.0,-31.9,-31.7
721.1,-31.8,-31.7
721.2,-31.6,-31.8
721.3,-32.0,-31.8
721.4,-31.2,-31.7
721.5,-31.0,-31.6
721.6,-30.9,-31.6
721.7,-30.9,-31.6
721.8,-30.7,-31.5
721.9,-30.5,-31.5
722.0,-30.3,-31.4
722.1,-30.3,-31.4
722.2,-30.8,-31.4
722.3,-31.0,-31.4
722.4,-31.2,-31.4
722.5,-31.4,-31.4
722.6,-31.1,-31.4
722.7,-31.2,-31.4
722.8,-31.4,-31.4
722.9,-31.2,-31.4
723.0,-31.4,-31.3
723.1,-31.1,-31.3
723.2,-30.7,-31.3
723.3,-30.7,-31.2
723.4,-30.7,-31.2
723.5,-31.1,-31.2
723.6,-31.3,-31.2
723.7,-30.9,-31.0
723.8,-30.9,-31.0
723.9,-30.7,-31.0
724.0,-30.5,-31.0
724.1,-30.8,-30.9
724.2,-30.4,-30.8
724.3,-30.1,-30.8
724.4,-29.7,-30.7
724.5,-29.4,-30.7
724.6,-29.7,-30.6
724.7,-29.8,-30.6
724.8,-30.0,-30.6
724.9,-30.0,-30.6
725.0,-29.9,-30.6
725.1,-29.1,-30.4
725.2,-29.1,-30.4
725.3,-29.2,-30.3
725.4,-29.4,-30.3
725.5,-30.8,-30.3
725.6,-31.1,-30.4
725.7,-31.6,-30.4
725.8,-31.9,-30.4
725.9,-32.4,-30.4
726.0,-32.8,-30.5
726.1,-33.2,-30.6
726.2,-33.2,-30.6
726.3,-32.6,-30.6
726.4,-32.4,-30.7
726.5,-32.4,-30.7
726.6,-32.6,-30.7
726.7,-32.8,-30.8
726.8,-32.7,-30.9
726.9,-32.8,-30.9
727.0,-32.4,-31.0
727.1,-32.2,-31.0
727.2,-32.6,-31.1
727.3,-32.3,-31.2
727.4,-32.2,-31.3
727.5,-30.4,-31.2
727.6,-27.4,-30.6
727.7,-26.9,-30.5
727.8,-26.7,-30.5
727.9,-27.0,-30.5
728.0,-29.3,-30.5
728.1,-29.5,-30.6
728.2,-29.7,-30.6
728.3,-29.9,-30.6
728.4,-29.7,-30.6
728.5,-30.2,-30.5
728.6,-30.1,-30.5
728.7,-30.6,-30.5
728.8,-31.1,-30.5
728.9,-32.0,-30.5
729.0,-32.9,-30.5
729.1,-33.4,-30.5
729.2,-33.6,-30.5
729.3,-33.8,-30.6
729.4,-29.9,-30.2
729.5,-28.9,-30.1
729.6,-28.9,-30.1
729.7,-29.0,-30.1
729.8,-32.0,-30.1
729.9,-34.7,-30.2
730.0,-35.1,-30.2
730.1,-35.4,-30.3
730.2,-35.7,-30.3
730.3,-36.0,-30.4
730.4,-36.4,-30.5
730.5,-36.4,-30.7
730.6,-36.0,-31.4
730.7,-32.4,-31.5
730.8,-30.5,-31.4
730.9,-30.0,-31.5
731.0,-29.5,-31.5
731.1,-30.4,-31.6
731.2,-30.8,-31.6
731.3,-31.3,-31.7
731.4,-32.2,-31.9
731.5,-33.2,-32.0
731.6,-36.2,-32.2
731.7,-36.8,-32.3
731.8,-36.7,-32.4
731.9,-36.7,-32.5
732.0,-36.7,-32.5
732.1,-36.7,-32.6
732.2,-32.8,-32.3
732.3,-31.5,-32.2
732.4,-30.1,-32.5
732.5,-29.8,-32.8
732.6,-31.2,-32.8
732.7,-32.3,-32.9
732.8,-35.2,-32.9
732.9,-36.4,-32.9
733.0,-37.1,-33.0
733.1,-33.2,-32.6
733.2,-29.0,-31.9
733.3,-27.8,-31.6
733.4,-27.7,-31.6
733.5,-28.6,-31.6
733.6,-32.2,-31.6
733.7,-38.1,-31.9
733.8,-39.2,-32.2
733.9,-39.5,-32.4
734.0,-39.7,-32.6
734.1,-39.7,-32.7
734.2,-39.3,-33.0
734.3,-31.2,-32.4
734.4,-30.0,-32.2
734.5,-29.6,-32.1
734.6,-29.7,-32.1
734.7,-33.7,-32.2
734.8,-37.5,-32.2
734.9,-40.4,-32.2
735.0,-40.3,-32.2
735.1,-40.3,-32.3
735.2,-40.5,-32.6
735.3,-41.0,-32.9
735.4,-41.2,-33.2
735.5,-41.4,-33.4
735.6,-41.6,-33.4
735.7,-41.6,-33.5
735.8,-41.9,-33.5
735.9,-42.2,-33.6
736.0,-42.2,-33.6
736.1,-42.6,-34.1
736.2,-42.8,-35.5
736.3,-43.1,-36.5
736.4,-43.4,-36.7
736.5,-43.5,-36.7
736.6,-43.4,-36.8
736.7,-43.3,-36.8
736.8,-43.5,-36.9
736.9,-43.4,-36.9
737.0,-43.4,-37.0
737.1,-43.7,-37.0
737.2,-43.8,-37.1
737.3,-44.3,-39.7
737.4,-44.3,-41.4
737.5,-34.0,-39.7
737.6,-29.3,-36.8
737.7,-28.2,-36.0
737.8,-27.8,-35.6
737.9,-28.0,-35.2
738.0,-30.4,-35.0
738.1,-31.8,-34.8
738.2,-30.6,-34.2
738.3,-32.1,-34.2
738.4,-32.9,-34.2
738.5,-33.8,-34.3
738.6,-43.8,-34.3
738.7,-47.5,-34.3
738.8,-47.1,-34.3
738.9,-47.2,-34.3
739.0,-47.3,-34.4
739.1,-47.4,-34.4
739.2,-48.0,-34.4
739.3,-48.2,-34.4
739.4,-48.3,-34.4
739.5,-48.3,-34.4
739.6,-48.4,-34.4
739.7,-47.9,-34.4
739.8,-47.4,-34.4
739.9,-46.8,-34.5
740.0,-46.4,-34.5
740.1,-46.3,-34.5
740.2,-46.1,-34.5
740.3,-46.0,-34.5
740.4,-45.5,-34.5
740.5,-45.0,-35.1
740.6,-45.1,-36.9
740.7,-45.3,-38.0
740.8,-46.0,-38.6
740.9,-47.0,-40.0
741.0,-47.6,-40.6
741.1,-47.8,-41.3
741.2,-48.0,-46.3
741.3,-48.4,-47.0
741.4,-48.7,-47.1
741.5,-49.1,-47.1
741.6,-49.4,-47.2
741.7,-49.4,-47.2
741.8,-49.2,-47.3
741.9,-48.9,-47.3
742.0,-48.6,-47.3
742.1,-48.3,-47.3
742.2,-48.1,-47.3
742.3,-47.7,-47.3
742.4,-47.6,-47.2
742.5,-47.3,-47.2
742.6,-47.1,-47.1
742.7,-46.8,-47.1
742.8,-46.4,-47.1
742.9,-46.2,-47.1
743.0,-45.9,-47.1
743.1,-45.6,-47.0
743.2,-45.3,-47.0
743.3,-44.9,-46.9
743.4,-44.8,-46.9
743.5,-44.8,-46.9
743.6,-44.6,-46.9
743.7,-44.5,-46.7
743.8,-44.4,-46.6
743.9,-44.3,-46.5
744.0,-44.5,-46.4
744.1,-44.5,-46.2
744.2,-44.5,-46.1
744.3,-44.3,-45.9
744.4,-43.9,-45.7
744.5,-43.6,-45.5
744.6,-43.3,-45.3
744.7,-43.2,-45.2
744.8,-43.2,-45.0
744.9,-43.1,-44.8
745.0,-42.9,-44.6
745.1,-42.3,-44.4
745.2,-42.1,-44.2
745.3,-41.7,-44.0
745.4,-41.3,-43.8
745.5,-40.6,-43.5
745.6,-39.7,-43.1
745.7,-38.8,-42.6
745.8,-38.0,-42.2
745.9,-37.2,-41.7
746.0,-36.4,-41.2
746.1,-35.7,-40.6
746.2,-34.9,-40.1
746.3,-34.4,-39.5
746.4,-33.6,-38.8
746.5,-32.8,-38.2
746.6,-32.0,-37.5
746.7,-31.4,-36.9
746.8,-30.8,-36.3
746.9,-30.2,-35.6
747.0,-29.6,-34.9
747.1,-28.9,-34.3
747.2,-28.2,-33.6
747.3,-27.5,-32.9
747.4,-26.9,-32.3
747.5,-26.3,-31.7
747.6,-25.9,-31.2
747.7,-25.4,-30.5
747.8,-25.1,-30.0
747.9,-24.8,-29.5
748.0,-24.4,-29.1
748.1,-24.3,-28.6
748.2,-24.2,-28.3
748.3,-24.1,-27.9
748.4,-23.9,-27.5
748.5,-23.4,-27.1
748.6,-23.2,-26.8
748.7,-23.1,-26.5
748.8,-22.9,-26.1
748.9,-22.9,-25.8
749.0,-22.9,-25.6
749.1,-22.6,-25.3
749.2,-22.3,-25.0
749.3,-22.0,-24.7
749.4,-21.6,-24.4
749.5,-21.5,-24.2
749.6,-21.5,-23.9
749.7,-21.1,-23.6
749.8,-20.8,-23.3
749.9,-20.4,-23.1
750.0,-20.3,-22.9
750.1,-20.6,-22.7
750.2,-20.5,-22.5
750.3,-20.4,-22.3
750.4,-20.1,-22.1
750.5,-19.8,-21.9
750.6,-19.5,-21.7
750.7,-19.4,-21.5
750.8,-19.3,-21.3
750.9,-18.8,-21.1
751.0,-18.8,-20.9
751.1,-18.8,-20.8
751.2,-18.7,-20.6
751.3,-18.9,-20.5
751.4,-19.2,-20.4
751.5,-19.2,-20.3
751.6,-19.3,-20.2
751.7,-19.5,-20.1
751.8,-19.6,-20.1
751.9,-20.0,-20.0
752.0,-20.1,-19.9
752.1,-20.0,-19.9
752.2,-20.0,-19.8
752.3,-19.9,-19.8
752.4,-20.0,-19.8
752.5,-20.4,-19.7
752.6,-20.6,-19.7
752.7,-21.0,-19.8
752.8,-21.3,-19.8
752.9,-21.5,-19.9
753.0,-21.7,-19.9
753.1,-21.9,-19.9
753.2,-22.1,-20.0
753.3,-22.2,-20.0
753.4,-22.4,-20.1
753.5,-22.6,-20.2
753.6,-22.8,-20.3
753.7,-23.1,-20.4
753.8,-23.4,-20.6
753.9,-23.6,-20.8
754.0,-23.7,-20.9
754.1,-23.8,-21.0
754.2,-24.0,-21.2
754.3,-24.2,-21.4
754.4,-24.6,-21.6
754.5,-24.6,-21.7
754.6,-24.4,-21.9
754.7,-24.2,-22.1
754.8,-24.1,-22.2
754.9,-24.1,-22.3
755.0,-24.2,-22.5
755.1,-24.3,-22.7
755.2,-24.2,-22.8
755.3,-24.1,-23.0
755.4,-24.1,-23.1
755.5,-24.0,-23.3
755.6,-23.9,-23.4
755.7,-24.0,-23.5
755.8,-24.2,-23.6
755.9,-24.3,-23.7
756.0,-24.5,-23.8
756.1,-24.6,-23.9
756.2,-24.6,-24.0
756.3,-24.7,-24.1
756.4,-25.0,-24.2
756.5,-25.5,-24.3
756.6,-25.8,-24.4
756.7,-26.2,-24.5
756.8,-26.7,-24.6
756.9,-27.0,-24.7
757.0,-27.3,-24.8
757.1,-27.8,-24.9
757.2,-28.2,-25.0
757.3,-28.9,-25.1
757.4,-29.4,-25.2
757.5,-29.8,-25.3
757.6,-30.0,-25.5
757.7,-30.2,-25.7
757.8,-30.4,-25.8
757.9,-30.8,-26.0
758.0,-31.2,-26.2
758.1,-31.4,-26.4
758.2,-29.6,-26.4
758.3,-27.4,-26.5
758.4,-27.2,-26.7
758.5,-27.3,-26.9
758.6,-28.6,-27.2
758.7,-32.5,-27.5
758.8,-34.3,-27.7
758.9,-35.2,-28.0
759.0,-35.7,-28.3
759.1,-35.9,-28.7
759.2,-36.0,-29.0
759.3,-34.4,-29.3
759.4,-34.4,-29.6
759.5,-34.3,-29.9
759.6,-31.9,-30.0
759.7,-31.4,-30.2
759.8,-30.9,-30.4
759.9,-30.6,-30.6
760.0,-30.6,-30.6
760.1,-31.5,-30.8
760.2,-32.3,-31.0
760.3,-33.2,-31.2
760.4,-37.7,-31.4
760.5,-39.4,-31.6
760.6,-40.0,-31.7
760.7,-39.9,-31.9
760.8,-37.2,-32.0
760.9,-32.0,-31.7
761.0,-30.1,-31.5
761.1,-30.1,-31.7
761.2,-30.5,-32.2
761.3,-32.1,-32.9
761.4,-35.8,-33.2
761.5,-32.1,-32.9
761.6,-31.0,-32.8
761.7,-31.3,-32.7
761.8,-30.3,-32.6
761.9,-32.4,-32.6
762.0,-32.8,-32.5
762.1,-33.2,-32.5
762.2,-34.6,-32.5
762.3,-34.0,-32.6
762.4,-36.1,-32.6
762.5,-36.0,-32.6
762.6,-36.5,-32.9
762.7,-38.1,-33.2
762.8,-38.2,-33.4
762.9,-40.6,-33.5
763.0,-42.6,-34.0
763.1,-40.9,-34.0
763.2,-35.3,-33.8
763.3,-34.2,-33.7
763.4,-29.6,-32.8
763.5,-29.5,-32.8
763.6,-30.1,-32.7
763.7,-28.9,-32.3
763.8,-28.9,-31.7
763.9,-28.9,-32.1
764.0,-29.2,-32.5
764.1,-31.0,-32.5
764.2,-41.1,-32.5
764.3,-48.8,-32.7
764.4,-49.2,-32.7
764.5,-49.7,-33.1
764.6,-38.2,-33.2
764.7,-33.5,-33.0
764.8,-32.8,-33.2
764.9,-31.0,-32.9
765.0,-30.1,-32.7
765.1,-30.4,-32.5
765.2,-28.9,-32.2
765.3,-28.9,-32.0
765.4,-29.9,-32.0
765.5,-30.4,-31.9
765.6,-30.5,-31.6
765.7,-31.3,-31.5
765.8,-31.5,-31.5
765.9,-32.4,-31.5
766.0,-38.8,-31.5
766.1,-51.0,-31.5
766.2,-53.6,-31.7
766.3,-53.0,-31.8
766.4,-52.9,-32.5
766.5,-51.5,-32.6
766.6,-45.3,-32.6
766.7,-43.7,-33.1
766.8,-43.6,-34.0
766.9,-43.8,-34.1
767.0,-47.3,-34.1
767.1,-37.3,-33.9
767.2,-35.0,-33.7
767.3,-34.4,-33.6
767.4,-34.2,-33.6
767.5,-36.8,-33.6
767.6,-40.9,-33.8
767.7,-35.0,-33.8
767.8,-34.5,-33.8
767.9,-34.2,-34.2
768.0,-34.1,-34.7
768.1,-39.0,-35.1
768.2,-40.7,-36.0
768.3,-41.5,-36.6
768.4,-36.1,-36.2
768.5,-28.3,-34.1
768.6,-27.8,-34.5
768.7,-27.8,-34.7
768.8,-28.3,-34.6
768.9,-36.3,-34.6
769.0,-40.9,-34.6
769.1,-40.8,-34.5
769.2,-39.2,-34.5
769.3,-35.7,-34.2
769.4,-26.1,-31.7
769.5,-23.7,-30.3
769.6,-22.6,-29.6
769.7,-22.5,-29.5
769.8,-24.5,-29.4
769.9,-27.7,-29.4
770.0,-33.2,-29.4
770.1,-35.5,-29.5
770.2,-38.9,-29.5
770.3,-40.1,-29.5
770.4,-40.8,-29.5
770.5,-41.2,-29.5
770.6,-33.8,-29.3
770.7,-32.5,-29.4
770.8,-31.5,-29.4
770.9,-29.9,-29.2
771.0,-31.5,-29.2
771.1,-32.3,-29.2
771.2,-32.1,-29.1
771.3,-35.1,-29.1
771.4,-33.9,-29.1
771.5,-33.8,-29.7
771.6,-33.0,-29.7
771.7,-32.8,-29.7
771.8,-31.0,-29.5
771.9,-30.5,-29.4
772.0,-31.5,-29.4
772.1,-31.5,-29.3
772.2,-35.0,-29.4
772.3,-37.1,-29.4
772.4,-37.6,-30.7
772.5,-38.9,-32.2
772.6,-37.6,-33.6
772.7,-38.1,-33.8
772.8,-40.2,-34.0
772.9,-39.1,-34.0
773.0,-41.3,-34.1
773.1,-42.7,-34.1
773.2,-44.4,-34.2
773.3,-51.8,-34.2
773.4,-51.9,-34.2
773.5,-52.2,-34.3
773.6,-38.3,-34.6
773.7,-35.9,-34.7
773.8,-31.0,-34.1
773.9,-29.1,-33.9
774.0,-28.4,-33.5
774.1,-28.7,-33.5
774.2,-31.0,-33.8
774.3,-34.2,-33.9
774.4,-46.2,-34.0
774.5,-50.1,-34.1
774.6,-47.0,-34.5
774.7,-36.4,-34.3
774.8,-33.7,-34.6
774.9,-32.6,-34.7
775.0,-32.6,-34.8
775.1,-34.4,-34.9
775.2,-35.4,-34.6
775.3,-37.1,-34.7
775.4,-36.6,-34.7
775.5,-37.2,-34.7
775.6,-41.6,-34.8
775.7,-30.7,-33.6
775.8,-30.6,-33.6
775.9,-30.6,-33.6
776.0,-30.6,-33.6
776.1,-42.1,-33.6
776.2,-51.5,-33.6
776.3,-51.8,-33.6
776.4,-51.9,-33.6
776.5,-51.4,-33.6
776.6,-44.2,-33.8
776.7,-35.9,-33.6
776.8,-33.8,-34.1
776.9,-29.0,-33.6
777.0,-27.7,-33.4
777.1,-27.6,-33.1
777.2,-26.4,-32.4
777.3,-26.2,-31.5
777.4,-26.7,-31.3
777.5,-27.1,-31.3
777.6,-28.7,-31.2
777.7,-31.1,-31.1
777.8,-32.6,-31.2
777.9,-33.3,-31.3
778.0,-33.7,-31.3
778.1,-37.2,-31.2
778.2,-37.2,-31.3
778.3,-37.2,-31.3
778.4,-39.1,-31.4
778.5,-47.5,-31.3
778.6,-38.8,-31.3
778.7,-37.3,-31.9
778.8,-34.4,-31.8
778.9,-34.0,-31.7
779.0,-35.1,-31.7
779.1,-35.5,-31.7
779.2,-35.5,-31.5
779.3,-36.0,-31.5
779.4,-36.5,-31.5
779.5,-37.1,-31.5
779.6,-46.9,-31.6
779.7,-53.0,-31.7
779.8,-50.6,-31.9
779.9,-33.3,-32.2
780.0,-32.0,-32.6
780.1,-31.6,-32.8
780.2,-31.4,-33.5
780.3,-34.8,-34.9
780.4,-36.1,-35.2
780.5,-35.7,-35.2
780.6,-35.9,-35.3
780.7,-36.2,-36.0
780.8,-37.8,-36.0
780.9,-40.4,-36.0
781.0,-41.4,-36.1
781.1,-42.8,-36.3
781.2,-43.6,-36.3
781.3,-43.0,-36.3
781.4,-45.1,-36.3
781.5,-46.7,-36.3
781.6,-46.8,-36.6
781.7,-49.8,-36.7
781.8,-49.8,-37.3
781.9,-52.7,-37.4
782.0,-52.9,-37.5
782.1,-44.0,-37.5
782.2,-40.5,-37.9
782.3,-35.0,-37.2
782.4,-33.1,-36.7
782.5,-32.5,-36.4
782.6,-32.3,-36.2
782.7,-33.7,-36.1
782.8,-35.6,-36.0
782.9,-36.4,-37.1
783.0,-37.2,-37.4
783.1,-38.6,-37.6
783.2,-39.4,-37.8
783.3,-42.6,-38.0
783.4,-49.8,-38.3
783.5,-50.9,-38.6
783.6,-50.4,-38.7
783.7,-50.3,-38.9
783.8,-50.4,-38.9
783.9,-51.0,-38.9
784.0,-51.3,-39.0
784.1,-51.2,-39.1
784.2,-50.9,-39.1
784.3,-50.7,-39.1
784.4,-51.0,-39.1
784.5,-51.3,-39.2
784.6,-51.9,-39.2
784.7,-52.6,-39.2
784.8,-52.8,-39.2
784.9,-53.1,-39.2
785.0,-52.7,-39.2
785.1,-52.7,-39.3
785.2,-52.9,-39.6
785.3,-53.0,-41.0
785.4,-53.8,-42.4
785.5,-54.1,-43.7
785.6,-54.3,-45.0
785.7,-54.6,-46.2
785.8,-54.7,-46.8
785.9,-54.7,-49.0
786.0,-54.9,-51.9
786.1,-55.3,-52.3
786.2,-55.4,-52.4
786.3,-55.5,-52.5
786.4,-55.0,-52.6
786.5,-54.4,-52.8
786.6,-54.0,-52.9
786.7,-53.5,-53.0
786.8,-53.6,-53.1
786.9,-53.5,-53.2
787.0,-53.5,-53.3
787.1,-53.7,-53.4
787.2,-53.5,-53.6
787.3,-53.6,-53.7
787.4,-53.9,-53.8
787.5,-54.0,-53.9
787.6,-54.7,-54.0
787.7,-48.9,-52.8
787.8,-35.8,-44.2
787.9,-33.8,-42.3
788.0,-33.7,-42.2
788.1,-30.5,-39.1
788.2,-29.1,-37.0
788.3,-28.1,-35.7
788.4,-27.2,-35.0
788.5,-28.2,-34.9
788.6,-30.3,-34.9
788.7,-33.5,-34.9
788.8,-40.2,-34.9
788.9,-46.0,-34.9
789.0,-47.0,-34.8
789.1,-39.9,-34.7
789.2,-39.4,-34.7
789.3,-39.6,-34.7
789.4,-37.8,-34.6
789.5,-37.6,-34.4
789.6,-36.6,-34.3
789.7,-35.6,-34.2
789.8,-35.8,-34.2
789.9,-37.0,-34.1
790.0,-36.1,-34.0
790.1,-33.5,-33.6
790.2,-32.2,-33.3
790.3,-31.9,-33.3
790.4,-31.6,-33.1
790.5,-33.3,-33.0
790.6,-35.8,-33.0
790.7,-37.3,-33.0
790.8,-41.8,-33.3
790.9,-34.2,-33.1
791.0,-33.1,-33.0
791.1,-32.5,-33.5
791.2,-32.3,-34.2
791.3,-33.8,-34.7
791.4,-34.3,-35.2
791.5,-34.4,-35.3
791.6,-34.8,-35.2
791.7,-36.7,-35.1
791.8,-37.7,-35.1
791.9,-39.0,-35.1
792.0,-40.1,-35.0
792.1,-40.2,-35.1
792.2,-39.6,-35.1
792.3,-37.9,-35.0
792.4,-37.2,-35.0
792.5,-37.6,-35.1
792.6,-38.3,-35.2
792.7,-38.9,-35.2
792.8,-38.9,-35.2
792.9,-39.5,-35.3
793.0,-39.9,-35.5
793.1,-42.3,-36.1
793.2,-49.0,-36.6
793.3,-50.7,-36.8
793.4,-45.4,-37.2
793.5,-42.8,-37.1
793.6,-40.6,-37.0
793.7,-38.7,-36.9
793.8,-39.0,-37.0
793.9,-38.6,-37.9
794.0,-38.2,-38.2
794.1,-38.6,-38.3
794.2,-38.9,-38.6
794.3,-40.2,-39.3
794.4,-40.5,-39.4
794.5,-35.3,-38.6
794.6,-34.3,-38.4
794.7,-34.3,-38.6
794.8,-34.8,-38.7
794.9,-40.5,-38.7
795.0,-54.7,-38.8
795.1,-58.6,-39.0
795.2,-59.4,-39.2
795.3,-59.5,-39.5
795.4,-59.6,-39.7
795.5,-59.5,-39.9
795.6,-58.7,-39.9
795.7,-58.0,-40.2
795.8,-50.9,-40.4
795.9,-44.5,-40.3
796.0,-43.1,-40.2
796.1,-37.3,-39.5
796.2,-36.8,-39.3
796.3,-36.8,-39.2
796.4,-37.0,-39.3
796.5,-41.6,-39.4
796.6,-43.7,-39.6
796.7,-48.2,-39.8
796.8,-50.7,-39.9
796.9,-53.2,-40.1
797.0,-38.0,-39.5
797.1,-34.4,-38.7
797.2,-29.7,-36.4
797.3,-28.9,-35.9
797.4,-28.6,-35.5
797.5,-28.9,-35.8
797.6,-32.1,-35.9
797.7,-32.6,-35.5
797.8,-33.5,-35.2
797.9,-33.7,-35.1
798.0,-33.6,-35.0
798.1,-34.5,-34.8
798.2,-36.2,-34.8
798.3,-37.0,-34.7
798.4,-36.9,-34.6
798.5,-38.2,-34.6
798.6,-37.9,-34.5
798.7,-37.7,-34.4
798.8,-39.1,-34.5
798.9,-40.1,-34.5
799.0,-42.3,-34.5
799.1,-48.4,-34.7
799.2,-45.7,-34.8
799.3,-47.2,-34.8
799.4,-48.2,-34.8
799.5,-48.2,-34.8
799.6,-60.9,-34.8
799.7,-59.8,-34.8
799.8,-59.1,-34.8
799.9,-58.8,-34.8
800.0,-58.8,-35.1
800.1,-59.1,-35.5
800.2,-59.6,-37.3
800.3,-59.7,-38.1
800.4,-59.9,-39.1
800.5,-59.7,-39.6
800.6,-59.5,-39.7
800.7,-53.9,-40.8
800.8,-41.6,-41.4
800.9,-40.3,-41.8
801.0,-37.9,-41.6
801.1,-36.7,-41.9
801.2,-35.3,-40.9
801.3,-34.4,-40.6
801.4,-34.5,-40.5
801.5,-34.6,-40.4
801.6,-36.9,-40.6
801.7,-39.4,-40.9
801.8,-42.3,-40.9
801.9,-38.4,-40.1
802.0,-33.6,-38.6
802.1,-33.3,-38.5
802.2,-33.0,-38.4
802.3,-32.5,-37.7
802.4,-35.2,-37.6
802.5,-32.2,-36.6
802.6,-31.9,-36.4
802.7,-33.4,-36.3
802.8,-33.6,-36.3
802.9,-38.8,-36.3
803.0,-43.1,-36.3
803.1,-43.3,-36.2
803.2,-41.3,-36.1
803.3,-38.5,-35.9
803.4,-38.3,-35.9
803.5,-38.6,-35.9
803.6,-39.8,-35.9
803.7,-40.7,-35.8
803.8,-32.8,-35.0
803.9,-27.6,-33.2
804.0,-26.9,-32.9
804.1,-26.6,-32.8
804.2,-26.7,-32.5
804.3,-28.6,-32.1
804.4,-27.1,-31.4
804.5,-26.5,-31.1
804.6,-26.0,-30.6
804.7,-26.5,-30.5
804.8,-28.2,-30.4
804.9,-29.7,-30.4
805.0,-31.4,-30.4
805.1,-32.3,-30.4
805.2,-31.6,-30.3
805.3,-31.6,-30.4
805.4,-33.9,-30.4
805.5,-34.2,-30.5
805.6,-36.9,-30.6
805.7,-35.3,-30.5
805.8,-31.7,-30.2
805.9,-31.0,-30.1
806.0,-31.1,-30.1
806.1,-31.8,-30.1
806.2,-32.9,-30.0
806.3,-32.3,-29.9
806.4,-32.5,-29.9
806.5,-32.3,-29.8
806.6,-34.5,-29.8
806.7,-39.1,-29.9
806.8,-40.4,-30.1
806.9,-45.8,-30.9
807.0,-50.6,-31.1
807.1,-57.0,-31.3
807.2,-60.3,-31.6
807.3,-60.6,-32.0
807.4,-61.3,-32.9
807.5,-61.9,-33.5
807.6,-61.7,-34.5
807.7,-61.3,-34.8
807.8,-60.7,-35.1
807.9,-60.1,-35.2
808.0,-60.3,-35.8
808.1,-60.7,-36.0
808.2,-61.4,-36.6
808.3,-62.3,-36.8
808.4,-61.9,-36.8
808.5,-57.4,-37.0
808.6,-37.8,-36.7
808.7,-34.9,-36.7
808.8,-34.7,-37.9
808.9,-34.7,-38.5
809.0,-36.7,-38.6
809.1,-42.3,-38.7
809.2,-44.2,-40.0
809.3,-35.6,-40.1
809.4,-32.9,-38.8
809.5,-31.7,-38.4
809.6,-31.5,-38.4
809.7,-32.8,-38.2
809.8,-35.2,-38.0
809.9,-37.0,-37.8
810.0,-37.2,-37.7
810.1,-34.9,-37.1
810.2,-33.0,-36.4
810.3,-32.6,-36.2
810.4,-31.9,-35.9
810.5,-32.9,-35.8
810.6,-34.6,-35.6
810.7,-34.6,-35.4
810.8,-33.8,-35.1
810.9,-32.8,-34.8
811.0,-32.4,-34.6
811.1,-32.7,-34.5
811.2,-34.3,-34.4
811.3,-36.6,-34.4
811.4,-38.2,-34.3
811.5,-39.1,-34.3
811.6,-39.5,-34.5
811.7,-40.5,-34.8
811.8,-43.2,-34.8
811.9,-48.0,-34.8
812.0,-42.6,-34.8
812.1,-38.0,-34.6
812.2,-36.7,-34.5
812.3,-36.0,-34.8
812.4,-35.3,-35.2
812.5,-37.0,-35.5
812.6,-38.5,-35.6
812.7,-40.1,-35.7
812.8,-49.8,-35.8
812.9,-57.6,-35.9
813.0,-37.8,-35.6
813.1,-31.3,-34.9
813.2,-30.1,-34.9
813.3,-30.0,-35.0
813.4,-30.4,-35.1
813.5,-34.7,-35.2
813.6,-39.2,-35.3
813.7,-40.3,-35.5
813.8,-47.1,-35.9
813.9,-45.0,-36.2
814.0,-45.8,-36.5
814.1,-43.6,-36.6
814.2,-43.2,-36.6
814.3,-44.3,-36.7
814.4,-45.4,-36.8
814.5,-37.0,-36.4
814.6,-35.4,-36.2
814.7,-34.2,-36.0
814.8,-33.3,-35.8
814.9,-34.9,-35.7
815.0,-36.4,-35.8
815.1,-37.7,-36.0
815.2,-41.1,-36.1
815.3,-44.0,-36.2
815.4,-44.2,-36.4
815.5,-52.6,-36.4
815.6,-52.9,-36.4
815.7,-35.3,-35.7
815.8,-34.2,-35.6
815.9,-33.6,-35.4
816.0,-33.2,-35.7
816.1,-35.2,-36.8
816.2,-35.1,-37.2
816.3,-35.2,-37.2
816.4,-35.7,-37.4
816.5,-35.0,-36.9
816.6,-35.5,-36.8
816.7,-35.8,-36.7
816.8,-33.7,-36.2
816.9,-34.8,-36.1
817.0,-35.3,-36.1
817.1,-35.4,-36.1
817.2,-38.0,-36.0
817.3,-40.2,-36.0
817.4,-40.7,-36.0
817.5,-41.9,-36.4
817.6,-41.7,-36.5
817.7,-39.3,-36.6
817.8,-37.2,-36.7
817.9,-32.6,-35.9
818.0,-29.2,-34.5
818.1,-29.4,-34.6
818.2,-29.6,-34.6
818.3,-31.4,-34.6
818.4,-46.4,-34.6
818.5,-40.7,-34.4
818.6,-40.8,-34.4
818.7,-40.7,-34.9
818.8,-40.7,-35.1
818.9,-43.7,-35.1
819.0,-35.4,-34.8
819.1,-33.8,-34.7
819.2,-33.6,-34.8
819.3,-33.8,-34.9
819.4,-37.5,-34.9
819.5,-42.7,-35.2
819.6,-45.2,-35.3
819.7,-44.8,-35.3
819.8,-43.0,-35.7
819.9,-42.4,-35.8
820.0,-40.3,-35.7
820.1,-37.8,-35.6
820.2,-37.3,-35.6
820.3,-37.0,-35.6
820.4,-37.8,-35.5
820.5,-40.3,-35.5
820.6,-40.1,-35.5
820.7,-40.8,-35.6
820.8,-39.7,-35.7
820.9,-39.5,-36.5
821.0,-40.6,-38.8
821.1,-40.3,-38.8
821.2,-41.3,-38.7
821.3,-41.2,-38.7
821.4,-40.8,-38.6
821.5,-39.7,-38.7
821.6,-39.3,-38.6
821.7,-38.8,-38.5
821.8,-36.6,-38.1
821.9,-36.5,-38.0
822.0,-36.2,-38.8
822.1,-36.1,-39.2
822.2,-37.9,-39.2
822.3,-38.6,-39.1
822.4,-39.6,-39.1
822.5,-40.5,-39.1
822.6,-40.0,-38.9
822.7,-39.6,-38.8
822.8,-34.2,-37.8
822.9,-33.7,-37.6
823.0,-33.9,-37.7
823.1,-34.2,-37.9
823.2,-39.7,-38.1
823.3,-42.9,-38.1
823.4,-43.2,-38.1
823.5,-43.5,-38.1
823.6,-43.5,-38.3
823.7,-42.3,-38.2
823.8,-40.6,-38.2
823.9,-39.7,-38.1
824.0,-38.9,-38.1
824.1,-38.2,-38.0
824.2,-38.7,-38.0
824.3,-38.5,-37.9
824.4,-37.0,-37.7
824.5,-37.1,-37.7
824.6,-36.9,-37.7
824.7,-37.4,-37.7
824.8,-39.9,-38.1
824.9,-40.4,-38.2
825.0,-41.2,-38.3
825.1,-40.8,-38.3
825.2,-35.3,-37.6
825.3,-33.7,-37.2
825.4,-33.0,-36.9
825.5,-33.0,-37.0
825.6,-35.4,-37.0
825.7,-38.8,-37.1
825.8,-37.1,-37.5
825.9,-37.1,-37.7
826.0,-37.3,-37.7
826.1,-37.3,-37.7
826.2,-44.1,-37.7
826.3,-44.7,-37.8
826.4,-44.5,-37.8
826.5,-44.2,-37.8
826.6,-41.5,-37.7
826.7,-41.1,-37.7
826.8,-38.7,-37.6
826.9,-38.3,-37.6
827.0,-37.3,-37.5
827.1,-34.8,-37.1
827.2,-33.9,-36.8
827.3,-33.3,-36.6
827.4,-31.1,-35.9
827.5,-31.2,-35.7
827.6,-31.9,-35.7
827.7,-31.9,-35.6
827.8,-35.4,-35.5
827.9,-37.7,-35.6
828.0,-38.3,-35.6
828.1,-40.7,-35.6
828.2,-39.9,-35.9
828.3,-38.4,-36.2
828.4,-37.5,-36.3
828.5,-36.1,-36.1
828.6,-35.3,-35.9
828.7,-35.2,-35.8
828.8,-35.2,-36.0
828.9,-36.0,-36.0
829.0,-37.5,-35.9
829.1,-38.0,-35.9
829.2,-35.8,-35.5
829.3,-35.7,-35.5
829.4,-36.0,-35.5
829.5,-36.5,-35.5
829.6,-40.7,-35.5
829.7,-43.4,-35.5
829.8,-43.6,-35.7
829.9,-44.2,-35.7
830.0,-43.5,-35.8
830.1,-42.7,-36.1
830.2,-39.6,-36.3
830.3,-39.0,-36.5
830.4,-39.2,-37.6
830.5,-39.5,-38.0
830.6,-41.7,-38.1
830.7,-41.2,-38.3
830.8,-41.2,-38.4
830.9,-41.0,-38.4
831.0,-38.6,-38.1
831.1,-38.2,-38.0
831.2,-38.2,-38.2
831.3,-38.4,-38.4
831.4,-41.0,-38.5
831.5,-43.2,-38.8
831.6,-37.7,-38.7
831.7,-35.5,-38.4
831.8,-34.7,-38.3
831.9,-34.0,-38.2
832.0,-35.3,-38.2
832.1,-36.7,-38.2
832.2,-37.3,-38.7
832.3,-37.9,-38.6
832.4,-36.8,-38.4
832.5,-37.1,-38.3
832.6,-37.5,-38.3
832.7,-37.8,-38.2
832.8,-37.9,-37.9
832.9,-38.0,-37.9
833.0,-37.4,-37.8
833.1,-38.1,-37.8
833.2,-37.4,-37.7
833.3,-37.6,-37.7
833.4,-38.6,-37.7
833.5,-38.7,-37.7
833.6,-42.7,-37.7
833.7,-43.7,-37.8
833.8,-43.8,-37.8
833.9,-43.8,-37.8
834.0,-43.7,-38.1
834.1,-43.7,-38.2
834.2,-43.7,-38.2
834.3,-43.7,-38.2
834.4,-44.0,-38.2
834.5,-44.1,-38.2
834.6,-44.2,-38.7
834.7,-44.4,-39.3
834.8,-44.4,-39.6
834.9,-44.5,-39.9
835.0,-44.6,-40.0
835.1,-44.6,-40.3
835.2,-44.5,-40.5
835.3,-44.5,-40.8
835.4,-42.8,-41.1
835.5,-40.8,-41.0
835.6,-39.9,-41.0
835.7,-35.7,-40.1
835.8,-31.5,-38.2
835.9,-30.8,-37.7
836.0,-30.2,-37.4
836.1,-30.5,-37.1
836.2,-33.2,-37.2
836.3,-34.7,-37.2
836.4,-35.9,-37.0
836.5,-34.7,-36.5
836.6,-33.4,-36.1
836.7,-33.0,-35.9
836.8,-33.3,-35.9
836.9,-35.6,-35.9
837.0,-38.5,-35.9
837.1,-36.1,-35.5
837.2,-33.1,-35.0
837.3,-29.9,-34.1
837.4,-28.9,-33.7
837.5,-28.6,-33.4
837.6,-29.1,-33.3
837.7,-30.6,-33.0
837.8,-32.0,-33.0
837.9,-34.0,-32.9
838.0,-33.3,-32.8
838.1,-34.4,-32.7
838.2,-34.8,-32.7
838.3,-34.7,-32.6
838.4,-36.9,-32.6
838.5,-36.1,-32.5
838.6,-35.7,-32.5
838.7,-36.3,-32.6
838.8,-36.5,-33.1
838.9,-39.4,-33.3
839.0,-41.1,-33.5
839.1,-41.3,-33.6
839.2,-41.1,-33.7
839.3,-38.5,-33.6
839.4,-35.5,-33.5
839.5,-34.7,-33.6
839.6,-34.0,-33.7
839.7,-33.0,-33.6
839.8,-31.9,-33.2
839.9,-28.7,-32.4
840.0,-26.1,-31.3
840.1,-24.7,-30.7
840.2,-24.8,-30.7
840.3,-26.0,-31.1
840.4,-28.6,-31.3
840.5,-34.4,-31.4
840.6,-37.4,-31.5
840.7,-37.5,-31.6
840.8,-35.5,-31.5
840.9,-30.3,-31.0
841.0,-29.8,-31.0
841.1,-29.7,-31.0
841.2,-29.9,-31.0
841.3,-34.3,-31.0
841.4,-35.7,-31.0
841.5,-36.0,-31.0
841.6,-36.4,-31.0
841.7,-36.2,-31.0
841.8,-35.9,-31.0
841.9,-34.5,-30.9
842.0,-34.3,-30.8
842.1,-34.1,-30.8
842.2,-33.9,-30.7
842.3,-34.9,-30.7
842.4,-34.7,-30.8
842.5,-34.6,-30.8
842.6,-34.0,-30.7
842.7,-33.7,-30.8
842.8,-33.2,-30.9
842.9,-33.1,-31.4
843.0,-33.2,-32.4
843.1,-33.2,-33.5
843.2,-33.1,-33.6
843.3,-32.9,-33.5
843.4,-32.8,-33.4
843.5,-32.6,-33.2
843.6,-32.7,-33.1
843.7,-32.6,-33.0
843.8,-32.3,-33.0
843.9,-31.5,-33.5
844.0,-28.6,-32.8
844.1,-28.4,-32.6
844.2,-28.3,-32.5
844.3,-28.6,-32.4
844.4,-31.0,-32.2
844.5,-31.1,-32.1
844.6,-31.0,-31.9
844.7,-30.7,-31.8
844.8,-30.6,-31.7
844.9,-30.5,-31.6
845.0,-30.2,-31.5
845.1,-30.1,-31.3
845.2,-29.9,-31.2
845.3,-29.6,-31.0
845.4,-29.5,-30.9
845.5,-29.3,-30.7
845.6,-29.2,-30.6
845.7,-29.0,-30.4
845.8,-28.9,-30.3
845.9,-28.8,-30.2
846.0,-28.7,-30.0
846.1,-28.6,-29.9
846.2,-28.6,-29.8
846.3,-28.6,-29.7
846.4,-28.7,-29.6
846.5,-28.6,-29.4
846.6,-28.5,-29.3
846.7,-28.5,-29.2
846.8,-28.6,-29.2
846.9,-28.7,-29.1
847.0,-28.5,-29.3
847.1,-28.6,-29.3
847.2,-28.5,-29.2
847.3,-28.5,-29.1
847.4,-28.6,-29.0
847.5,-28.4,-29.0
847.6,-28.3,-28.9
847.7,-28.3,-28.8
847.8,-28.3,-28.8
847.9,-28.3,-28.7
848.0,-28.3,-28.6
848.1,-28.3,-28.6
848.2,-28.4,-28.6
848.3,-28.7,-28.6
848.4,-28.8,-28.6
848.5,-29.0,-28.6
848.6,-29.0,-28.6
848.7,-28.9,-28.6
848.8,-27.9,-28.4
848.9,-27.4,-28.4
849.0,-27.4,-28.4
849.1,-26.9,-28.3
849.2,-27.6,-28.3
849.3,-26.4,-28.0
849.4,-26.2,-28.0
849.5,-26.7,-28.0
849.6,-26.8,-28.0
849.7,-29.0,-28.1
849.8,-29.6,-28.1
849.9,-30.1,-28.2
850.0,-30.3,-28.2
850.1,-30.7,-28.3
850.2,-31.1,-28.4
850.3,-31.4,-28.4
850.4,-32.2,-28.5
850.5,-32.4,-28.6
850.6,-30.8,-28.6
850.7,-30.8,-28.7
850.8,-30.9,-28.8
850.9,-31.0,-28.9
851.0,-32.6,-29.0
851.1,-31.5,-29.1
851.2,-30.3,-29.0
851.3,-29.9,-29.1
851.4,-30.3,-29.2
851.5,-31.6,-29.3
851.6,-33.9,-29.5
851.7,-35.8,-29.6
851.8,-36.3,-29.9
851.9,-36.7,-30.2
852.0,-37.2,-30.4
852.1,-37.7,-30.7
852.2,-38.1,-30.9
852.3,-38.6,-31.8
852.4,-38.9,-32.1
852.5,-39.1,-32.4
852.6,-39.2,-32.7
852.7,-39.3,-32.9
852.8,-39.3,-33.1
852.9,-38.8,-33.3
853.0,-34.8,-33.3
853.1,-31.9,-33.1
853.2,-31.0,-33.1
853.3,-30.3,-33.1
853.4,-31.1,-33.1
853.5,-33.3,-33.3
853.6,-35.1,-33.8
853.7,-38.4,-33.9
853.8,-40.6,-34.1
853.9,-41.0,-34.3
854.0,-41.0,-34.5
854.1,-41.6,-35.0
854.2,-41.6,-35.6
854.3,-41.8,-36.0
854.4,-42.3,-36.2
854.5,-42.3,-36.3
854.6,-42.5,-36.4
854.7,-42.2,-36.5
854.8,-42.3,-36.6
854.9,-42.5,-36.7
855.0,-42.1,-36.8
855.1,-37.4,-36.5
855.2,-34.9,-36.2
855.3,-30.8,-35.2
855.4,-30.1,-34.9
855.5,-29.6,-34.5
855.6,-29.7,-34.3
855.7,-31.9,-34.2
855.8,-32.8,-34.2
855.9,-35.1,-34.3
856.0,-37.2,-34.6
856.1,-39.5,-35.2
856.2,-41.2,-35.5
856.3,-42.2,-35.9
856.4,-43.3,-36.0
856.5,-43.8,-36.0
856.6,-44.1,-36.1
856.7,-44.3,-36.1
856.8,-44.5,-36.1
856.9,-44.6,-36.1
857.0,-44.9,-36.2
857.1,-45.0,-36.2
857.2,-45.4,-36.2
857.3,-45.7,-36.2
857.4,-45.9,-36.3
857.5,-46.1,-36.3
857.6,-46.1,-36.3
857.7,-46.1,-36.3
857.8,-46.2,-36.3
857.9,-46.3,-36.4
858.0,-46.2,-36.4
858.1,-45.9,-36.7
858.2,-45.9,-37.2
858.3,-45.6,-39.1
858.4,-45.4,-39.9
858.5,-45.4,-41.5
858.6,-45.4,-42.8
858.7,-45.3,-43.8
858.8,-44.5,-44.4
858.9,-44.5,-44.7
859.0,-42.7,-44.7
859.1,-42.8,-44.8
859.2,-43.5,-44.9
859.3,-43.6,-45.0
859.4,-46.2,-45.1
859.5,-47.0,-45.2
859.6,-47.1,-45.3
859.7,-47.3,-45.3
859.8,-47.6,-45.4
859.9,-47.4,-45.5
860.0,-47.4,-45.6
860.1,-47.6,-45.6
860.2,-47.4,-45.6
860.3,-46.9,-45.6
860.4,-47.0,-45.7
860.5,-47.0,-45.7
860.6,-47.1,-45.8
860.7,-47.6,-45.8
860.8,-47.6,-45.8
860.9,-47.6,-45.9
861.0,-47.6,-45.9
861.1,-47.6,-46.0
861.2,-47.9,-46.0
861.3,-48.1,-46.1
861.4,-48.6,-46.3
861.5,-49.0,-46.4
861.6,-33.8,-41.2
861.7,-32.7,-40.4
861.8,-31.7,-39.6
861.9,-30.9,-39.0
862.0,-31.7,-38.0
862.1,-27.7,-35.0
862.2,-28.0,-35.0
862.3,-28.2,-34.9
862.4,-29.0,-34.9
862.5,-38.8,-34.8
862.6,-35.5,-34.5
862.7,-33.3,-34.2
862.8,-33.0,-34.1
862.9,-33.1,-34.1
863.0,-34.5,-34.0
863.1,-34.4,-33.7
863.2,-34.0,-33.6
863.3,-33.6,-33.5
863.4,-34.0,-33.5
863.5,-37.5,-33.5
863.6,-41.2,-33.5
863.7,-46.1,-33.5
863.8,-46.4,-33.5
863.9,-48.8,-33.5
864.0,-50.6,-33.5
864.1,-50.6,-33.5
864.2,-50.5,-33.5
864.3,-50.2,-33.5
864.4,-50.1,-33.5
864.5,-50.1,-33.5
864.6,-49.9,-34.1
864.7,-50.1,-34.2
864.8,-50.1,-34.5
864.9,-50.1,-34.7
865.0,-50.1,-35.2
865.1,-50.0,-38.3
865.2,-49.9,-38.4
865.3,-49.9,-38.5
865.4,-50.0,-38.7
865.5,-49.9,-38.8
865.6,-35.9,-38.5
865.7,-33.4,-38.6
865.8,-30.3,-37.1
865.9,-29.8,-36.8
866.0,-28.0,-35.2
866.1,-27.6,-34.9
866.2,-28.3,-34.7
866.3,-28.4,-34.6
866.4,-31.5,-34.6
866.5,-33.9,-34.5
866.6,-31.7,-33.8
866.7,-30.1,-33.3
866.8,-29.6,-33.1
866.9,-29.7,-33.1
867.0,-31.9,-33.0
867.1,-33.7,-32.8
867.2,-34.6,-32.7
867.3,-34.1,-32.7
867.4,-34.9,-32.6
867.5,-34.6,-32.4
867.6,-31.8,-32.1
867.7,-31.7,-32.0
867.8,-31.2,-31.9
867.9,-30.8,-31.7
868.0,-29.9,-31.2
868.1,-29.9,-31.2
868.2,-30.1,-31.1
868.3,-30.0,-30.9
868.4,-30.8,-30.6
868.5,-27.4,-30.0
868.6,-26.9,-30.0
868.7,-27.5,-30.1
868.8,-27.7,-30.1
868.9,-30.1,-30.0
869.0,-30.1,-30.3
869.1,-29.3,-30.4
869.2,-29.8,-30.4
869.3,-30.4,-30.3
869.4,-31.3,-30.3
869.5,-31.7,-30.2
869.6,-30.4,-30.3
869.7,-31.0,-30.5
869.8,-31.0,-30.5
869.9,-31.4,-30.4
870.0,-34.8,-30.5
870.1,-33.3,-30.4
870.2,-33.8,-30.4
870.3,-34.2,-30.5
870.4,-33.9,-30.4
870.5,-36.1,-30.5
870.6,-32.5,-30.5
870.7,-32.5,-30.5
870.8,-32.9,-30.6
870.9,-32.8,-30.7
871.0,-37.5,-31.1
871.1,-36.2,-31.1
871.2,-36.2,-31.1
871.3,-37.0,-31.3
871.4,-33.4,-31.4
871.5,-31.2,-31.9
871.6,-29.2,-31.8
871.7,-29.0,-31.7
871.8,-29.9,-32.0
871.9,-31.7,-32.2
872.0,-35.6,-32.4
872.1,-37.3,-32.6
872.2,-38.2,-32.8
872.3,-35.7,-32.9
872.4,-31.0,-32.4
872.5,-30.4,-32.4
872.6,-30.1,-32.8
872.7,-29.5,-32.5
872.8,-31.9,-32.5
872.9,-31.9,-32.5
873.0,-32.1,-32.5
873.1,-34.8,-32.7
873.2,-36.1,-32.7
873.3,-39.3,-32.7
873.4,-38.4,-32.7
873.5,-34.2,-32.5
873.6,-32.2,-32.7
873.7,-29.5,-32.2
873.8,-28.8,-31.9
873.9,-29.8,-32.0
874.0,-29.8,-31.8
874.1,-30.5,-31.6
874.2,-31.1,-31.5
874.3,-31.1,-31.5
874.4,-32.4,-31.7
874.5,-35.7,-32.0
874.6,-34.1,-32.2
874.7,-33.1,-32.2
874.8,-33.4,-32.2
874.9,-34.0,-32.3
875.0,-38.7,-32.4
875.1,-31.6,-31.7
875.2,-30.1,-31.5
875.3,-29.3,-31.5
875.4,-29.0,-31.9
875.5,-31.3,-31.9
875.6,-30.9,-31.6
875.7,-30.8,-31.7
875.8,-27.4,-31.0
875.9,-27.0,-30.8
876.0,-27.8,-30.8
876.1,-28.0,-30.8
876.2,-27.7,-30.0
876.3,-27.6,-29.8
876.4,-27.5,-29.8
876.5,-27.9,-30.0
876.6,-30.6,-29.9
876.7,-27.8,-29.5
876.8,-27.3,-29.5
876.9,-26.4,-29.3
877.0,-26.1,-29.2
877.1,-28.5,-29.3
877.2,-28.0,-29.1
877.3,-26.7,-28.7
877.4,-26.8,-28.5
877.5,-26.8,-28.5
877.6,-27.6,-28.5
877.7,-29.5,-28.4
877.8,-28.7,-28.1
877.9,-28.2,-28.0
878.0,-28.0,-28.0
878.1,-26.6,-27.9
878.2,-27.7,-27.9
878.3,-28.3,-27.9
878.4,-28.7,-27.9
878.5,-34.5,-28.0
878.6,-38.1,-28.1
878.7,-30.1,-27.9
878.8,-29.1,-28.2
878.9,-29.1,-28.3
879.0,-29.3,-28.3
879.1,-35.1,-28.4
879.2,-50.0,-28.8
879.3,-50.2,-29.0
879.4,-50.0,-29.0
879.5,-50.0,-29.0
879.6,-50.0,-29.2
879.7,-49.9,-29.8
879.8,-50.0,-30.0
879.9,-49.9,-30.3
880.0,-49.7,-30.6
880.1,-49.8,-30.7
880.2,-49.8,-31.0
880.3,-49.9,-31.8
880.4,-50.1,-32.3
880.5,-50.0,-32.4
880.6,-50.0,-32.5
880.7,-50.0,-32.9
880.8,-40.7,-33.8
880.9,-30.6,-33.1
881.0,-30.2,-33.2
881.1,-29.2,-34.2
881.2,-29.0,-34.4
881.3,-32.7,-34.4
881.4,-32.5,-34.3
881.5,-34.6,-34.2
881.6,-34.6,-34.1
881.7,-34.2,-35.5
881.8,-33.1,-35.6
881.9,-33.1,-35.5
882.0,-34.4,-35.5
882.1,-35.6,-35.5
882.2,-43.1,-35.5
882.3,-49.1,-35.5
882.4,-49.2,-35.5
882.5,-49.4,-35.5
882.6,-49.4,-35.5
882.7,-49.3,-35.5
882.8,-49.3,-35.5
882.9,-49.0,-35.5
883.0,-49.2,-35.5
883.1,-49.2,-35.5
883.2,-49.2,-35.5
883.3,-49.1,-35.5
883.4,-48.7,-35.5
883.5,-48.4,-35.5
883.6,-48.2,-35.5
883.7,-48.0,-35.5
883.8,-48.1,-35.7
883.9,-48.1,-37.8
884.0,-47.9,-38.1
884.1,-47.9,-39.2
884.2,-47.6,-39.8
884.3,-47.5,-40.1
884.4,-47.5,-40.9
884.5,-47.4,-41.1
884.6,-47.3,-42.1
884.7,-47.2,-43.1
884.8,-46.9,-47.1
884.9,-47.0,-48.2
885.0,-47.1,-48.2
885.1,-47.0,-48.1
885.2,-47.1,-48.0
885.3,-47.0,-48.0
885.4,-46.9,-47.9
885.5,-46.9,-47.8
885.6,-46.8,-47.7
885.7,-46.7,-47.6
885.8,-46.6,-47.5
885.9,-46.7,-47.5
886.0,-46.7,-47.4
886.1,-46.8,-47.3
886.2,-46.8,-47.3
886.3,-46.8,-47.2
886.4,-46.7,-47.2
886.5,-46.8,-47.1
886.6,-46.9,-47.1
886.7,-44.7,-46.7
886.8,-44.7,-46.6
886.9,-44.5,-46.6
887.0,-44.3,-46.5
887.1,-42.7,-45.8
887.2,-42.8,-45.8
887.3,-42.8,-45.7
887.4,-42.7,-45.7
887.5,-46.4,-45.7
887.6,-46.5,-45.7
887.7,-46.8,-45.7
887.8,-47.2,-45.7
887.9,-47.2,-45.7
888.0,-47.2,-45.7
888.1,-44.1,-45.3
888.2,-43.0,-45.1
888.3,-43.0,-45.1
888.4,-43.1,-45.1
888.5,-43.8,-44.9
888.6,-39.6,-43.7
888.7,-36.5,-42.4
888.8,-36.5,-42.4
888.9,-36.7,-42.4
889.0,-38.1,-42.2
889.1,-42.0,-42.0
889.2,-34.1,-39.7
889.3,-33.5,-39.4
889.4,-32.7,-38.9
889.5,-31.9,-38.3
889.6,-34.1,-38.1
889.7,-34.4,-38.0
889.8,-35.3,-37.9
889.9,-37.1,-37.7
890.0,-38.0,-37.6
890.1,-38.1,-37.7
890.2,-38.4,-37.6
890.3,-38.5,-37.4
890.4,-38.7,-37.4
890.5,-38.7,-37.3
890.6,-39.3,-37.2
890.7,-39.9,-37.2
890.8,-40.3,-37.1
890.9,-40.6,-37.1
891.0,-40.6,-37.0
891.1,-40.5,-37.0
891.2,-38.5,-36.9
891.3,-38.3,-36.8
891.4,-38.2,-36.8
891.5,-38.3,-36.7
891.6,-40.1,-36.9
891.7,-40.4,-37.2
891.8,-29.4,-34.8
891.9,-28.2,-34.1
892.0,-28.1,-34.1
892.1,-28.1,-34.1
892.2,-33.3,-34.6
892.3,-40.5,-34.7
892.4,-43.6,-34.9
892.5,-44.9,-35.1
892.6,-45.0,-35.3
892.7,-45.2,-35.3
892.8,-45.6,-35.4
892.9,-45.6,-35.5
893.0,-43.5,-35.5
893.1,-43.1,-35.5
893.2,-43.1,-35.6
893.3,-43.1,-35.7
893.4,-44.9,-35.7
893.5,-45.5,-35.8
893.6,-45.2,-35.8
893.7,-45.2,-35.8
893.8,-44.9,-35.8
893.9,-44.2,-35.9
894.0,-43.9,-35.9
894.1,-43.2,-35.9
894.2,-43.1,-36.1
894.3,-43.2,-36.1
894.4,-43.0,-36.1
894.5,-43.5,-36.1
894.6,-43.6,-36.2
894.7,-43.9,-36.2
894.8,-44.3,-40.2
894.9,-43.3,-43.3
895.0,-42.6,-43.8
895.1,-42.6,-43.9
895.2,-42.5,-43.9
895.3,-43.4,-43.9
895.4,-44.2,-43.8
895.5,-43.7,-43.8
895.6,-43.6,-43.7
895.7,-43.5,-43.7
895.8,-43.3,-43.6
895.9,-43.5,-43.5
896.0,-43.4,-43.7
896.1,-43.1,-43.7
896.2,-42.9,-43.6
896.3,-42.8,-43.5
896.4,-42.8,-43.4
896.5,-42.9,-43.4
896.6,-42.8,-43.3
896.7,-42.9,-43.2
896.8,-42.9,-43.2
896.9,-43.0,-43.2
897.0,-39.1,-42.4
897.1,-37.2,-41.8
897.2,-35.6,-41.1
897.3,-35.4,-41.0
897.4,-36.8,-41.0
897.5,-38.3,-41.0
897.6,-42.5,-41.0
897.7,-44.2,-41.0
897.8,-44.6,-41.0
897.9,-45.3,-41.1
898.0,-30.7,-37.3
898.1,-30.2,-37.0
898.2,-30.2,-37.0
898.3,-30.2,-37.0
898.4,-38.8,-37.0
898.5,-43.6,-37.0
898.6,-34.0,-36.1
898.7,-33.5,-36.0
898.8,-33.4,-36.0
898.9,-33.4,-36.0
899.0,-40.1,-36.0
899.1,-42.3,-36.0
899.2,-43.8,-36.0
899.3,-44.2,-36.0
899.4,-44.2,-36.0
899.5,-44.1,-36.0
899.6,-43.7,-36.0
899.7,-43.2,-36.0
899.8,-43.3,-36.0
899.9,-43.4,-36.0
900.0,-43.7,-36.2
900.1,-44.2,-36.4
900.2,-44.1,-36.6
900.3,-44.0,-36.6
900.4,-43.3,-36.6
900.5,-42.9,-36.6
900.6,-42.5,-36.6
900.7,-42.4,-36.6
900.8,-42.3,-36.6
900.9,-42.5,-36.5
901.0,-42.7,-39.5
901.1,-42.8,-40.0
901.2,-43.3,-40.0
901.3,-43.0,-39.9
901.4,-43.3,-39.9
901.5,-43.2,-40.0
901.6,-43.2,-42.7
901.7,-43.5,-43.2
901.8,-43.6,-43.3
901.9,-43.7,-43.4
902.0,-44.0,-43.4
902.1,-44.0,-43.4
902.2,-43.9,-43.4
902.3,-44.0,-43.4
902.4,-44.2,-43.4
902.5,-43.9,-43.4
902.6,-43.8,-43.4
902.7,-43.5,-43.4
902.8,-43.2,-43.4
902.9,-43.0,-43.3
903.0,-42.8,-43.3
903.1,-42.7,-43.2
903.2,-42.8,-43.2
903.3,-43.3,-43.2
903.4,-43.6,-43.3
903.5,-43.8,-43.3
903.6,-44.0,-43.4
903.7,-44.0,-43.4
903.8,-43.8,-43.5
903.9,-43.4,-43.5
904.0,-43.3,-43.5
904.1,-43.2,-43.5
904.2,-43.3,-43.5
904.3,-43.4,-43.5
904.4,-43.3,-43.5
904.5,-43.1,-43.5
904.6,-43.2,-43.5
904.7,-43.2,-43.5
904.8,-43.0,-43.4
904.9,-42.7,-43.3
905.0,-42.5,-43.3
905.1,-41.6,-43.1
905.2,-41.5,-43.0
905.3,-41.7,-43.0
905.4,-41.4,-42.9
905.5,-42.0,-42.8
905.6,-42.1,-42.8
905.7,-41.7,-42.7
905.8,-41.9,-42.7
905.9,-41.7,-42.6
906.0,-40.9,-42.5
906.1,-40.5,-42.4
906.2,-40.1,-42.2
906.3,-39.8,-42.1
906.4,-40.1,-42.0
906.5,-40.4,-41.9
906.6,-40.6,-41.8
906.7,-38.6,-41.2
906.8,-37.0,-40.7
906.9,-36.2,-40.4
907.0,-35.7,-40.2
907.1,-36.1,-40.0
907.2,-36.9,-39.8
907.3,-37.6,-39.7
907.4,-38.2,-39.6
907.5,-38.9,-39.5
907.6,-39.7,-39.5
907.7,-40.0,-39.4
907.8,-40.4,-39.4
907.9,-40.8,-39.4
908.0,-41.0,-39.3
908.1,-41.6,-39.4
908.2,-41.6,-39.4
908.3,-41.7,-39.4
908.4,-41.5,-39.4
908.5,-41.2,-39.3
908.6,-41.0,-39.3
908.7,-40.8,-39.3
908.8,-40.7,-39.3
908.9,-40.6,-39.2
909.0,-40.4,-39.3
909.1,-40.2,-39.3
909.2,-39.9,-39.2
909.3,-39.6,-39.2
909.4,-39.1,-39.1
909.5,-38.7,-39.0
909.6,-38.3,-39.0
909.7,-38.1,-39.1
909.8,-38.0,-39.3
909.9,-37.8,-39.4
910.0,-37.5,-39.4
910.1,-37.0,-39.3
910.2,-36.4,-39.2
910.3,-35.9,-39.0
910.4,-35.4,-38.8
910.5,-35.2,-38.6
910.6,-35.1,-38.3
910.7,-34.8,-38.1
910.8,-34.5,-37.8
910.9,-34.5,-37.5
911.0,-34.5,-37.3
911.1,-35.1,-37.2
911.2,-36.0,-37.2
911.3,-36.4,-37.0
911.4,-36.7,-36.9
911.5,-36.3,-36.8
911.6,-35.4,-36.6
911.7,-34.6,-36.3
911.8,-34.0,-36.1
911.9,-33.7,-35.9
912.0,-33.8,-35.8
912.1,-34.4,-35.7
912.2,-35.4,-35.7
912.3,-36.2,-35.7
912.4,-37.1,-35.6
912.5,-37.3,-35.6
912.6,-37.3,-35.6
912.7,-37.5,-35.6
912.8,-37.0,-35.6
912.9,-37.0,-35.5
913.0,-36.5,-35.5
913.1,-36.0,-35.5
913.2,-36.3,-35.5
913.3,-36.6,-35.6
913.4,-37.5,-35.7
913.5,-38.5,-35.8
913.6,-39.3,-36.0
913.7,-39.3,-36.1
913.8,-39.6,-36.3
913.9,-39.7,-36.4
914.0,-39.8,-36.6
914.1,-38.9,-36.5
914.2,-38.9,-36.6
914.3,-38.9,-36.7
914.4,-39.0,-36.8
914.5,-40.5,-36.9
914.6,-40.2,-37.1
914.7,-40.6,-37.5
914.8,-40.2,-37.8
914.9,-39.2,-37.9
915.0,-38.5,-38.1
915.1,-38.0,-38.1
915.2,-37.7,-38.2
915.3,-37.8,-38.2
915.4,-37.6,-38.2
915.5,-37.3,-38.1
915.6,-36.9,-38.1
915.7,-36.8,-38.1
915.8,-37.0,-38.1
915.9,-37.1,-38.2
916.0,-37.6,-38.3
916.1,-37.7,-38.4
916.2,-38.0,-38.5
916.3,-38.4,-38.5
916.4,-38.5,-38.4
916.5,-38.6,-38.4
916.6,-38.8,-38.4
916.7,-38.7,-38.4
916.8,-38.6,-38.3
916.9,-39.1,-38.4
917.0,-39.5,-38.4
917.1,-40.0,-38.5
917.2,-40.5,-38.5
917.3,-40.6,-38.5
917.4,-40.9,-38.5
917.5,-41.2,-38.6
917.6,-41.7,-38.6
917.7,-42.0,-38.6
917.8,-42.1,-38.7
917.9,-42.0,-38.8
918.0,-42.0,-39.0
918.1,-42.0,-39.1
918.2,-42.1,-39.2
918.3,-42.3,-39.3
918.4,-42.3,-39.5
918.5,-42.2,-39.7
918.6,-41.9,-39.9
918.7,-41.4,-40.0
918.8,-41.2,-40.2
918.9,-41.0,-40.4
919.0,-40.9,-40.5
919.1,-41.1,-40.6
919.2,-41.1,-40.7
919.3,-41.2,-40.8
919.4,-41.2,-40.9
919.5,-41.0,-41.0
919.6,-39.5,-40.9
919.7,-39.6,-41.0
919.8,-39.4,-41.1
919.9,-39.5,-41.1
920.0,-40.7,-41.1
920.1,-40.7,-41.1
920.2,-40.9,-41.2
920.3,-41.0,-41.2
920.4,-40.6,-41.1
920.5,-40.6,-41.0
920.6,-40.8,-41.0
920.7,-40.9,-41.0
920.8,-41.5,-41.0
920.9,-41.4,-41.0
921.0,-41.3,-41.0
921.1,-41.5,-41.0
921.2,-41.7,-40.9
921.3,-42.0,-41.0
921.4,-42.1,-40.9
921.5,-41.5,-40.9
921.6,-41.6,-40.9
921.7,-41.6,-41.0
921.8,-41.9,-41.0
921.9,-42.8,-41.1
922.0,-43.2,-41.1
922.1,-43.4,-41.2
922.2,-43.6,-41.3
922.3,-43.9,-41.4
922.4,-44.0,-41.4
922.5,-44.5,-41.6
922.6,-44.6,-41.9
922.7,-44.6,-42.0
922.8,-44.9,-42.1
922.9,-44.6,-42.3
923.0,-44.7,-42.4
923.1,-44.8,-42.5
923.2,-44.9,-42.6
923.3,-45.1,-42.8
923.4,-45.4,-43.0
923.5,-45.6,-43.1
923.6,-45.5,-43.2
923.7,-45.6,-43.4
923.8,-44.8,-43.5
923.9,-44.1,-43.6
924.0,-43.9,-43.7
924.1,-43.8,-43.8
924.2,-44.3,-43.9
924.3,-44.7,-43.9
924.4,-44.7,-44.1
924.5,-44.9,-44.3
924.6,-45.1,-44.5
924.7,-45.4,-44.6
924.8,-46.0,-44.7
924.9,-46.2,-44.8
925.0,-46.4,-44.9
925.1,-46.6,-45.0
925.2,-46.9,-45.1
925.3,-47.0,-45.2
925.4,-47.0,-45.3
925.5,-47.1,-45.3
925.6,-47.2,-45.4
925.7,-47.3,-45.5
925.8,-47.6,-45.6
925.9,-47.7,-45.7
926.0,-47.7,-45.8
926.1,-47.7,-45.8
926.2,-47.3,-45.9
926.3,-46.6,-45.9
926.4,-45.9,-45.8
926.5,-45.4,-45.8
926.6,-45.2,-45.8
926.7,-45.2,-45.8
926.8,-45.3,-45.9
926.9,-45.3,-46.0
927.0,-45.2,-46.0
927.1,-45.2,-46.1
927.2,-44.9,-46.0
927.3,-44.8,-46.0
927.4,-44.7,-46.1
927.5,-44.7,-46.0
927.6,-44.7,-45.9
927.7,-44.6,-45.9
927.8,-44.7,-45.8
927.9,-44.6,-45.8
928.0,-44.5,-45.7
928.1,-44.6,-45.6
928.2,-44.8,-45.6
928.3,-45.4,-45.6
928.4,-45.4,-45.5
928.5,-40.7,-44.4
928.6,-40.4,-44.3
928.7,-40.2,-44.2
928.8,-40.4,-44.2
928.9,-44.7,-44.2
929.0,-45.7,-44.1
929.1,-45.7,-44.1
929.2,-44.5,-43.9
929.3,-44.7,-44.0
929.4,-45.0,-44.0
929.5,-45.6,-44.1
929.6,-46.5,-44.0
929.7,-32.6,-39.6
929.8,-29.9,-37.6
929.9,-29.1,-37.0
930.0,-26.8,-35.0
930.1,-27.5,-34.7
930.2,-27.5,-33.9
930.3,-25.3,-32.3
930.4,-26.7,-32.3
930.5,-27.0,-32.2
930.6,-28.1,-32.2
930.7,-36.7,-32.1
930.8,-33.6,-31.9
930.9,-33.8,-31.9
931.0,-33.4,-31.8
931.1,-31.9,-31.6
931.2,-33.4,-31.5
931.3,-33.7,-31.5
931.4,-34.2,-31.5
931.5,-35.5,-31.4
931.6,-36.0,-31.4
931.7,-34.3,-31.3
931.8,-34.3,-31.3
931.9,-34.6,-31.2
932.0,-33.4,-31.1
932.1,-32.4,-30.9
932.2,-31.9,-30.8
932.3,-32.0,-30.7
932.4,-32.7,-30.7
932.5,-34.1,-30.6
932.6,-34.7,-30.6
932.7,-32.0,-30.7
932.8,-30.8,-30.8
932.9,-31.1,-31.0
933.0,-30.4,-31.5
933.1,-30.8,-31.4
933.2,-32.1,-31.7
933.3,-31.3,-33.0
933.4,-32.2,-33.0
933.5,-35.2,-33.0
933.6,-33.6,-32.8
933.7,-34.8,-32.9
933.8,-34.9,-33.1
933.9,-35.3,-33.1
934.0,-32.4,-32.7
934.1,-23.2,-29.7
934.2,-22.6,-29.3
934.3,-22.5,-29.3
934.4,-22.9,-29.3
934.5,-30.4,-29.4
934.6,-34.4,-29.3
934.7,-29.7,-29.0
934.8,-28.9,-28.9
934.9,-28.5,-28.9
935.0,-28.8,-28.9
935.1,-32.4,-29.0
935.2,-32.6,-28.9
935.3,-33.8,-29.0
935.4,-35.9,-29.0
935.5,-33.9,-29.0
935.6,-36.4,-29.0
935.7,-30.7,-28.9
935.8,-29.7,-28.9
935.9,-30.4,-28.9
936.0,-30.6,-29.0
936.1,-36.2,-29.1
936.2,-44.9,-29.2
936.3,-48.2,-29.2
936.4,-49.1,-29.3
936.5,-49.8,-29.3
936.6,-50.2,-29.4
936.7,-50.2,-29.4
936.8,-50.3,-29.4
936.9,-50.3,-29.4
937.0,-50.2,-29.7
937.1,-49.5,-32.9
937.2,-35.4,-33.5
937.3,-28.6,-32.4
937.4,-27.9,-32.1
937.5,-27.8,-32.1
937.6,-28.6,-32.4
937.7,-35.0,-33.2
937.8,-41.6,-33.5
937.9,-38.1,-33.5
938.0,-34.8,-33.5
938.1,-33.4,-33.3
938.2,-33.4,-33.6
938.3,-33.7,-33.5
938.4,-35.6,-33.5
938.5,-36.8,-33.6
938.6,-35.9,-33.5
938.7,-36.9,-34.4
938.8,-37.2,-34.7
938.9,-37.7,-34.7
939.0,-38.7,-34.6
939.1,-36.1,-34.4
939.2,-34.5,-34.2
939.3,-34.8,-34.2
939.4,-34.8,-34.1
939.5,-37.0,-34.1
939.6,-41.4,-34.1
939.7,-44.1,-34.1
939.8,-47.3,-34.1
939.9,-48.3,-34.1
940.0,-48.1,-34.1
940.1,-48.3,-34.1
940.2,-48.8,-34.5
940.3,-48.9,-36.9
940.4,-43.6,-37.6
940.5,-40.5,-37.5
940.6,-33.5,-36.5
940.7,-33.3,-36.5
940.8,-30.9,-35.6
940.9,-29.8,-35.3
941.0,-30.9,-35.4
941.1,-30.8,-35.6
941.2,-33.4,-35.6
941.3,-37.1,-35.7
941.4,-42.5,-35.8
941.5,-44.8,-36.0
941.6,-48.5,-36.1
941.7,-49.9,-36.2
941.8,-49.9,-36.2
941.9,-49.9,-36.4
942.0,-49.8,-36.4
942.1,-49.7,-36.8
942.2,-49.5,-37.2
942.3,-49.3,-37.3
942.4,-49.2,-37.3
942.5,-49.0,-37.4
942.6,-48.8,-37.4
942.7,-48.2,-37.4
942.8,-43.5,-37.3
942.9,-43.5,-37.3
943.0,-42.5,-37.2
943.1,-42.2,-37.2
943.2,-44.9,-37.2
943.3,-45.0,-37.2
943.4,-47.0,-37.3
943.5,-48.6,-37.4
943.6,-49.4,-38.8
943.7,-48.3,-38.9
943.8,-47.6,-41.0
943.9,-45.3,-43.4
944.0,-37.4,-43.2
944.1,-36.0,-42.7
944.2,-30.3,-38.4
944.3,-29.7,-37.9
944.4,-29.6,-37.3
944.5,-29.7,-37.1
944.6,-33.1,-36.8
944.7,-33.5,-36.6
944.8,-35.4,-36.5
944.9,-36.2,-36.5
945.0,-38.0,-36.4
945.1,-38.6,-36.3
945.2,-37.6,-36.1
945.3,-36.8,-36.0
945.4,-34.4,-35.6
945.5,-34.6,-35.5
945.6,-35.4,-35.5
945.7,-35.7,-35.5
945.8,-38.7,-35.4
945.9,-38.8,-35.3
946.0,-38.5,-35.3
946.1,-38.7,-35.3
946.2,-40.4,-35.3
946.3,-42.0,-35.3
946.4,-42.8,-35.3
946.5,-44.2,-35.3
946.6,-45.6,-35.3
946.7,-47.1,-35.3
946.8,-48.7,-35.3
946.9,-49.2,-35.3
947.0,-49.4,-35.6
947.1,-49.7,-35.8
947.2,-49.9,-37.6
947.3,-50.1,-38.1
947.4,-50.3,-38.9
947.5,-50.1,-39.1
947.6,-50.1,-39.7
947.7,-50.0,-40.2
947.8,-49.7,-40.3
947.9,-49.8,-40.4
948.0,-49.8,-40.6
948.1,-49.9,-41.0
948.2,-50.0,-41.5
948.3,-50.0,-41.8
948.4,-50.2,-44.0
948.5,-50.4,-44.6
948.6,-50.5,-44.8
948.7,-50.2,-45.1
948.8,-50.1,-46.3
948.9,-49.8,-47.4
949.0,-50.0,-48.0
949.1,-50.2,-48.6
949.2,-50.1,-49.1
949.3,-50.1,-49.5
949.4,-49.7,-49.8
949.5,-49.4,-49.8
949.6,-49.0,-49.8
949.7,-48.6,-49.8
949.8,-48.3,-49.7
949.9,-48.3,-49.7
950.0,-48.2,-49.6
950.1,-45.3,-48.8
950.2,-41.9,-47.5
950.3,-40.3,-46.6
950.4,-39.4,-46.0
950.5,-33.4,-41.4
950.6,-30.8,-39.0
950.7,-29.3,-37.5
950.8,-29.0,-37.2
950.9,-30.0,-36.9
951.0,-32.3,-36.9
951.1,-35.3,-36.7
951.2,-37.0,-36.7
951.3,-39.1,-36.6
951.4,-39.2,-36.6
951.5,-43.0,-36.6
951.6,-44.2,-36.6
951.7,-45.9,-36.6
951.8,-46.3,-36.6
951.9,-45.8,-36.5
952.0,-45.8,-36.5
952.1,-46.0,-36.5
952.2,-45.7,-36.5
952.3,-46.3,-36.5
952.4,-46.2,-36.5
952.5,-46.0,-36.5
952.6,-46.1,-36.5
952.7,-46.2,-36.5
952.8,-46.5,-36.5
952.9,-46.8,-36.5
953.0,-47.1,-36.5
953.1,-47.2,-36.5
953.2,-47.2,-36.6
953.3,-47.3,-36.7
953.4,-47.4,-36.7
953.5,-47.6,-37.8
953.6,-47.8,-39.5
953.7,-47.5,-42.1
953.8,-47.7,-43.2
953.9,-47.3,-44.5
954.0,-47.3,-44.6
954.1,-47.5,-46.0
954.2,-47.5,-46.4
954.3,-48.1,-46.8
954.4,-48.0,-46.8
954.5,-47.9,-46.9
954.6,-47.8,-46.9
954.7,-47.8,-47.0
954.8,-48.0,-47.1
954.9,-48.2,-47.2
955.0,-48.4,-47.3
955.1,-48.2,-47.3
955.2,-48.1,-47.4
955.3,-47.8,-47.4
955.4,-47.0,-47.4
955.5,-39.7,-45.3
955.6,-36.9,-43.7
955.7,-36.7,-43.6
955.8,-36.8,-43.6
955.9,-39.1,-43.7
956.0,-46.1,-43.7
956.1,-47.8,-43.7
956.2,-48.0,-43.7
956.3,-48.2,-43.7
956.4,-48.5,-43.7
956.5,-48.8,-43.7
956.6,-49.1,-43.7
956.7,-49.2,-43.8
956.8,-49.8,-43.8
956.9,-49.8,-43.8
957.0,-50.1,-43.9
957.1,-50.2,-43.9
957.2,-50.1,-43.9
957.3,-50.1,-43.9
957.4,-50.3,-44.0
957.5,-50.5,-44.0
957.6,-50.5,-44.0
957.7,-47.1,-43.9
957.8,-42.4,-43.4
957.9,-38.5,-42.5
958.0,-34.1,-40.5
958.1,-34.1,-40.4
958.2,-34.4,-40.3
958.3,-35.3,-40.3
958.4,-41.1,-40.1
958.5,-40.8,-40.6
958.6,-41.1,-41.2
958.7,-41.3,-41.3
958.8,-39.6,-40.8
958.9,-38.8,-40.5
959.0,-37.5,-40.2
959.1,-35.4,-39.5
959.2,-35.4,-39.2
959.3,-35.6,-39.1
959.4,-36.0,-39.0
959.5,-37.4,-38.7
959.6,-39.0,-38.7
959.7,-39.6,-38.6
959.8,-39.7,-38.5
959.9,-41.9,-38.5
960.0,-42.0,-38.4
960.1,-42.2,-38.4
960.2,-44.1,-38.4
960.3,-45.5,-38.4
960.4,-48.1,-38.4
960.5,-49.7,-38.4
960.6,-50.1,-38.4
960.7,-49.5,-38.5
960.8,-48.9,-38.6
960.9,-48.5,-39.0
961.0,-48.6,-40.3
961.1,-49.3,-40.4
961.2,-49.5,-40.4
961.3,-49.7,-40.5
961.4,-49.2,-40.7
961.5,-48.5,-40.8
961.6,-48.7,-40.9
961.7,-49.4,-40.9
961.8,-50.4,-41.5
961.9,-52.3,-41.8
962.0,-53.3,-42.3
962.1,-53.2,-43.7
962.2,-52.8,-44.8
962.3,-52.1,-45.2
962.4,-51.1,-45.7
962.5,-50.3,-47.0
962.6,-40.5,-45.5
962.7,-38.5,-44.6
962.8,-35.1,-42.7
962.9,-34.9,-42.6
963.0,-35.8,-42.6
963.1,-36.7,-42.6
963.2,-43.2,-42.6
963.3,-44.6,-42.6
963.4,-46.2,-42.5
963.5,-46.8,-42.5
963.6,-47.4,-42.5
963.7,-47.8,-42.5
963.8,-48.0,-42.5
963.9,-48.6,-42.5
964.0,-48.8,-42.5
964.1,-48.7,-42.5
964.2,-45.5,-42.3
964.3,-35.1,-40.2
964.4,-33.2,-39.2
964.5,-32.0,-38.6
964.6,-32.0,-38.5
964.7,-34.5,-38.5
964.8,-32.3,-37.1
964.9,-33.0,-36.9
965.0,-32.9,-36.8
965.1,-31.0,-36.1
965.2,-32.2,-35.6
965.3,-32.4,-35.6
965.4,-32.7,-35.5
965.5,-35.9,-35.5
965.6,-41.5,-35.6
965.7,-34.1,-35.1
965.8,-30.9,-34.6
965.9,-29.3,-34.0
966.0,-29.2,-34.0
966.1,-29.2,-33.5
966.2,-30.5,-33.4
966.3,-32.3,-33.3
966.4,-32.5,-33.3
966.5,-36.2,-33.2
966.6,-35.9,-33.1
966.7,-35.2,-33.0
966.8,-32.6,-32.7
966.9,-30.3,-32.3
967.0,-30.3,-32.1
967.1,-29.3,-31.8
967.2,-30.2,-31.8
967.3,-32.5,-32.0
967.4,-33.1,-32.1
967.5,-38.0,-32.2
967.6,-34.9,-32.1
967.7,-25.2,-30.1
967.8,-23.5,-29.5
967.9,-23.3,-29.4
968.0,-23.4,-29.4
968.1,-25.9,-29.1
968.2,-29.4,-29.2
968.3,-30.5,-29.2
968.4,-26.9,-28.7
968.5,-27.0,-28.4
968.6,-27.0,-28.4
968.7,-26.9,-28.5
968.8,-30.3,-28.6
968.9,-35.9,-28.8
969.0,-37.8,-28.8
969.1,-33.8,-28.8
969.2,-35.1,-28.9
969.3,-34.9,-28.9
969.4,-34.8,-28.9
969.5,-39.7,-28.9
969.6,-24.8,-27.7
969.7,-24.6,-27.7
969.8,-24.6,-27.7
969.9,-24.6,-27.9
970.0,-30.7,-27.7
970.1,-26.7,-27.3
970.2,-25.8,-27.2
970.3,-25.8,-27.2
970.4,-27.0,-27.2
970.5,-32.9,-27.2
970.6,-46.7,-27.3
970.7,-47.9,-28.2
970.8,-47.6,-28.8
970.9,-47.7,-29.0
971.0,-48.0,-29.0
971.1,-47.9,-29.3
971.2,-48.2,-29.4
971.3,-48.1,-29.4
971.4,-48.1,-30.0
971.5,-48.2,-30.5
971.6,-48.2,-30.5
971.7,-48.2,-30.5
971.8,-48.1,-30.6
971.9,-48.3,-30.6
972.0,-48.5,-30.6
972.1,-48.9,-30.8
972.2,-49.2,-30.8
972.3,-49.5,-30.8
972.4,-49.2,-30.8
972.5,-49.2,-30.9
972.6,-49.1,-34.1
972.7,-49.0,-34.4
972.8,-49.3,-34.4
972.9,-49.3,-34.4
973.0,-48.8,-35.6
973.1,-45.6,-40.8
973.2,-43.1,-47.1
973.3,-41.9,-46.8
973.4,-38.9,-45.3
973.5,-35.7,-43.0
973.6,-35.4,-42.6
973.7,-35.4,-42.4
973.8,-36.3,-42.3
973.9,-40.5,-42.2
974.0,-42.8,-42.2
974.1,-44.1,-42.2
974.2,-44.9,-42.2
974.3,-46.1,-42.2
974.4,-46.8,-42.1
974.5,-47.1,-42.1
974.6,-47.3,-42.1
974.7,-47.7,-42.1
974.8,-48.1,-42.1
974.9,-48.7,-42.2
975.0,-49.6,-42.2
975.1,-50.7,-42.2
975.2,-52.4,-42.2
975.3,-54.1,-42.2
975.4,-54.4,-42.3
975.5,-54.1,-42.3
975.6,-54.0,-42.3
975.7,-53.5,-42.3
975.8,-53.9,-42.3
975.9,-54.2,-42.3
976.0,-54.1,-42.4
976.1,-53.9,-42.5
976.2,-53.3,-42.8
976.3,-53.1,-43.0
976.4,-53.4,-43.9
976.5,-53.6,-46.9
976.6,-53.6,-48.3
976.7,-53.7,-49.1
976.8,-53.1,-49.6
976.9,-53.2,-50.4
977.0,-53.7,-50.9
977.1,-53.8,-51.2
977.2,-54.6,-51.6
977.3,-54.8,-51.9
977.4,-54.2,-52.3
977.5,-54.1,-52.7
977.6,-54.3,-53.0
977.7,-54.4,-53.3
977.8,-54.6,-53.7
977.9,-54.3,-53.9
978.0,-53.9,-53.9
978.1,-53.4,-53.9
978.2,-53.6,-53.9
978.3,-54.1,-53.9
978.4,-53.7,-53.8
978.5,-53.9,-53.8
978.6,-54.1,-53.9
978.7,-53.3,-53.8
978.8,-53.4,-53.7
978.9,-53.6,-53.8
979.0,-52.9,-53.7
979.1,-49.3,-52.9
979.2,-47.0,-52.0
979.3,-45.6,-51.4
979.4,-44.4,-50.7
979.5,-44.4,-50.3
979.6,-44.6,-49.9
979.7,-44.8,-49.6
979.8,-44.8,-49.1
979.9,-43.9,-48.5
980.0,-43.6,-48.1
980.1,-43.3,-47.7
980.2,-43.5,-47.5
980.3,-44.2,-47.3
980.4,-44.9,-47.1
980.5,-45.4,-47.0
980.6,-43.6,-46.4
980.7,-43.6,-46.2
980.8,-43.5,-46.0
980.9,-43.3,-45.9
981.0,-45.2,-45.8
981.1,-45.7,-45.7
981.2,-45.8,-45.6
981.3,-46.5,-45.5
981.4,-46.6,-45.4
981.5,-46.8,-45.3
981.6,-47.2,-45.3
981.7,-47.3,-45.2
981.8,-45.6,-45.0
981.9,-39.7,-43.6
982.0,-37.3,-42.7
982.1,-33.8,-40.7
982.2,-32.8,-40.0
982.3,-33.0,-39.7
982.4,-33.6,-39.7
982.5,-36.9,-39.7
982.6,-40.7,-39.7
982.7,-44.8,-39.7
982.8,-47.2,-39.8
982.9,-47.1,-39.8
983.0,-47.1,-39.9
983.1,-47.0,-39.9
983.2,-46.7,-39.9
983.3,-46.7,-39.9
983.4,-46.4,-39.9
983.5,-46.6,-39.9
983.6,-46.9,-40.0
983.7,-47.2,-40.1
983.8,-47.4,-40.1
983.9,-47.7,-40.1
984.0,-47.9,-40.1
984.1,-47.9,-40.1
984.2,-48.2,-40.1
984.3,-48.4,-40.1
984.4,-48.0,-40.2
984.5,-48.3,-40.2
984.6,-48.3,-40.2
984.7,-48.2,-40.2
984.8,-48.2,-40.2
984.9,-47.9,-40.7
985.0,-48.0,-41.3
985.1,-47.9,-43.7
985.2,-47.9,-45.8
985.3,-48.0,-47.1
985.4,-47.9,-47.5
985.5,-47.9,-47.6
985.6,-48.2,-47.6
985.7,-29.0,-37.3
985.8,-24.3,-32.9
985.9,-22.9,-31.5
986.0,-22.5,-31.2
986.1,-23.4,-31.0
986.2,-26.6,-31.0
986.3,-31.2,-31.0
986.4,-35.1,-31.0
986.5,-38.0,-30.9
986.6,-32.8,-30.6
986.7,-31.6,-30.5
986.8,-31.4,-30.5
986.9,-31.8,-30.5
987.0,-35.5,-30.5
987.1,-39.9,-30.4
987.2,-41.6,-30.4
987.3,-42.6,-30.4
987.4,-43.8,-30.4
987.5,-47.7,-30.4
987.6,-49.7,-30.4
987.7,-49.8,-30.4
987.8,-50.1,-30.4
987.9,-49.8,-30.4
988.0,-49.5,-30.4
988.1,-49.4,-30.4
988.2,-49.1,-30.4
988.3,-49.2,-30.4
988.4,-49.2,-30.4
988.5,-49.3,-30.4
988.6,-49.5,-30.4
988.7,-49.6,-31.3
988.8,-50.0,-33.9
988.9,-50.1,-36.7
989.0,-50.3,-38.1
989.1,-50.4,-39.1
989.2,-50.3,-39.2
989.3,-50.3,-39.4
989.4,-50.3,-39.4
989.5,-50.4,-39.8
989.6,-50.4,-42.9
989.7,-49.3,-46.2
989.8,-49.2,-47.3
989.9,-47.9,-47.7
990.0,-47.9,-48.2
990.1,-48.4,-49.2
990.2,-48.4,-49.5
990.3,-50.1,-49.5
990.4,-50.1,-49.6
990.5,-50.6,-49.6
990.6,-50.8,-49.6
990.7,-50.7,-49.6
990.8,-50.4,-49.6
990.9,-50.3,-49.7
991.0,-50.1,-49.7
991.1,-50.0,-49.7
991.2,-50.1,-49.7
991.3,-50.0,-49.8
991.4,-50.0,-49.8
991.5,-49.7,-49.8
991.6,-49.7,-49.8
991.7,-49.6,-49.8
991.8,-49.5,-49.7
991.9,-49.6,-49.7
992.0,-49.9,-49.7
992.1,-50.3,-49.8
992.2,-51.2,-49.8
992.3,-52.5,-49.9
992.4,-53.6,-50.0
992.5,-54.6,-50.1
992.6,-53.9,-50.1
992.7,-53.7,-50.4
992.8,-53.2,-50.4
992.9,-53.0,-50.8
993.0,-53.8,-50.9
993.1,-53.5,-51.0
993.2,-53.7,-51.1
993.3,-53.8,-51.2
993.4,-53.2,-51.3
993.5,-53.7,-51.4
993.6,-53.8,-51.5
993.7,-53.9,-51.6
993.8,-54.6,-51.7
993.9,-54.3,-51.8
994.0,-54.2,-52.0
994.1,-54.2,-52.1
994.2,-54.5,-52.3
994.3,-54.6,-52.5
994.4,-54.1,-52.6
994.5,-54.2,-52.8
994.6,-53.7,-53.0
994.7,-53.7,-53.2
994.8,-54.1,-53.4
994.9,-53.9,-53.7
995.0,-53.7,-53.8
995.1,-54.0,-53.9
995.2,-53.7,-53.9
995.3,-53.2,-53.8
995.4,-53.4,-53.8
995.5,-53.2,-53.7
995.6,-53.3,-53.8
995.7,-53.6,-53.8
995.8,-53.5,-53.8
995.9,-53.3,-53.8
996.0,-53.1,-53.7
996.1,-53.2,-53.7
996.2,-53.4,-53.7
996.3,-35.7,-44.1
996.4,-31.5,-40.1
996.5,-30.7,-39.3
996.6,-30.7,-39.3
996.7,-32.2,-39.3
996.8,-34.4,-38.4
996.9,-35.9,-38.2
997.0,-35.3,-38.0
997.1,-35.2,-38.0
997.2,-39.1,-37.9
997.3,-40.0,-37.8
997.4,-39.8,-37.7
997.5,-40.0,-37.7
997.6,-40.0,-37.6
997.7,-40.3,-37.5
997.8,-41.9,-37.5
997.9,-41.9,-37.5
998.0,-42.1,-37.4
998.1,-43.3,-37.4
998.2,-43.5,-37.3
998.3,-42.2,-37.3
998.4,-40.8,-37.2
998.5,-40.7,-37.1
998.6,-40.8,-37.1
998.7,-41.4,-37.1
998.8,-44.4,-37.1
998.9,-45.9,-37.1
999.0,-46.9,-37.1
999.1,-45.5,-37.0
999.2,-44.8,-37.0
999.3,-44.8,-37.8
999.4,-46.1,-39.7
999.5,-50.6,-40.7
999.6,-54.2,-40.7
999.7,-54.2,-40.7
999.8,-44.3,-42.0
999.9,-43.0,-42.4
1000.0,-39.1,-42.1
1000.1,-38.0,-41.8
1000.2,-38.1,-41.7
1000.3,-37.8,-41.7
1000.4,-39.9,-42.1
1000.5,-41.2,-42.0
1000.6,-42.1,-42.0
1000.7,-40.8,-41.8
1000.8,-39.8,-41.7
1000.9,-39.2,-41.5
1001.0,-39.3,-41.5
1001.1,-41.3,-41.6
1001.2,-43.6,-41.7
1001.3,-46.4,-41.8
1001.4,-48.0,-42.1
1001.5,-46.8,-42.2
1001.6,-45.9,-42.2
1001.7,-45.2,-42.2
1001.8,-44.9,-42.2
1001.9,-44.5,-42.1
1002.0,-44.5,-42.1
1002.1,-44.4,-42.2
1002.2,-34.4,-39.8
1002.3,-32.4,-38.7
1002.4,-32.0,-38.5
1002.5,-31.9,-38.4
1002.6,-34.6,-38.2
1002.7,-38.2,-38.1
1002.8,-39.7,-38.2
1002.9,-39.6,-38.2
1003.0,-35.3,-37.6
1003.1,-31.7,-36.5
1003.2,-31.5,-36.5
1003.3,-31.3,-36.4
1003.4,-32.7,-36.4
1003.5,-38.6,-36.4
1003.6,-39.5,-36.4
1003.7,-42.5,-36.4
1003.8,-43.4,-36.5
1003.9,-43.4,-36.6
1004.0,-34.5,-35.8
1004.1,-31.5,-35.1
1004.2,-31.0,-34.9
1004.3,-30.1,-34.6
1004.4,-31.6,-34.5
1004.5,-34.7,-34.5
1004.6,-36.2,-34.5
1004.7,-36.3,-34.2
1004.8,-36.3,-34.2
1004.9,-33.3,-33.9
1005.0,-28.8,-32.8
1005.1,-29.4,-32.8
1005.2,-29.5,-33.2
1005.3,-29.4,-33.1
1005.4,-34.7,-33.1
1005.5,-34.7,-33.2
1005.6,-34.9,-33.2
1005.7,-34.9,-32.9
1005.8,-35.6,-32.9
1005.9,-35.6,-33.0
1006.0,-35.6,-33.2
1006.1,-46.5,-33.7
1006.2,-46.9,-33.8
1006.3,-44.2,-33.9
1006.4,-42.4,-33.9
1006.5,-41.5,-33.8
1006.6,-41.5,-33.9
1006.7,-42.8,-33.9
1006.8,-44.9,-33.9
1006.9,-47.1,-33.9
1007.0,-47.1,-34.4
1007.1,-47.0,-35.0
1007.2,-47.0,-35.1
1007.3,-47.1,-35.5
1007.4,-47.2,-35.6
1007.5,-47.3,-35.6
1007.6,-47.3,-35.6
1007.7,-47.0,-36.0
1007.8,-43.8,-36.0
1007.9,-42.4,-36.5
1008.0,-42.3,-39.7
1008.1,-40.3,-39.5
1008.2,-39.2,-39.3
1008.3,-37.4,-40.3
1008.4,-35.9,-40.1
1008.5,-35.6,-39.8
1008.6,-36.4,-39.8
1008.7,-35.5,-40.5
1008.8,-35.8,-40.2
1008.9,-35.9,-39.9
1009.0,-35.9,-39.9
1009.1,-38.1,-39.7
1009.2,-39.8,-39.7
1009.3,-39.8,-39.6
1009.4,-39.6,-39.6
1009.5,-40.9,-39.7
1009.6,-40.8,-39.7
1009.7,-43.5,-39.6
1009.8,-44.1,-39.6
1009.9,-44.3,-39.6
1010.0,-44.4,-39.6
1010.1,-46.2,-39.6
1010.2,-46.5,-39.6
1010.3,-46.5,-39.6
1010.4,-46.3,-39.6
1010.5,-47.0,-39.6
1010.6,-47.4,-39.6
1010.7,-47.6,-39.6
1010.8,-47.8,-39.7
1010.9,-47.7,-39.8
1011.0,-47.4,-39.8
1011.1,-47.1,-40.0
1011.2,-46.9,-40.3
1011.3,-46.1,-40.7
1011.4,-46.2,-41.3
1011.5,-46.3,-41.7
1011.6,-46.3,-41.8
1011.7,-46.9,-43.1
1011.8,-46.7,-43.7
1011.9,-46.9,-44.5
1012.0,-47.1,-44.6
1012.1,-41.4,-44.2
1012.2,-35.3,-41.7
1012.3,-35.1,-42.1
1012.4,-35.1,-42.1
1012.5,-35.9,-42.1
1012.6,-45.2,-42.1
1012.7,-46.6,-42.3
1012.8,-47.5,-42.3
1012.9,-46.9,-42.3
1013.0,-45.7,-42.2
1013.1,-39.3,-41.4
1013.2,-38.7,-41.3
1013.3,-38.3,-41.2
1013.4,-38.4,-41.2
1013.5,-35.5,-39.7
1013.6,-35.7,-39.7
1013.7,-33.2,-38.6
1013.8,-32.6,-38.3
1013.9,-34.8,-38.3
1014.0,-34.9,-38.3
1014.1,-39.8,-38.3
1014.2,-45.8,-38.3
1014.3,-44.8,-38.2
1014.4,-44.2,-38.2
1014.5,-42.3,-38.1
1014.6,-39.2,-37.9
1014.7,-38.0,-37.7
1014.8,-35.6,-37.3
1014.9,-35.1,-37.2
1015.0,-36.0,-37.2
1015.1,-37.0,-37.3
1015.2,-41.3,-38.1
1015.3,-36.7,-37.5
1015.4,-34.7,-37.1
1015.5,-34.1,-36.9
1015.6,-33.9,-36.9
1015.7,-36.5,-36.9
1015.8,-38.9,-36.8
1015.9,-38.9,-36.6
1016.0,-35.4,-36.2
1016.1,-29.4,-34.6
1016.2,-23.7,-31.2
1016.3,-22.1,-29.9
1016.4,-20.6,-28.6
1016.5,-18.8,-26.9
1016.6,-18.2,-25.6
1016.7,-17.5,-24.8
1016.8,-17.3,-24.2
1016.9,-17.3,-23.5
1017.0,-17.5,-22.9
1017.1,-17.8,-22.6
1017.2,-18.2,-22.4
1017.3,-18.3,-21.9
1017.4,-17.9,-21.4
1017.5,-17.3,-21.0
1017.6,-17.3,-20.8
1017.7,-17.5,-20.6
1017.8,-17.4,-20.2
1017.9,-17.2,-19.8
1018.0,-17.2,-19.7
1018.1,-17.0,-19.4
1018.2,-16.7,-19.0
1018.3,-16.6,-18.8
1018.4,-16.5,-18.6
1018.5,-16.6,-18.5
1018.6,-16.7,-18.2
1018.7,-17.0,-18.0
1018.8,-17.0,-17.9
1018.9,-17.3,-17.8
1019.0,-17.3,-17.5
1019.1,-17.0,-17.3
1019.2,-17.1,-17.4
1019.3,-17.2,-17.3
1019.4,-17.6,-17.3
1019.5,-17.6,-17.2
1019.6,-17.3,-17.3
1019.7,-17.3,-17.3
1019.8,-17.5,-17.3
1019.9,-17.8,-17.3
1020.0,-17.9,-17.3
1020.1,-18.0,-17.3
1020.2,-18.2,-17.3
1020.3,-18.3,-17.3
1020.4,-18.5,-17.4
1020.5,-18.6,-17.5
1020.6,-19.5,-17.5
1020.7,-20.2,-17.5
1020.8,-20.6,-17.7
1020.9,-20.9,-17.9
1021.0,-21.2,-17.9
1021.1,-21.2,-18.0
1021.2,-20.7,-18.1
1021.3,-20.2,-18.3
1021.4,-20.1,-18.4
1021.5,-20.4,-18.5
1021.6,-20.9,-18.7
1021.7,-21.2,-18.8
1021.8,-21.4,-18.9
1021.9,-21.7,-19.0
1022.0,-22.2,-19.2
1022.1,-22.6,-19.5
1022.2,-23.1,-19.6
1022.3,-23.9,-19.7
1022.4,-24.5,-20.0
1022.5,-23.8,-20.2
1022.6,-22.1,-20.3
1022.7,-21.8,-20.4
1022.8,-22.0,-20.7
1022.9,-22.2,-20.9
1023.0,-23.3,-21.1
1023.1,-23.8,-21.2
1023.2,-24.1,-21.5
1023.3,-24.4,-21.8
1023.4,-24.5,-22.0
1023.5,-24.9,-22.1
1023.6,-24.9,-22.2
1023.7,-26.0,-22.5
1023.8,-27.0,-22.7
1023.9,-27.3,-22.7
1024.0,-27.5,-22.8
1024.1,-27.4,-23.1
1024.2,-26.9,-23.4
1024.3,-26.8,-23.6
1024.4,-26.3,-23.7
1024.5,-26.5,-24.0
1024.6,-27.0,-24.3
1024.7,-26.7,-24.4
1024.8,-26.9,-24.5
1024.9,-26.8,-24.8
1025.0,-26.8,-24.9
1025.1,-27.1,-25.0
1025.2,-27.0,-25.0
1025.3,-27.0,-25.2
1025.4,-27.5,-25.3
1025.5,-28.3,-25.5
1025.6,-29.6,-26.1
1025.7,-29.3,-26.3
1025.8,-29.0,-26.4
1025.9,-28.9,-26.6
1026.0,-28.9,-26.9
1026.1,-28.8,-27.1
1026.2,-28.3,-27.1
1026.3,-27.9,-27.2
1026.4,-27.7,-27.5
1026.5,-28.1,-27.7
1026.6,-28.6,-27.7
1026.7,-29.2,-27.6
1026.8,-29.4,-27.8
1026.9,-25.7,-27.4
1027.0,-24.8,-27.2
1027.1,-24.2,-27.0
1027.2,-23.7,-27.1
1027.3,-24.4,-26.9
1027.4,-25.2,-26.9
1027.5,-25.9,-26.9
1027.6,-26.9,-27.0
1027.7,-29.5,-27.2
1027.8,-30.2,-27.3
1027.9,-30.9,-27.3
1028.0,-30.2,-27.4
1028.1,-29.2,-27.4
1028.2,-29.4,-27.5
1028.3,-29.3,-27.6
1028.4,-29.0,-27.6
1028.5,-30.1,-27.6
1028.6,-30.0,-27.6
1028.7,-29.4,-27.6
1028.8,-29.5,-27.6
1028.9,-29.5,-27.7
1029.0,-29.7,-27.7
1029.1,-30.0,-27.7
1029.2,-30.3,-27.8
1029.3,-30.8,-27.9
1029.4,-31.3,-28.0
1029.5,-32.3,-28.0
1029.6,-32.3,-28.1
1029.7,-30.5,-28.0
1029.8,-29.3,-28.0
1029.9,-29.0,-28.6
1030.0,-29.5,-29.0
1030.1,-29.9,-29.2
1030.2,-30.1,-29.4
1030.3,-30.4,-29.9
1030.4,-30.0,-30.0
1030.5,-29.3,-29.9
1030.6,-29.6,-29.9
1030.7,-29.7,-29.9
1030.8,-29.2,-29.9
1030.9,-30.3,-29.9
1031.0,-30.4,-29.9
1031.1,-29.4,-30.0
1031.2,-29.4,-29.9
1031.3,-29.5,-29.9
1031.4,-29.6,-30.0
1031.5,-29.9,-30.0
1031.6,-30.2,-29.9
1031.7,-30.7,-30.1
1031.8,-31.1,-30.2
1031.9,-30.6,-30.1
1032.0,-30.3,-30.0
1032.1,-29.3,-30.0
1032.2,-28.3,-29.9
1032.3,-28.8,-29.8
1032.4,-29.6,-29.8
1032.5,-30.0,-29.7
1032.6,-30.5,-29.7
1032.7,-30.7,-29.9
1032.8,-30.3,-29.9
1032.9,-29.8,-29.8
1033.0,-29.9,-29.8
1033.1,-30.3,-29.9
1033.2,-29.9,-29.9
1033.3,-30.7,-29.9
1033.4,-31.3,-29.9
1033.5,-29.9,-30.0
1033.6,-29.9,-29.9
1033.7,-30.1,-29.9
1033.8,-30.2,-30.1
1033.9,-30.3,-30.0
1034.0,-30.5,-30.0
1034.1,-30.9,-30.1
1034.2,-31.0,-30.3
1034.3,-31.6,-30.3
1034.4,-31.8,-30.2
1034.5,-31.3,-30.3
1034.6,-30.1,-30.3
1034.7,-30.5,-30.2
1034.8,-31.3,-30.2
1034.9,-30.7,-30.3
1035.0,-31.1,-30.4
1035.1,-30.9,-30.5
1035.2,-30.0,-30.5
1035.3,-29.1,-30.4
1035.4,-29.2,-30.3
1035.5,-29.6,-30.4
1035.6,-29.9,-30.5
1035.7,-32.1,-30.5
1035.8,-33.1,-30.6
1035.9,-32.0,-30.7
1036.0,-32.1,-30.7
1036.1,-32.3,-30.7
1036.2,-32.4,-30.9
1036.3,-32.2,-30.8
1036.4,-32.2,-30.8
1036.5,-32.3,-31.0
1036.6,-32.0,-31.2
1036.7,-31.8,-31.1
1036.8,-31.2,-31.0
1036.9,-31.0,-31.1
1037.0,-31.0,-31.2
1037.1,-32.5,-31.3
1037.2,-34.4,-31.3
1037.3,-33.2,-31.3
1037.4,-32.9,-31.3
1037.5,-32.7,-31.4
1037.6,-32.3,-31.6
1037.7,-30.2,-31.3
1037.8,-29.5,-31.1
1037.9,-28.9,-31.1
1038.0,-27.9,-30.9
1038.1,-29.5,-31.0
1038.2,-30.4,-31.1
1038.3,-28.7,-31.0
1038.4,-30.0,-31.1
1038.5,-27.6,-30.6
1038.6,-27.6,-30.6
1038.7,-29.3,-30.6
1038.8,-29.3,-30.6
1038.9,-33.7,-30.7
1039.0,-33.7,-30.8
1039.1,-33.0,-30.7
1039.2,-32.3,-30.6
1039.3,-32.2,-30.7
1039.4,-32.6,-30.8
1039.5,-34.1,-30.8
1039.6,-35.8,-30.8
1039.7,-34.4,-30.9
1039.8,-32.8,-31.0
1039.9,-32.6,-31.0
1040.0,-32.3,-31.0
1040.1,-32.7,-31.0
1040.2,-33.9,-30.9
1040.3,-33.7,-31.0
1040.4,-33.8,-31.1
1040.5,-33.6,-31.0
1040.6,-33.8,-31.1
1040.7,-33.9,-31.4
1040.8,-33.6,-31.6
1040.9,-33.9,-31.7
1041.0,-33.7,-32.0
1041.1,-32.9,-31.9
1041.2,-32.4,-31.9
1041.3,-31.6,-32.3
1041.4,-30.6,-32.2
1041.5,-29.5,-32.5
1041.6,-28.9,-32.3
1041.7,-28.7,-32.2
1041.8,-28.3,-31.9
1041.9,-28.0,-31.4
1042.0,-27.3,-31.1
1042.1,-26.4,-30.7
1042.2,-25.9,-30.4
1042.3,-26.1,-30.2
1042.4,-26.3,-29.9
1042.5,-26.6,-29.6
1042.6,-26.9,-29.4
1042.7,-26.4,-29.1
1042.8,-26.0,-28.9
1042.9,-26.2,-28.8
1043.0,-26.3,-28.6
1043.1,-26.9,-28.5
1043.2,-27.5,-28.3
1043.3,-27.9,-28.3
1043.4,-28.1,-28.2
1043.5,-27.9,-28.0
1043.6,-27.9,-27.9
1043.7,-27.2,-27.7
1043.8,-27.1,-27.6
1043.9,-26.3,-27.3
1044.0,-25.5,-27.1
1044.1,-25.7,-27.0
1044.2,-25.9,-27.0
1044.3,-26.6,-26.9
1044.4,-27.6,-26.9
1044.5,-27.5,-26.8
1044.6,-27.1,-26.8
1044.7,-27.3,-26.8
1044.8,-27.8,-26.8
1044.9,-27.7,-26.8
1045.0,-27.9,-26.9
1045.1,-27.4,-26.9
1045.2,-26.9,-26.9
1045.3,-26.9,-26.9
1045.4,-27.0,-27.0
1045.5,-27.5,-27.0
1045.6,-27.9,-27.1
1045.7,-28.3,-27.2
1045.8,-28.5,-27.3
1045.9,-27.9,-27.2
1046.0,-27.2,-27.2
1046.1,-26.8,-27.2
1046.2,-26.3,-27.1
1046.3,-25.5,-26.9
1046.4,-24.4,-26.6
1046.5,-23.9,-26.5
1046.6,-24.0,-26.5
1046.7,-23.8,-26.3
1046.8,-24.5,-26.2
1046.9,-24.5,-26.2
1047.0,-24.0,-26.2
1047.1,-24.1,-26.0
1047.2,-24.2,-25.9
1047.3,-24.1,-25.8
1047.4,-24.1,-25.7
1047.5,-23.2,-25.4
1047.6,-22.7,-25.2
1047.7,-22.5,-25.0
1047.8,-22.2,-24.8
1047.9,-23.0,-24.7
1048.0,-23.2,-24.6
1048.1,-23.4,-24.5
1048.2,-23.7,-24.5
1048.3,-23.5,-24.3
1048.4,-23.2,-24.2
1048.5,-22.9,-24.0
1048.6,-22.8,-23.9
1048.7,-22.5,-23.7
1048.8,-21.8,-23.5
1048.9,-21.4,-23.3
1049.0,-21.5,-23.2
1049.1,-21.4,-23.1
1049.2,-21.9,-23.0
1049.3,-22.6,-23.0
1049.4,-22.5,-23.0
1049.5,-22.2,-22.9
1049.6,-22.5,-22.8
1049.7,-22.7,-22.8
1049.8,-22.5,-22.8
1049.9,-22.4,-22.6
1050.0,-22.1,-22.6
1050.1,-21.8,-22.5
1050.2,-21.8,-22.5
1050.3,-22.6,-22.5
1050.4,-23.0,-22.4
1050.5,-22.8,-22.5
1050.6,-23.3,-22.5
1050.7,-23.4,-22.6
1050.8,-23.1,-22.6
1050.9,-22.8,-22.5
1051.0,-22.3,-22.4
1051.1,-22.1,-22.4
1051.2,-21.4,-22.2
1051.3,-20.8,-22.1
1051.4,-20.8,-22.1
1051.5,-20.4,-22.0
1051.6,-20.6,-21.9
1051.7,-20.8,-21.8
1051.8,-20.2,-21.8
1051.9,-19.8,-21.7
1052.0,-19.8,-21.6
1052.1,-20.1,-21.6
1052.2,-20.1,-21.5
1052.3,-20.0,-21.4
1052.4,-20.1,-21.3
1052.5,-20.1,-21.3
1052.6,-20.4,-21.3
1052.7,-21.2,-21.2
1052.8,-21.6,-21.2
1052.9,-21.5,-21.2
1053.0,-21.8,-21.2
1053.1,-22.1,-21.2
1053.2,-20.9,-21.1
1053.3,-20.6,-21.0
1053.4,-19.9,-20.8
1053.5,-19.6,-20.8
1053.6,-19.6,-20.6
1053.7,-19.0,-20.4
1053.8,-19.0,-20.3
1053.9,-19.1,-20.3
1054.0,-19.3,-20.3
1054.1,-20.1,-20.2
1054.2,-20.7,-20.3
1054.3,-20.7,-20.3
1054.4,-20.3,-20.2
1054.5,-20.7,-20.2
1054.6,-20.0,-20.2
1054.7,-18.1,-19.9
1054.8,-18.0,-19.8
1054.9,-17.2,-19.7
1055.0,-17.0,-19.6
1055.1,-17.6,-19.5
1055.2,-17.9,-19.5
1055.3,-18.2,-19.5
1055.4,-18.8,-19.5
1055.5,-19.9,-19.5
1055.6,-20.0,-19.4
1055.7,-20.1,-19.4
1055.8,-20.2,-19.3
1055.9,-20.3,-19.3
1056.0,-20.1,-19.3
1056.1,-18.9,-19.0
1056.2,-18.0,-19.0
1056.3,-17.8,-19.0
1056.4,-17.8,-19.0
1056.5,-18.9,-18.9
1056.6,-19.9,-19.0
1056.7,-20.3,-19.1
1056.8,-20.4,-19.1
1056.9,-21.1,-19.2
1057.0,-22.0,-19.3
1057.1,-22.6,-19.3
1057.2,-22.0,-19.2
1057.3,-20.1,-19.1
1057.4,-19.1,-19.1
1057.5,-18.5,-19.1
1057.6,-18.7,-19.1
1057.7,-19.5,-19.3
1057.8,-19.9,-19.4
1057.9,-20.2,-19.5
1058.0,-20.5,-19.6
1058.1,-21.2,-19.8
1058.2,-21.2,-19.9
1058.3,-21.8,-20.0
1058.4,-22.1,-20.0
1058.5,-22.0,-20.1
1058.6,-22.8,-20.1
1058.7,-23.2,-20.3
1058.8,-23.9,-20.4
1058.9,-25.2,-20.4
1059.0,-26.3,-20.6
1059.1,-27.3,-21.0
1059.2,-28.1,-21.4
1059.3,-28.9,-21.6
1059.4,-30.2,-21.8
1059.5,-31.2,-22.0
1059.6,-29.1,-22.1
1059.7,-25.2,-22.1
1059.8,-23.9,-22.2
1059.9,-22.2,-22.2
1060.0,-20.9,-22.0
1060.1,-21.1,-21.9
1060.2,-20.8,-22.1
1060.3,-20.7,-22.3
1060.4,-21.3,-22.4
1060.5,-21.5,-22.6
1060.6,-21.7,-22.7
1060.7,-22.3,-22.9
1060.8,-23.4,-23.0
1060.9,-24.0,-23.2
1061.0,-24.7,-23.4
1061.1,-25.7,-23.5
1061.2,-26.0,-23.7
1061.3,-26.5,-23.8
1061.4,-27.6,-23.9
1061.5,-25.2,-23.9
1061.6,-23.5,-23.8
1061.7,-22.4,-23.7
1061.8,-21.7,-23.6
1061.9,-22.1,-23.5
1062.0,-22.6,-23.4
1062.1,-23.5,-23.3
1062.2,-24.0,-23.3
1062.3,-24.5,-23.2
1062.4,-24.6,-23.1
1062.5,-24.7,-23.0
1062.6,-24.5,-23.0
1062.7,-24.8,-23.2
1062.8,-24.9,-23.2
1062.9,-24.4,-23.3
1063.0,-25.0,-23.6
1063.1,-24.4,-23.7
1063.2,-24.6,-23.8
1063.3,-25.6,-24.1
1063.4,-25.1,-24.2
1063.5,-25.0,-24.3
1063.6,-25.6,-24.4
1063.7,-25.8,-24.6
1063.8,-26.5,-24.6
1063.9,-28.4,-24.7
1064.0,-29.6,-24.8
1064.1,-29.8,-24.8
1064.2,-30.6,-24.9
1064.3,-31.9,-24.9
1064.4,-32.3,-25.0
1064.5,-31.4,-25.3
1064.6,-30.9,-25.6
1064.7,-29.9,-25.9
1064.8,-29.5,-26.1
1064.9,-30.1,-26.4
1065.0,-30.5,-26.7
1065.1,-31.7,-26.9
1065.2,-32.6,-27.0
1065.3,-33.2,-27.3
1065.4,-34.0,-27.6
1065.5,-34.6,-27.8
1065.6,-35.4,-28.1
1065.7,-34.0,-28.3
1065.8,-32.6,-28.6
1065.9,-31.6,-29.0
1066.0,-29.8,-29.0
1066.1,-29.6,-29.4
1066.2,-29.0,-29.7
1066.3,-28.9,-29.7
1066.4,-29.6,-30.0
1066.5,-30.0,-30.6
1066.6,-30.4,-30.8
1066.7,-30.5,-30.8
1066.8,-31.2,-31.0
1066.9,-31.7,-31.2
1067.0,-31.4,-31.1
1067.1,-31.2,-31.0
1067.2,-30.7,-31.0
1067.3,-29.9,-30.9
1067.4,-30.8,-30.9
1067.5,-31.2,-31.0
1067.6,-31.0,-31.0
1067.7,-31.7,-31.1
1067.8,-31.7,-31.2
1067.9,-32.3,-31.3
1068.0,-32.9,-31.3
1068.1,-33.6,-31.3
1068.2,-34.1,-31.3
1068.3,-33.7,-31.3
1068.4,-34.2,-31.3
1068.5,-34.3,-31.3
1068.6,-34.7,-31.3
1068.7,-35.2,-31.4
1068.8,-35.5,-31.5
1068.9,-35.8,-31.7
1069.0,-35.9,-31.9
1069.1,-36.4,-32.1
1069.2,-36.5,-32.5
1069.3,-36.6,-32.7
1069.4,-37.1,-32.9
1069.5,-37.6,-33.0
1069.6,-37.6,-33.3
1069.7,-37.1,-33.5
1069.8,-36.9,-33.5
1069.9,-36.3,-33.6
1070.0,-36.1,-33.9
1070.1,-36.3,-34.2
1070.2,-35.5,-34.3
1070.3,-35.3,-34.6
1070.4,-35.0,-34.7
1070.5,-34.9,-35.0
1070.6,-35.1,-35.2
1070.7,-35.3,-35.3
1070.8,-35.2,-35.5
1070.9,-35.4,-35.5
1071.0,-35.3,-35.6
1071.1,-34.7,-35.5
1071.2,-34.6,-35.5
1071.3,-34.4,-35.7
1071.4,-34.4,-35.7
1071.5,-35.0,-35.6
1071.6,-35.6,-35.7
1071.7,-35.9,-35.8
1071.8,-36.4,-35.8
1071.9,-36.7,-35.7
1072.0,-36.2,-35.7
1072.1,-35.9,-35.7
1072.2,-35.9,-35.7
1072.3,-35.5,-35.6
1072.4,-34.8,-35.4
1072.5,-33.5,-35.2
1072.6,-33.6,-35.2
1072.7,-34.1,-35.2
1072.8,-35.2,-35.3
1072.9,-38.2,-35.3
1073.0,-38.3,-35.3
1073.1,-38.2,-35.4
1073.2,-38.3,-35.5
1073.3,-38.2,-35.6
1073.4,-33.5,-35.1
1073.5,-33.2,-35.1
1073.6,-29.5,-34.1
1073.7,-28.8,-33.9
1073.8,-29.7,-33.8
1073.9,-27.0,-32.7
1074.0,-27.4,-32.3
1074.1,-27.2,-32.1
1074.2,-26.8,-31.9
1074.3,-29.4,-31.9
1074.4,-31.5,-32.0
1074.5,-33.9,-32.0
1074.6,-37.5,-32.0
1074.7,-38.1,-32.0
1074.8,-38.0,-32.0
1074.9,-37.6,-32.0
1075.0,-37.4,-32.1
1075.1,-36.5,-32.1
1075.2,-36.4,-32.1
1075.3,-37.0,-32.1
1075.4,-37.5,-32.2
1075.5,-37.9,-32.3
1075.6,-32.2,-31.9
1075.7,-30.6,-31.7
1075.8,-29.6,-31.5
1075.9,-28.5,-31.2
1076.0,-30.1,-31.2
1076.1,-31.4,-31.2
1076.2,-32.3,-31.2
1076.3,-34.6,-31.1
1076.4,-34.2,-31.3
1076.5,-33.2,-31.2
1076.6,-33.1,-31.6
1076.7,-32.8,-31.7
1076.8,-32.1,-31.7
1076.9,-32.2,-32.4
1077.0,-31.6,-32.7
1077.1,-30.5,-32.7
1077.2,-31.0,-32.9
1077.3,-31.3,-32.9
1077.4,-31.8,-32.8
1077.5,-34.4,-32.8
1077.6,-34.6,-32.7
1077.7,-33.8,-32.6
1077.8,-33.9,-32.5
1077.9,-32.3,-32.3
1078.0,-32.2,-32.3
1078.1,-32.3,-32.2
1078.2,-31.2,-32.0
1078.3,-32.0,-31.9
1078.4,-32.1,-31.9
1078.5,-32.6,-31.9
1078.6,-34.8,-32.3
1078.7,-35.2,-32.5
1078.8,-35.3,-32.7
1078.9,-35.5,-33.0
1079.0,-35.2,-32.9
1079.1,-35.3,-32.9
1079.2,-35.6,-33.0
1079.3,-35.8,-33.1
1079.4,-33.5,-32.9
1079.5,-32.8,-32.9
1079.6,-32.2,-32.9
1079.7,-32.0,-33.0
1079.8,-32.7,-33.0
1079.9,-33.0,-33.0
1080.0,-33.4,-33.1
1080.1,-33.6,-33.5
1080.2,-34.8,-33.5
1080.3,-35.4,-33.6
1080.4,-35.6,-33.6
1080.5,-35.6,-33.6
1080.6,-35.3,-33.6
1080.7,-35.2,-33.7
1080.8,-34.2,-33.7
1080.9,-32.4,-33.6
1081.0,-31.0,-33.3
1081.1,-30.2,-33.2
1081.2,-29.4,-33.2
1081.3,-29.6,-33.1
1081.4,-30.3,-33.0
1081.5,-30.4,-32.8
1081.6,-31.1,-32.7
1081.7,-31.4,-32.6
1081.8,-31.0,-32.4
1081.9,-31.3,-32.3
1082.0,-31.6,-32.3
1082.1,-31.5,-32.2
1082.2,-32.1,-32.1
1082.3,-32.1,-32.0
1082.4,-32.1,-32.1
1082.5,-31.7,-32.0
1082.6,-31.1,-31.9
1082.7,-30.5,-31.8
1082.8,-30.0,-31.7
1082.9,-29.9,-31.6
1083.0,-30.2,-31.5
1083.1,-30.2,-31.3
1083.2,-30.4,-31.2
1083.3,-30.1,-31.0
1083.4,-29.5,-30.9
1083.5,-28.9,-30.6
1083.6,-28.0,-30.3
1083.7,-28.1,-30.2
1083.8,-28.5,-30.2
1083.9,-29.1,-30.2
1084.0,-30.1,-30.2
1084.1,-30.4,-30.2
1084.2,-30.7,-30.4
1084.3,-30.6,-30.3
1084.4,-30.3,-30.2
1084.5,-29.5,-30.1
1084.6,-28.7,-30.0
1084.7,-27.4,-29.7
1084.8,-26.9,-29.5
1084.9,-27.0,-29.4
1085.0,-26.4,-29.2
1085.1,-27.0,-29.0
1085.2,-27.6,-29.0
1085.3,-27.2,-28.8
1085.4,-27.0,-28.6
1085.5,-26.9,-28.4
1085.6,-26.1,-28.3
1085.7,-25.3,-28.0
1085.8,-25.8,-27.9
1085.9,-26.0,-27.9
1086.0,-26.5,-27.8
1086.1,-27.4,-27.7
1086.2,-27.8,-27.7
1086.3,-27.8,-27.6
1086.4,-27.7,-27.6
1086.5,-27.9,-27.6
1086.6,-27.7,-27.6
1086.7,-27.6,-27.6
1086.8,-27.7,-27.5
1086.9,-28.0,-27.5
1087.0,-28.1,-27.4
1087.1,-28.0,-27.4
1087.2,-27.7,-27.2
1087.3,-27.3,-27.2
1087.4,-27.1,-27.1
1087.5,-27.2,-27.1
1087.6,-27.6,-27.1
1087.7,-27.5,-27.2
1087.8,-27.0,-27.1
1087.9,-26.7,-27.1
1088.0,-26.5,-27.1
1088.1,-26.5,-27.1
1088.2,-27.0,-27.1
1088.3,-27.4,-27.1
1088.4,-27.8,-27.2
1088.5,-28.2,-27.3
1088.6,-28.8,-27.4
1088.7,-29.0,-27.6
1088.8,-28.7,-27.7
1088.9,-28.8,-27.7
1089.0,-28.4,-27.7
1089.1,-28.1,-27.7
1089.2,-28.3,-27.7
1089.3,-28.4,-27.7
1089.4,-28.8,-27.8
1089.5,-29.0,-27.9
1089.6,-29.0,-27.9
1089.7,-28.8,-27.9
1089.8,-28.5,-27.9
1089.9,-28.3,-27.9
1090.0,-28.0,-27.9
1090.1,-28.0,-27.9
1090.2,-28.1,-28.0
1090.3,-28.3,-28.0
1090.4,-28.8,-28.1
1090.5,-29.2,-28.1
1090.6,-29.0,-28.1
1090.7,-29.3,-28.2
1090.8,-29.0,-28.4
1090.9,-28.3,-28.4
1091.0,-28.2,-28.4
1091.1,-28.0,-28.5
1091.2,-28.2,-28.6
1091.3,-28.8,-28.6
1091.4,-29.4,-28.6
1091.5,-29.2,-28.6
1091.6,-28.8,-28.6
1091.7,-28.4,-28.5
1091.8,-28.4,-28.6
1091.9,-28.6,-28.6
1092.0,-28.8,-28.6
1092.1,-29.1,-28.7
1092.2,-28.9,-28.7
1092.3,-28.7,-28.6
1092.4,-28.3,-28.6
1092.5,-28.0,-28.5
1092.6,-28.0,-28.5
1092.7,-28.2,-28.6
1092.8,-28.8,-28.6
1092.9,-29.2,-28.6
1093.0,-29.3,-28.7
1093.1,-29.2,-28.7
1093.2,-29.0,-28.7
1093.3,-28.8,-28.7
1093.4,-28.8,-28.7
1093.5,-28.6,-28.6
1093.6,-28.4,-28.6
1093.7,-28.4,-28.6
1093.8,-28.2,-28.6
1093.9,-28.1,-28.6
1094.0,-28.0,-28.6
1094.1,-27.8,-28.6
1094.2,-27.7,-28.5
1094.3,-27.5,-28.4
1094.4,-27.5,-28.4
1094.5,-27.7,-28.4
1094.6,-27.7,-28.4
1094.7,-27.6,-28.3
1094.8,-27.5,-28.2
1094.9,-27.5,-28.2
1095.0,-27.8,-28.2
1095.1,-28.2,-28.2
1095.2,-28.3,-28.2
1095.3,-27.7,-28.1
1095.4,-27.6,-28.1
1095.5,-27.8,-28.2
1095.6,-28.0,-28.2
1095.7,-29.3,-28.2
1095.8,-29.5,-28.2
1095.9,-28.6,-28.1
1096.0,-28.3,-28.1
1096.1,-28.1,-28.1
1096.2,-28.0,-28.1
1096.3,-28.2,-28.0
1096.4,-28.4,-28.0
1096.5,-28.3,-28.0
1096.6,-28.9,-28.1
1096.7,-29.9,-28.2
1096.8,-29.2,-28.1
1096.9,-28.8,-28.1
1097.0,-28.4,-28.2
1097.1,-28.5,-28.3
1097.2,-29.6,-28.4
1097.3,-30.1,-28.4
1097.4,-29.6,-28.4
1097.5,-29.1,-28.4
1097.6,-29.1,-28.6
1097.7,-29.3,-28.7
1097.8,-29.9,-28.7
1097.9,-29.6,-28.7
1098.0,-28.8,-28.7
1098.1,-28.8,-28.8
1098.2,-29.2,-28.9
1098.3,-30.2,-29.1
1098.4,-30.9,-29.1
1098.5,-30.4,-29.1
1098.6,-30.1,-29.1
1098.7,-29.9,-29.1
1098.8,-30.2,-29.2
1098.9,-31.0,-29.4
1099.0,-31.0,-29.5
1099.1,-30.6,-29.5
1099.2,-30.4,-29.5
1099.3,-30.5,-29.7
1099.4,-30.8,-29.8
1099.5,-30.7,-29.8
1099.6,-30.5,-29.8
1099.7,-30.2,-29.7
1099.8,-30.0,-29.9
1099.9,-30.1,-30.0
1100.0,-30.1,-30.0
1100.1,-30.0,-30.0
1100.2,-29.8,-29.9
1100.3,-29.8,-30.0
1100.4,-30.1,-30.1
1100.5,-30.1,-30.1
1100.6,-30.0,-30.1
1100.7,-29.5,-30.0
1100.8,-29.2,-30.0
1100.9,-29.4,-30.1
1101.0,-29.7,-30.2
1101.1,-30.0,-30.2
1101.2,-29.5,-30.0
1101.3,-28.7,-29.9
1101.4,-28.8,-29.9
1101.5,-29.0,-30.0
1101.6,-29.1,-29.9
1101.7,-29.1,-29.8
1101.8,-28.4,-29.6
1101.9,-28.2,-29.6
1102.0,-28.4,-29.6
1102.1,-28.7,-29.5
1102.2,-28.7,-29.4
1102.3,-28.3,-29.3
1102.4,-28.0,-29.2
1102.5,-27.9,-29.1
1102.6,-28.2,-29.1
1102.7,-28.6,-29.1
1102.8,-28.4,-29.0
1102.9,-28.3,-28.9
1103.0,-28.3,-28.9
1103.1,-28.6,-28.9
1103.2,-29.2,-28.9
1103.3,-29.5,-28.9
1103.4,-29.4,-28.8
1103.5,-29.2,-28.8
1103.6,-29.2,-28.8
1103.7,-29.4,-28.9
1103.8,-29.7,-28.9
1103.9,-29.8,-28.8
1104.0,-29.8,-28.8
1104.1,-30.5,-28.9
1104.2,-31.0,-29.0
1104.3,-30.7,-29.1
1104.4,-30.5,-29.0
1104.5,-30.1,-29.0
1104.6,-29.9,-29.1
1104.7,-30.4,-29.2
1104.8,-31.0,-29.3
1104.9,-30.9,-29.4
1105.0,-30.8,-29.4
1105.1,-30.4,-29.4
1105.2,-30.4,-29.6
1105.3,-30.7,-29.7
1105.4,-30.8,-29.8
1105.5,-31.2,-29.9
1105.6,-31.0,-30.0
1105.7,-31.0,-30.0
1105.8,-30.8,-30.1
1105.9,-30.7,-30.3
1106.0,-30.3,-30.3
1106.1,-30.1,-30.3
1106.2,-30.2,-30.3
1106.3,-30.3,-30.4
1106.4,-30.8,-30.5
1106.5,-30.7,-30.5
1106.6,-30.1,-30.4
1106.7,-29.8,-30.5
1106.8,-29.9,-30.5
1106.9,-30.4,-30.6
1107.0,-30.8,-30.6
1107.1,-30.5,-30.5
1107.2,-30.2,-30.4
1107.3,-30.1,-30.5
1107.4,-30.6,-30.6
1107.5,-30.8,-30.6
1107.6,-25.6,-29.4
1107.7,-23.4,-28.6
1107.8,-23.3,-28.6
1107.9,-23.0,-28.4
1108.0,-25.0,-28.4
1108.1,-27.9,-28.3
1108.2,-27.8,-28.3
1108.3,-29.0,-28.3
1108.4,-29.8,-28.3
1108.5,-30.3,-28.3
1108.6,-29.8,-28.2
1108.7,-29.2,-28.1
1108.8,-28.2,-28.0
1108.9,-27.7,-27.9
1109.0,-28.2,-28.0
1109.1,-28.3,-27.9
1109.2,-28.4,-27.9
1109.3,-28.9,-27.8
1109.4,-28.7,-27.8
1109.5,-28.9,-27.8
1109.6,-29.8,-27.8
1109.7,-29.8,-27.8
1109.8,-29.5,-27.7
1109.9,-29.2,-27.7
1110.0,-28.9,-27.7
1110.1,-29.4,-27.7
1110.2,-29.9,-27.7
1110.3,-28.3,-27.5
1110.4,-27.5,-27.4
1110.5,-26.5,-27.2
1110.6,-26.1,-27.8
1110.7,-26.7,-28.4
1110.8,-27.1,-28.3
1110.9,-27.8,-28.4
1111.0,-27.8,-28.4
1111.1,-28.1,-28.4
1111.2,-28.6,-28.4
1111.3,-29.1,-28.4
1111.4,-29.1,-28.3
1111.5,-29.1,-28.3
1111.6,-29.0,-28.3
1111.7,-29.2,-28.4
1111.8,-29.7,-28.5
1111.9,-30.2,-28.6
1112.0,-29.5,-28.5
1112.1,-28.6,-28.5
1112.2,-28.1,-28.5
1112.3,-27.9,-28.5
1112.4,-27.0,-28.3
1112.5,-26.0,-28.0
1112.6,-26.3,-28.0
1112.7,-26.7,-28.0
1112.8,-28.1,-28.1
1112.9,-31.4,-28.2
1113.0,-31.8,-28.2
1113.1,-31.7,-28.2
1113.2,-32.0,-28.2
1113.3,-31.6,-28.5
1113.4,-31.5,-28.6
1113.5,-31.8,-28.9
1113.6,-31.7,-29.0
1113.7,-31.9,-29.1
1113.8,-32.4,-29.3
1113.9,-32.5,-29.4
1114.0,-32.5,-29.5
1114.1,-32.5,-29.6
1114.2,-32.1,-29.7
1114.3,-32.1,-29.7
1114.4,-32.4,-29.9
1114.5,-32.5,-30.0
1114.6,-32.7,-30.1
1114.7,-32.1,-30.0
1114.8,-32.4,-30.1
1114.9,-32.6,-30.2
1115.0,-32.7,-30.4
1115.1,-32.2,-30.5
1115.2,-31.3,-30.6
1115.3,-30.9,-30.8
1115.4,-30.6,-31.2
1115.5,-31.0,-31.8
1115.6,-30.6,-31.8
1115.7,-30.1,-31.6
1115.8,-29.8,-31.6
1115.9,-29.8,-31.5
1116.0,-30.4,-31.5
1116.1,-30.4,-31.5
1116.2,-30.3,-31.3
1116.3,-29.8,-31.2
1116.4,-29.4,-31.2
1116.5,-30.1,-31.2
1116.6,-30.6,-31.2
1116.7,-31.0,-31.1
1116.8,-30.4,-31.0
1116.9,-30.1,-30.9
1117.0,-30.3,-30.9
1117.1,-30.9,-31.0
1117.2,-31.8,-30.9
1117.3,-31.1,-30.8
1117.4,-30.6,-30.7
1117.5,-30.6,-30.7
1117.6,-30.9,-30.7
1117.7,-31.4,-30.7
1117.8,-31.3,-30.6
1117.9,-30.7,-30.5
1118.0,-30.5,-30.5
1118.1,-30.9,-30.6
1118.2,-31.8,-30.7
1118.3,-32.0,-30.6
1118.4,-29.8,-30.4
1118.5,-27.9,-30.1
1118.6,-26.9,-29.9
1118.7,-26.5,-29.9
1118.8,-26.3,-29.6
1118.9,-26.0,-29.3
1119.0,-25.6,-29.0
1119.1,-25.4,-28.9
1119.2,-25.9,-28.8
1119.3,-26.3,-28.7
1119.4,-26.6,-28.5
1119.5,-26.6,-28.4
1119.6,-26.5,-28.3
1119.7,-26.7,-28.1
1119.8,-26.6,-28.0
1119.9,-26.4,-27.9
1120.0,-26.3,-27.8
1120.1,-26.2,-27.6
1120.2,-25.6,-27.3
1120.3,-25.3,-27.2
1120.4,-25.0,-27.0
1120.5,-24.9,-26.9
1120.6,-24.8,-26.6
1120.7,-24.6,-26.4
1120.8,-24.4,-26.3
1120.9,-24.4,-26.1
1121.0,-25.2,-26.1
1121.1,-25.5,-25.9
1121.2,-25.8,-25.8
1121.3,-26.1,-25.7
1121.4,-26.3,-25.8
1121.5,-26.5,-25.8
1121.6,-26.1,-25.7
1121.7,-25.8,-25.7
1121.8,-25.5,-25.7
1121.9,-24.4,-25.5
1122.0,-24.1,-25.5
1122.1,-23.4,-25.3
1122.2,-22.2,-25.0
1122.3,-22.2,-24.8
1122.4,-21.8,-24.7
1122.5,-21.6,-24.5
1122.6,-22.4,-24.4
1122.7,-22.9,-24.3
1122.8,-21.2,-23.8
1122.9,-20.7,-23.6
1123.0,-20.6,-23.5
1123.1,-20.7,-23.5
1123.2,-23.0,-23.5
1123.3,-24.9,-23.5
1123.4,-25.4,-23.5
1123.5,-25.1,-23.5
1123.6,-24.3,-23.5
1123.7,-23.9,-23.5
1123.8,-23.5,-23.4
1123.9,-23.4,-23.4
1124.0,-23.6,-23.3
1124.1,-23.6,-23.3
1124.2,-23.4,-23.2
1124.3,-23.3,-23.1
1124.4,-23.3,-23.0
1124.5,-23.8,-23.0
1124.6,-24.4,-23.0
1124.7,-24.5,-23.0
1124.8,-24.5,-22.9
1124.9,-24.4,-23.0
1125.0,-24.4,-23.1
1125.1,-24.4,-23.1
1125.2,-24.5,-23.2
1125.3,-24.6,-23.3
1125.4,-24.9,-23.5
1125.5,-24.7,-23.5
1125.6,-24.2,-23.5
1125.7,-23.8,-23.5
1125.8,-23.6,-23.9
1125.9,-23.7,-24.1
1126.0,-23.6,-24.1
1126.1,-23.5,-24.0
1126.2,-23.4,-24.0
1126.3,-23.8,-24.0
1126.4,-24.4,-24.0
1126.5,-24.6,-23.9
1126.6,-24.5,-24.0
1126.7,-24.5,-24.1
1126.8,-24.5,-24.1
1126.9,-24.4,-24.1
1127.0,-24.3,-24.1
1127.1,-23.1,-24.0
1127.2,-22.2,-23.9
1127.3,-21.8,-23.8
1127.4,-20.3,-23.5
1127.5,-20.6,-23.4
1127.6,-20.6,-23.2
1127.7,-20.7,-23.2
1127.8,-21.9,-23.1
1127.9,-21.9,-23.0
1128.0,-22.4,-23.0
1128.1,-23.0,-23.0
1128.2,-23.8,-23.0
1128.3,-18.5,-21.9
1128.4,-16.9,-21.4
1128.5,-15.6,-20.8
1128.6,-15.3,-20.7
1128.7,-16.2,-20.4
1128.8,-16.2,-20.0
1128.9,-16.8,-19.8
1129.0,-16.5,-19.6
1129.1,-16.6,-19.5
1129.2,-16.9,-19.2
1129.3,-16.2,-18.8
1129.4,-15.4,-18.5
1129.5,-15.1,-18.3
1129.6,-14.9,-18.0
1129.7,-15.0,-17.7
1129.8,-15.4,-17.6
1129.9,-15.2,-17.3
1130.0,-15.4,-17.1
1130.1,-15.7,-17.0
1130.2,-15.6,-16.9
1130.3,-15.9,-16.8
1130.4,-16.1,-16.7
1130.5,-16.1,-16.6
1130.6,-16.1,-16.5
1130.7,-16.5,-16.4
1130.8,-16.5,-16.3
1130.9,-16.6,-16.2
1131.0,-16.8,-16.1
1131.1,-16.7,-16.0
1131.2,-17.0,-15.9
1131.3,-16.9,-16.1
1131.4,-17.3,-16.1
1131.5,-17.0,-16.2
1131.6,-16.8,-16.1
1131.7,-17.1,-16.2
1131.8,-17.1,-16.2
1131.9,-17.5,-16.3
1132.0,-18.0,-16.3
1132.1,-18.4,-16.3
1132.2,-18.2,-16.4
1132.3,-17.3,-16.4
1132.4,-16.3,-16.4
1132.5,-15.3,-16.4
1132.6,-14.8,-16.4
1132.7,-15.0,-16.4
1132.8,-15.5,-16.4
1132.9,-16.1,-16.5
1133.0,-16.4,-16.5
1133.1,-16.7,-16.6
1133.2,-16.7,-16.6
1133.3,-16.8,-16.6
1133.4,-17.2,-16.7
1133.5,-17.4,-16.7
1133.6,-17.8,-16.8
1133.7,-18.1,-16.8
1133.8,-18.3,-16.9
1133.9,-18.5,-16.9
1134.0,-18.4,-17.0
1134.1,-18.6,-17.0
1134.2,-18.6,-17.1
1134.3,-18.6,-17.1
1134.4,-18.5,-17.1
1134.5,-17.8,-17.1
1134.6,-16.8,-17.1
1134.7,-15.7,-16.9
1134.8,-15.2,-16.8
1134.9,-15.2,-16.8
1135.0,-15.5,-16.7
1135.1,-16.3,-16.7
1135.2,-16.9,-16.7
1135.3,-17.3,-16.8
1135.4,-18.0,-16.9
1135.5,-18.2,-17.1
1135.6,-18.8,-17.2
1135.7,-19.4,-17.4
1135.8,-19.7,-17.5
1135.9,-19.0,-17.5
1136.0,-18.1,-17.5
1136.1,-17.1,-17.4
1136.2,-16.8,-17.5
1136.3,-17.1,-17.5
1136.4,-17.1,-17.5
1136.5,-17.7,-17.5
1136.6,-17.8,-17.5
1136.7,-17.9,-17.5
1136.8,-18.3,-17.5
1136.9,-17.9,-17.4
1137.0,-16.8,-17.3
1137.1,-15.9,-17.1
1137.2,-15.5,-17.0
1137.3,-15.3,-16.9
1137.4,-15.7,-16.9
1137.5,-16.1,-16.9
1137.6,-16.4,-17.0
1137.7,-16.7,-17.1
1137.8,-16.9,-17.2
1137.9,-17.1,-17.2
1138.0,-17.2,-17.2
1138.1,-17.1,-17.2
1138.2,-17.2,-17.2
1138.3,-17.6,-17.2
1138.4,-18.0,-17.2
1138.5,-18.4,-17.2
1138.6,-18.8,-17.2
1138.7,-18.8,-17.2
1138.8,-19.3,-17.2
1138.9,-19.7,-17.3
1139.0,-19.8,-17.4
1139.1,-20.1,-17.5
1139.2,-20.3,-17.6
1139.3,-20.9,-17.6
1139.4,-21.9,-17.8
1139.5,-23.2,-17.9
1139.6,-23.8,-18.0
1139.7,-23.1,-18.0
1139.8,-22.2,-18.1
1139.9,-21.8,-18.3
1140.0,-21.8,-18.5
1140.1,-22.5,-18.8
1140.2,-23.2,-19.1
1140.3,-23.4,-19.3
1140.4,-22.8,-19.5
1140.5,-21.7,-19.7
1140.6,-21.3,-19.9
1140.7,-21.1,-20.1
1140.8,-21.8,-20.3
1140.9,-23.0,-20.6
1141.0,-23.5,-20.8
1141.1,-23.7,-21.1
1141.2,-23.5,-21.3
1141.3,-23.6,-21.6
1141.4,-23.2,-21.7
1141.5,-23.4,-21.9
1141.6,-22.9,-22.0
1141.7,-22.3,-22.2
1141.8,-22.8,-22.3
1141.9,-23.1,-22.5
1142.0,-23.6,-22.6
1142.1,-24.2,-22.8
1142.2,-23.9,-22.9
1142.3,-23.5,-22.9
1142.4,-22.8,-22.8
1142.5,-22.5,-22.7
1142.6,-22.2,-22.7
1142.7,-22.0,-22.7
1142.8,-22.3,-22.8
1142.9,-22.9,-22.9
1143.0,-23.4,-22.9
1143.1,-23.8,-22.9
1143.2,-24.0,-22.9
1143.3,-24.0,-22.9
1143.4,-23.9,-23.0
1143.5,-23.0,-23.1
1143.6,-22.3,-23.1
1143.7,-22.3,-23.1
1143.8,-22.6,-23.1
1143.9,-23.3,-23.1
1144.0,-23.9,-23.1
1144.1,-23.4,-23.1
1144.2,-22.6,-23.0
1144.3,-22.2,-22.9
1144.4,-22.0,-22.9
1144.5,-22.0,-22.9
1144.6,-22.4,-22.9
1144.7,-22.2,-22.9
1144.8,-22.1,-22.8
1144.9,-21.4,-22.7
1145.0,-20.9,-22.5
1145.1,-20.9,-22.4
1145.2,-21.3,-22.5
1145.3,-22.1,-22.5
1145.4,-22.3,-22.4
1145.5,-22.3,-22.4
1145.6,-21.7,-22.4
1145.7,-21.8,-22.4
1145.8,-21.9,-22.4
1145.9,-21.8,-22.3
1146.0,-22.1,-22.2
1146.1,-21.6,-22.2
1146.2,-21.3,-22.1
1146.3,-21.5,-22.0
1146.4,-21.5,-22.0
1146.5,-21.7,-22.0
1146.6,-21.9,-22.0
1146.7,-22.0,-21.9
1146.8,-21.7,-21.9
1146.9,-21.5,-21.8
1147.0,-21.2,-21.7
1147.1,-21.0,-21.6
1147.2,-21.1,-21.7
1147.3,-21.4,-21.7
1147.4,-21.5,-21.6
1147.5,-21.2,-21.5
1147.6,-21.2,-21.5
1147.7,-21.2,-21.5
1147.8,-21.9,-21.6
1147.9,-22.4,-21.6
1148.0,-21.6,-21.6
1148.1,-20.9,-21.5
1148.2,-20.6,-21.5
1148.3,-20.7,-21.5
1148.4,-21.3,-21.5
1148.5,-21.8,-21.5
1148.6,-21.6,-21.5
1148.7,-21.1,-21.4
1148.8,-20.8,-21.3
1148.9,-20.6,-21.3
1149.0,-20.9,-21.3
1149.1,-21.2,-21.3
1149.2,-20.9,-21.3
1149.3,-20.8,-21.2
1149.4,-20.1,-21.1
1149.5,-19.7,-21.0
1149.6,-19.7,-20.9
1149.7,-20.0,-20.9
1149.8,-20.5,-20.9
1149.9,-20.6,-20.9
1150.0,-20.5,-20.9
1150.1,-20.3,-20.8
1150.2,-20.6,-20.9
1150.3,-20.7,-20.8
1150.4,-21.0,-20.8
1150.5,-21.1,-20.8
1150.6,-20.4,-20.8
1150.7,-20.4,-20.7
1150.8,-20.5,-20.6
1150.9,-20.6,-20.6
1151.0,-20.9,-20.7
1151.1,-21.1,-20.7
1151.2,-21.0,-20.7
1151.3,-20.8,-20.6
1151.4,-20.5,-20.6
1151.5,-20.1,-20.5
1151.6,-19.9,-20.5
1151.7,-20.2,-20.5
1151.8,-20.6,-20.5
1151.9,-20.8,-20.5
1152.0,-21.2,-20.5
1152.1,-21.3,-20.5
1152.2,-21.1,-20.6
1152.3,-21.4,-20.6
1152.4,-20.7,-20.6
1152.5,-19.5,-20.5
1152.6,-19.0,-20.5
1152.7,-18.9,-20.4
1152.8,-19.3,-20.4
1152.9,-20.2,-20.5
1153.0,-20.9,-20.5
1153.1,-20.7,-20.5
1153.2,-20.3,-20.4
1153.3,-20.1,-20.4
1153.4,-19.8,-20.4
1153.5,-20.0,-20.3
1153.6,-19.7,-20.3
1153.7,-18.8,-20.1
1153.8,-18.2,-20.0
1153.9,-17.6,-19.8
1154.0,-17.4,-19.7
1154.1,-17.6,-19.6
1154.2,-18.2,-19.6
1154.3,-18.9,-19.6
1154.4,-19.5,-19.6
1154.5,-19.8,-19.6
1154.6,-19.9,-19.6
1154.7,-20.2,-19.6
1154.8,-20.1,-19.5
1154.9,-20.4,-19.5
1155.0,-20.3,-19.5
1155.1,-19.8,-19.4
1155.2,-19.9,-19.4
1155.3,-20.3,-19.4
1155.4,-20.5,-19.5
1155.5,-20.4,-19.5
1155.6,-20.3,-19.6
1155.7,-19.4,-19.5
1155.8,-18.7,-19.4
1155.9,-18.6,-19.3
1156.0,-18.5,-19.3
1156.1,-18.5,-19.2
1156.2,-17.9,-19.1
1156.3,-16.9,-18.8
1156.4,-16.2,-18.6
1156.5,-16.5,-18.7
1156.6,-17.5,-18.7
1156.7,-19.1,-18.9
1156.8,-21.5,-19.0
1156.9,-20.7,-19.1
1157.0,-18.9,-19.0
1157.1,-18.0,-18.9
1157.2,-17.0,-18.8
1157.3,-16.6,-18.6
1157.4,-17.1,-18.6
1157.5,-17.5,-18.6
1157.6,-18.0,-18.5
1157.7,-18.6,-18.5
1157.8,-18.7,-18.5
1157.9,-18.6,-18.4
1158.0,-19.1,-18.4
1158.1,-19.1,-18.4
1158.2,-19.0,-18.3
1158.3,-18.9,-18.3
1158.4,-18.6,-18.2
1158.5,-18.3,-18.2
1158.6,-18.7,-18.2
1158.7,-19.3,-18.3
1158.8,-19.7,-18.3
1158.9,-20.1,-18.3
1159.0,-20.1,-18.4
1159.1,-20.1,-18.4
1159.2,-20.3,-18.6
1159.3,-20.3,-18.8
1159.4,-20.7,-19.0
1159.5,-20.4,-19.0
1159.6,-20.4,-19.0
1159.7,-20.7,-19.0
1159.8,-20.9,-19.0
1159.9,-21.1,-19.0
1160.0,-21.1,-19.2
1160.1,-21.1,-19.3
1160.2,-20.9,-19.5
1160.3,-20.7,-19.7
1160.4,-20.6,-19.8
1160.5,-20.6,-19.8
1160.6,-20.4,-19.9
1160.7,-20.8,-20.0
1160.8,-21.1,-20.1
1160.9,-20.7,-20.1
1161.0,-21.1,-20.2
1161.1,-20.8,-20.3
1161.2,-20.9,-20.4
1161.3,-21.6,-20.5
1161.4,-21.2,-20.6
1161.5,-19.6,-20.5
1161.6,-19.5,-20.5
1161.7,-19.4,-20.5
1161.8,-19.8,-20.6
1161.9,-21.5,-20.7
1162.0,-21.8,-20.7
1162.1,-21.7,-20.7
1162.2,-20.9,-20.7
1162.3,-20.9,-20.7
1162.4,-21.1,-20.8
1162.5,-21.4,-20.9
1162.6,-22.1,-20.9
1162.7,-22.4,-20.9
1162.8,-22.0,-20.9
1162.9,-21.5,-20.9
1163.0,-21.3,-20.9
1163.1,-20.9,-20.9
1163.2,-21.0,-20.9
1163.3,-21.0,-20.9
1163.4,-20.9,-21.0
1163.5,-20.0,-20.8
1163.6,-20.1,-20.9
1163.7,-20.5,-20.9
1163.8,-20.7,-20.9
1163.9,-22.2,-21.0
1164.0,-22.3,-21.0
1164.1,-21.7,-21.0
1164.2,-21.4,-21.0
1164.3,-21.9,-21.0
1164.4,-21.8,-21.1
1164.5,-22.0,-21.4
1164.6,-22.6,-21.4
1164.7,-22.3,-21.4
1164.8,-21.8,-21.4
1164.9,-21.8,-21.4
1165.0,-21.7,-21.4
1165.1,-22.0,-21.5
1165.2,-22.2,-21.6
1165.3,-23.0,-21.7
1165.4,-23.4,-21.7
1165.5,-23.1,-21.7
1165.6,-23.7,-21.7
1165.7,-23.6,-21.8
1165.8,-23.4,-21.8
1165.9,-23.7,-21.9
1166.0,-23.6,-22.0
1166.1,-23.6,-22.1
1166.2,-23.4,-22.1
1166.3,-23.4,-22.2
1166.4,-23.6,-22.4
1166.5,-23.4,-22.7
1166.6,-23.8,-22.7
1166.7,-23.7,-22.7
1166.8,-23.4,-22.8
1166.9,-23.9,-22.9
1167.0,-24.1,-22.9
1167.1,-23.6,-23.0
1167.2,-23.8,-23.1
1167.3,-24.0,-23.2
1167.4,-23.4,-23.1
1167.5,-24.2,-23.3
1167.6,-24.5,-23.3
1167.7,-24.2,-23.4
1167.8,-25.0,-23.6
1167.9,-24.8,-23.7
1168.0,-24.6,-23.8
1168.1,-25.0,-23.8
1168.2,-25.1,-24.0
1168.3,-25.8,-24.0
1168.4,-26.2,-24.1
1168.5,-26.3,-24.2
1168.6,-27.0,-24.3
1168.7,-26.1,-24.3
1168.8,-25.7,-24.4
1168.9,-25.7,-24.5
1169.0,-25.7,-24.6
1169.1,-26.0,-24.6
1169.2,-26.6,-24.8
1169.3,-26.5,-24.9
1169.4,-26.2,-24.9
1169.5,-26.1,-25.0
1169.6,-26.0,-25.1
1169.7,-26.1,-25.2
1169.8,-26.1,-25.3
1169.9,-26.9,-25.4
1170.0,-27.1,-25.5
1170.1,-26.9,-25.7
1170.2,-27.0,-25.8
1170.3,-27.3,-25.8
1170.4,-26.1,-25.9
1170.5,-26.6,-26.0
1170.6,-26.6,-26.1
1170.7,-26.3,-26.2
1170.8,-26.8,-26.2
1170.9,-26.7,-26.3
1171.0,-26.3,-26.3
1171.1,-26.2,-26.4
1171.2,-26.1,-26.4
1171.3,-26.1,-26.4
1171.4,-26.1,-26.3
1171.5,-26.1,-26.3
1171.6,-26.3,-26.3
1171.7,-26.3,-26.4
1171.8,-26.4,-26.4
1171.9,-26.5,-26.5
1172.0,-26.4,-26.4
1172.1,-25.7,-26.3
1172.2,-25.7,-26.3
1172.3,-25.6,-26.3
1172.4,-26.3,-26.4
1172.5,-26.4,-26.4
1172.6,-27.2,-26.5
1172.7,-27.3,-26.5
1172.8,-27.4,-26.5
1172.9,-28.0,-26.5
1173.0,-27.6,-26.5
1173.1,-27.2,-26.5
1173.2,-27.4,-26.6
1173.3,-27.3,-26.5
1173.4,-27.7,-26.7
1173.5,-28.2,-26.7
1173.6,-28.2,-26.8
1173.7,-28.3,-26.8
1173.8,-28.1,-26.9
1173.9,-27.7,-26.8
1174.0,-27.1,-26.9
1174.1,-26.8,-26.8
1174.2,-26.5,-26.9
1174.3,-26.9,-26.9
1174.4,-26.8,-27.0
1174.5,-27.5,-27.0
1174.6,-27.9,-27.1
1174.7,-27.6,-27.1
1174.8,-27.6,-27.1
1174.9,-27.4,-27.1
1175.0,-26.8,-27.2
1175.1,-27.2,-27.4
1175.2,-27.8,-27.5
1175.3,-27.9,-27.5
1175.4,-28.2,-27.4
1175.5,-28.0,-27.6
1175.6,-27.5,-27.5
1175.7,-27.6,-27.5
1175.8,-27.8,-27.5
1175.9,-28.0,-27.6
1176.0,-28.3,-27.6
1176.1,-27.7,-27.6
1176.2,-27.7,-27.5
1176.3,-27.4,-27.6
1176.4,-27.2,-27.5
1176.5,-27.6,-27.5
1176.6,-27.5,-27.5
1176.7,-27.6,-27.5
1176.8,-28.5,-27.5
1176.9,-28.7,-27.6
1177.0,-29.5,-27.7
1177.1,-29.6,-27.8
1177.2,-29.6,-27.9
1177.3,-29.1,-27.9
1177.4,-29.1,-28.0
1177.5,-29.0,-28.0
1177.6,-28.9,-28.1
1177.7,-29.4,-28.1
1177.8,-29.4,-28.3
1177.9,-29.0,-28.2
1178.0,-29.1,-28.4
1178.1,-29.0,-28.4
1178.2,-29.1,-28.4
1178.3,-29.5,-28.4
1178.4,-29.4,-28.6
1178.5,-29.6,-28.6
1178.6,-29.5,-28.7
1178.7,-30.0,-28.7
1178.8,-29.5,-28.8
1178.9,-29.1,-28.7
1179.0,-29.2,-28.8
1179.1,-29.2,-29.0
1179.2,-29.3,-29.0
1179.3,-30.0,-29.1
1179.4,-29.2,-29.2
1179.5,-29.1,-29.2
1179.6,-29.5,-29.3
1179.7,-29.8,-29.4
1179.8,-29.8,-29.3
1179.9,-30.1,-29.4
1180.0,-29.2,-29.3
1180.1,-29.3,-29.4
1180.2,-29.3,-29.3
1180.3,-29.6,-29.5
1180.4,-30.6,-29.5
1180.5,-30.5,-29.6
1180.6,-30.8,-29.5
1180.7,-30.8,-29.6
1180.8,-30.1,-29.6
1180.9,-30.4,-29.8
1181.0,-30.8,-29.7
1181.1,-30.1,-29.8
1181.2,-30.4,-29.7
1181.3,-29.4,-29.7
1181.4,-29.9,-29.8
1181.5,-29.5,-29.8
1181.6,-29.6,-29.8
1181.7,-29.7,-29.7
1181.8,-29.5,-29.8
1181.9,-29.6,-29.9
1182.0,-30.1,-29.9
1182.1,-30.3,-29.8
1182.2,-30.6,-30.0
1182.3,-31.2,-30.0
1182.4,-31.6,-30.2
1182.5,-31.8,-30.2
1182.6,-31.4,-30.2
1182.7,-30.6,-30.1
1182.8,-30.3,-30.2
1182.9,-30.0,-30.2
1183.0,-29.9,-30.3
1183.1,-30.2,-30.3
1183.2,-30.3,-30.4
1183.3,-31.0,-30.3
1183.4,-30.8,-30.4
1183.5,-31.0,-30.3
1183.6,-30.9,-30.4
1183.7,-30.6,-30.3
1183.8,-30.8,-30.4
1183.9,-30.9,-30.4
1184.0,-30.5,-30.4
1184.1,-30.7,-30.4
1184.2,-30.0,-30.4
1184.3,-30.3,-30.5
1184.4,-30.7,-30.5
1184.5,-31.1,-30.6
1184.6,-31.6,-30.7
1184.7,-32.1,-30.8
1184.8,-31.7,-30.8
1184.9,-31.3,-30.9
1185.0,-31.5,-30.8
1185.1,-31.5,-31.0
1185.2,-31.6,-30.9
1185.3,-31.7,-30.9
1185.4,-31.8,-30.8
1185.5,-31.6,-30.9
1185.6,-31.5,-30.9
1185.7,-31.6,-31.0
1185.8,-31.9,-31.1
1185.9,-32.0,-31.2
1186.0,-32.7,-31.3
1186.1,-33.1,-31.4
1186.2,-33.5,-31.4
1186.3,-32.8,-31.4
1186.4,-32.6,-31.5
1186.5,-32.9,-31.6
1186.6,-33.0,-31.7
1186.7,-34.0,-31.8
1186.8,-34.2,-31.9
1186.9,-34.1,-32.0
1187.0,-34.3,-32.2
1187.1,-33.4,-32.2
1187.2,-32.9,-32.3
1187.3,-32.7,-32.4
1187.4,-32.6,-32.5
1187.5,-33.4,-32.5
1187.6,-34.8,-32.7
1187.7,-35.1,-32.7
1187.8,-35.6,-32.9
1187.9,-36.3,-33.1
1188.0,-35.9,-33.2
1188.1,-36.0,-33.2
1188.2,-35.7,-33.4
1188.3,-34.9,-33.5
1188.4,-35.1,-33.7
1188.5,-34.9,-33.7
1188.6,-34.5,-33.9
1188.7,-34.4,-34.0
1188.8,-33.0,-33.9
1188.9,-32.0,-33.7
1189.0,-31.8,-33.7
1189.1,-31.7,-33.7
1189.2,-32.2,-33.7
1189.3,-31.7,-33.5
1189.4,-30.4,-33.2
1189.5,-30.2,-33.1
1189.6,-30.0,-33.0
1189.7,-30.2,-32.9
1189.8,-30.0,-32.5
1189.9,-28.4,-32.0
1190.0,-27.5,-31.7
1190.1,-27.2,-31.5
1190.2,-27.0,-31.2
1190.3,-26.8,-30.8
1190.4,-25.7,-30.2
1190.5,-25.0,-29.7
1190.6,-23.9,-29.0
1190.7,-23.6,-28.6
1190.8,-23.7,-28.2
1190.9,-23.3,-27.8
1191.0,-23.8,-27.5
1191.1,-23.8,-27.2
1191.2,-24.0,-27.0
1191.3,-24.3,-26.8
1191.4,-24.2,-26.5
1191.5,-24.5,-26.3
1191.6,-24.8,-26.2
1191.7,-25.9,-26.2
1191.8,-27.5,-26.2
1191.9,-28.7,-26.1
1192.0,-29.2,-26.1
1192.1,-28.0,-26.0
1192.2,-27.2,-25.9
1192.3,-26.9,-25.8
1192.4,-26.4,-25.8
1192.5,-25.7,-25.6
1192.6,-25.2,-25.4
1192.7,-24.4,-25.3
1192.8,-24.2,-25.2
1192.9,-24.2,-25.1
1193.0,-24.0,-25.0
1193.1,-23.7,-24.8
1193.2,-23.0,-24.7
1193.3,-23.3,-24.7
1193.4,-23.9,-24.8
1193.5,-24.7,-24.8
1193.6,-25.8,-24.9
1193.7,-25.6,-25.0
1193.8,-25.7,-25.0
1193.9,-26.1,-25.2
1194.0,-26.7,-25.3
1194.1,-27.3,-25.4
1194.2,-27.3,-25.5
1194.3,-27.4,-25.6
1194.4,-27.0,-25.7
1194.5,-27.5,-25.8
1194.6,-27.9,-25.8
1194.7,-28.1,-25.8
1194.8,-28.7,-25.8
1194.9,-28.0,-25.7
1195.0,-28.1,-25.7
1195.1,-28.2,-25.8
1195.2,-28.3,-25.8
1195.3,-28.5,-25.9
1195.4,-27.6,-25.9
1195.5,-27.1,-26.0
1195.6,-27.3,-26.1
1195.7,-27.8,-26.3
1195.8,-28.7,-26.5
1195.9,-29.4,-26.6
1196.0,-29.3,-26.8
1196.1,-29.5,-27.2
1196.2,-29.8,-27.6
1196.3,-30.5,-27.7
1196.4,-31.0,-27.9
1196.5,-31.2,-28.1
1196.6,-32.1,-28.3
1196.7,-32.8,-28.6
1196.8,-34.0,-28.8
1196.9,-34.8,-28.9
1197.0,-34.3,-29.1
1197.1,-34.9,-29.3
1197.2,-34.9,-29.5
1197.3,-35.2,-29.7
1197.4,-35.9,-30.0
1197.5,-35.8,-30.1
1197.6,-36.2,-30.3
1197.7,-36.7,-30.5
1197.8,-36.4,-30.7
1197.9,-36.5,-31.0
1198.0,-36.0,-31.2
1198.1,-35.8,-31.4
1198.2,-35.2,-31.6
1198.3,-34.1,-31.8
1198.4,-33.1,-32.3
1198.5,-32.5,-32.6
1198.6,-32.2,-32.8
1198.7,-32.3,-32.9
1198.8,-32.3,-33.1
1198.9,-31.8,-33.2
1199.0,-31.0,-33.2
1199.1,-30.7,-33.2
1199.2,-30.3,-33.2
1199.3,-30.2,-33.1
1199.4,-30.4,-33.1
1199.5,-30.1,-33.0
1199.6,-30.2,-32.8
1199.7,-29.9,-32.6
1199.8,-29.8,-32.4
1199.9,-29.9,-32.2
1200.0,-29.8,-32.1
1200.1,-30.1,-31.9
1200.2,-30.1,-31.8
1200.3,-30.1,-31.6
1200.4,-30.3,-31.5
1200.5,-30.9,-31.5
1200.6,-31.7,-31.4
1200.7,-32.9,-31.4
1200.8,-33.8,-31.4
1200.9,-33.8,-31.3
1201.0,-33.9,-31.3
1201.1,-34.1,-31.3
1201.2,-34.3,-31.3
1201.3,-34.4,-31.3
1201.4,-34.0,-31.4
1201.5,-33.6,-31.4
1201.6,-33.1,-31.4
1201.7,-33.0,-31.4
1201.8,-32.4,-31.4
1201.9,-31.8,-31.4
1202.0,-32.0,-31.5
1202.1,-31.9,-31.6
1202.2,-32.3,-31.6
1202.3,-32.6,-31.7
1202.4,-31.4,-31.7
1202.5,-31.0,-31.7
1202.6,-30.1,-31.6
1202.7,-29.8,-31.7
1202.8,-29.9,-31.7
1202.9,-29.2,-31.6
1203.0,-29.0,-31.4
1203.1,-28.2,-31.3
1203.2,-28.0,-31.2
1203.3,-28.0,-31.1
1203.4,-27.9,-30.9
1203.5,-27.9,-30.7
1203.6,-27.3,-30.4
1203.7,-27.0,-30.1
1203.8,-26.9,-29.9
1203.9,-27.1,-29.7
1204.0,-27.2,-29.5
1204.1,-27.1,-29.3
1204.2,-26.9,-29.1
1204.3,-27.4,-29.0
1204.4,-28.3,-29.0
1204.5,-29.2,-28.9
1204.6,-29.0,-28.7
1204.7,-28.1,-28.6
1204.8,-27.8,-28.5
1204.9,-28.2,-28.5
1205.0,-28.5,-28.4
1205.1,-28.1,-28.2
1205.2,-27.6,-28.1
1205.3,-27.0,-28.0
1205.4,-26.7,-27.8
1205.5,-27.3,-27.8
1205.6,-27.4,-27.8
1205.7,-27.3,-27.7
1205.8,-27.2,-27.5
1205.9,-26.1,-27.4
1206.0,-26.2,-27.4
1206.1,-26.0,-27.3
1206.2,-26.4,-27.3
1206.3,-26.6,-27.2
1206.4,-26.0,-27.1
1206.5,-26.3,-27.1
1206.6,-26.1,-27.1
1206.7,-26.5,-27.1
1206.8,-26.3,-27.0
1206.9,-25.3,-26.8
1207.0,-24.9,-26.8
1207.1,-25.0,-26.8
1207.2,-25.4,-26.8
1207.3,-26.0,-26.7
1207.4,-26.0,-26.5
1207.5,-25.6,-26.4
1207.6,-25.7,-26.4
1207.7,-26.1,-26.4
1207.8,-26.7,-26.4
1207.9,-27.0,-26.3
1208.0,-27.0,-26.3
1208.1,-27.2,-26.3
1208.2,-27.5,-26.4
1208.3,-28.1,-26.4
1208.4,-28.3,-26.4
1208.5,-28.4,-26.4
1208.6,-28.7,-26.5
1208.7,-29.1,-26.5
1208.8,-30.1,-26.7
1208.9,-30.3,-26.8
1209.0,-30.3,-26.9
1209.1,-29.5,-26.9
1209.2,-28.3,-26.9
1209.3,-28.2,-27.0
1209.4,-27.8,-27.1
1209.5,-27.9,-27.1
1209.6,-28.4,-27.2
1209.7,-28.3,-27.2
1209.8,-28.2,-27.4
1209.9,-28.1,-27.6
1210.0,-28.0,-27.7
1210.1,-28.0,-27.8
1210.2,-27.7,-27.8
1210.3,-27.2,-27.8
1210.4,-26.9,-27.9
1210.5,-26.9,-28.0
1210.6,-27.2,-28.0
1210.7,-27.2,-28.0
1210.8,-26.8,-27.9
1210.9,-25.7,-27.8
1211.0,-25.2,-27.7
1211.1,-24.5,-27.4
1211.2,-23.4,-27.0
1211.3,-23.0,-26.7
1211.4,-22.9,-26.6
1211.5,-23.0,-26.4
1211.6,-23.1,-26.1
1211.7,-23.4,-25.9
1211.8,-23.3,-25.7
1211.9,-23.2,-25.5
1212.0,-23.2,-25.3
1212.1,-22.7,-25.0
1212.2,-22.4,-24.9
1212.3,-22.0,-24.6
1212.4,-21.9,-24.4
1212.5,-22.0,-24.3
1212.6,-21.9,-24.0
1212.7,-22.0,-23.9
1212.8,-22.3,-23.8
1212.9,-22.8,-23.7
1213.0,-23.3,-23.6
1213.1,-23.2,-23.5
1213.2,-19.4,-22.6
1213.3,-18.6,-22.3
1213.4,-18.0,-22.1
1213.5,-18.3,-22.1
1213.6,-20.8,-22.0
1213.7,-21.3,-21.8
1213.8,-21.6,-21.7
1213.9,-20.4,-21.5
1214.0,-19.8,-21.3
1214.1,-19.4,-21.2
1214.2,-19.1,-21.1
1214.3,-18.8,-20.9
1214.4,-18.6,-20.7
1214.5,-19.2,-20.7
1214.6,-19.5,-20.6
1214.7,-20.0,-20.5
1214.8,-20.5,-20.4
1214.9,-20.5,-20.4
1215.0,-20.2,-20.3
1215.1,-20.1,-20.2
1215.2,-20.4,-20.2
1215.3,-20.3,-20.2
1215.4,-19.9,-20.1
1215.5,-20.1,-20.0
1215.6,-19.6,-20.0
1215.7,-19.1,-19.9
1215.8,-19.6,-19.8
1215.9,-19.8,-19.7
1216.0,-20.7,-19.7
1216.1,-22.0,-19.8
1216.2,-22.9,-20.2
1216.3,-23.6,-20.3
1216.4,-23.5,-20.4
1216.5,-23.4,-20.4
1216.6,-23.4,-20.4
1216.7,-23.3,-20.5
1216.8,-23.3,-20.6
1216.9,-23.1,-20.6
1217.0,-22.8,-20.7
1217.1,-22.2,-20.8
1217.2,-21.9,-20.9
1217.3,-21.6,-21.1
1217.4,-21.4,-21.2
1217.5,-21.0,-21.1
1217.6,-20.4,-21.1
1217.7,-18.1,-20.7
1217.8,-15.6,-20.0
1217.9,-14.3,-19.4
1218.0,-13.7,-19.1
1218.1,-13.6,-18.9
1218.2,-14.2,-18.6
1218.3,-14.7,-18.3
1218.4,-14.6,-18.1
1218.5,-14.9,-18.0
1218.6,-15.1,-17.8
1218.7,-15.1,-17.6
1218.8,-15.0,-17.4
1218.9,-14.9,-17.2
1219.0,-14.8,-17.0
1219.1,-14.9,-16.8
1219.2,-15.1,-16.7
1219.3,-15.3,-16.5
1219.4,-15.4,-16.4
1219.5,-15.6,-16.2
1219.6,-16.0,-16.1
1219.7,-16.0,-16.0
1219.8,-16.2,-15.9
1219.9,-16.3,-15.8
1220.0,-16.3,-15.7
1220.1,-16.5,-15.7
1220.2,-16.6,-15.6
1220.3,-16.4,-15.5
1220.4,-16.3,-15.4
1220.5,-16.3,-15.3
1220.6,-16.3,-15.3
1220.7,-16.4,-15.3
1220.8,-16.4,-15.5
1220.9,-16.2,-15.6
1221.0,-15.9,-15.6
1221.1,-15.9,-15.7
1221.2,-16.1,-15.8
1221.3,-16.2,-15.8
1221.4,-16.4,-15.9
1221.5,-16.7,-15.9
1221.6,-16.9,-16.0
1221.7,-17.4,-16.1
1221.8,-18.1,-16.3
1221.9,-18.4,-16.4
1222.0,-18.9,-16.5
1222.1,-19.2,-16.6
1222.2,-19.4,-16.8
1222.3,-19.8,-16.9
1222.4,-20.1,-17.0
1222.5,-20.2,-17.1
1222.6,-20.4,-17.2
1222.7,-20.3,-17.3
1222.8,-20.0,-17.4
1222.9,-19.9,-17.5
1223.0,-19.8,-17.6
1223.1,-20.0,-17.7
1223.2,-20.2,-17.9
1223.3,-20.3,-18.0
1223.4,-20.4,-18.1
1223.5,-20.5,-18.3
1223.6,-20.5,-18.4
1223.7,-20.4,-18.5
1223.8,-20.6,-18.7
1223.9,-20.3,-18.9
1224.0,-20.2,-19.1
1224.1,-20.4,-19.3
1224.2,-20.5,-19.5
1224.3,-20.7,-19.7
1224.4,-21.1,-19.9
1224.5,-21.3,-20.0
1224.6,-21.4,-20.2
1224.7,-21.5,-20.3
1224.8,-21.4,-20.4
1224.9,-21.5,-20.5
1225.0,-21.4,-20.6
1225.1,-21.4,-20.6
1225.2,-21.5,-20.6
1225.3,-21.3,-20.7
1225.4,-21.2,-20.7
1225.5,-21.4,-20.8
1225.6,-21.6,-20.8
1225.7,-21.8,-20.9
1225.8,-21.8,-20.9
1225.9,-21.8,-21.0
1226.0,-21.8,-21.1
1226.1,-21.8,-21.1
1226.2,-21.9,-21.2
1226.3,-22.0,-21.2
1226.4,-21.9,-21.3
1226.5,-22.3,-21.4
1226.6,-22.9,-21.5
1226.7,-23.5,-21.6
1226.8,-24.2,-21.7
1226.9,-19.7,-21.2
1227.0,-15.9,-20.3
1227.1,-15.3,-20.1
1227.2,-15.0,-20.1
1227.3,-15.9,-20.1
1227.4,-19.7,-20.1
1227.5,-21.7,-20.2
1227.6,-23.7,-20.2
1227.7,-25.0,-20.3
1227.8,-25.2,-20.4
1227.9,-25.3,-20.4
1228.0,-25.4,-20.5
1228.1,-25.7,-20.6
1228.2,-26.0,-20.7
1228.3,-26.5,-20.8
1228.4,-26.9,-20.9
1228.5,-27.0,-21.0
1228.6,-27.0,-21.0
1228.7,-26.1,-21.1
1228.8,-24.5,-21.1
1228.9,-23.4,-21.1
1229.0,-22.4,-21.1
1229.1,-21.5,-21.0
1229.2,-20.7,-21.0
1229.3,-19.8,-20.8
1229.4,-19.2,-20.7
1229.5,-18.7,-20.5
1229.6,-18.4,-20.3
1229.7,-17.6,-20.0
1229.8,-14.6,-19.0
1229.9,-13.8,-18.9
1230.0,-13.8,-19.4
1230.1,-14.2,-19.6
1230.2,-17.1,-19.6
1230.3,-19.8,-19.6
1230.4,-20.8,-19.6
1230.5,-21.1,-19.5
1230.6,-21.7,-19.5
1230.7,-22.1,-19.4
1230.8,-22.2,-19.4
1230.9,-22.1,-19.4
1231.0,-21.9,-19.3
1231.1,-21.8,-19.3
1231.2,-21.5,-19.2
1231.3,-21.4,-19.1
1231.4,-21.3,-19.0
1231.5,-21.1,-19.0
1231.6,-21.2,-18.9
1231.7,-21.1,-18.9
1231.8,-21.3,-18.9
1231.9,-21.5,-18.9
1232.0,-21.5,-18.9
1232.1,-21.9,-18.9
1232.2,-21.8,-19.0
1232.3,-21.7,-19.0
1232.4,-21.4,-19.1
1232.5,-20.9,-19.1
1232.6,-20.5,-19.2
1232.7,-20.1,-19.4
1232.8,-20.0,-20.4
1232.9,-20.2,-21.0
1233.0,-20.5,-21.2
1233.1,-20.5,-21.2
1233.2,-20.9,-21.2
1233.3,-20.9,-21.2
1233.4,-20.9,-21.2
1233.5,-21.1,-21.2
1233.6,-21.1,-21.1
1233.7,-21.3,-21.1
1233.8,-21.6,-21.1
1233.9,-22.0,-21.1
1234.0,-21.9,-21.1
1234.1,-21.9,-21.1
1234.2,-21.8,-21.2
1234.3,-21.6,-21.2
1234.4,-21.3,-21.1
1234.5,-21.0,-21.1
1234.6,-20.8,-21.1
1234.7,-20.5,-21.1
1234.8,-20.3,-21.0
1234.9,-20.1,-20.9
1235.0,-20.0,-20.9
1235.1,-19.5,-20.7
1235.2,-19.4,-20.7
1235.3,-19.2,-20.6
1235.4,-18.7,-20.5
1235.5,-18.1,-20.3
1235.6,-18.0,-20.2
1235.7,-17.8,-20.1
1235.8,-17.6,-20.0
1235.9,-17.7,-19.8
1236.0,-17.9,-19.8
1236.1,-17.6,-19.7
1236.2,-17.4,-19.5
1236.3,-17.5,-19.3
1236.4,-17.2,-19.2
1236.5,-17.0,-19.1
1236.6,-17.1,-18.9
1236.7,-17.2,-18.8
1236.8,-17.4,-18.7
1236.9,-17.6,-18.6
1237.0,-18.1,-18.5
1237.1,-18.6,-18.5
1237.2,-19.3,-18.5
1237.3,-21.0,-18.5
1237.4,-21.3,-18.5
1237.5,-21.8,-18.5
1237.6,-21.8,-18.6
1237.7,-21.1,-18.6
1237.8,-20.6,-18.5
1237.9,-20.2,-18.5
1238.0,-19.9,-18.6
1238.1,-20.3,-18.6
1238.2,-22.0,-18.7
1238.3,-22.4,-18.8
1238.4,-22.7,-18.9
1238.5,-23.5,-19.1
1238.6,-23.7,-19.3
1238.7,-23.8,-19.4
1238.8,-24.9,-19.6
1238.9,-25.2,-19.8
1239.0,-25.5,-20.0
1239.1,-25.5,-20.2
1239.2,-24.7,-20.5
1239.3,-24.4,-20.7
1239.4,-23.3,-20.9
1239.5,-24.1,-21.3
1239.6,-25.2,-21.7
1239.7,-25.9,-22.0
1239.8,-27.7,-22.3
1239.9,-28.2,-22.8
1240.0,-28.2,-23.1
1240.1,-27.6,-23.3
1240.2,-27.9,-23.4
1240.3,-26.9,-23.5
1240.4,-27.0,-23.8
1240.5,-27.6,-24.0
1240.6,-28.5,-24.1
1240.7,-29.7,-24.4
1240.8,-28.6,-25.0
1240.9,-27.8,-25.3
1241.0,-25.5,-25.4
1241.1,-25.4,-25.6
1241.2,-25.5,-25.7
1241.3,-26.0,-25.9
1241.4,-28.4,-26.2
1241.5,-27.2,-26.2
1241.6,-26.1,-26.1
1241.7,-25.8,-26.3
1241.8,-25.2,-26.3
1241.9,-25.7,-26.3
1242.0,-26.5,-26.3
1242.1,-26.5,-26.4
1242.2,-26.8,-26.6
1242.3,-27.1,-26.7
1242.4,-28.3,-27.1
1242.5,-28.8,-27.2
1242.6,-29.3,-27.1
1242.7,-29.5,-27.1
1242.8,-29.0,-27.3
1242.9,-28.7,-27.2
1243.0,-29.3,-27.2
1243.1,-29.3,-27.3
1243.2,-28.6,-27.3
1243.3,-28.7,-27.4
1243.4,-28.8,-27.4
1243.5,-28.9,-27.4
1243.6,-28.9,-27.4
1243.7,-29.3,-27.4
1243.8,-29.3,-27.5
1243.9,-28.3,-27.5
1244.0,-27.1,-27.6
1244.1,-26.3,-27.6
1244.2,-24.5,-27.2
1244.3,-20.8,-25.9
1244.4,-19.7,-25.3
1244.5,-18.6,-24.7
1244.6,-18.8,-24.8
1244.7,-20.8,-24.8
1244.8,-22.9,-24.9
1244.9,-27.0,-24.9
1245.0,-23.1,-24.4
1245.1,-21.5,-24.0
1245.2,-21.4,-24.0
1245.3,-21.5,-24.0
1245.4,-24.1,-24.0
1245.5,-28.2,-24.0
1245.6,-24.7,-23.7
1245.7,-24.4,-23.7
1245.8,-24.5,-23.7
1245.9,-24.2,-23.7
1246.0,-27.1,-23.6
1246.1,-27.4,-23.6
1246.2,-27.4,-23.6
1246.3,-26.7,-23.5
1246.4,-25.9,-23.5
1246.5,-25.0,-23.4
1246.6,-24.1,-23.3
1246.7,-23.9,-23.2
1246.8,-24.3,-23.1
1246.9,-25.1,-23.2
1247.0,-25.4,-23.2
1247.1,-25.3,-23.1
1247.2,-23.9,-23.1
1247.3,-20.9,-23.2
1247.4,-20.8,-23.5
1247.5,-20.3,-23.7
1247.6,-19.0,-23.1
1247.7,-20.2,-23.0
1247.8,-19.7,-22.8
1247.9,-19.9,-22.7
1248.0,-21.5,-22.9
1248.1,-21.1,-22.9
1248.2,-21.1,-22.8
1248.3,-20.4,-22.5
1248.4,-20.3,-22.3
1248.5,-20.4,-22.1
1248.6,-20.5,-22.2
1248.7,-21.0,-22.1
1248.8,-21.3,-21.9
1248.9,-20.8,-21.7
1249.0,-20.3,-21.5
1249.1,-20.4,-21.4
1249.2,-20.7,-21.4
1249.3,-21.8,-21.4
1249.4,-23.3,-21.4
1249.5,-24.0,-21.4
1249.6,-25.0,-21.4
1249.7,-25.7,-21.5
1249.8,-26.3,-21.5
1249.9,-26.6,-21.5
1250.0,-25.8,-21.4
1250.1,-25.9,-21.5
1250.2,-26.2,-21.6
1250.3,-27.4,-22.0
1250.4,-29.4,-22.1
1250.5,-28.8,-22.2
1250.6,-28.5,-22.7
1250.7,-27.8,-22.8
1250.8,-26.8,-22.9
1250.9,-25.7,-23.0
1251.0,-25.2,-23.1
1251.1,-24.9,-23.3
1251.2,-23.1,-23.3
1251.3,-21.2,-23.2
1251.4,-20.6,-23.2
1251.5,-19.7,-23.1
1251.6,-19.8,-23.1
1251.7,-20.9,-23.2
1251.8,-21.4,-23.3
1251.9,-21.4,-23.3
1252.0,-21.3,-23.4
1252.1,-21.8,-23.5
1252.2,-21.6,-23.5
1252.3,-21.7,-23.3
1252.4,-21.7,-23.1
1252.5,-20.8,-23.0
1252.6,-20.3,-22.7
1252.7,-20.3,-22.5
1252.8,-19.8,-22.2
1252.9,-19.5,-22.0
1253.0,-19.7,-21.9
1253.1,-18.8,-21.6
1253.2,-18.8,-21.3
1253.3,-19.1,-21.2
1253.4,-19.0,-21.0
1253.5,-19.1,-20.7
1253.6,-19.6,-20.6
1253.7,-19.9,-20.5
1253.8,-19.9,-20.5
1253.9,-19.9,-20.2
1254.0,-19.7,-20.1
1254.1,-19.5,-20.1
1254.2,-19.3,-20.0
1254.3,-20.6,-20.2
1254.4,-20.8,-20.2
1254.5,-19.7,-20.1
1254.6,-20.0,-20.1
1254.7,-19.7,-20.0
1254.8,-19.6,-19.9
1254.9,-20.1,-19.9
1255.0,-20.1,-19.9
1255.1,-20.3,-19.9
1255.2,-19.0,-19.6
1255.3,-17.7,-19.4
1255.4,-17.1,-19.3
1255.5,-16.5,-19.1
1255.6,-16.7,-19.0
1255.7,-18.0,-19.0
1255.8,-18.7,-19.1
1255.9,-18.7,-19.0
1256.0,-19.0,-19.0
1256.1,-19.6,-19.1
1256.2,-19.4,-19.2
1256.3,-19.8,-19.1
1256.4,-20.1,-19.1
1256.5,-19.7,-19.2
1256.6,-19.6,-19.2
1256.7,-20.3,-19.2
1256.8,-20.8,-19.2
1256.9,-20.1,-19.2
1257.0,-19.7,-19.2
1257.1,-19.7,-19.2
1257.2,-19.3,-19.2
1257.3,-19.2,-19.1
1257.4,-19.6,-19.1
1257.5,-19.6,-19.2
1257.6,-19.1,-19.1
1257.7,-17.6,-18.8
1257.8,-16.7,-18.6
1257.9,-16.2,-18.5
1258.0,-15.8,-18.4
1258.1,-17.0,-18.3
1258.2,-18.1,-18.5
1258.3,-18.1,-18.6
1258.4,-18.7,-18.6
1258.5,-19.2,-18.7
1258.6,-19.0,-18.8
1258.7,-19.8,-18.8
1258.8,-19.7,-18.7
1258.9,-19.5,-18.8
1259.0,-19.3,-18.9
1259.1,-19.1,-18.8
1259.2,-20.3,-18.8
1259.3,-19.5,-18.8
1259.4,-18.9,-18.7
1259.5,-19.1,-18.7
1259.6,-18.8,-18.7
1259.7,-18.6,-18.6
1259.8,-18.7,-18.5
1259.9,-18.8,-18.6
1260.0,-18.4,-18.6
1260.1,-17.2,-18.3
1260.2,-16.4,-18.1
1260.3,-16.2,-18.1
1260.4,-15.6,-17.9
1260.5,-16.6,-17.9
1260.6,-17.8,-17.9
1260.7,-17.7,-18.1
1260.8,-18.2,-18.2
1260.9,-18.6,-18.3
1261.0,-19.0,-18.5
1261.1,-19.1,-18.4
1261.2,-19.0,-18.3
1261.3,-18.7,-18.3
1261.4,-18.2,-18.4
1261.5,-18.1,-18.3
1261.6,-19.0,-18.3
1261.7,-18.7,-18.2
1261.8,-17.5,-18.1
1261.9,-17.5,-18.0
1262.0,-17.3,-18.0
1262.1,-17.0,-17.9
1262.2,-17.4,-17.8
1262.3,-17.6,-17.8
1262.4,-17.6,-17.8
1262.5,-16.3,-17.6
1262.6,-15.4,-17.3
1262.7,-15.0,-17.2
1262.8,-14.3,-17.1
1262.9,-15.0,-17.0
1263.0,-16.2,-17.0
1263.1,-16.7,-17.2
1263.2,-17.2,-17.2
1263.3,-17.6,-17.2
1263.4,-18.1,-17.4
1263.5,-18.1,-17.4
1263.6,-18.8,-17.3
1263.7,-19.1,-17.3
1263.8,-18.8,-17.4
1263.9,-18.8,-17.4
1264.0,-19.4,-17.3
1264.1,-19.6,-17.4
1264.2,-19.0,-17.4
1264.3,-18.8,-17.4
1264.4,-19.0,-17.4
1264.5,-18.8,-17.4
1264.6,-19.0,-17.4
1264.7,-19.5,-17.5
1264.8,-19.6,-17.6
1264.9,-19.1,-17.6
1265.0,-17.5,-17.4
1265.1,-17.0,-17.5
1265.2,-16.3,-17.5
1265.3,-16.3,-17.4
1265.4,-17.7,-17.5
1265.5,-18.5,-17.8
1265.6,-19.0,-18.0
1265.7,-19.4,-18.1
1265.8,-19.9,-18.4
1265.9,-19.8,-18.6
1266.0,-20.0,-18.6
1266.1,-20.3,-18.6
1266.2,-20.2,-18.8
1266.3,-20.1,-18.9
1266.4,-21.0,-18.9
1266.5,-21.4,-19.0
1266.6,-20.8,-19.0
1266.7,-20.3,-19.0
1266.8,-20.5,-19.1
1266.9,-20.5,-19.2
1267.0,-20.6,-19.2
1267.1,-21.6,-19.2
1267.2,-21.6,-19.4
1267.3,-21.2,-19.4
1267.4,-20.0,-19.3
1267.5,-19.0,-19.3
1267.6,-18.8,-19.3
1267.7,-18.3,-19.3
1267.8,-19.3,-19.2
1267.9,-20.4,-19.4
1268.0,-20.0,-19.7
1268.1,-20.7,-19.9
1268.2,-21.3,-20.1
1268.3,-21.7,-20.3
1268.4,-22.9,-20.4
1268.5,-23.0,-20.4
1268.6,-23.0,-20.6
1268.7,-22.2,-20.7
1268.8,-22.2,-20.7
1268.9,-23.5,-20.8
1269.0,-23.0,-21.0
1269.1,-23.2,-21.0
1269.2,-23.2,-21.0
1269.3,-22.8,-21.1
1269.4,-22.8,-21.2
1269.5,-23.3,-21.2
1269.6,-24.1,-21.4
1269.7,-24.4,-21.6
1269.8,-23.4,-21.5
1269.9,-22.3,-21.5
1270.0,-21.2,-21.5
1270.1,-20.6,-21.4
1270.2,-21.1,-21.4
1270.3,-22.0,-21.6
1270.4,-22.8,-21.9
1270.5,-23.2,-22.1
1270.6,-23.5,-22.2
1270.7,-23.2,-22.5
1270.8,-23.2,-22.6
1270.9,-23.6,-22.6
1271.0,-24.0,-22.8
1271.1,-24.3,-23.0
1271.2,-24.2,-22.9
1271.3,-25.0,-23.0
1271.4,-24.6,-23.0
1271.5,-24.1,-23.1
1271.6,-24.5,-23.1
1271.7,-24.5,-23.3
1271.8,-24.9,-23.3
1271.9,-25.0,-23.3
1272.0,-25.1,-23.3
1272.1,-25.4,-23.5
1272.2,-25.0,-23.5
1272.3,-24.4,-23.5
1272.4,-23.8,-23.5
1272.5,-22.9,-23.4
1272.6,-21.2,-23.1
1272.7,-20.3,-22.8
1272.8,-20.4,-22.9
1272.9,-20.7,-23.1
1273.0,-22.4,-23.3
1273.1,-24.8,-23.4
1273.2,-25.5,-23.5
1273.3,-25.7,-23.6
1273.4,-25.3,-23.6
1273.5,-25.8,-23.7
1273.6,-25.1,-23.7
1273.7,-25.4,-23.8
1273.8,-25.8,-23.9
1273.9,-25.8,-24.0
1274.0,-26.4,-24.0
1274.1,-26.9,-24.0
1274.2,-27.5,-24.2
1274.3,-28.4,-24.2
1274.4,-27.6,-24.2
1274.5,-27.0,-24.3
1274.6,-26.7,-24.4
1274.7,-26.9,-24.5
1274.8,-28.4,-24.5
1274.9,-28.8,-24.6
1275.0,-27.5,-24.6
1275.1,-25.9,-24.5
1275.2,-24.9,-24.5
1275.3,-23.5,-24.5
1275.4,-23.2,-24.5
1275.5,-24.0,-24.7
1275.6,-24.2,-25.2
1275.7,-26.0,-25.8
1275.8,-27.9,-25.9
1275.9,-27.7,-26.1
1276.0,-28.9,-26.1
1276.1,-29.6,-26.3
1276.2,-30.1,-26.4
1276.3,-30.4,-26.5
1276.4,-30.2,-26.6
1276.5,-30.6,-26.8
1276.6,-30.7,-27.0
1276.7,-30.9,-27.1
1276.8,-31.2,-27.1
1276.9,-29.2,-27.2
1277.0,-28.5,-27.3
1277.1,-26.6,-27.1
1277.2,-25.6,-26.9
1277.3,-25.2,-26.7
1277.4,-25.2,-26.9
1277.5,-25.0,-26.7
1277.6,-26.2,-26.8
1277.7,-27.8,-26.8
1277.8,-28.3,-26.9
1277.9,-33.6,-27.0
1278.0,-34.5,-27.2
1278.1,-34.4,-27.5
1278.2,-35.2,-27.8
1278.3,-35.7,-28.4
1278.4,-35.8,-28.9
1278.5,-36.3,-28.9
1278.6,-36.8,-29.3
1278.7,-37.5,-29.5
1278.8,-37.8,-29.6
1278.9,-37.3,-29.7
1279.0,-37.0,-29.8
1279.1,-37.0,-29.9
1279.2,-37.8,-30.0
1279.3,-39.3,-30.1
1279.4,-39.4,-30.3
1279.5,-39.1,-30.4
1279.6,-38.3,-30.4
1279.7,-37.8,-30.5
1279.8,-38.1,-30.7
1279.9,-38.3,-31.1
1280.0,-39.0,-31.3
1280.1,-38.5,-32.1
1280.2,-38.4,-33.1
1280.3,-38.1,-34.0
1280.4,-37.7,-34.5
1280.5,-38.4,-36.8
1280.6,-38.8,-37.1
1280.7,-39.5,-37.3
1280.8,-39.8,-37.6
1280.9,-40.0,-37.8
1281.0,-40.3,-38.0
1281.1,-40.2,-38.2
1281.2,-40.5,-38.4
1281.3,-40.5,-38.5
1281.4,-40.1,-38.7
1281.5,-40.1,-38.8
1281.6,-40.2,-38.8
1281.7,-41.1,-38.9
1281.8,-41.5,-39.1
1281.9,-41.8,-39.4
1282.0,-42.2,-39.5
1282.1,-42.3,-39.6
1282.2,-42.4,-39.6
1282.3,-42.7,-39.7
1282.4,-38.1,-39.3
1282.5,-35.7,-38.9
1282.6,-35.1,-38.8
1282.7,-34.3,-38.7
1282.8,-35.3,-38.7
1282.9,-36.4,-38.5
1283.0,-35.9,-38.3
1283.1,-33.5,-37.6
1283.2,-33.3,-37.5
1283.3,-31.8,-36.8
1283.4,-30.7,-36.2
1283.5,-31.8,-36.1
1283.6,-31.9,-36.1
1283.7,-32.0,-35.6
1283.8,-33.4,-35.4
1283.9,-31.8,-35.0
1284.0,-31.4,-34.8
1284.1,-30.5,-34.2
1284.2,-29.7,-33.8
1284.3,-26.4,-32.1
1284.4,-24.2,-30.9
1284.5,-22.9,-29.8
1284.6,-23.0,-29.7
1284.7,-23.9,-29.4
1284.8,-25.6,-29.3
1284.9,-26.4,-28.7
1285.0,-26.5,-28.6
1285.1,-27.3,-28.6
1285.2,-25.8,-28.2
1285.3,-28.3,-28.1
1285.4,-27.2,-28.0
1285.5,-27.1,-27.9
1285.6,-28.5,-27.8
1285.7,-28.6,-27.8
1285.8,-27.6,-27.5
1285.9,-26.7,-27.3
1286.0,-26.2,-27.1
1286.1,-26.3,-27.1
1286.2,-28.1,-27.1
1286.3,-27.0,-26.9
1286.4,-27.1,-26.8
1286.5,-27.0,-26.8
1286.6,-26.9,-26.7
1286.7,-28.6,-26.7
1286.8,-27.2,-26.4
1286.9,-26.8,-26.4
1287.0,-25.4,-26.2
1287.1,-25.8,-26.3
1287.2,-28.7,-26.3
1287.3,-29.0,-26.7
1287.4,-33.7,-27.1
1287.5,-31.5,-27.5
1287.6,-26.7,-27.1
1287.7,-26.5,-27.2
1287.8,-24.8,-26.9
1287.9,-24.8,-27.2
1288.0,-27.0,-27.2
1288.1,-27.4,-27.2
1288.2,-31.3,-27.5
1288.3,-33.7,-27.5
1288.4,-34.9,-27.7
1288.5,-28.4,-27.3
1288.6,-26.2,-27.2
1288.7,-25.3,-27.0
1288.8,-23.2,-26.7
1288.9,-23.7,-26.7
1289.0,-24.7,-26.9
1289.1,-24.7,-26.7
1289.2,-26.2,-26.5
1289.3,-27.4,-26.8
1289.4,-27.6,-26.9
1289.5,-27.8,-26.8
1289.6,-29.1,-26.7
1289.7,-29.0,-26.8
1289.8,-27.7,-27.0
1289.9,-26.4,-26.8
1290.0,-24.7,-26.6
1290.1,-24.3,-26.5
1290.2,-24.2,-26.3
1290.3,-25.2,-26.3
1290.4,-28.2,-26.3
1290.5,-29.6,-26.4
1290.6,-32.8,-26.8
1290.7,-33.6,-26.8
1290.8,-32.9,-27.1
1290.9,-32.8,-27.2
1291.0,-33.5,-27.2
1291.1,-35.5,-27.2
1291.2,-36.9,-27.2
1291.3,-37.6,-27.3
1291.4,-36.6,-27.2
1291.5,-35.5,-27.6
1291.6,-35.4,-28.0
1291.7,-35.0,-28.2
1291.8,-35.7,-28.9
1291.9,-34.4,-29.1
1292.0,-33.6,-29.2
1292.1,-33.1,-29.4
1292.2,-32.4,-29.8
1292.3,-33.7,-29.9
1292.4,-34.8,-29.9
1292.5,-35.7,-30.2
1292.6,-36.6,-30.4
1292.7,-34.8,-30.4
1292.8,-34.1,-30.7
1292.9,-31.9,-31.3
1293.0,-31.6,-32.6
1293.1,-31.7,-33.0
1293.2,-31.3,-33.6
1293.3,-32.5,-33.8
1293.4,-30.7,-33.4
1293.5,-30.0,-33.1
1293.6,-29.3,-32.8
1293.7,-28.8,-32.8
1293.8,-29.8,-32.8
1293.9,-30.0,-32.5
1294.0,-30.8,-32.4
1294.1,-30.4,-32.1
1294.2,-29.7,-31.9
1294.3,-28.0,-31.3
1294.4,-27.5,-31.1
1294.5,-28.0,-31.0
1294.6,-28.4,-31.0
1294.7,-30.9,-30.9
1294.8,-31.8,-30.8
1294.9,-30.5,-30.7
1295.0,-30.6,-30.7
1295.1,-30.6,-30.6
1295.2,-31.1,-30.6
1295.3,-32.8,-30.6
1295.4,-32.5,-30.5
1295.5,-32.4,-30.4
1295.6,-31.5,-30.3
1295.7,-31.3,-30.3
1295.8,-31.8,-30.3
1295.9,-31.9,-30.4
1296.0,-33.0,-30.4
1296.1,-32.2,-30.4
1296.2,-31.3,-30.4
1296.3,-31.3,-30.3
1296.4,-29.9,-30.3
1296.5,-28.3,-30.1
1296.6,-28.1,-30.1
1296.7,-26.6,-29.8
1296.8,-26.9,-29.7
1296.9,-27.7,-29.7
1297.0,-27.9,-29.7
1297.1,-29.8,-29.7
1297.2,-30.1,-29.8
1297.3,-30.7,-30.1
1297.4,-30.9,-30.2
1297.5,-31.1,-30.2
1297.6,-30.4,-30.1
1297.7,-30.6,-30.1
1297.8,-30.7,-30.1
1297.9,-30.4,-30.2
1298.0,-31.3,-30.2
1298.1,-31.0,-30.1
1298.2,-30.7,-30.1
1298.3,-30.5,-30.0
1298.4,-30.5,-30.0
1298.5,-30.7,-30.0
1298.6,-30.9,-30.0
1298.7,-31.3,-30.0
1298.8,-30.3,-29.8
1298.9,-29.9,-29.8
1299.0,-29.7,-29.7
1299.1,-28.3,-29.5
1299.2,-26.6,-29.1
1299.3,-26.6,-29.0
1299.4,-26.6,-29.1
1299.5,-27.1,-29.3
1299.6,-29.4,-29.3
1299.7,-29.1,-29.5
1299.8,-28.9,-29.5
1299.9,-28.8,-29.5
1300.0,-28.9,-29.4
1300.1,-29.2,-29.4
1300.2,-29.7,-29.4
1300.3,-30.5,-29.4
1300.4,-31.3,-29.5
1300.5,-31.6,-29.5
1300.6,-31.6,-29.5
1300.7,-31.7,-29.5
1300.8,-31.8,-29.6
1300.9,-32.0,-29.6
1301.0,-32.5,-29.6
1301.1,-32.5,-29.7
1301.2,-32.8,-29.7
1301.3,-32.6,-29.8
1301.4,-32.5,-29.8
1301.5,-32.8,-29.8
1301.6,-32.5,-29.9
1301.7,-32.8,-29.9
1301.8,-32.4,-30.0
1301.9,-32.4,-30.1
1302.0,-31.5,-30.1
1302.1,-31.1,-30.3
1302.2,-31.6,-31.0
1302.3,-31.6,-31.1
1302.4,-32.9,-31.2
1302.5,-33.6,-31.4
1302.6,-33.5,-31.6
1302.7,-33.7,-31.7
1302.8,-33.6,-31.9
1302.9,-33.8,-32.2
1303.0,-33.8,-32.4
1303.1,-33.6,-32.4
1303.2,-32.9,-32.5
1303.3,-32.1,-32.4
1303.4,-32.3,-32.5
1303.5,-32.2,-32.5
1303.6,-32.7,-32.6
1303.7,-33.5,-32.7
1303.8,-33.1,-32.7
1303.9,-32.9,-32.6
1304.0,-31.8,-32.5
1304.1,-31.9,-32.6
1304.2,-32.3,-32.6
1304.3,-32.8,-32.7
1304.4,-34.7,-32.8
1304.5,-33.8,-32.7
1304.6,-33.4,-32.7
1304.7,-33.3,-32.7
1304.8,-30.9,-32.5
1304.9,-31.3,-32.5
1305.0,-29.8,-32.4
1305.1,-27.6,-31.8
1305.2,-28.2,-31.7
1305.3,-27.0,-31.4
1305.4,-27.5,-31.3
1305.5,-29.8,-31.3
1305.6,-29.9,-31.3
1305.7,-32.3,-31.2
1305.8,-32.9,-31.2
1305.9,-31.9,-31.1
1306.0,-31.7,-31.1
1306.1,-32.3,-31.1
1306.2,-32.6,-31.2
1306.3,-33.8,-31.3
1306.4,-31.9,-31.0
1306.5,-31.8,-31.1
1306.6,-31.2,-31.0
1306.7,-30.8,-31.0
1306.8,-32.8,-31.0
1306.9,-33.0,-31.1
1307.0,-33.3,-31.2
1307.1,-33.9,-31.1
1307.2,-34.2,-31.2
1307.3,-34.0,-31.2
1307.4,-35.2,-31.2
1307.5,-35.7,-31.3
1307.6,-36.1,-31.3
1307.7,-36.6,-31.4
1307.8,-36.1,-31.6
1307.9,-35.5,-31.6
1308.0,-30.5,-31.5
1308.1,-28.1,-31.5
1308.2,-27.6,-31.5
1308.3,-25.5,-31.0
1308.4,-26.0,-30.9
1308.5,-27.2,-30.9
1308.6,-27.6,-30.9
1308.7,-31.5,-30.9
1308.8,-33.7,-30.9
1308.9,-30.5,-30.7
1309.0,-29.0,-30.5
1309.1,-29.2,-30.5
1309.2,-29.0,-30.5
1309.3,-31.2,-30.5
1309.4,-31.8,-30.5
1309.5,-30.9,-30.4
1309.6,-31.2,-30.5
1309.7,-31.0,-30.5
1309.8,-33.3,-30.5
1309.9,-34.7,-30.5
1310.0,-34.5,-30.6
1310.1,-33.8,-30.5
1310.2,-30.9,-30.3
1310.3,-31.0,-30.3
1310.4,-31.0,-30.2
1310.5,-31.3,-30.2
1310.6,-34.6,-30.2
1310.7,-35.1,-30.2
1310.8,-35.4,-30.2
1310.9,-35.4,-30.2
1311.0,-35.2,-30.6
1311.1,-34.9,-31.0
1311.2,-34.7,-31.1
1311.3,-34.9,-32.1
1311.4,-34.7,-32.3
1311.5,-34.8,-32.3
1311.6,-34.7,-32.3
1311.7,-34.5,-32.4
1311.8,-34.7,-32.4
1311.9,-34.9,-33.0
1312.0,-35.0,-33.4
1312.1,-35.0,-33.4
1312.2,-35.0,-33.5
1312.3,-35.1,-33.5
1312.4,-35.2,-33.9
1312.5,-35.6,-34.2
1312.6,-35.3,-34.1
1312.7,-34.9,-34.1
1312.8,-35.1,-34.1
1312.9,-35.2,-34.2
1313.0,-35.3,-34.2
1313.1,-35.8,-34.4
1313.2,-35.5,-35.0
1313.3,-34.7,-35.0
1313.4,-34.8,-35.0
1313.5,-34.6,-35.0
1313.6,-35.0,-35.0
1313.7,-35.7,-35.0
1313.8,-35.8,-35.1
1313.9,-35.3,-35.0
1314.0,-35.2,-35.0
1314.1,-35.1,-35.1
1314.2,-35.0,-35.1
1314.3,-35.6,-35.1
1314.4,-35.3,-35.1
1314.5,-35.3,-35.1
1314.6,-35.3,-35.2
1314.7,-35.2,-35.2
1314.8,-35.6,-35.2
1314.9,-35.8,-35.3
1315.0,-36.0,-35.3
1315.1,-36.2,-35.4
1315.2,-36.2,-35.4
1315.3,-36.5,-35.4
1315.4,-36.9,-35.5
1315.5,-37.4,-35.6
1315.6,-38.0,-35.7
1315.7,-37.6,-35.7
1315.8,-37.8,-35.8
1315.9,-38.0,-35.9
1316.0,-37.6,-35.9
1316.1,-37.6,-36.0
1316.2,-37.5,-36.1
1316.3,-36.8,-36.2
1316.4,-36.9,-36.2
1316.5,-37.1,-36.3
1316.6,-36.8,-36.3
1316.7,-36.7,-36.3
1316.8,-36.6,-36.3
1316.9,-36.0,-36.4
1317.0,-36.1,-36.5
1317.1,-36.4,-36.5
1317.2,-36.2,-36.5
1317.3,-36.5,-36.6
1317.4,-36.1,-36.6
1317.5,-36.0,-36.6
1317.6,-36.3,-36.7
1317.7,-37.0,-36.8
1317.8,-37.5,-36.9
1317.9,-37.6,-36.9
1318.0,-37.4,-36.9
1318.1,-37.2,-37.0
1318.2,-37.1,-37.0
1318.3,-37.8,-37.0
1318.4,-38.1,-37.0
1318.5,-37.9,-37.0
1318.6,-37.9,-37.0
1318.7,-37.5,-37.0
1318.8,-37.3,-37.0
1318.9,-37.9,-37.0
1319.0,-37.7,-37.0
1319.1,-37.7,-37.0
1319.2,-37.4,-37.0
1319.3,-37.0,-37.0
1319.4,-36.9,-37.0
1319.5,-37.0,-37.0
1319.6,-37.7,-37.1
1319.7,-35.3,-36.8
1319.8,-34.3,-36.6
1319.9,-34.0,-36.6
1320.0,-33.4,-36.5
1320.1,-33.7,-36.3
1320.2,-34.6,-36.3
1320.3,-34.3,-36.2
1320.4,-34.6,-36.2
1320.5,-36.0,-36.3
1320.6,-36.3,-36.3
1320.7,-37.2,-36.3
1320.8,-37.5,-36.2
1320.9,-37.4,-36.3
1321.0,-37.1,-36.3
1321.1,-37.0,-36.3
1321.2,-37.3,-36.3
1321.3,-34.8,-35.9
1321.4,-32.4,-35.4
1321.5,-31.4,-35.1
1321.6,-31.1,-35.0
1321.7,-32.1,-35.0
1321.8,-33.8,-34.9
1321.9,-34.1,-34.7
1322.0,-28.1,-33.0
1322.1,-28.0,-32.9
1322.2,-26.7,-32.3
1322.3,-26.7,-32.2
1322.4,-29.2,-32.0
1322.5,-27.6,-31.5
1322.6,-28.8,-31.3
1322.7,-28.9,-31.4
1322.8,-29.7,-31.4
1322.9,-33.2,-31.4
1323.0,-33.4,-31.3
1323.1,-34.3,-31.4
1323.2,-35.2,-31.4
1323.3,-28.2,-30.6
1323.4,-26.4,-30.0
1323.5,-26.4,-30.0
1323.6,-26.3,-30.0
1323.7,-28.1,-29.8
1323.8,-30.7,-29.6
1323.9,-30.6,-29.6
1324.0,-30.5,-29.6
1324.1,-31.8,-29.5
1324.2,-32.6,-29.5
1324.3,-32.4,-29.5
1324.4,-32.0,-29.6
1324.5,-33.4,-29.7
1324.6,-33.9,-29.7
1324.7,-34.4,-29.6
1324.8,-35.7,-29.7
1324.9,-35.9,-29.7
1325.0,-37.5,-30.4
1325.1,-37.8,-30.5
1325.2,-37.3,-30.9
1325.3,-37.3,-30.9
1325.4,-37.1,-31.1
1325.5,-37.4,-31.6
1325.6,-37.7,-31.7
1325.7,-38.1,-31.8
1325.8,-37.8,-31.9
1325.9,-37.9,-31.9
1326.0,-38.3,-32.0
1326.1,-35.9,-31.9
1326.2,-30.4,-31.4
1326.3,-29.4,-32.2
1326.4,-28.8,-33.0
1326.5,-28.7,-32.9
1326.6,-30.4,-32.7
1326.7,-31.0,-33.0
1326.8,-31.0,-33.1
1326.9,-31.4,-33.1
1327.0,-31.8,-32.9
1327.1,-32.7,-33.2
1327.2,-34.5,-33.3
1327.3,-34.8,-33.4
1327.4,-37.7,-33.5
1327.5,-37.8,-33.5
1327.6,-36.4,-33.6
1327.7,-35.4,-33.5
1327.8,-34.4,-33.4
1327.9,-33.7,-33.3
1328.0,-33.7,-33.2
1328.1,-34.4,-33.2
1328.2,-34.3,-33.1
1328.3,-34.3,-33.1
1328.4,-34.9,-33.1
1328.5,-35.1,-33.1
1328.6,-36.4,-33.1
1328.7,-37.0,-33.0
1328.8,-36.4,-33.0
1328.9,-36.1,-33.0
1329.0,-35.9,-32.9
1329.1,-36.2,-33.0
1329.2,-36.8,-33.9
1329.3,-37.0,-34.2
1329.4,-36.5,-34.4
1329.5,-34.5,-34.4
1329.6,-34.2,-34.7
1329.7,-33.9,-34.9
1329.8,-33.4,-35.0
1329.9,-34.6,-35.0
1330.0,-34.5,-35.3
1330.1,-34.5,-35.2
1330.2,-35.4,-35.1
1330.3,-35.5,-35.1
1330.4,-35.6,-35.1
1330.5,-35.9,-35.0
1330.6,-35.7,-35.1
1330.7,-35.1,-35.1
1330.8,-35.2,-35.2
1330.9,-35.3,-35.3
1331.0,-35.0,-35.3
1331.1,-35.3,-35.2
1331.2,-34.9,-35.3
1331.3,-34.2,-35.3
1331.4,-34.5,-35.2
1331.5,-34.5,-35.2
1331.6,-34.3,-35.0
1331.7,-33.1,-34.7
1331.8,-31.1,-34.3
1331.9,-30.3,-34.0
1332.0,-30.3,-33.9
1332.1,-29.6,-33.5
1332.2,-30.6,-33.3
1332.3,-31.3,-33.3
1332.4,-31.4,-33.3
1332.5,-33.5,-33.3
1332.6,-33.8,-33.3
1332.7,-33.7,-33.3
1332.8,-33.7,-33.3
1332.9,-33.8,-33.3
1333.0,-34.1,-33.3
1333.1,-34.1,-33.2
1333.2,-33.6,-33.1
1333.3,-33.8,-33.1
1333.4,-33.5,-33.0
1333.5,-33.7,-33.0
1333.6,-33.9,-33.0
1333.7,-31.6,-32.7
1333.8,-31.6,-32.6
1333.9,-31.0,-32.5
1334.0,-31.0,-32.5
1334.1,-32.6,-32.4
1334.2,-32.1,-32.3
1334.3,-32.5,-32.3
1334.4,-32.0,-32.2
1334.5,-31.4,-32.1
1334.6,-31.3,-32.0
1334.7,-30.9,-32.0
1334.8,-30.9,-32.2
1334.9,-31.4,-32.3
1335.0,-31.3,-32.2
1335.1,-29.8,-32.1
1335.2,-28.4,-31.6
1335.3,-27.7,-31.4
1335.4,-27.7,-31.3
1335.5,-28.6,-31.3
1335.6,-30.2,-31.2
1335.7,-30.3,-31.0
1335.8,-28.3,-30.6
1335.9,-27.3,-30.3
1336.0,-26.3,-29.9
1336.1,-25.8,-29.6
1336.2,-25.9,-29.4
1336.3,-25.8,-29.1
1336.4,-25.7,-28.8
1336.5,-24.4,-28.2
1336.6,-22.1,-27.1
1336.7,-21.1,-26.6
1336.8,-20.7,-26.3
1336.9,-21.0,-26.1
1337.0,-22.3,-25.8
1337.1,-23.1,-25.6
1337.2,-23.8,-25.5
1337.3,-23.5,-25.2
1337.4,-23.4,-25.0
1337.5,-23.8,-24.9
1337.6,-23.8,-24.8
1337.7,-24.3,-24.7
1337.8,-24.3,-24.5
1337.9,-24.2,-24.4
1338.0,-24.2,-24.3
1338.1,-24.0,-24.2
1338.2,-24.5,-24.2
1338.3,-24.6,-24.1
1338.4,-24.8,-24.1
1338.5,-25.0,-24.0
1338.6,-25.2,-23.9
1338.7,-25.4,-23.9
1338.8,-25.5,-23.9
1338.9,-25.9,-23.9
1339.0,-25.4,-23.8
1339.1,-24.9,-23.8
1339.2,-24.7,-23.8
1339.3,-23.8,-23.7
1339.4,-23.4,-23.6
1339.5,-22.9,-23.6
1339.6,-22.3,-23.8
1339.7,-22.3,-23.9
1339.8,-22.2,-23.9
1339.9,-21.9,-23.8
1340.0,-21.7,-23.7
1340.1,-21.4,-23.6
1340.2,-21.0,-23.4
1340.3,-20.7,-23.3
1340.4,-20.5,-23.1
1340.5,-20.4,-23.0
1340.6,-20.3,-22.8
1340.7,-20.3,-22.6
1340.8,-20.2,-22.5
1340.9,-20.0,-22.3
1341.0,-19.8,-22.1
1341.1,-19.8,-22.0
1341.2,-20.0,-21.9
1341.3,-20.4,-21.8
1341.4,-20.8,-21.7
1341.5,-20.8,-21.5
1341.6,-20.7,-21.4
1341.7,-20.5,-21.3
1341.8,-20.4,-21.2
1341.9,-20.5,-21.1
1342.0,-20.7,-21.0
1342.1,-20.9,-20.9
1342.2,-21.0,-20.8
1342.3,-20.9,-20.8
1342.4,-20.8,-20.7
1342.5,-20.8,-20.7
1342.6,-20.9,-20.7
1342.7,-21.0,-20.6
1342.8,-21.0,-20.6
1342.9,-21.1,-20.6
1343.0,-21.0,-20.6
1343.1,-20.8,-20.6
1343.2,-20.6,-20.6
1343.3,-20.4,-20.6
1343.4,-20.5,-20.6
1343.5,-20.6,-20.6
1343.6,-20.6,-20.6
1343.7,-20.7,-20.6
1343.8,-20.4,-20.6
1343.9,-20.1,-20.6
1344.0,-20.4,-20.7
1344.1,-20.6,-20.7
1344.2,-21.0,-20.8
1344.3,-21.6,-20.8
1344.4,-21.3,-20.7
1344.5,-21.2,-20.8
1344.6,-21.0,-20.8
1344.7,-20.5,-20.8
1344.8,-20.3,-20.7
1344.9,-20.2,-20.7
1345.0,-20.1,-20.7
1345.1,-20.5,-20.7
1345.2,-20.9,-20.7
1345.3,-21.2,-20.8
1345.4,-21.2,-20.8
1345.5,-21.0,-20.7
1345.6,-20.8,-20.7
1345.7,-20.8,-20.7
1345.8,-20.8,-20.7
1345.9,-21.0,-20.7
1346.0,-21.0,-20.7
1346.1,-20.7,-20.7
1346.2,-20.3,-20.7
1346.3,-20.3,-20.7
1346.4,-20.3,-20.7
1346.5,-20.7,-20.7
1346.6,-21.3,-20.8
1346.7,-21.4,-20.8
1346.8,-21.8,-20.9
1346.9,-21.6,-20.9
1347.0,-21.4,-20.9
1347.1,-21.0,-20.9
1347.2,-20.9,-20.8
1347.3,-21.1,-20.9
1347.4,-21.2,-20.9
1347.5,-21.8,-20.9
1347.6,-21.4,-20.9
1347.7,-21.0,-20.9
1347.8,-20.8,-21.0
1347.9,-20.6,-21.0
1348.0,-20.7,-21.0
1348.1,-20.8,-21.0
1348.2,-20.6,-20.9
1348.3,-20.2,-20.9
1348.4,-19.8,-20.8
1348.5,-19.5,-20.7
1348.6,-19.6,-20.7
1348.7,-20.0,-20.7
1348.8,-20.8,-20.8
1348.9,-21.5,-20.8
1349.0,-22.0,-20.9
1349.1,-22.0,-20.9
1349.2,-22.2,-21.0
1349.3,-22.4,-21.1
1349.4,-22.4,-21.1
1349.5,-22.6,-21.1
1349.6,-22.3,-21.1
1349.7,-21.7,-21.1
1349.8,-21.2,-21.1
1349.9,-21.1,-21.1
1350.0,-20.9,-21.1
1350.1,-20.8,-21.1
1350.2,-20.9,-21.0
1350.3,-20.7,-21.0
1350.4,-20.6,-21.0
1350.5,-21.0,-21.0
1350.6,-21.1,-21.0
1350.7,-21.0,-21.0
1350.8,-21.0,-21.0
1350.9,-21.0,-21.0
1351.0,-20.9,-21.0
1351.1,-20.6,-21.0
1351.2,-19.3,-20.8
1351.3,-18.6,-20.7
1351.4,-18.4,-20.7
1351.5,-18.1,-20.7
1351.6,-18.0,-20.5
1351.7,-17.2,-20.1
1351.8,-16.8,-20.0
1351.9,-16.3,-19.7
1352.0,-15.6,-19.3
1352.1,-15.3,-18.9
1352.2,-15.0,-18.7
1352.3,-15.4,-18.6
1352.4,-16.3,-18.5
1352.5,-17.8,-18.5
1352.6,-18.8,-18.4
1352.7,-19.1,-18.4
1352.8,-19.2,-18.3
1352.9,-19.1,-18.3
1353.0,-19.4,-18.3
1353.1,-20.1,-18.3
1353.2,-21.1,-18.3
1353.3,-22.0,-18.4
1353.4,-22.2,-18.4
1353.5,-22.1,-18.4
1353.6,-22.0,-18.4
1353.7,-22.3,-18.4
1353.8,-22.8,-18.5
1353.9,-23.4,-18.5
1354.0,-24.1,-18.6
1354.1,-24.5,-18.6
1354.2,-24.8,-18.8
1354.3,-24.9,-19.0
1354.4,-25.1,-19.1
1354.5,-25.2,-19.2
1354.6,-25.4,-19.4
1354.7,-25.8,-19.8
1354.8,-26.3,-20.0
1354.9,-26.8,-20.4
1355.0,-26.9,-21.0
1355.1,-26.6,-21.7
1355.2,-26.3,-22.2
1355.3,-26.3,-22.5
1355.4,-26.5,-22.8
1355.5,-27.0,-23.1
1355.6,-27.4,-23.4
1355.7,-27.7,-23.8
1355.8,-28.2,-24.2
1355.9,-28.3,-24.7
1356.0,-28.2,-24.9
1356.1,-28.2,-25.1
1356.2,-28.5,-25.3
1356.3,-28.7,-25.6
1356.4,-29.1,-25.9
1356.5,-29.4,-26.2
1356.6,-29.5,-26.5
1356.7,-29.8,-26.8
1356.8,-30.0,-27.0
1356.9,-29.9,-27.1
1357.0,-30.0,-27.3
1357.1,-30.2,-27.5
1357.2,-30.3,-27.7
1357.3,-31.0,-27.9
1357.4,-31.4,-28.1
1357.5,-31.7,-28.4
1357.6,-31.5,-28.6
1357.7,-31.5,-28.7
1357.8,-31.2,-28.8
1357.9,-31.0,-28.9
1358.0,-31.5,-29.1
1358.1,-31.7,-29.4
1358.2,-32.1,-29.6
1358.3,-32.7,-29.8
1358.4,-32.5,-30.0
1358.5,-32.5,-30.2
1358.6,-32.7,-30.4
1358.7,-32.6,-30.5
1358.8,-33.0,-30.7
1358.9,-32.7,-30.8
1359.0,-32.7,-31.0
1359.1,-32.9,-31.2
1359.2,-32.9,-31.3
1359.3,-33.4,-31.5
1359.4,-33.4,-31.6
1359.5,-33.5,-31.8
1359.6,-33.5,-31.9
1359.7,-33.7,-32.0
1359.8,-33.7,-32.1
1359.9,-34.1,-32.4
1360.0,-34.6,-32.5
1360.1,-34.8,-32.7
1360.2,-35.1,-32.8
1360.3,-35.1,-32.9
1360.4,-34.6,-32.9
1360.5,-34.6,-33.0
1360.6,-34.4,-33.2
1360.7,-34.3,-33.3
1360.8,-34.7,-33.4
1360.9,-35.0,-33.6
1361.0,-35.4,-33.7
1361.1,-35.8,-33.8
1361.2,-36.0,-33.9
1361.3,-36.2,-34.0
1361.4,-36.4,-34.2
1361.5,-36.8,-34.3
1361.6,-37.4,-34.5
1361.7,-38.2,-34.7
1361.8,-39.3,-34.8
1361.9,-40.6,-35.1
1362.0,-41.9,-35.3
1362.1,-42.9,-35.5
1362.2,-43.0,-35.7
1362.3,-42.9,-36.0
1362.4,-43.1,-36.2
1362.5,-43.4,-36.4
1362.6,-43.8,-36.7
1362.7,-44.0,-37.0
1362.8,-44.1,-37.2
1362.9,-44.0,-37.4
1363.0,-44.0,-37.6
1363.1,-43.6,-37.9
1363.2,-43.3,-38.1
1363.3,-43.3,-38.4
1363.4,-43.4,-38.8
1363.5,-43.9,-39.2
1363.6,-44.1,-39.5
1363.7,-43.4,-39.9
1363.8,-43.2,-40.3
1363.9,-42.8,-40.7
1364.0,-42.7,-41.0
1364.1,-43.2,-41.4
1364.2,-43.5,-41.8
1364.3,-43.6,-42.2
1364.4,-43.4,-42.6
1364.5,-43.4,-42.9
1364.6,-43.5,-43.2
1364.7,-43.5,-43.4
1364.8,-43.8,-43.5
1364.9,-44.2,-43.5
1365.0,-44.4,-43.6
1365.1,-44.6,-43.6
1365.2,-44.2,-43.6
1365.3,-43.7,-43.6
1365.4,-43.6,-43.6
1365.5,-43.5,-43.6
1365.6,-43.9,-43.6
1365.7,-44.7,-43.7
1365.8,-44.8,-43.7
1365.9,-45.1,-43.8
1366.0,-45.5,-43.8
1366.1,-45.1,-43.9
1366.2,-45.1,-43.9
1366.3,-45.1,-44.0
1366.4,-44.8,-44.0
1366.5,-44.6,-44.0
1366.6,-44.5,-44.0
1366.7,-44.3,-44.1
1366.8,-44.3,-44.1
1366.9,-43.8,-44.1
1367.0,-43.1,-44.1
1367.1,-40.8,-43.6
1367.2,-36.6,-42.1
1367.3,-34.6,-41.0
1367.4,-33.5,-40.3
1367.5,-32.9,-39.8
1367.6,-33.3,-39.3
1367.7,-33.5,-38.8
1367.8,-33.3,-38.2
1367.9,-32.9,-37.7
1368.0,-32.7,-37.4
1368.1,-33.0,-37.1
1368.2,-33.7,-36.9
1368.3,-34.6,-36.8
1368.4,-35.4,-36.6
1368.5,-35.8,-36.5
1368.6,-36.3,-36.4
1368.7,-36.8,-36.3
1368.8,-37.4,-36.3
1368.9,-37.9,-36.2
1369.0,-38.5,-36.1
1369.1,-38.8,-36.1
1369.2,-39.3,-36.0
1369.3,-40.0,-36.0
1369.4,-40.4,-36.0
1369.5,-41.2,-36.0
1369.6,-41.9,-36.0
1369.7,-42.5,-36.0
1369.8,-42.9,-36.0
1369.9,-43.0,-36.0
1370.0,-42.4,-36.0
1370.1,-42.4,-36.0
1370.2,-42.5,-36.3
1370.3,-42.4,-36.7
1370.4,-42.8,-37.0
1370.5,-42.7,-37.2
1370.6,-42.6,-37.5
1370.7,-42.8,-37.9
1370.8,-42.7,-38.4
1370.9,-42.1,-38.9
1371.0,-41.6,-39.4
1371.1,-41.3,-39.8
1371.2,-41.5,-40.1
1371.3,-41.8,-40.4
1371.4,-42.4,-40.8
1371.5,-42.0,-41.0
1371.6,-41.5,-41.3
1371.7,-40.7,-41.3
1371.8,-39.9,-41.4
1371.9,-39.2,-41.3
1372.0,-38.8,-41.3
1372.1,-38.9,-41.3
1372.2,-38.8,-41.3
1372.3,-39.0,-41.1
1372.4,-39.0,-41.1
1372.5,-38.9,-40.9
1372.6,-39.0,-40.8
1372.7,-39.2,-40.7
1372.8,-39.0,-40.5
1372.9,-38.7,-40.4
1373.0,-38.0,-40.2
1373.1,-37.3,-39.9
1373.2,-36.7,-39.6
1373.3,-36.2,-39.4
1373.4,-35.3,-38.9
1373.5,-34.9,-38.6
1373.6,-34.0,-38.1
1373.7,-34.0,-37.9
1373.8,-34.5,-37.7
1373.9,-34.8,-37.6
1374.0,-36.0,-37.5
1374.1,-36.4,-37.4
1374.2,-36.5,-37.2
1374.3,-36.8,-37.1
1374.4,-37.1,-37.0
1374.5,-37.1,-37.0
1374.6,-37.0,-36.8
1374.7,-36.5,-36.8
1374.8,-36.5,-36.7
1374.9,-36.4,-36.7
1375.0,-36.6,-36.6
1375.1,-36.9,-36.5
1375.2,-36.9,-36.5
1375.3,-36.9,-36.5
1375.4,-37.0,-36.4
1375.5,-36.8,-36.3
1375.6,-36.8,-36.3
1375.7,-37.1,-36.3
1375.8,-37.5,-36.3
1375.9,-38.3,-36.3
1376.0,-39.3,-36.4
1376.1,-40.6,-36.5
1376.2,-41.9,-36.7
1376.3,-43.2,-36.8
1376.4,-44.2,-37.1
1376.5,-44.3,-37.3
1376.6,-44.1,-37.7
1376.7,-38.7,-37.6
1376.8,-38.0,-37.7
1376.9,-37.7,-37.9
1377.0,-37.5,-38.0
1377.1,-40.3,-38.1
1377.2,-41.0,-38.3
1377.3,-40.8,-38.3
1377.4,-40.9,-38.5
1377.5,-41.1,-38.6
1377.6,-41.4,-38.8
1377.7,-42.2,-39.0
1377.8,-42.9,-39.2
1377.9,-43.2,-39.4
1378.0,-43.8,-39.6
1378.1,-43.9,-39.9
1378.2,-44.0,-40.1
1378.3,-44.1,-40.3
1378.4,-44.0,-40.6
1378.5,-43.8,-40.9
1378.6,-43.7,-41.2
1378.7,-38.4,-40.7
1378.8,-38.1,-40.8
1378.9,-34.4,-39.6
1379.0,-32.9,-38.9
1379.1,-33.6,-38.8
1379.2,-33.6,-38.7
1379.3,-36.1,-38.7
1379.4,-39.7,-38.6
1379.5,-41.3,-38.6
1379.6,-41.6,-38.6
1379.7,-43.3,-39.0
1379.8,-41.7,-39.0
1379.9,-41.0,-39.0
1380.0,-41.0,-39.0
1380.1,-40.8,-39.1
1380.2,-43.0,-39.1
1380.3,-41.8,-39.1
1380.4,-39.9,-39.0
1380.5,-39.8,-39.0
1380.6,-39.8,-39.0
1380.7,-41.1,-39.0
1380.8,-44.4,-39.0
1380.9,-45.4,-39.0
1381.0,-45.7,-39.1
1381.1,-45.9,-39.1
1381.2,-46.0,-39.1
1381.3,-45.9,-39.1
1381.4,-45.8,-39.1
1381.5,-45.4,-39.1
1381.6,-45.0,-39.2
1381.7,-45.1,-39.7
1381.8,-44.9,-39.7
1381.9,-44.6,-41.1
1382.0,-44.5,-42.3
1382.1,-44.0,-42.7
1382.2,-43.4,-42.7
1382.3,-41.4,-42.6
1382.4,-41.3,-42.7
1382.5,-41.5,-42.7
1382.6,-42.1,-42.8
1382.7,-44.9,-42.8
1382.8,-45.7,-43.2
1382.9,-45.9,-43.3
1383.0,-42.8,-43.1
1383.1,-39.1,-42.3
1383.2,-38.5,-42.2
1383.3,-35.3,-41.1
1383.4,-32.5,-39.6
1383.5,-33.0,-39.6
1383.6,-32.9,-39.4
1383.7,-34.1,-39.2
1383.8,-40.0,-39.2
1383.9,-40.2,-39.2
1384.0,-40.6,-39.1
1384.1,-40.5,-38.9
1384.2,-40.0,-38.9
1384.3,-40.1,-38.9
1384.4,-41.6,-38.9
1384.5,-44.4,-38.9
1384.6,-45.4,-38.9
1384.7,-44.3,-38.9
1384.8,-44.0,-38.9
1384.9,-43.3,-38.8
1385.0,-43.0,-38.8
1385.1,-43.5,-38.8
1385.2,-43.8,-38.9
1385.3,-43.3,-39.0
1385.4,-43.8,-39.0
1385.5,-44.2,-39.0
1385.6,-44.1,-39.0
1385.7,-45.2,-39.0
1385.8,-45.1,-39.0
1385.9,-44.9,-39.0
1386.0,-44.7,-39.1
1386.1,-43.3,-39.3
1386.2,-43.3,-39.4
1386.3,-43.5,-40.3
1386.4,-43.7,-42.6
1386.5,-45.4,-42.7
1386.6,-45.4,-43.1
1386.7,-44.6,-43.4
1386.8,-44.3,-43.3
1386.9,-44.2,-43.4
1387.0,-44.3,-43.7
1387.1,-44.5,-44.1
1387.2,-44.8,-44.3
1387.3,-44.9,-44.3
1387.4,-44.8,-44.2
1387.5,-44.4,-44.1
1387.6,-43.8,-44.1
1387.7,-43.4,-44.1
1387.8,-43.3,-44.1
1387.9,-43.8,-44.2
1388.0,-44.5,-44.3
1388.1,-44.6,-44.3
1388.2,-44.7,-44.2
1388.3,-44.0,-44.3
1388.4,-44.0,-44.3
1388.5,-43.5,-44.2
1388.6,-40.0,-43.4
1388.7,-38.6,-42.9
1388.8,-38.6,-42.9
1388.9,-38.7,-42.9
1389.0,-38.6,-42.2
1389.1,-40.0,-42.3
1389.2,-39.8,-42.3
1389.3,-39.0,-42.0
1389.4,-42.0,-42.0
1389.5,-42.5,-42.1
1389.6,-42.8,-42.1
1389.7,-45.6,-42.1
1389.8,-45.2,-42.1
1389.9,-44.9,-42.1
1390.0,-43.9,-42.0
1390.1,-43.7,-42.0
1390.2,-44.2,-42.1
1390.3,-39.9,-41.5
1390.4,-36.2,-40.4
1390.5,-33.1,-39.1
1390.6,-32.9,-39.0
1390.7,-33.4,-39.0
1390.8,-35.1,-39.0
1390.9,-41.6,-39.0
1391.0,-41.8,-38.9
1391.1,-41.4,-38.9
1391.2,-41.3,-38.8
1391.3,-41.0,-38.8
1391.4,-41.8,-38.8
1391.5,-42.0,-38.8
1391.6,-42.6,-39.0
1391.7,-43.5,-39.2
1391.8,-44.4,-39.2
1391.9,-45.1,-39.2
1392.0,-45.6,-39.6
1392.1,-45.5,-39.6
1392.2,-45.1,-39.6
1392.3,-43.2,-39.6
1392.4,-43.3,-39.6
1392.5,-43.9,-39.6
1392.6,-43.7,-39.6
1392.7,-46.5,-39.7
1392.8,-46.5,-39.7
1392.9,-46.5,-39.7
1393.0,-47.1,-39.8
1393.1,-46.5,-39.8
1393.2,-46.1,-39.8
1393.3,-45.9,-40.1
1393.4,-46.1,-41.2
1393.5,-46.4,-43.7
1393.6,-46.4,-44.0
1393.7,-46.2,-44.0
1393.8,-45.3,-44.1
1393.9,-44.7,-44.2
1394.0,-44.2,-44.4
1394.1,-44.1,-44.5
1394.2,-44.3,-44.7
1394.3,-44.4,-44.9
1394.4,-44.9,-45.0
1394.5,-45.1,-45.1
1394.6,-45.4,-45.2
1394.7,-45.9,-45.3
1394.8,-45.8,-45.2
1394.9,-44.2,-45.0
1395.0,-43.0,-44.8
1395.1,-42.1,-44.7
1395.2,-41.4,-44.5
1395.3,-41.3,-44.5
1395.4,-41.2,-44.3
1395.5,-41.2,-44.1
1395.6,-41.6,-44.1
1395.7,-42.3,-44.0
1395.8,-42.8,-43.9
1395.9,-43.2,-43.7
1396.0,-43.3,-43.7
1396.1,-43.5,-43.6
1396.2,-43.6,-43.6
1396.3,-44.3,-43.6
1396.4,-44.9,-43.6
1396.5,-45.3,-43.6
1396.6,-45.9,-43.6
1396.7,-46.1,-43.6
1396.8,-45.7,-43.6
1396.9,-45.8,-43.7
1397.0,-46.0,-43.7
1397.1,-46.2,-43.8
1397.2,-46.5,-43.8
1397.3,-45.2,-43.7
1397.4,-44.6,-43.7
1397.5,-44.4,-43.7
1397.6,-44.2,-43.7
1397.7,-45.2,-43.7
1397.8,-46.0,-43.7
1397.9,-46.5,-43.9
1398.0,-47.4,-44.1
1398.1,-44.9,-44.1
1398.2,-41.1,-43.7
1398.3,-35.1,-41.5
1398.4,-32.5,-39.9
1398.5,-32.1,-39.5
1398.6,-32.0,-39.3
1398.7,-33.9,-39.3
1398.8,-35.6,-38.8
1398.9,-35.0,-38.3
1399.0,-35.2,-38.2
1399.1,-32.7,-37.4
1399.2,-31.0,-36.3
1399.3,-31.6,-36.3
1399.4,-31.9,-36.3
1399.5,-34.0,-36.3
1399.6,-46.4,-36.3
1399.7,-47.3,-36.3
1399.8,-47.4,-36.3
1399.9,-47.3,-36.3
1400.0,-47.4,-36.3
1400.1,-47.6,-36.3
1400.2,-47.3,-36.4
1400.3,-46.8,-36.4
1400.4,-47.0,-36.4
1400.5,-46.9,-36.4
1400.6,-47.3,-36.4
1400.7,-47.4,-36.4
1400.8,-47.3,-36.4
1400.9,-47.3,-36.4
1401.0,-46.8,-36.4
1401.1,-45.2,-36.4
1401.2,-44.3,-36.5
1401.3,-43.8,-37.1
1401.4,-43.5,-37.9
1401.5,-43.8,-38.2
1401.6,-40.8,-38.2
1401.7,-35.4,-37.5
1401.8,-33.3,-37.3
1401.9,-32.9,-37.5
1402.0,-33.2,-37.6
1402.1,-35.7,-38.5
1402.2,-40.6,-40.3
1402.3,-34.5,-38.7
1402.4,-31.9,-37.6
1402.5,-31.0,-37.1
1402.6,-30.4,-36.8
1402.7,-32.3,-36.7
1402.8,-35.3,-36.7
1402.9,-38.2,-36.7
1403.0,-36.0,-36.2
1403.1,-36.1,-36.2
1403.2,-35.7,-36.1
1403.3,-34.1,-35.8
1403.4,-37.4,-35.8
1403.5,-35.7,-35.6
1403.6,-35.5,-35.5
1403.7,-37.1,-35.5
1403.8,-35.6,-35.3
1403.9,-36.1,-35.1
1404.0,-36.5,-35.1
1404.1,-36.9,-35.1
1404.2,-39.5,-35.1
1404.3,-43.3,-35.1
1404.4,-45.3,-35.1
1404.5,-47.2,-35.2
1404.6,-47.0,-35.2
1404.7,-33.6,-34.9
1404.8,-32.6,-35.0
1404.9,-32.5,-35.1
1405.0,-32.5,-35.1
1405.1,-36.4,-34.9
1405.2,-38.1,-34.9
1405.3,-37.6,-35.4
1405.4,-37.5,-36.1
1405.5,-36.8,-36.1
1405.6,-35.3,-36.1
1405.7,-35.0,-36.0
1405.8,-34.7,-36.0
1405.9,-34.1,-35.6
1406.0,-34.8,-35.9
1406.1,-34.0,-35.7
1406.2,-33.9,-35.7
1406.3,-35.8,-35.9
1406.4,-35.7,-35.8
1406.5,-35.8,-35.7
1406.6,-36.2,-35.8
1406.7,-36.1,-35.8
1406.8,-35.8,-35.8
1406.9,-37.7,-35.9
1407.0,-36.3,-35.7
1407.1,-36.0,-35.6
1407.2,-37.4,-35.6
1407.3,-37.8,-35.6
1407.4,-40.4,-35.6
1407.5,-41.3,-35.5
1407.6,-41.0,-35.5
1407.7,-40.9,-36.5
1407.8,-40.8,-36.7
1407.9,-41.7,-36.7
1408.0,-42.2,-36.7
1408.1,-42.3,-36.9
1408.2,-42.7,-37.0
1408.3,-45.1,-37.1
1408.4,-46.1,-37.1
1408.5,-46.4,-37.5
1408.6,-46.3,-37.9
1408.7,-46.3,-38.1
1408.8,-46.4,-38.2
1408.9,-46.4,-38.9
1409.0,-46.2,-39.1
1409.1,-45.6,-39.7
1409.2,-43.7,-39.9
1409.3,-42.3,-39.9
1409.4,-41.7,-40.2
1409.5,-41.1,-40.9
1409.6,-41.4,-40.9
1409.7,-41.6,-41.1
1409.8,-41.7,-41.6
1409.9,-42.1,-41.7
1410.0,-42.4,-42.4
1410.1,-42.1,-42.8
1410.2,-41.2,-42.6
1410.3,-40.5,-42.4
1410.4,-39.9,-42.2
1410.5,-39.8,-42.4
1410.6,-40.1,-42.4
1410.7,-40.4,-42.3
1410.8,-40.9,-42.3
1410.9,-41.2,-42.4
1411.0,-41.8,-42.4
1411.1,-42.3,-42.3
1411.2,-42.8,-42.3
1411.3,-43.6,-42.2
1411.4,-44.2,-42.2
1411.5,-44.8,-42.2
1411.6,-45.4,-42.2
1411.7,-45.8,-42.2
1411.8,-46.1,-42.2
1411.9,-46.3,-42.2
1412.0,-46.4,-42.2
1412.1,-46.1,-42.2
1412.2,-45.5,-42.4
1412.3,-45.3,-42.5
1412.4,-44.4,-42.5
1412.5,-44.6,-42.7
1412.6,-44.9,-42.8
1412.7,-45.3,-42.9
1412.8,-46.7,-43.0
1412.9,-46.7,-43.1
1413.0,-46.3,-43.2
1413.1,-45.9,-43.3
1413.2,-45.8,-43.7
1413.3,-45.7,-44.0
1413.4,-46.6,-44.3
1413.5,-46.9,-44.6
1413.6,-47.2,-44.9
1413.7,-46.8,-45.1
1413.8,-43.8,-44.9
1413.9,-42.0,-44.8
1414.0,-40.7,-44.6
1414.1,-40.0,-44.4
1414.2,-40.2,-44.2
1414.3,-40.8,-44.1
1414.4,-41.4,-44.0
1414.5,-41.7,-43.9
1414.6,-42.2,-43.8
1414.7,-42.5,-43.7
1414.8,-42.8,-43.6
1414.9,-43.6,-43.6
1415.0,-43.8,-43.5
1415.1,-44.0,-43.5
1415.2,-44.0,-43.5
1415.3,-40.5,-42.9
1415.4,-38.7,-42.4
1415.5,-34.1,-40.4
1415.6,-33.9,-40.2
1415.7,-34.1,-40.0
1415.8,-34.3,-39.8
1415.9,-34.4,-38.6
1416.0,-34.0,-38.4
1416.1,-34.2,-38.3
1416.2,-34.4,-38.3
1416.3,-36.1,-37.8
1416.4,-36.3,-37.6
1416.5,-36.5,-37.6
1416.6,-36.8,-37.6
1416.7,-40.9,-37.6
1416.8,-44.8,-37.6
1416.9,-44.4,-37.7
1417.0,-44.4,-37.8
1417.1,-44.9,-37.8
1417.2,-45.5,-37.9
1417.3,-46.7,-37.9
1417.4,-47.7,-37.9
1417.5,-48.2,-38.0
1417.6,-48.1,-38.0
1417.7,-47.6,-38.1
1417.8,-46.9,-38.1
1417.9,-46.0,-38.1
1418.0,-45.1,-38.1
1418.1,-44.6,-38.1
1418.2,-44.1,-38.1
1418.3,-43.8,-38.3
1418.4,-44.0,-38.4
1418.5,-44.3,-39.6
1418.6,-44.8,-39.7
1418.7,-45.5,-39.9
1418.8,-46.3,-40.1
1418.9,-47.0,-41.9
1419.0,-47.5,-42.6
1419.1,-47.7,-42.7
1419.2,-47.3,-42.9
1419.3,-46.9,-44.7
1419.4,-46.5,-45.7
1419.5,-46.2,-45.7
1419.6,-46.4,-45.8
1419.7,-43.3,-45.4
1419.8,-32.1,-39.8
1419.9,-30.3,-38.3
1420.0,-30.1,-38.2
1420.1,-30.2,-38.2
1420.2,-33.0,-37.8
1420.3,-35.1,-37.3
1420.4,-35.3,-37.3
1420.5,-35.3,-37.2
1420.6,-37.3,-37.2
1420.7,-42.2,-37.2
1420.8,-41.3,-37.1
1420.9,-41.6,-37.1
1421.0,-41.9,-37.1
1421.1,-42.3,-37.1
1421.2,-44.5,-37.1
1421.3,-44.9,-37.1
1421.4,-44.7,-37.1
1421.5,-44.6,-37.1
1421.6,-44.7,-37.1
1421.7,-44.2,-37.1
1421.8,-43.3,-37.1
1421.9,-42.8,-37.0
1422.0,-42.4,-37.0
1422.1,-42.5,-37.0
1422.2,-43.0,-37.0
1422.3,-43.2,-37.0
1422.4,-43.3,-36.9
1422.5,-43.2,-36.9
1422.6,-43.3,-36.9
1422.7,-43.5,-37.0
1422.8,-43.7,-39.0
1422.9,-43.9,-40.8
1423.0,-44.1,-41.0
1423.1,-44.2,-41.0
1423.2,-44.2,-41.9
1423.3,-44.1,-43.2
1423.4,-42.8,-43.2
1423.5,-37.9,-42.1
1423.6,-35.5,-41.1
1423.7,-35.3,-41.1
1423.8,-35.1,-41.0
1423.9,-34.9,-40.2
1424.0,-34.6,-39.4
1424.1,-34.1,-39.1
1424.2,-34.2,-39.0
1424.3,-35.8,-39.0
1424.4,-38.7,-38.9
1424.5,-40.6,-38.9
1424.6,-41.0,-38.8
1424.7,-41.0,-38.8
1424.8,-41.4,-38.8
1424.9,-41.5,-38.8
1425.0,-41.5,-38.7
1425.1,-41.8,-38.7
1425.2,-41.8,-38.7
1425.3,-41.9,-38.7
1425.4,-42.0,-38.7
1425.5,-41.9,-38.7
1425.6,-42.0,-38.6
1425.7,-41.7,-38.6
1425.8,-40.8,-38.5
1425.9,-40.0,-38.4
1426.0,-39.3,-38.3
1426.1,-39.1,-38.3
1426.2,-39.3,-38.2
1426.3,-39.4,-38.1
1426.4,-39.6,-38.1
1426.5,-39.7,-38.5
1426.6,-39.4,-38.9
1426.7,-39.7,-38.9
1426.8,-39.7,-38.9
1426.9,-39.4,-39.4
1427.0,-39.7,-40.1
1427.1,-39.8,-40.4
1427.2,-40.0,-40.4
1427.3,-40.3,-40.4
1427.4,-40.2,-40.4
1427.5,-40.0,-40.3
1427.6,-39.7,-40.3
1427.7,-39.4,-40.2
1427.8,-38.8,-40.0
1427.9,-38.3,-39.9
1428.0,-38.4,-39.8
1428.1,-38.8,-39.8
1428.2,-39.2,-39.7
1428.3,-38.1,-39.4
1428.4,-37.2,-39.2
1428.5,-34.8,-38.5
1428.6,-34.4,-38.3
1428.7,-34.1,-38.0
1428.8,-33.7,-37.8
1428.9,-34.0,-37.4
1429.0,-34.0,-37.4
1429.1,-35.0,-37.4
1429.2,-36.3,-37.4
1429.3,-38.6,-37.4
1429.4,-39.9,-37.4
1429.5,-39.7,-37.4
1429.6,-39.7,-37.4
1429.7,-40.1,-37.4
1429.8,-40.2,-37.4
1429.9,-39.9,-37.4
1430.0,-39.0,-37.3
1430.1,-38.4,-37.3
1430.2,-38.1,-37.3
1430.3,-38.0,-37.2
1430.4,-38.4,-37.2
1430.5,-38.8,-37.2
1430.6,-38.8,-37.2
1430.7,-39.1,-37.2
1430.8,-38.6,-37.2
1430.9,-38.1,-37.2
1431.0,-37.8,-37.1
1431.1,-37.6,-37.0
1431.2,-37.9,-37.0
1431.3,-38.3,-37.2
1431.4,-39.0,-37.3
1431.5,-39.4,-37.7
1431.6,-39.5,-37.8
1431.7,-38.9,-38.0
1431.8,-38.0,-38.2
1431.9,-37.1,-38.5
1432.0,-35.8,-38.3
1432.1,-35.3,-38.1
1432.2,-35.1,-38.0
1432.3,-35.1,-37.8
1432.4,-35.7,-37.7
1432.5,-35.7,-37.6
1432.6,-35.5,-37.4
1432.7,-35.4,-37.2
1432.8,-35.3,-37.1
1432.9,-35.7,-37.0
1433.0,-36.3,-37.0
1433.1,-36.8,-37.0
1433.2,-37.2,-37.0
1433.3,-37.6,-37.0
1433.4,-37.5,-36.9
1433.5,-37.7,-36.9
1433.6,-37.5,-36.9
1433.7,-37.4,-36.8
1433.8,-37.1,-36.8
1433.9,-36.8,-36.8
1434.0,-36.7,-36.7
1434.1,-36.5,-36.7
1434.2,-36.4,-36.6
1434.3,-36.1,-36.5
1434.4,-36.0,-36.4
1434.5,-36.0,-36.3
1434.6,-35.9,-36.2
1434.7,-36.1,-36.2
1434.8,-36.4,-36.2
1434.9,-36.8,-36.3
1435.0,-37.6,-36.5
1435.1,-38.1,-36.6
1435.2,-38.6,-36.7
1435.3,-38.7,-36.8
1435.4,-38.7,-36.8
1435.5,-38.8,-36.9
1435.6,-38.7,-37.1
1435.7,-38.4,-37.2
1435.8,-37.8,-37.2
1435.9,-36.8,-37.1
1436.0,-36.0,-37.0
1436.1,-35.7,-37.0
1436.2,-35.6,-36.9
1436.3,-35.9,-36.9
1436.4,-36.1,-36.8
1436.5,-36.3,-36.8
1436.6,-36.9,-36.9
1436.7,-37.5,-36.9
1436.8,-38.3,-37.0
1436.9,-38.7,-37.0
1437.0,-38.0,-37.0
1437.1,-37.1,-37.0
1437.2,-36.2,-36.9
1437.3,-35.8,-37.0
1437.4,-35.9,-37.0
1437.5,-36.3,-37.0
1437.6,-37.0,-37.1
1437.7,-36.6,-37.1
1437.8,-35.1,-36.8
1437.9,-33.4,-36.4
1438.0,-32.0,-35.9
1438.1,-31.4,-35.6
1438.2,-31.2,-35.3
1438.3,-31.6,-35.1
1438.4,-32.4,-35.0
1438.5,-33.3,-35.0
1438.6,-34.3,-34.9
1438.7,-34.9,-34.8
1438.8,-35.1,-34.8
1438.9,-35.0,-34.8
1439.0,-35.1,-34.8
1439.1,-35.7,-34.8
1439.2,-36.1,-34.8
1439.3,-36.3,-34.8
1439.4,-36.4,-34.8
1439.5,-36.3,-34.8
1439.6,-36.5,-34.8
1439.7,-36.5,-34.7
1439.8,-35.5,-34.6
1439.9,-34.5,-34.4
1440.0,-33.9,-34.4
1440.1,-33.6,-34.3
1440.2,-33.7,-34.3
1440.3,-33.8,-34.2
1440.4,-33.9,-34.1
1440.5,-33.9,-34.1
1440.6,-34.0,-34.0
1440.7,-34.5,-34.0
1440.8,-35.0,-34.1
1440.9,-35.6,-34.3
1441.0,-36.4,-34.6
1441.1,-36.7,-34.8
1441.2,-36.9,-35.0
1441.3,-37.2,-35.2
1441.4,-37.5,-35.3
1441.5,-38.1,-35.4
1441.6,-38.6,-35.5
1441.7,-38.4,-35.6
1441.8,-37.6,-35.6
1441.9,-36.6,-35.6
1442.0,-35.9,-35.6
1442.1,-35.7,-35.6
1442.2,-36.0,-35.6
1442.3,-36.3,-35.6
1442.4,-36.5,-35.6
1442.5,-36.3,-35.6
1442.6,-36.3,-35.6
1442.7,-36.5,-35.6
1442.8,-36.8,-35.8
1442.9,-37.5,-36.0
1443.0,-37.6,-36.1
1443.1,-37.4,-36.2
1443.2,-36.8,-36.3
1443.3,-36.3,-36.4
1443.4,-36.0,-36.5
1443.5,-35.8,-36.6
1443.6,-36.1,-36.7
1443.7,-35.3,-36.6
1443.8,-33.8,-36.2
1443.9,-32.9,-36.0
1444.0,-31.9,-35.7
1444.1,-31.9,-35.5
1444.2,-32.4,-35.4
1444.3,-32.7,-35.2
1444.4,-33.4,-35.1
1444.5,-33.7,-35.0
1444.6,-33.9,-34.9
1444.7,-34.3,-34.8
1444.8,-34.5,-34.8
1444.9,-35.0,-34.8
1445.0,-35.8,-34.9
1445.1,-36.3,-34.9
1445.2,-36.4,-34.8
1445.3,-35.9,-34.8
1445.4,-35.2,-34.8
1445.5,-34.6,-34.7
1445.6,-34.8,-34.7
1445.7,-34.4,-34.6
1445.8,-33.5,-34.4
1445.9,-33.3,-34.2
1446.0,-33.1,-34.2
1446.1,-33.4,-34.1
1446.2,-34.8,-34.2
1446.3,-35.5,-34.2
1446.4,-36.3,-34.2
1446.5,-37.2,-34.3
1446.6,-37.8,-34.3
1446.7,-39.1,-34.4
1446.8,-39.3,-34.7
1446.9,-39.7,-34.9
1447.0,-39.8,-35.2
1447.1,-39.4,-35.4
1447.2,-39.3,-35.5
1447.3,-38.5,-35.7
1447.4,-38.0,-35.8
1447.5,-38.1,-35.9
1447.6,-38.5,-36.1
1447.7,-38.4,-36.2
1447.8,-37.6,-36.3
1447.9,-36.8,-36.2
1448.0,-35.4,-36.1
1448.1,-34.4,-35.9
1448.2,-34.0,-35.9
1448.3,-33.8,-35.8
1448.4,-33.9,-35.8
1448.5,-34.1,-35.8
1448.6,-33.6,-35.6
1448.7,-33.4,-35.6
1448.8,-33.7,-35.9
1448.9,-34.1,-36.0
1449.0,-35.5,-36.1
1449.1,-36.4,-36.1
1449.2,-36.5,-36.1
1449.3,-36.5,-36.1
1449.4,-36.5,-36.1
1449.5,-36.6,-36.1
1449.6,-37.0,-36.0
1449.7,-35.2,-35.7
1449.8,-32.9,-35.3
1449.9,-31.5,-34.9
1450.0,-30.5,-34.5
1450.1,-30.5,-34.3
1450.2,-31.0,-34.1
1450.3,-31.6,-34.0
1450.4,-32.2,-33.9
1450.5,-32.7,-33.7
1450.6,-33.0,-33.6
1450.7,-33.7,-33.6
1450.8,-34.0,-33.6
1450.9,-34.5,-33.6
1451.0,-34.9,-33.6
1451.1,-35.0,-33.6
1451.2,-35.2,-33.7
1451.3,-35.0,-33.7
1451.4,-35.0,-33.7
1451.5,-34.7,-33.7
1451.6,-34.7,-33.8
1451.7,-34.1,-33.8
1451.8,-32.3,-33.5
1451.9,-31.3,-33.2
1452.0,-30.7,-33.1
1452.1,-30.7,-33.0
1452.2,-31.8,-32.9
1452.3,-32.3,-32.8
1452.4,-32.6,-32.7
1452.5,-32.7,-32.6
1452.6,-32.8,-32.6
1452.7,-33.7,-32.7
1452.8,-34.2,-32.9
1452.9,-35.0,-33.1
1453.0,-33.6,-33.1
1453.1,-31.8,-32.9
1453.2,-31.6,-33.0
1453.3,-31.5,-33.1
1453.4,-32.4,-33.1
1453.5,-34.5,-33.2
1453.6,-34.5,-33.2
1453.7,-34.4,-33.1
1453.8,-33.7,-33.1
1453.9,-33.4,-33.0
1454.0,-33.8,-33.1
1454.1,-34.1,-33.1
1454.2,-35.3,-33.1
1454.3,-36.2,-33.1
1454.4,-37.2,-33.2
1454.5,-38.1,-33.3
1454.6,-38.8,-33.3
1454.7,-39.1,-33.5
1454.8,-39.2,-33.8
1454.9,-39.2,-34.1
1455.0,-38.9,-34.3
1455.1,-39.0,-34.5
1455.2,-38.1,-34.6
1455.3,-36.6,-34.7
1455.4,-36.3,-34.9
1455.5,-36.0,-35.0
1455.6,-36.1,-35.1
1455.7,-36.7,-35.1
1455.8,-36.4,-35.1
1455.9,-36.4,-35.2
1456.0,-36.0,-35.4
1456.1,-36.1,-35.9
1456.2,-36.1,-36.1
1456.3,-34.6,-35.9
1456.4,-33.4,-35.7
1456.5,-32.0,-35.4
1456.6,-30.7,-35.0
1456.7,-30.2,-34.7
1456.8,-30.3,-34.7
1456.9,-30.7,-34.6
1457.0,-31.5,-34.5
1457.1,-32.3,-34.4
1457.2,-32.7,-34.3
1457.3,-33.2,-34.3
1457.4,-33.8,-34.2
1457.5,-34.2,-34.1
1457.6,-34.6,-34.0
1457.7,-34.3,-33.9
1457.8,-33.1,-33.6
1457.9,-32.4,-33.4
1458.0,-31.8,-33.3
1458.1,-31.9,-33.2
1458.2,-32.5,-33.1
1458.3,-30.6,-32.7
1458.4,-28.6,-32.1
1458.5,-27.2,-31.6
1458.6,-26.1,-31.1
1458.7,-25.9,-30.7
1458.8,-26.2,-30.4
1458.9,-26.8,-30.2
1459.0,-27.7,-30.1
1459.1,-28.6,-30.0
1459.2,-29.4,-29.9
1459.3,-29.8,-29.8
1459.4,-30.3,-29.8
1459.5,-30.8,-29.9
1459.6,-31.6,-30.0
1459.7,-31.6,-30.0
1459.8,-30.9,-29.9
1459.9,-30.6,-29.9
1460.0,-30.3,-29.8
1460.1,-30.4,-29.8
1460.2,-30.2,-29.7
1460.3,-28.1,-29.3
1460.4,-27.0,-29.0
1460.5,-26.3,-28.8
1460.6,-26.1,-28.7
1460.7,-27.3,-28.6
1460.8,-27.9,-28.5
1460.9,-28.3,-28.4
1461.0,-28.5,-28.4
1461.1,-27.8,-28.2
1461.2,-27.4,-28.1
1461.3,-27.6,-28.1
1461.4,-27.7,-28.2
1461.5,-28.3,-28.4
1461.6,-29.1,-28.5
1461.7,-29.3,-28.7
1461.8,-29.3,-28.7
1461.9,-29.0,-28.7
1462.0,-28.7,-28.7
1462.1,-28.4,-28.6
1462.2,-28.3,-28.6
1462.3,-27.8,-28.4
1462.4,-27.4,-28.3
1462.5,-27.4,-28.2
1462.6,-27.4,-28.1
1462.7,-27.8,-28.1
1462.8,-28.2,-28.0
1462.9,-28.3,-28.0
1463.0,-28.8,-28.0
1463.1,-29.4,-28.0
1463.2,-30.3,-28.1
1463.3,-31.3,-28.3
1463.4,-32.0,-28.5
1463.5,-32.6,-28.7
1463.6,-33.0,-28.8
1463.7,-32.6,-28.9
1463.8,-31.1,-28.9
1463.9,-29.6,-28.9
1464.0,-28.6,-28.9
1464.1,-28.2,-28.9
1464.2,-28.1,-29.0
1464.3,-27.2,-28.8
1464.4,-25.9,-28.5
1464.5,-25.1,-28.3
1464.6,-24.9,-28.2
1464.7,-25.7,-28.2
1464.8,-27.3,-28.2
1464.9,-29.2,-28.3
1465.0,-30.6,-28.4
1465.1,-30.9,-28.4
1465.2,-30.7,-28.5
1465.3,-30.9,-28.6
1465.4,-30.5,-28.8
1465.5,-30.7,-28.8
1465.6,-30.5,-28.9
1465.7,-29.9,-28.9
1465.8,-30.3,-29.0
1465.9,-30.6,-29.1
1466.0,-31.2,-29.2
1466.1,-32.3,-29.2
1466.2,-32.8,-29.2
1466.3,-33.2,-29.2
1466.4,-33.5,-29.2
1466.5,-32.6,-29.2
1466.6,-32.0,-29.1
1466.7,-31.3,-29.1
1466.8,-30.6,-29.2
1466.9,-30.5,-29.3
1467.0,-30.2,-29.3
1467.1,-29.9,-29.4
1467.2,-29.8,-29.4
1467.3,-29.5,-29.7
1467.4,-29.3,-30.1
1467.5,-28.9,-30.4
1467.6,-28.4,-30.4
1467.7,-28.1,-30.4
1467.8,-27.9,-30.2
1467.9,-27.8,-30.1
1468.0,-27.8,-30.0
1468.1,-27.9,-29.9
1468.2,-28.2,-29.8
1468.3,-28.4,-29.7
1468.4,-28.1,-29.6
1468.5,-27.9,-29.5
1468.6,-27.5,-29.4
1468.7,-27.6,-29.3
1468.8,-27.8,-29.2
1468.9,-27.8,-29.1
1469.0,-28.0,-29.0
1469.1,-28.0,-28.9
1469.2,-28.2,-28.8
1469.3,-28.7,-28.7
1469.4,-29.3,-28.7
1469.5,-30.0,-28.7
1469.6,-30.7,-28.7
1469.7,-31.4,-28.7
1469.8,-32.3,-28.8
1469.9,-32.9,-28.8
1470.0,-33.2,-28.9
1470.1,-33.2,-29.0
1470.2,-33.0,-29.0
1470.3,-32.6,-29.1
1470.4,-31.6,-29.1
1470.5,-30.9,-29.2
1470.6,-30.6,-29.3
1470.7,-30.9,-29.5
1470.8,-31.7,-29.6
1470.9,-32.6,-29.8
1471.0,-33.2,-29.9
1471.1,-33.3,-30.1
1471.2,-33.9,-30.2
1471.3,-34.8,-30.4
1471.4,-35.3,-30.7
1471.5,-36.0,-31.0
1471.6,-36.4,-31.3
1471.7,-36.4,-31.5
1471.8,-36.0,-31.8
1471.9,-35.3,-32.1
1472.0,-34.6,-32.4
1472.1,-34.2,-32.6
1472.2,-34.3,-32.9
1472.3,-33.8,-33.0
1472.4,-33.1,-33.1
1472.5,-32.3,-33.1
1472.6,-31.8,-33.1
1472.7,-31.9,-33.1
1472.8,-32.3,-33.1
1472.9,-32.8,-33.1
1473.0,-33.4,-33.1
1473.1,-33.9,-33.2
1473.2,-34.5,-33.3
1473.3,-35.6,-33.4
1473.4,-35.8,-33.7
1473.5,-36.1,-34.0
1473.6,-36.9,-34.2
1473.7,-37.3,-34.3
1473.8,-36.6,-34.3
1473.9,-36.6,-34.5
1474.0,-34.7,-34.4
1474.1,-33.7,-34.4
1474.2,-34.2,-34.4
1474.3,-34.3,-34.4
1474.4,-36.0,-34.5
1474.5,-37.9,-34.5
1474.6,-39.1,-34.6
1474.7,-40.6,-34.6
1474.8,-41.4,-34.8
1474.9,-42.1,-34.9
1475.0,-43.2,-35.1
1475.1,-44.3,-35.3
1475.2,-45.3,-35.4
1475.3,-46.1,-35.7
1475.4,-46.3,-36.1
1475.5,-45.8,-36.5
1475.6,-45.7,-36.9
1475.7,-45.4,-37.3
1475.8,-45.5,-37.6
1475.9,-45.5,-38.0
1476.0,-41.2,-38.2
1476.1,-41.3,-38.4
1476.2,-41.4,-38.7
1476.3,-41.7,-38.9
1476.4,-47.6,-39.2
1476.5,-46.9,-39.5
1476.6,-46.9,-39.6
1476.7,-46.6,-39.7
1476.8,-46.1,-40.3
1476.9,-46.4,-40.6
1477.0,-45.3,-41.6
1477.1,-44.6,-42.6
1477.2,-43.2,-43.0
1477.3,-41.9,-43.3
1477.4,-41.4,-43.5
1477.5,-40.4,-43.4
1477.6,-39.0,-43.0
1477.7,-38.8,-42.8
1477.8,-38.5,-42.7
1477.9,-38.7,-42.5
1478.0,-40.1,-42.4
1478.1,-40.5,-42.3
1478.2,-40.6,-42.1
1478.3,-40.7,-41.9
1478.4,-40.5,-41.8
1478.5,-40.6,-41.7
1478.6,-41.1,-41.6
1478.7,-41.5,-41.6
1478.8,-41.8,-41.5
1478.9,-42.0,-41.4
1479.0,-41.9,-41.7
1479.1,-41.8,-41.7
1479.2,-42.4,-41.6
1479.3,-43.1,-41.6
1479.4,-43.7,-41.5
1479.5,-44.5,-41.5
1479.6,-44.7,-41.5
1479.7,-44.5,-41.5
1479.8,-45.2,-41.5
1479.9,-46.1,-41.5
1480.0,-46.8,-41.6
1480.1,-48.2,-41.6
1480.2,-48.9,-41.8
1480.3,-49.0,-42.0
1480.4,-49.6,-42.1
1480.5,-50.6,-42.4
1480.6,-51.4,-43.0
1480.7,-52.9,-43.3
1480.8,-54.5,-43.6
1480.9,-54.5,-44.0
1481.0,-55.0,-44.2
1481.1,-55.7,-44.5
1481.2,-55.9,-45.0
1481.3,-54.1,-45.3
1481.4,-48.3,-45.5
1481.5,-47.0,-45.8
1481.6,-44.0,-45.7
1481.7,-43.1,-45.8
1481.8,-42.5,-45.7
1481.9,-42.7,-46.1
1482.0,-43.7,-46.2
1482.1,-44.3,-46.5
1482.2,-44.2,-46.2
1482.3,-42.9,-46.0
1482.4,-43.7,-46.2
1482.5,-44.3,-46.4
1482.6,-45.9,-46.4
1482.7,-48.4,-46.5
1482.8,-46.7,-46.4
1482.9,-44.2,-46.1
1483.0,-44.6,-46.0
1483.1,-45.1,-46.1
1483.2,-46.3,-46.2
1483.3,-51.7,-46.2
1483.4,-60.7,-46.3
1483.5,-61.0,-46.3
1483.6,-60.3,-46.3
1483.7,-55.0,-46.3
1483.8,-46.1,-45.8
1483.9,-44.7,-45.6
1484.0,-43.3,-45.4
1484.1,-43.2,-45.3
1484.2,-42.2,-44.7
1484.3,-42.1,-44.5
1484.4,-39.0,-43.6
1484.5,-36.9,-42.7
1484.6,-36.7,-42.4
1484.7,-36.6,-42.4
1484.8,-35.9,-41.5
1484.9,-35.1,-40.5
1485.0,-33.0,-39.3
1485.1,-30.8,-37.9
1485.2,-30.5,-37.4
1485.3,-31.2,-37.4
1485.4,-32.9,-37.4
1485.5,-37.6,-37.4
1485.6,-54.6,-37.4
1485.7,-57.2,-37.4
1485.8,-51.8,-37.5
1485.9,-51.2,-37.5
1486.0,-51.3,-37.5
1486.1,-51.1,-37.5
1486.2,-54.5,-37.5
1486.3,-54.5,-37.5
1486.4,-53.7,-37.5
1486.5,-53.4,-37.5
1486.6,-53.5,-37.5
1486.7,-53.9,-37.5
1486.8,-48.7,-37.6
1486.9,-42.2,-37.4
1487.0,-41.0,-37.4
1487.1,-38.5,-37.2
1487.2,-36.4,-37.0
1487.3,-37.2,-37.0
1487.4,-37.5,-37.2
1487.5,-39.1,-37.5
1487.6,-44.6,-37.6
1487.7,-42.8,-37.5
1487.8,-43.0,-37.9
1487.9,-42.1,-38.4
1488.0,-42.2,-39.4
1488.1,-44.6,-41.5
1488.2,-45.2,-43.2
1488.3,-48.1,-43.2
1488.4,-50.0,-43.2
1488.5,-50.3,-43.2
1488.6,-51.4,-43.2
1488.7,-52.3,-43.2
1488.8,-52.9,-43.2
1488.9,-52.7,-43.2
1489.0,-52.3,-43.2
1489.1,-48.0,-43.1
1489.2,-43.8,-42.8
1489.3,-41.3,-42.4
1489.4,-39.9,-42.2
1489.5,-39.2,-41.9
1489.6,-39.3,-41.7
1489.7,-39.8,-41.5
1489.8,-40.6,-41.5
1489.9,-41.8,-41.8
1490.0,-41.9,-41.8
1490.1,-41.3,-42.1
1490.2,-40.4,-42.8
1490.3,-39.7,-42.6
1490.4,-39.6,-42.5
1490.5,-39.9,-42.3
1490.6,-40.5,-42.2
1490.7,-41.3,-42.4
1490.8,-42.5,-42.4
1490.9,-42.9,-42.4
1491.0,-42.6,-42.3
1491.1,-41.7,-42.1
1491.2,-41.3,-42.0
1491.3,-41.2,-41.8
1491.4,-41.4,-41.7
1491.5,-41.8,-41.6
1491.6,-42.3,-41.5
1491.7,-42.9,-41.5
1491.8,-41.9,-41.2
1491.9,-40.8,-41.0
1492.0,-40.0,-40.8
1492.1,-39.6,-40.8
1492.2,-39.9,-40.8
1492.3,-40.3,-40.9
1492.4,-40.7,-40.9
1492.5,-40.9,-41.0
1492.6,-41.2,-41.1
1492.7,-40.2,-40.9
1492.8,-39.0,-40.7
1492.9,-38.1,-40.4
1493.0,-37.5,-40.3
1493.1,-37.5,-40.2
1493.2,-37.7,-40.2
1493.3,-38.0,-40.1
1493.4,-38.2,-40.1
1493.5,-37.6,-39.8
1493.6,-35.4,-39.1
1493.7,-33.6,-38.4
1493.8,-32.2,-37.6
1493.9,-31.2,-37.0
1494.0,-30.9,-36.5
1494.1,-30.8,-36.1
1494.2,-31.0,-35.7
1494.3,-31.1,-35.4
1494.4,-30.7,-34.9
1494.5,-29.2,-34.0
1494.6,-27.4,-33.0
1494.7,-26.2,-32.2
1494.8,-25.4,-31.5
1494.9,-25.0,-30.9
1495.0,-25.1,-30.5
1495.1,-25.2,-30.0
1495.2,-25.3,-29.7
1495.3,-24.8,-29.1
1495.4,-23.4,-28.2
1495.5,-22.0,-27.4
1495.6,-21.0,-26.7
1495.7,-20.5,-26.2
1495.8,-20.5,-25.7
1495.9,-20.6,-25.3
1496.0,-21.0,-25.0
1496.1,-21.3,-24.7
1496.2,-20.7,-24.2
1496.3,-20.0,-23.7
1496.4,-19.3,-23.2
1496.5,-18.9,-22.9
1496.6,-19.0,-22.6
1496.7,-19.3,-22.4
1496.8,-19.6,-22.1
1496.9,-20.0,-22.0
1497.0,-20.6,-21.9
1497.1,-21.3,-21.7
1497.2,-21.4,-21.6
1497.3,-21.2,-21.4
1497.4,-21.0,-21.3
1497.5,-20.8,-21.2
1497.6,-21.0,-21.1
1497.7,-21.2,-21.0
1497.8,-21.6,-21.0
1497.9,-22.0,-20.9
1498.0,-21.8,-20.8
1498.1,-21.6,-20.7
1498.2,-21.2,-20.7
1498.3,-21.4,-20.7
1498.4,-22.0,-20.7
1498.5,-22.8,-20.8
1498.6,-23.7,-20.9
1498.7,-23.8,-21.0
1498.8,-24.1,-21.1
1498.9,-23.2,-21.1
1499.0,-22.7,-21.1
1499.1,-22.3,-21.1
1499.2,-22.3,-21.3
1499.3,-22.8,-21.5
1499.4,-23.2,-21.7
1499.5,-23.5,-21.8
1499.6,-24.1,-22.0
1499.7,-25.0,-22.2
1499.8,-25.5,-22.4
1499.9,-26.4,-22.5
1500.0,-26.5,-22.6
1500.1,-26.5,-22.8
1500.2,-26.9,-23.0
1500.3,-27.1,-23.2
1500.4,-27.5,-23.4
1500.5,-27.9,-23.6
1500.6,-28.1,-23.8
1500.7,-27.5,-23.9
1500.8,-26.5,-24.0
1500.9,-25.9,-24.1
1501.0,-25.4,-24.3
1501.1,-25.4,-24.6
1501.2,-25.7,-24.8
1501.3,-25.9,-24.8
1501.4,-25.9,-25.0
1501.5,-26.1,-25.1
1501.6,-26.3,-25.1
1501.7,-27.0,-25.2
1501.8,-28.1,-25.4
1501.9,-29.6,-25.8
1502.0,-31.7,-26.1
1502.1,-32.8,-26.4
1502.2,-34.1,-26.7
1502.3,-35.5,-27.0
1502.4,-36.4,-27.3
1502.5,-37.0,-27.7
1502.6,-37.5,-27.9
1502.7,-37.5,-28.0
1502.8,-37.3,-28.2
1502.9,-36.8,-28.4
1503.0,-36.4,-28.6
1503.1,-36.6,-28.8
1503.2,-33.4,-28.9
1503.3,-31.8,-29.0
1503.4,-30.4,-29.0
1503.5,-30.3,-29.2
1503.6,-31.8,-29.3
1503.7,-33.7,-29.7
1503.8,-38.7,-30.1
1503.9,-39.9,-30.5
1504.0,-37.9,-30.9
1504.1,-33.6,-31.2
1504.2,-33.5,-31.7
1504.3,-33.3,-32.2
1504.4,-32.7,-32.7
1504.5,-35.4,-33.3
1504.6,-32.1,-33.5
1504.7,-30.8,-33.5
1504.8,-31.6,-33.7
1504.9,-31.8,-33.9
1505.0,-34.6,-34.0
1505.1,-39.0,-34.0
1505.2,-38.1,-34.1
1505.3,-38.3,-34.1
1505.4,-38.6,-34.1
1505.5,-38.4,-34.1
1505.6,-38.2,-34.1
1505.7,-35.7,-34.0
1505.8,-34.9,-33.9
1505.9,-35.3,-34.0
1506.0,-35.9,-34.1
1506.1,-38.8,-34.1
1506.2,-43.1,-34.6
1506.3,-44.3,-35.0
1506.4,-44.5,-35.6
1506.5,-43.9,-35.7
1506.6,-43.2,-35.7
1506.7,-42.7,-35.7
1506.8,-42.5,-35.8
1506.9,-42.5,-35.8
1507.0,-42.9,-36.0
1507.1,-42.5,-36.6
1507.2,-42.6,-36.7
1507.3,-39.8,-36.7
1507.4,-39.3,-37.0
1507.5,-36.9,-36.9
1507.6,-37.0,-38.0
1507.7,-38.2,-39.0
1507.8,-38.7,-39.1
1507.9,-43.7,-39.1
1508.0,-29.6,-35.9
1508.1,-27.4,-34.6
1508.2,-26.8,-34.2
1508.3,-26.6,-34.1
1508.4,-29.3,-34.0
1508.5,-33.1,-34.0
1508.6,-37.5,-34.1
1508.7,-39.5,-34.3
1508.8,-42.0,-34.4
1508.9,-40.2,-34.4
1509.0,-40.2,-34.4
1509.1,-38.4,-34.3
1509.2,-36.3,-34.1
1509.3,-35.8,-34.0
1509.4,-34.3,-33.9
1509.5,-34.8,-33.8
1509.6,-36.0,-33.8
1509.7,-37.4,-33.8
1509.8,-39.6,-33.8
1509.9,-37.8,-33.7
1510.0,-37.7,-33.7
1510.1,-37.2,-33.7
1510.2,-37.6,-33.6
1510.3,-39.0,-33.7
1510.4,-33.2,-33.2
1510.5,-32.9,-33.3
1510.6,-32.5,-33.2
1510.7,-32.5,-33.1
1510.8,-37.0,-33.1
1510.9,-38.4,-33.1
1511.0,-41.2,-34.6
1511.1,-41.8,-36.0
1511.2,-42.3,-36.7
1511.3,-43.1,-36.9
1511.4,-43.4,-37.0
1511.5,-44.2,-37.1
1511.6,-42.2,-37.1
1511.7,-41.1,-37.0
1511.8,-41.2,-37.0
1511.9,-40.9,-37.2
1512.0,-41.9,-37.2
1512.1,-43.7,-37.3
1512.2,-40.7,-37.5
1512.3,-39.6,-37.6
1512.4,-39.6,-38.0
1512.5,-39.6,-38.1
1512.6,-42.1,-38.1
1512.7,-45.4,-38.2
1512.8,-47.2,-38.4
1512.9,-47.9,-38.7
1513.0,-47.8,-38.7
1513.1,-47.8,-38.9
1513.2,-47.9,-39.0
1513.3,-47.9,-39.2
1513.4,-48.2,-41.5
1513.5,-48.6,-42.1
1513.6,-48.2,-42.9
1513.7,-48.1,-43.2
1513.8,-48.3,-43.3
1513.9,-48.0,-43.5
1514.0,-46.5,-43.6
1514.1,-44.8,-43.6
1514.2,-41.3,-43.1
1514.3,-40.4,-43.0
1514.4,-40.2,-42.9
1514.5,-40.6,-43.0
1514.6,-40.9,-42.9
1514.7,-41.2,-43.0
1514.8,-41.3,-43.0
1514.9,-40.3,-42.8
1515.0,-42.1,-42.9
1515.1,-43.2,-43.0
1515.2,-44.4,-43.6
1515.3,-48.2,-44.0
1515.4,-49.5,-44.2
1515.5,-37.5,-42.2
1515.6,-36.3,-41.7
1515.7,-32.7,-39.7
1515.8,-32.0,-39.3
1515.9,-32.6,-38.8
1516.0,-32.8,-38.7
1516.1,-36.5,-38.7
1516.2,-36.0,-38.2
1516.3,-33.6,-37.3
1516.4,-32.8,-36.9
1516.5,-32.7,-36.9
1516.6,-33.7,-36.9
1516.7,-35.1,-36.5
1516.8,-35.1,-36.2
1516.9,-32.5,-35.6
1517.0,-31.9,-35.4
1517.1,-33.1,-35.4
1517.2,-34.4,-35.5
1517.3,-40.3,-35.6
1517.4,-39.0,-35.3
1517.5,-37.5,-35.2
1517.6,-36.9,-35.3
1517.7,-36.3,-35.2
1517.8,-38.6,-35.2
1517.9,-38.6,-35.2
1518.0,-38.7,-35.1
1518.1,-39.0,-35.1
1518.2,-37.0,-34.9
1518.3,-33.3,-34.4
1518.4,-32.0,-34.1
1518.5,-32.1,-34.3
1518.6,-32.8,-34.4
1518.7,-36.9,-34.9
1518.8,-51.1,-35.1
1518.9,-53.5,-35.3
1519.0,-55.0,-35.4
1519.1,-43.8,-35.3
1519.2,-38.5,-35.3
1519.3,-37.5,-35.8
1519.4,-37.4,-36.1
1519.5,-38.4,-36.1
1519.6,-43.5,-36.1
1519.7,-50.8,-36.5
1519.8,-52.8,-36.9
1519.9,-54.3,-37.7
1520.0,-55.4,-38.0
1520.1,-54.5,-38.0
1520.2,-42.2,-37.8
1520.3,-36.6,-37.3
1520.4,-36.2,-37.6
1520.5,-35.7,-37.7
1520.6,-36.4,-37.8
1520.7,-38.6,-37.6
1520.8,-38.7,-37.6
1520.9,-39.3,-37.8
1521.0,-39.2,-37.8
1521.1,-40.8,-37.8
1521.2,-41.1,-38.1
1521.3,-39.8,-39.3
1521.4,-39.9,-40.3
1521.5,-40.4,-40.2
1521.6,-40.2,-40.1
1521.7,-40.8,-39.9
1521.8,-41.1,-39.9
1521.9,-42.2,-39.8
1522.0,-43.6,-39.8
1522.1,-46.8,-40.0
1522.2,-50.2,-40.7
1522.3,-48.6,-40.9
1522.4,-44.6,-40.7
1522.5,-43.1,-40.6
1522.6,-42.4,-40.6
1522.7,-42.3,-40.5
1522.8,-44.1,-40.5
1522.9,-46.3,-40.5
1523.0,-47.8,-40.5
1523.1,-51.6,-40.5
1523.2,-53.0,-40.9
1523.3,-53.1,-42.2
1523.4,-55.7,-42.4
1523.5,-55.9,-42.7
1523.6,-55.5,-42.9
1523.7,-54.9,-43.7
1523.8,-54.7,-44.0
1523.9,-54.3,-44.1
1524.0,-54.1,-44.4
1524.1,-54.1,-45.0
1524.2,-54.5,-45.2
1524.3,-55.2,-46.0
1524.4,-56.2,-46.4
1524.5,-56.9,-47.0
1524.6,-56.1,-47.5
1524.7,-41.7,-46.3
1524.8,-39.5,-45.6
1524.9,-38.5,-45.1
1525.0,-37.8,-44.7
1525.1,-39.9,-44.7
1525.2,-42.2,-44.6
1525.3,-44.7,-44.7
1525.4,-49.5,-45.1
1525.5,-49.0,-45.4
1525.6,-50.1,-45.5
1525.7,-51.3,-45.7
1525.8,-52.6,-45.8
1525.9,-55.4,-45.8
1526.0,-45.1,-45.3
1526.1,-43.2,-44.9
1526.2,-43.0,-44.9
1526.3,-41.5,-44.5
1526.4,-40.7,-43.9
1526.5,-41.5,-43.9
1526.6,-41.1,-43.7
1526.7,-42.0,-43.6
1526.8,-44.8,-43.5
1526.9,-38.6,-42.3
1527.0,-38.7,-42.2
1527.1,-37.7,-41.8
1527.2,-37.2,-41.6
1527.3,-38.3,-41.1
1527.4,-37.3,-40.7
1527.5,-36.9,-40.3
1527.6,-35.1,-39.6
1527.7,-36.1,-39.9
1527.8,-36.6,-40.0
1527.9,-36.6,-39.9
1528.0,-40.6,-40.0
1528.1,-39.6,-39.9
1528.2,-38.9,-39.7
1528.3,-38.3,-39.3
1528.4,-35.3,-38.6
1528.5,-35.2,-38.5
1528.6,-34.5,-38.1
1528.7,-35.3,-38.1
1528.8,-35.0,-37.4
1528.9,-33.2,-36.9
1529.0,-32.1,-36.3
1529.1,-31.6,-36.2
1529.2,-32.1,-35.9
1529.3,-33.0,-35.8
1529.4,-35.3,-35.9
1529.5,-36.1,-35.8
1529.6,-37.4,-35.7
1529.7,-38.5,-35.7
1529.8,-37.8,-35.6
1529.9,-38.3,-35.7
1530.0,-38.9,-35.7
1530.1,-38.9,-35.7
1530.2,-39.0,-35.7
1530.3,-39.8,-35.8
1530.4,-40.3,-35.9
1530.5,-42.2,-36.1
1530.6,-40.0,-36.2
1530.7,-37.2,-35.9
1530.8,-34.6,-35.6
1530.9,-33.7,-35.6
1531.0,-34.7,-35.6
1531.1,-36.2,-35.7
1531.2,-40.8,-35.7
1531.3,-57.6,-35.9
1531.4,-57.5,-36.3
1531.5,-57.1,-36.3
1531.6,-57.2,-36.6
1531.7,-57.2,-36.6
1531.8,-57.2,-37.1
1531.9,-56.8,-37.7
1532.0,-56.0,-38.6
1532.1,-55.6,-39.0
1532.2,-55.7,-39.5
1532.3,-56.0,-39.9
1532.4,-56.4,-40.1
1532.5,-53.5,-40.3
1532.6,-52.6,-40.5
1532.7,-51.0,-40.7
1532.8,-50.4,-41.1
1532.9,-51.1,-41.3
1533.0,-50.5,-41.4
1533.1,-51.6,-41.7
1533.2,-52.3,-42.1
1533.3,-53.1,-42.1
1533.4,-54.9,-42.2
1533.5,-51.5,-42.1
1533.6,-49.8,-43.0
1533.7,-49.5,-44.3
1533.8,-49.6,-48.0
1533.9,-51.9,-53.2
1534.0,-54.6,-53.1
1534.1,-55.2,-53.1
1534.2,-55.0,-53.0
1534.3,-54.9,-53.0
1534.4,-55.1,-53.0
1534.5,-55.2,-53.0
1534.6,-55.4,-52.9
1534.7,-55.3,-52.9
1534.8,-55.1,-52.9
1534.9,-55.5,-52.9
1535.0,-55.9,-52.9
1535.1,-56.7,-53.0
1535.2,-57.3,-53.0
1535.3,-57.6,-53.0
1535.4,-57.4,-53.0
1535.5,-57.0,-53.2
1535.6,-56.7,-53.4
1535.7,-56.4,-53.7
1535.8,-56.4,-53.8
1535.9,-56.4,-54.0
1536.0,-56.3,-54.3
1536.1,-56.2,-54.4
1536.2,-56.0,-54.3
1536.3,-55.8,-54.3
1536.4,-54.7,-54.3
1536.5,-54.1,-54.9
1536.6,-53.6,-55.4
1536.7,-53.5,-55.5
1536.8,-54.3,-55.5
1536.9,-55.3,-55.6
1537.0,-56.4,-55.7
1537.1,-57.3,-55.8
1537.2,-57.7,-55.8
1537.3,-57.6,-55.9
1537.4,-57.4,-55.9
1537.5,-57.0,-56.0
1537.6,-56.6,-56.0
1537.7,-56.6,-56.1
1537.8,-56.7,-56.1
1537.9,-56.9,-56.2
1538.0,-57.3,-56.2
1538.1,-57.5,-56.2
1538.2,-57.6,-56.2
1538.3,-54.2,-55.7
1538.4,-48.3,-53.8
1538.5,-43.3,-50.8
1538.6,-42.0,-49.8
1538.7,-42.1,-49.8
1538.8,-43.0,-49.8
1538.9,-47.4,-49.8
1539.0,-57.8,-49.8
1539.1,-58.8,-49.8
1539.2,-59.5,-49.8
1539.3,-59.9,-49.9
1539.4,-59.9,-49.9
1539.5,-59.9,-50.0
1539.6,-59.8,-50.0
1539.7,-59.6,-50.1
1539.8,-59.9,-50.1
1539.9,-38.7,-45.6
1540.0,-34.9,-42.8
1540.1,-32.5,-40.7
1540.2,-31.2,-39.6
1540.3,-31.2,-38.9
1540.4,-31.8,-38.5
1540.5,-33.4,-38.4
1540.6,-33.7,-37.8
1540.7,-35.3,-37.8
1540.8,-36.3,-37.6
1540.9,-36.4,-37.5
1541.0,-39.9,-37.5
1541.1,-40.4,-37.5
1541.2,-42.3,-37.5
1541.3,-45.9,-37.5
1541.4,-55.4,-37.5
1541.5,-57.4,-37.6
1541.6,-37.7,-37.1
1541.7,-28.2,-34.3
1541.8,-27.9,-34.1
1541.9,-27.2,-33.7
1542.0,-27.4,-33.6
1542.1,-32.6,-33.5
1542.2,-32.9,-33.4
1542.3,-34.7,-33.3
1542.4,-35.7,-33.2
1542.5,-36.7,-33.2
1542.6,-38.0,-33.2
1542.7,-45.8,-33.2
1542.8,-47.7,-33.2
1542.9,-46.1,-33.4
1543.0,-44.6,-33.6
1543.1,-43.4,-33.9
1543.2,-43.2,-34.2
1543.3,-43.1,-34.4
1543.4,-43.1,-34.5
1543.5,-43.5,-34.6
1543.6,-43.0,-34.8
1543.7,-37.3,-34.6
1543.8,-28.4,-32.9
1543.9,-26.0,-31.8
1544.0,-25.3,-31.5
1544.1,-24.1,-30.7
1544.2,-25.0,-30.3
1544.3,-26.2,-30.1
1544.4,-26.8,-30.1
1544.5,-29.0,-29.9
1544.6,-31.0,-29.9
1544.7,-32.5,-30.7
1544.8,-33.2,-30.8
1544.9,-35.3,-30.9
1545.0,-35.1,-30.9
1545.1,-21.3,-27.5
1545.2,-16.3,-24.1
1545.3,-14.4,-22.5
1545.4,-13.2,-21.4
1545.5,-12.8,-20.6
1545.6,-13.6,-20.1
1545.7,-14.4,-19.8
1545.8,-15.2,-19.5
1545.9,-16.3,-19.3
1546.0,-16.8,-19.0
1546.1,-17.0,-18.8
1546.2,-17.4,-18.7
1546.3,-17.2,-18.4
1546.4,-17.3,-18.3
1546.5,-17.1,-18.1
1546.6,-17.1,-17.9
1546.7,-17.6,-17.8
1546.8,-17.7,-17.7
1546.9,-18.5,-17.7
1547.0,-18.9,-17.6
1547.1,-19.6,-17.5
1547.2,-20.1,-17.5
1547.3,-20.0,-17.4
1547.4,-20.9,-17.4
1547.5,-21.4,-17.3
1547.6,-22.1,-17.3
1547.7,-22.6,-17.3
1547.8,-22.2,-17.2
1547.9,-22.1,-17.2
1548.0,-21.9,-17.1
1548.1,-22.3,-17.3
1548.2,-22.5,-17.8
1548.3,-22.1,-18.2
1548.4,-21.9,-18.6
1548.5,-22.0,-19.0
1548.6,-21.6,-19.3
1548.7,-21.9,-19.5
1548.8,-22.5,-19.7
1548.9,-22.5,-20.0
1549.0,-23.1,-20.2
1549.1,-23.2,-20.3
1549.2,-23.0,-20.5
1549.3,-23.4,-20.9
1549.4,-23.9,-21.1
1549.5,-23.8,-21.4
1549.6,-23.8,-21.6
1549.7,-22.9,-21.9
1549.8,-22.6,-22.1
1549.9,-23.0,-22.2
1550.0,-23.5,-22.4
1550.1,-24.7,-22.6
1550.2,-25.5,-22.8
1550.3,-25.5,-23.0
1550.4,-24.3,-22.9
1550.5,-23.9,-22.9
1550.6,-23.4,-23.0
1550.7,-23.1,-23.0
1550.8,-23.6,-23.1
1550.9,-24.0,-23.2
1551.0,-24.1,-23.3
1551.1,-24.7,-23.3
1551.2,-25.5,-23.4
1551.3,-25.4,-23.6
1551.4,-25.9,-23.8
1551.5,-25.7,-23.8
1551.6,-25.4,-24.0
1551.7,-25.7,-24.1
1551.8,-25.5,-24.2
1551.9,-25.8,-24.2
1552.0,-26.4,-24.4
1552.1,-26.4,-24.5
1552.2,-27.1,-24.7
1552.3,-27.5,-24.7
1552.4,-27.2,-24.7
1552.5,-27.5,-24.9
1552.6,-27.6,-25.1
1552.7,-28.2,-25.3
1552.8,-28.6,-25.5
1552.9,-28.7,-25.6
1553.0,-28.2,-25.7
1553.1,-26.9,-25.6
1553.2,-26.2,-25.6
1553.3,-24.2,-25.5
1553.4,-23.6,-25.6
1553.5,-23.8,-25.6
1553.6,-23.7,-25.7
1553.7,-23.8,-25.6
1553.8,-24.2,-25.7
1553.9,-23.6,-25.5
1554.0,-24.1,-25.6
1554.1,-25.5,-25.7
1554.2,-23.1,-25.3
1554.3,-23.6,-25.2
1554.4,-23.0,-25.2
1554.5,-22.1,-25.1
1554.6,-24.3,-25.1
1554.7,-24.5,-25.1
1554.8,-24.8,-25.1
1554.9,-25.5,-25.0
1555.0,-26.0,-25.1
1555.1,-26.8,-25.1
1555.2,-28.5,-25.2
1555.3,-31.1,-25.2
1555.4,-30.7,-25.3
1555.5,-30.9,-25.3
1555.6,-31.3,-25.4
1555.7,-33.1,-25.4
1555.8,-35.2,-25.5
1555.9,-36.0,-25.5
1556.0,-36.7,-25.6
1556.1,-36.2,-25.8
1556.2,-29.5,-25.8
1556.3,-28.1,-26.0
1556.4,-26.9,-26.1
1556.5,-26.5,-26.2
1556.6,-27.1,-26.3
1556.7,-26.1,-26.4
1556.8,-26.1,-26.5
1556.9,-26.4,-26.8
1557.0,-27.5,-26.9
1557.1,-30.6,-26.9
1557.2,-32.9,-27.8
1557.3,-33.0,-28.0
1557.4,-31.9,-28.3
1557.5,-31.3,-28.8
1557.6,-31.2,-29.0
1557.7,-31.0,-29.1
1557.8,-31.0,-29.4
1557.9,-30.2,-29.7
1558.0,-29.8,-29.7
1558.1,-29.6,-29.6
1558.2,-30.0,-29.6
1558.3,-30.5,-29.7
1558.4,-30.6,-29.7
1558.5,-30.6,-29.6
1558.6,-30.8,-29.6
1558.7,-31.3,-29.5
1558.8,-32.1,-29.5
1558.9,-32.8,-29.5
1559.0,-33.5,-29.5
1559.1,-33.7,-29.5
1559.2,-33.7,-29.9
1559.3,-29.6,-29.7
1559.4,-26.7,-29.4
1559.5,-25.9,-29.3
1559.6,-25.1,-29.3
1559.7,-25.5,-29.5
1559.8,-26.8,-29.6
1559.9,-27.3,-29.5
1560.0,-27.8,-29.4
1560.1,-28.5,-29.3
1560.2,-28.8,-29.2
1560.3,-29.4,-29.2
1560.4,-30.1,-29.2
1560.5,-30.9,-29.2
1560.6,-31.5,-29.2
1560.7,-31.3,-29.2
1560.8,-31.5,-29.2
1560.9,-31.3,-29.3
1561.0,-30.9,-29.3
1561.1,-30.5,-29.3
1561.2,-30.5,-29.3
1561.3,-30.7,-29.3
1561.4,-31.1,-29.4
1561.5,-31.5,-29.4
1561.6,-31.4,-29.4
1561.7,-31.8,-29.4
1561.8,-32.5,-29.4
1561.9,-33.2,-29.4
1562.0,-33.7,-29.4
1562.1,-34.1,-29.4
1562.2,-33.2,-29.4
1562.3,-30.2,-29.5
1562.4,-27.1,-29.5
1562.5,-26.2,-29.5
1562.6,-25.7,-29.6
1562.7,-22.6,-28.3
1562.8,-22.2,-27.8
1562.9,-21.7,-27.5
1563.0,-21.3,-27.3
1563.1,-23.5,-27.2
1563.2,-22.8,-26.6
1563.3,-22.0,-26.1
1563.4,-22.3,-26.0
1563.5,-22.0,-25.8
1563.6,-23.0,-25.6
1563.7,-25.2,-25.6
1563.8,-24.4,-25.3
1563.9,-23.9,-25.1
1564.0,-24.4,-25.0
1564.1,-24.6,-25.1
1564.2,-26.2,-25.1
1564.3,-29.0,-25.0
1564.4,-31.1,-25.0
1564.5,-31.5,-25.1
1564.6,-31.4,-25.1
1564.7,-31.2,-25.0
1564.8,-30.8,-25.0
1564.9,-30.6,-25.0
1565.0,-30.7,-25.0
1565.1,-31.0,-25.0
1565.2,-31.5,-25.0
1565.3,-31.5,-25.0
1565.4,-31.4,-25.2
1565.5,-31.6,-25.3
1565.6,-32.1,-25.4
1565.7,-32.9,-26.1
1565.8,-34.2,-26.5
1565.9,-35.2,-26.8
1566.0,-35.6,-27.1
1566.1,-34.5,-27.2
1566.2,-28.1,-27.5
1566.3,-27.8,-28.3
1566.4,-27.8,-28.5
1566.5,-28.2,-28.9
1566.6,-35.4,-29.4
1566.7,-39.3,-29.6
1566.8,-39.3,-30.3
1566.9,-34.1,-31.0
1567.0,-31.6,-31.3
1567.1,-30.4,-31.2
1567.2,-30.4,-31.4
1567.3,-32.0,-31.5
1567.4,-33.4,-31.5
1567.5,-24.8,-29.6
1567.6,-23.3,-29.0
1567.7,-23.3,-29.1
1567.8,-23.4,-29.2
1567.9,-28.2,-29.3
1568.0,-40.0,-29.4
1568.1,-41.5,-29.4
1568.2,-41.6,-29.5
1568.3,-30.7,-29.2
1568.4,-27.8,-28.9
1568.5,-24.3,-28.1
1568.6,-23.3,-27.8
1568.7,-24.1,-27.8
1568.8,-25.1,-27.8
1568.9,-29.7,-27.9
1569.0,-43.4,-27.9
1569.1,-44.2,-27.9
1569.2,-43.7,-28.4
1569.3,-43.6,-28.5
1569.4,-43.2,-28.5
1569.5,-36.0,-28.4
1569.6,-33.8,-28.4
1569.7,-32.0,-28.3
1569.8,-31.1,-28.2
1569.9,-31.3,-28.3
1570.0,-32.4,-28.4
1570.1,-34.6,-28.5
1570.2,-35.0,-28.5
1570.3,-30.4,-28.2
1570.4,-27.3,-27.9
1570.5,-26.8,-29.0
1570.6,-26.0,-29.5
1570.7,-27.1,-29.4
1570.8,-30.1,-29.4
1570.9,-31.3,-29.4
1571.0,-36.1,-29.4
1571.1,-43.0,-29.4
1571.2,-43.4,-29.4
1571.3,-39.1,-29.8
1571.4,-38.5,-30.2
1571.5,-38.1,-31.7
1571.6,-38.0,-32.6
1571.7,-40.7,-32.6
1571.8,-40.7,-32.6
1571.9,-37.7,-32.5
1572.0,-33.7,-32.2
1572.1,-28.8,-31.4
1572.2,-25.6,-30.4
1572.3,-24.8,-30.0
1572.4,-25.1,-30.0
1572.5,-26.5,-30.1
1572.6,-30.9,-30.1
1572.7,-35.8,-30.2
1572.8,-35.2,-30.3
1572.9,-33.9,-30.3
1573.0,-32.6,-30.1
1573.1,-31.8,-30.0
1573.2,-30.9,-30.0
1573.3,-30.9,-30.3
1573.4,-29.7,-30.6
1573.5,-29.4,-30.6
1573.6,-28.3,-30.6
1573.7,-27.1,-30.3
1573.8,-26.6,-29.9
1573.9,-25.8,-29.5
1574.0,-25.0,-29.0
1574.1,-23.9,-28.3
1574.2,-23.0,-27.7
1574.3,-22.0,-27.1
1574.4,-21.1,-26.4
1574.5,-20.5,-25.8
1574.6,-19.6,-25.1
1574.7,-19.2,-24.5
1574.8,-19.0,-24.0
1574.9,-18.5,-23.5
1575.0,-18.4,-23.0
1575.1,-17.9,-22.6
1575.2,-17.9,-22.4
1575.3,-17.7,-22.0
1575.4,-17.5,-21.6
1575.5,-17.4,-21.2
1575.6,-16.8,-20.7
1575.7,-16.6,-20.4
1575.8,-16.6,-20.1
1575.9,-16.8,-19.8
1576.0,-17.1,-19.6
1576.1,-17.3,-19.4
1576.2,-16.9,-19.1
1576.3,-16.9,-18.8
1576.4,-16.7,-18.6
1576.5,-17.1,-18.5
1576.6,-18.4,-18.5
1576.7,-19.4,-18.4
1576.8,-21.2,-18.4
1576.9,-22.0,-18.4
1577.0,-22.4,-18.4
1577.1,-22.3,-18.4
1577.2,-22.1,-18.4
1577.3,-22.1,-18.4
1577.4,-22.0,-18.4
1577.5,-22.2,-18.5
1577.6,-22.1,-18.6
1577.7,-22.1,-18.6
1577.8,-21.8,-18.7
1577.9,-21.4,-18.8
1578.0,-21.5,-18.9
1578.1,-21.7,-19.0
1578.2,-21.9,-19.1
1578.3,-22.0,-19.3
1578.4,-21.9,-19.4
1578.5,-21.7,-19.6
1578.6,-21.8,-19.9
1578.7,-22.1,-20.1
1578.8,-22.3,-20.3
1578.9,-22.6,-20.5
1579.0,-22.3,-20.7
1579.1,-22.2,-20.9
1579.2,-22.3,-21.3
1579.3,-22.0,-21.6
1579.4,-22.3,-21.9
1579.5,-22.8,-22.1
1579.6,-22.9,-22.2
1579.7,-22.8,-22.1
1579.8,-21.7,-22.0
1579.9,-21.2,-22.0
1580.0,-20.9,-21.9
1580.1,-20.8,-21.9
1580.2,-21.5,-21.9
1580.3,-21.6,-21.9
1580.4,-21.4,-21.8
1580.5,-21.8,-21.8
1580.6,-20.4,-21.6
1580.7,-20.4,-21.6
1580.8,-20.7,-21.7
1580.9,-20.8,-21.7
1581.0,-22.6,-21.8
1581.1,-22.4,-21.7
1581.2,-22.1,-21.7
1581.3,-21.8,-21.7
1581.4,-21.3,-21.7
1581.5,-21.1,-21.7
1581.6,-21.1,-21.6
1581.7,-21.1,-21.6
1581.8,-21.4,-21.6
1581.9,-21.5,-21.5
1582.0,-21.7,-21.5
1582.1,-21.8,-21.5
1582.2,-22.0,-21.5
1582.3,-22.4,-21.6
1582.4,-22.5,-21.6
1582.5,-22.4,-21.5
1582.6,-22.4,-21.5
1582.7,-22.4,-21.5
1582.8,-21.0,-21.5
1582.9,-21.3,-21.5
1583.0,-21.5,-21.6
1583.1,-21.5,-21.6
1583.2,-22.7,-21.6
1583.3,-21.4,-21.5
1583.4,-20.4,-21.4
1583.5,-20.2,-21.4
1583.6,-20.4,-21.6
1583.7,-20.9,-21.6
1583.8,-21.3,-21.5
1583.9,-21.1,-21.4
1584.0,-20.8,-21.4
1584.1,-21.0,-21.4
1584.2,-21.0,-21.4
1584.3,-20.7,-21.3
1584.4,-20.6,-21.3
1584.5,-19.9,-21.2
1584.6,-19.8,-21.2
1584.7,-19.8,-21.1
1584.8,-19.3,-20.9
1584.9,-18.8,-20.8
1585.0,-17.4,-20.4
1585.1,-16.3,-20.0
1585.2,-15.4,-19.6
1585.3,-15.0,-19.2
1585.4,-14.7,-18.9
1585.5,-14.7,-18.6
1585.6,-14.8,-18.3
1585.7,-14.5,-18.0
1585.8,-14.3,-17.7
1585.9,-13.8,-17.4
1586.0,-13.5,-17.1
1586.1,-13.5,-16.8
1586.2,-13.9,-16.7
1586.3,-14.0,-16.4
1586.4,-13.6,-16.1
1586.5,-13.5,-15.9
1586.6,-13.2,-15.7
1586.7,-13.5,-15.6
1586.8,-14.2,-15.5
1586.9,-14.8,-15.4
1587.0,-15.2,-15.3
1587.1,-15.4,-15.2
1587.2,-15.4,-15.1
1587.3,-15.3,-15.0
1587.4,-15.6,-14.9
1587.5,-15.9,-14.9
1587.6,-16.2,-14.8
1587.7,-16.2,-14.7
1587.8,-16.1,-14.7
1587.9,-16.1,-14.7
1588.0,-16.2,-14.7
1588.1,-16.7,-14.8
1588.2,-16.8,-14.8
1588.3,-17.0,-14.9
1588.4,-17.4,-15.0
1588.5,-17.8,-15.1
1588.6,-18.3,-15.2
1588.7,-18.5,-15.3
1588.8,-19.0,-15.5
1588.9,-19.3,-15.7
1589.0,-19.7,-15.9
1589.1,-20.2,-16.1
1589.2,-20.5,-16.2
1589.3,-20.9,-16.4
1589.4,-20.7,-16.7
1589.5,-21.1,-17.0
1589.6,-21.0,-17.3
1589.7,-21.0,-17.5
1589.8,-21.6,-17.7
1589.9,-21.9,-17.9
1590.0,-22.2,-18.1
1590.1,-21.8,-18.3
1590.2,-21.5,-18.5
1590.3,-21.4,-18.8
1590.4,-21.4,-18.9
1590.5,-21.8,-19.1
1590.6,-22.0,-19.3
1590.7,-22.0,-19.6
1590.8,-21.4,-19.8
1590.9,-21.0,-19.9
1591.0,-20.7,-20.1
1591.1,-20.4,-20.3
1591.2,-20.6,-20.5
1591.3,-20.5,-20.6
1591.4,-20.5,-20.7
1591.5,-20.0,-20.7
1591.6,-19.6,-20.7
1591.7,-19.1,-20.7
1591.8,-18.5,-20.6
1591.9,-18.7,-20.6
1592.0,-19.0,-20.6
1592.1,-19.5,-20.6
1592.2,-19.8,-20.5
1592.3,-19.8,-20.5
1592.4,-19.4,-20.4
1592.5,-19.2,-20.4
1592.6,-19.5,-20.3
1592.7,-19.8,-20.3
1592.8,-20.3,-20.3
1592.9,-19.4,-20.1
1593.0,-19.1,-20.0
1593.1,-19.2,-20.0
1593.2,-19.9,-20.1
1593.3,-22.1,-20.1
1593.4,-24.5,-20.2
1593.5,-25.5,-20.2
1593.6,-25.1,-20.3
1593.7,-25.0,-20.3
1593.8,-24.3,-20.4
1593.9,-23.9,-20.4
1594.0,-23.7,-20.5
1594.1,-23.1,-20.6
1594.2,-22.9,-20.6
1594.3,-23.3,-20.7
1594.4,-23.7,-20.8
1594.5,-24.1,-21.0
1594.6,-24.4,-21.1
1594.7,-24.2,-21.4
1594.8,-23.2,-21.5
1594.9,-23.3,-21.7
1595.0,-23.3,-21.8
1595.1,-23.4,-21.9
1595.2,-23.5,-22.1
1595.3,-23.5,-22.2
1595.4,-23.8,-22.5
1595.5,-23.9,-22.7
1595.6,-24.2,-22.8
1595.7,-24.2,-22.9
1595.8,-24.4,-23.1
1595.9,-24.8,-23.7
1596.0,-25.7,-24.0
1596.1,-26.1,-24.2
1596.2,-24.8,-24.1
1596.3,-23.7,-23.9
1596.4,-22.3,-23.7
1596.5,-21.9,-23.7
1596.6,-22.3,-23.7
1596.7,-22.4,-23.6
1596.8,-23.4,-23.6
1596.9,-23.2,-23.6
1597.0,-22.7,-23.5
1597.1,-21.7,-23.3
1597.2,-21.4,-23.3
1597.3,-21.6,-23.3
1597.4,-21.6,-23.2
1597.5,-22.9,-23.2
1597.6,-23.0,-23.1
1597.7,-23.2,-23.2
1597.8,-23.4,-23.2
1597.9,-24.2,-23.3
1598.0,-25.2,-23.3
1598.1,-26.3,-23.4
1598.2,-27.7,-23.6
1598.3,-26.7,-23.6
1598.4,-26.3,-23.6
1598.5,-25.4,-23.6
1598.6,-25.5,-23.7
1598.7,-26.1,-23.8
1598.8,-26.4,-23.8
1598.9,-26.9,-23.8
1599.0,-26.5,-23.7
1599.1,-26.3,-23.8
1599.2,-25.6,-23.8
1599.3,-25.9,-24.0
1599.4,-25.6,-24.2
1599.5,-25.7,-24.3
1599.6,-26.7,-24.4
1599.7,-26.6,-24.5
1599.8,-27.1,-24.6
1599.9,-27.4,-24.8
1600.0,-27.7,-25.0
1600.1,-28.5,-25.5
1600.2,-29.8,-25.8
1600.3,-30.5,-26.1
1600.4,-30.4,-26.3
1600.5,-30.3,-26.5
1600.6,-29.9,-26.8
1600.7,-30.0,-27.0
1600.8,-31.3,-27.4
1600.9,-32.4,-27.5
1601.0,-34.0,-27.6
1601.1,-35.6,-27.7
1601.2,-36.0,-27.8
1601.3,-36.5,-28.1
1601.4,-35.9,-28.3
1601.5,-36.1,-28.7
1601.6,-36.5,-28.9
1601.7,-37.3,-29.1
1601.8,-39.3,-29.3
1601.9,-40.2,-29.6
1602.0,-41.1,-30.0
1602.1,-41.8,-30.3
1602.2,-41.8,-30.9
1602.3,-41.9,-31.2
1602.4,-41.9,-31.8
1602.5,-42.3,-32.3
1602.6,-43.0,-32.7
1602.7,-42.4,-33.3
1602.8,-42.1,-34.0
1602.9,-41.8,-34.5
1603.0,-41.9,-35.0
1603.1,-42.4,-35.5
1603.2,-43.2,-35.7
1603.3,-43.6,-36.2
1603.4,-43.6,-37.0
1603.5,-43.9,-37.8
1603.6,-44.1,-38.7
1603.7,-43.9,-39.4
1603.8,-44.0,-39.8
1603.9,-43.9,-40.3
1604.0,-43.3,-40.6
1604.1,-43.6,-40.8
1604.2,-43.7,-41.1
1604.3,-43.8,-41.6
1604.4,-44.3,-42.3
1604.5,-44.2,-42.5
1604.6,-44.1,-42.8
1604.7,-43.5,-42.9
1604.8,-43.1,-43.0
1604.9,-42.7,-43.0
1605.0,-42.7,-43.1
1605.1,-42.8,-43.1
1605.2,-42.9,-43.2
1605.3,-43.2,-43.2
1605.4,-42.9,-43.2
1605.5,-42.7,-43.2
1605.6,-37.9,-42.0
1605.7,-34.6,-40.6
1605.8,-31.0,-38.4
1605.9,-28.9,-36.7
1606.0,-28.7,-36.3
1606.1,-29.3,-36.2
1606.2,-31.2,-36.2
1606.3,-36.1,-36.2
1606.4,-41.0,-36.2
1606.5,-42.1,-36.2
1606.6,-40.2,-36.1
1606.7,-38.4,-36.0
1606.8,-37.2,-35.9
1606.9,-33.4,-35.3
1607.0,-33.0,-35.1
1607.1,-32.4,-34.9
1607.2,-31.2,-34.5
1607.3,-30.9,-34.0
1607.4,-30.9,-33.9
1607.5,-30.8,-33.7
1607.6,-32.0,-33.6
1607.7,-34.7,-33.6
1607.8,-35.7,-33.6
1607.9,-38.5,-33.6
1608.0,-39.6,-33.5
1608.1,-40.6,-33.6
1608.2,-43.3,-33.6
1608.3,-43.6,-33.6
1608.4,-43.6,-33.6
1608.5,-43.8,-33.6
1608.6,-43.4,-33.7
1608.7,-42.4,-34.0
1608.8,-41.9,-34.6
1608.9,-41.4,-35.6
1609.0,-41.7,-36.0
1609.1,-42.4,-36.0
1609.2,-43.2,-36.0
1609.3,-43.9,-36.0
1609.4,-43.5,-36.0
1609.5,-43.3,-36.0
1609.6,-43.0,-36.1
1609.7,-42.7,-36.3
1609.8,-41.4,-36.3
1609.9,-39.9,-36.9
1610.0,-38.2,-37.1
1610.1,-37.2,-37.3
1610.2,-37.5,-38.1
1610.3,-38.1,-39.4
1610.4,-39.4,-39.9
1610.5,-39.3,-40.4
1610.6,-38.8,-40.5
1610.7,-37.9,-40.4
1610.8,-36.9,-40.3
1610.9,-36.5,-39.9
1611.0,-36.3,-39.7
1611.1,-37.1,-39.8
1611.2,-38.6,-39.8
1611.3,-41.2,-39.8
1611.4,-43.9,-39.8
1611.5,-43.5,-39.7
1611.6,-42.2,-39.7
1611.7,-41.6,-39.7
1611.8,-39.3,-39.5
1611.9,-37.6,-39.2
1612.0,-37.5,-39.1
1612.1,-36.7,-38.9
1612.2,-37.1,-38.8
1612.3,-38.7,-38.8
1612.4,-37.5,-38.5
1612.5,-38.4,-38.5
1612.6,-38.7,-38.4
1612.7,-37.9,-38.3
1612.8,-39.5,-38.4
1612.9,-39.8,-38.5
1613.0,-39.7,-38.6
1613.1,-40.4,-38.7
1613.2,-40.3,-38.7
1613.3,-39.7,-38.7
1613.4,-40.4,-38.7
1613.5,-40.5,-38.9
1613.6,-40.6,-38.9
1613.7,-40.8,-39.0
1613.8,-39.6,-39.1
1613.9,-39.4,-39.4
1614.0,-39.1,-39.5
1614.1,-37.2,-39.0
1614.2,-36.9,-38.8
1614.3,-36.4,-38.7
1614.4,-36.6,-38.6
1614.5,-38.1,-38.5
1614.6,-38.7,-38.5
1614.7,-39.0,-38.4
1614.8,-39.3,-38.6
1614.9,-39.4,-38.8
1615.0,-39.7,-38.8
1615.1,-41.0,-39.0
1615.2,-39.9,-39.0
1615.3,-40.5,-39.0
1615.4,-41.2,-39.3
1615.5,-40.0,-39.2
1615.6,-40.9,-39.3
1615.7,-41.7,-39.4
1615.8,-42.0,-39.5
1615.9,-44.8,-39.6
1616.0,-46.2,-39.7
1616.1,-46.4,-39.8
1616.2,-46.4,-39.9
1616.3,-46.2,-40.1
1616.4,-46.2,-40.1
1616.5,-46.2,-40.2
1616.6,-46.5,-40.3
1616.7,-44.0,-40.3
1616.8,-40.8,-40.3
1616.9,-35.2,-39.2
1617.0,-33.2,-38.5
1617.1,-32.5,-38.5
1617.2,-32.4,-38.4
1617.3,-33.5,-38.3
1617.4,-35.3,-38.2
1617.5,-36.5,-38.2
1617.6,-37.0,-38.2
1617.7,-37.7,-38.1
1617.8,-38.4,-38.1
1617.9,-39.5,-38.2
1618.0,-41.0,-38.3
1618.1,-45.4,-38.3
1618.2,-46.8,-38.4
1618.3,-47.1,-38.5
1618.4,-49.5,-38.5
1618.5,-50.4,-38.7
1618.6,-49.9,-38.7
1618.7,-49.0,-38.7
1618.8,-48.5,-38.7
1618.9,-48.4,-38.8
1619.0,-48.8,-38.8
1619.1,-49.6,-38.8
1619.2,-49.9,-38.8
1619.3,-50.2,-38.8
1619.4,-49.9,-38.8
1619.5,-50.1,-38.8
1619.6,-49.9,-38.9
1619.7,-49.6,-38.9
1619.8,-46.7,-39.1
1619.9,-40.5,-39.9
1620.0,-39.0,-40.8
1620.1,-38.1,-41.4
1620.2,-37.2,-41.5
1620.3,-38.4,-42.0
1620.4,-39.1,-42.2
1620.5,-39.7,-42.4
1620.6,-41.9,-42.8
1620.7,-42.2,-43.2
1620.8,-42.9,-43.2
1620.9,-43.1,-43.1
1621.0,-41.9,-42.9
1621.1,-42.9,-42.9
1621.2,-43.4,-42.9
1621.3,-44.2,-42.8
1621.4,-46.9,-42.8
1621.5,-48.2,-42.8
1621.6,-48.5,-42.8
1621.7,-48.7,-42.8
1621.8,-48.8,-42.8
1621.9,-48.3,-42.8
1622.0,-48.1,-42.8
1622.1,-48.0,-42.8
1622.2,-47.8,-42.8
1622.3,-47.9,-42.7
1622.4,-47.5,-42.7
1622.5,-46.0,-42.6
1622.6,-46.0,-42.6
1622.7,-45.1,-42.5
1622.8,-44.9,-42.6
1622.9,-45.5,-43.3
1623.0,-45.6,-43.8
1623.1,-45.6,-44.1
1623.2,-45.6,-44.8
1623.3,-46.3,-45.2
1623.4,-46.1,-45.5
1623.5,-45.7,-45.5
1623.6,-42.6,-45.0
1623.7,-42.4,-45.2
1623.8,-42.4,-45.4
1623.9,-41.4,-45.1
1624.0,-41.9,-45.0
1624.1,-40.4,-44.5
1624.2,-38.9,-44.0
1624.3,-39.8,-44.0
1624.4,-40.8,-43.9
1624.5,-42.4,-43.9
1624.6,-46.4,-43.8
1624.7,-46.4,-43.8
1624.8,-46.6,-43.8
1624.9,-46.9,-43.8
1625.0,-47.5,-43.8
1625.1,-47.7,-43.8
1625.2,-47.5,-43.8
1625.3,-46.6,-43.7
1625.4,-45.8,-43.7
1625.5,-36.8,-41.8
1625.6,-36.3,-41.6
1625.7,-36.4,-41.6
1625.8,-36.4,-41.6
1625.9,-43.3,-41.6
1626.0,-46.0,-41.6
1626.1,-44.8,-41.6
1626.2,-44.8,-41.6
1626.3,-44.9,-41.5
1626.4,-44.5,-41.5
1626.5,-45.7,-41.6
1626.6,-42.3,-41.5
1626.7,-39.3,-41.1
1626.8,-39.3,-41.0
1626.9,-35.5,-40.1
1627.0,-35.3,-40.0
1627.1,-36.2,-40.1
1627.2,-36.1,-40.3
1627.3,-41.0,-40.2
1627.4,-44.1,-40.2
1627.5,-45.3,-40.3
1627.6,-46.6,-40.3
1627.7,-46.6,-40.3
1627.8,-45.1,-40.2
1627.9,-44.8,-40.2
1628.0,-45.2,-40.2
1628.1,-45.0,-40.2
1628.2,-46.0,-40.1
1628.3,-46.0,-40.2
1628.4,-45.4,-40.2
1628.5,-45.6,-41.4
1628.6,-46.2,-41.6
1628.7,-46.2,-41.6
1628.8,-46.8,-41.6
1628.9,-47.1,-41.7
1629.0,-46.8,-41.7
1629.1,-46.9,-41.7
1629.2,-47.0,-41.7
1629.3,-45.8,-41.7
1629.4,-44.6,-41.7
1629.5,-42.2,-41.5
1629.6,-40.5,-41.5
1629.7,-39.0,-41.6
1629.8,-37.7,-41.3
1629.9,-36.4,-41.9
1630.0,-35.0,-41.3
1630.1,-34.2,-40.6
1630.2,-33.5,-39.9
1630.3,-33.3,-39.4
1630.4,-33.4,-38.9
1630.5,-33.1,-38.3
1630.6,-33.1,-37.9
1630.7,-32.2,-37.1
1630.8,-30.9,-36.3
1630.9,-29.5,-35.3
1631.0,-28.7,-34.7
1631.1,-28.7,-34.3
1631.2,-29.2,-34.1
1631.3,-30.9,-34.0
1631.4,-32.4,-33.8
1631.5,-33.9,-33.8
1631.6,-35.0,-33.7
1631.7,-35.6,-33.6
1631.8,-36.8,-33.6
1631.9,-36.9,-33.5
1632.0,-37.4,-33.5
1632.1,-37.4,-33.4
1632.2,-37.6,-33.4
1632.3,-38.3,-33.4
1632.4,-38.0,-33.3
1632.5,-38.6,-33.3
1632.6,-38.9,-33.3
1632.7,-38.9,-33.4
1632.8,-39.9,-33.4
1632.9,-40.5,-33.5
1633.0,-41.4,-33.6
1633.1,-41.6,-33.8
1633.2,-38.1,-33.8
1633.3,-36.9,-33.9
1633.4,-35.1,-33.8
1633.5,-35.1,-34.0
1633.6,-36.5,-34.2
1633.7,-37.5,-34.5
1633.8,-39.2,-34.9
1633.9,-37.7,-35.7
1634.0,-37.1,-36.4
1634.1,-36.7,-36.9
1634.2,-37.1,-37.3
1634.3,-38.1,-37.4
1634.4,-39.4,-37.8
1634.5,-40.6,-38.0
1634.6,-43.0,-38.2
1634.7,-46.1,-38.3
1634.8,-46.3,-38.5
1634.9,-46.8,-38.7
1635.0,-47.0,-38.8
1635.1,-42.7,-38.9
1635.2,-38.9,-38.7
1635.3,-37.4,-38.5
1635.4,-37.0,-38.6
1635.5,-37.6,-38.7
1635.6,-40.2,-38.8
1635.7,-42.9,-38.9
1635.8,-36.3,-38.1
1635.9,-34.3,-37.6
1636.0,-34.2,-37.6
1636.1,-34.3,-37.7
1636.2,-37.7,-38.0
1636.3,-45.6,-38.3
1636.4,-46.0,-38.7
1636.5,-41.6,-38.6
1636.6,-40.4,-38.6
1636.7,-39.7,-38.6
1636.8,-39.3,-38.7
1636.9,-40.4,-38.9
1637.0,-40.7,-39.1
1637.1,-41.4,-39.2
1637.2,-42.2,-39.4
1637.3,-44.0,-39.5
1637.4,-46.0,-39.5
1637.5,-46.1,-39.5
1637.6,-46.7,-39.5
1637.7,-47.2,-39.5
1637.8,-47.4,-39.5
1637.9,-47.8,-39.5
1638.0,-47.7,-39.5
1638.1,-47.3,-39.7
1638.2,-47.7,-40.2
1638.3,-47.8,-40.5
1638.4,-48.1,-40.6
1638.5,-48.2,-40.7
1638.6,-47.6,-40.7
1638.7,-47.8,-40.7
1638.8,-48.1,-42.4
1638.9,-48.5,-44.2
1639.0,-48.9,-44.3
1639.1,-48.6,-44.3
1639.2,-47.5,-44.3
1639.3,-47.2,-44.3
1639.4,-46.7,-44.4
1639.5,-45.7,-45.1
1639.6,-46.1,-45.5
1639.7,-46.0,-45.8
1639.8,-46.2,-46.1
1639.9,-47.0,-46.6
1640.0,-46.6,-47.1
1640.1,-46.5,-47.1
1640.2,-46.5,-47.1
1640.3,-44.9,-46.8
1640.4,-43.3,-46.5
1640.5,-42.7,-46.3
1640.6,-42.7,-46.3
1640.7,-43.8,-46.3
1640.8,-45.8,-46.3
1640.9,-47.3,-46.2
1641.0,-46.9,-46.2
1641.1,-46.2,-46.1
1641.2,-46.1,-46.1
1641.3,-46.4,-46.1
1641.4,-47.0,-46.1
1641.5,-47.4,-46.1
1641.6,-47.4,-46.1
1641.7,-47.2,-46.0
1641.8,-47.3,-46.0
1641.9,-47.6,-46.0
1642.0,-48.0,-46.0
1642.1,-47.7,-46.0
1642.2,-47.5,-46.0
1642.3,-46.8,-45.9
1642.4,-46.3,-46.0
1642.5,-45.2,-45.9
1642.6,-43.3,-45.5
1642.7,-40.5,-44.7
1642.8,-38.4,-43.8
1642.9,-37.6,-43.3
1643.0,-37.4,-43.1
1643.1,-38.0,-42.8
1643.2,-39.1,-42.6
1643.3,-40.3,-42.6
1643.4,-41.2,-42.7
1643.5,-42.3,-42.8
1643.6,-43.7,-42.7
1643.7,-44.1,-42.7
1643.8,-44.4,-42.6
1643.9,-44.6,-42.6
1644.0,-44.8,-42.6
1644.1,-45.2,-42.6
1644.2,-45.2,-42.6
1644.3,-44.8,-42.5
1644.4,-44.2,-42.4
1644.5,-44.0,-42.4
1644.6,-43.8,-42.3
1644.7,-44.0,-42.3
1644.8,-44.5,-42.3
1644.9,-44.6,-42.2
1645.0,-44.5,-42.1
1645.1,-44.6,-42.1
1645.2,-44.4,-42.1
1645.3,-44.5,-42.1
1645.4,-44.8,-42.1
1645.5,-44.8,-42.1
1645.6,-44.9,-42.2
1645.7,-45.2,-42.6
1645.8,-45.4,-43.3
1645.9,-46.0,-43.8
1646.0,-46.5,-44.1
1646.1,-47.1,-44.5
1646.2,-47.1,-44.8
1646.3,-47.4,-45.0
1646.4,-47.7,-45.1
1646.5,-47.6,-45.2
1646.6,-47.8,-45.3
1646.7,-47.7,-45.4
1646.8,-47.1,-45.4
1646.9,-46.8,-45.5
1647.0,-46.8,-45.5
1647.1,-46.3,-45.5
1647.2,-46.6,-45.6
1647.3,-46.9,-45.7
1647.4,-46.9,-45.9
1647.5,-46.9,-46.0
1647.6,-47.0,-46.1
1647.7,-47.3,-46.2
1647.8,-47.2,-46.3
1647.9,-47.6,-46.4
1648.0,-47.4,-46.5
1648.1,-47.0,-46.6
1648.2,-47.0,-46.7
1648.3,-47.0,-46.8
1648.4,-47.2,-46.9
1648.5,-47.6,-47.0
1648.6,-47.9,-47.1
1648.7,-47.8,-47.2
1648.8,-48.2,-47.3
1648.9,-48.2,-47.3
1649.0,-48.7,-47.4
1649.1,-49.3,-47.5
1649.2,-49.4,-47.5
1649.3,-49.6,-47.5
1649.4,-49.4,-47.6
1649.5,-49.4,-47.6
1649.6,-49.6,-47.7
1649.7,-49.6,-47.7
1649.8,-49.1,-47.8
1649.9,-48.7,-47.9
1650.0,-44.2,-47.2
1650.1,-38.8,-45.1
1650.2,-38.1,-44.6
1650.3,-37.5,-44.3
1650.4,-38.0,-44.2
1650.5,-40.4,-43.9
1650.6,-40.6,-43.6
1650.7,-40.9,-43.4
1650.8,-40.4,-43.3
1650.9,-41.7,-43.3
1651.0,-39.4,-42.5
1651.1,-38.4,-42.1
1651.2,-38.2,-41.9
1651.3,-38.2,-41.9
1651.4,-40.8,-41.9
1651.5,-44.0,-41.9
1651.6,-47.1,-41.9
1651.7,-47.8,-41.9
1651.8,-47.7,-41.9
1651.9,-49.6,-41.9
1652.0,-49.0,-41.9
1652.1,-48.9,-41.9
1652.2,-49.1,-41.9
1652.3,-47.9,-41.8
1652.4,-48.2,-41.8
1652.5,-48.4,-41.8
1652.6,-48.3,-41.8
1652.7,-49.9,-41.9
1652.8,-50.7,-41.9
1652.9,-50.5,-41.9
1653.0,-50.4,-42.1
1653.1,-42.0,-42.5
1653.2,-36.8,-41.4
1653.3,-34.6,-40.6
1653.4,-32.7,-39.5
1653.5,-32.6,-39.3
1653.6,-33.9,-39.4
1653.7,-35.6,-39.5
1653.8,-40.6,-39.5
1653.9,-43.0,-39.4
1654.0,-42.9,-39.7
1654.1,-37.4,-39.3
1654.2,-34.6,-38.6
1654.3,-34.7,-38.6
1654.4,-34.7,-38.5
1654.5,-36.8,-38.5
1654.6,-43.1,-38.5
1654.7,-43.3,-38.4
1654.8,-40.4,-38.2
1654.9,-38.7,-38.0
1655.0,-38.7,-38.0
1655.1,-38.9,-38.0
1655.2,-41.2,-38.0
1655.3,-44.6,-38.0
1655.4,-46.0,-38.0
1655.5,-45.4,-37.9
1655.6,-36.1,-37.2
1655.7,-35.0,-37.0
1655.8,-34.9,-37.0
1655.9,-34.3,-36.8
1656.0,-37.4,-36.7
1656.1,-38.1,-36.7
1656.2,-37.5,-37.0
1656.3,-38.0,-37.4
1656.4,-38.8,-38.0
1656.5,-40.8,-38.2
1656.6,-43.0,-38.3
1656.7,-47.8,-38.3
1656.8,-50.1,-38.3
1656.9,-45.4,-38.3
1657.0,-38.8,-38.0
1657.1,-34.9,-37.8
1657.2,-34.3,-38.2
1657.3,-34.1,-38.1
1657.4,-34.8,-38.0
1657.5,-37.5,-37.9
1657.6,-37.9,-37.8
1657.7,-38.4,-37.8
1657.8,-39.4,-37.9
1657.9,-40.1,-38.0
1658.0,-41.1,-38.0
1658.1,-42.2,-38.0
1658.2,-43.5,-38.0
1658.3,-45.9,-38.0
1658.4,-48.4,-38.0
1658.5,-49.7,-38.1
1658.6,-50.1,-39.0
1658.7,-50.1,-39.3
1658.8,-50.3,-39.4
1658.9,-50.8,-39.7
1659.0,-51.1,-39.9
1659.1,-51.6,-40.1
1659.2,-51.4,-40.3
1659.3,-50.9,-40.5
1659.4,-50.7,-40.6
1659.5,-50.6,-40.6
1659.6,-50.8,-40.6
1659.7,-51.4,-40.6
1659.8,-51.3,-40.6
1659.9,-50.9,-40.7
1660.0,-50.8,-41.5
1660.1,-50.3,-43.5
1660.2,-50.3,-44.1
1660.3,-50.4,-44.7
1660.4,-50.4,-45.6
1660.5,-50.5,-46.4
1660.6,-50.6,-47.3
1660.7,-51.0,-48.1
1660.8,-51.3,-48.8
1660.9,-51.5,-49.7
1661.0,-52.0,-50.5
1661.1,-52.0,-50.8
1661.2,-52.1,-50.9
1661.3,-51.9,-50.9
1661.4,-46.2,-49.9
1661.5,-44.6,-49.4
1661.6,-32.6,-40.9
1661.7,-30.7,-39.2
1661.8,-30.6,-39.0
1661.9,-30.7,-39.0
1662.0,-34.4,-38.9
1662.1,-41.1,-38.9
1662.2,-40.2,-38.6
1662.3,-34.7,-37.7
1662.4,-33.8,-37.4
1662.5,-33.3,-37.2
1662.6,-33.4,-37.1
1662.7,-36.6,-37.1
1662.8,-38.4,-37.0
1662.9,-39.7,-36.9
1663.0,-40.5,-36.8
1663.1,-40.4,-36.8
1663.2,-41.4,-36.8
1663.3,-44.2,-36.8
1663.4,-45.7,-36.8
1663.5,-47.4,-36.8
1663.6,-49.7,-36.8
1663.7,-50.4,-36.8
1663.8,-50.5,-36.8
1663.9,-47.0,-36.8
1664.0,-45.0,-36.7
1664.1,-43.6,-36.7
1664.2,-43.1,-36.7
1664.3,-44.3,-36.7
1664.4,-45.9,-36.7
1664.5,-48.9,-36.8
1664.6,-51.1,-38.5
1664.7,-51.3,-39.9
1664.8,-51.2,-40.1
1664.9,-51.1,-40.1
1665.0,-50.7,-40.2
1665.1,-50.6,-40.3
1665.2,-50.2,-40.6
1665.3,-50.4,-42.7
1665.4,-50.5,-43.9
1665.5,-50.7,-45.1
1665.6,-48.3,-45.5
1665.7,-47.1,-45.6
1665.8,-47.0,-46.2
1665.9,-46.8,-47.1
1666.0,-48.4,-47.5
1666.1,-50.2,-47.8
1666.2,-50.6,-48.0
1666.3,-51.0,-48.1
1666.4,-51.4,-48.1
1666.5,-51.6,-48.2
1666.6,-51.6,-48.2
1666.7,-51.4,-48.2
1666.8,-51.4,-48.2
1666.9,-51.1,-48.7
1667.0,-51.4,-49.2
1667.1,-51.1,-49.8
1667.2,-50.9,-50.1
1667.3,-50.6,-50.1
1667.4,-50.7,-50.1
1667.5,-50.5,-50.1
1667.6,-50.3,-50.1
1667.7,-50.5,-50.0
1667.8,-50.7,-50.0
1667.9,-51.0,-50.1
1668.0,-51.3,-50.1
1668.1,-43.4,-48.3
1668.2,-39.0,-46.0
1668.3,-38.9,-45.9
1668.4,-37.5,-44.9
1668.5,-38.1,-44.6
1668.6,-40.8,-44.6
1668.7,-40.8,-44.6
1668.8,-43.8,-44.6
1668.9,-45.1,-44.4
1669.0,-45.1,-44.4
1669.1,-45.3,-44.3
1669.2,-46.3,-44.3
1669.3,-47.4,-44.3
1669.4,-48.7,-44.3
1669.5,-49.2,-44.2
1669.6,-49.4,-44.2
1669.7,-49.6,-44.2
1669.8,-46.4,-44.0
1669.9,-37.1,-42.0
1670.0,-36.0,-41.5
1670.1,-36.0,-41.5
1670.2,-36.2,-41.5
1670.3,-41.4,-41.5
1670.4,-47.9,-41.5
1670.5,-47.7,-41.5
1670.6,-47.3,-41.4
1670.7,-46.9,-41.4
1670.8,-47.1,-41.4
1670.9,-46.6,-41.3
1671.0,-46.5,-41.3
1671.1,-46.6,-41.6
1671.2,-46.3,-42.3
1671.3,-46.4,-42.3
1671.4,-45.9,-42.7
1671.5,-45.5,-42.8
1671.6,-45.3,-42.8
1671.7,-45.4,-42.8
1671.8,-45.3,-42.8
1671.9,-45.4,-42.9
1672.0,-45.4,-42.9
1672.1,-45.3,-42.8
1672.2,-45.4,-42.8
1672.3,-45.5,-42.7
1672.4,-45.7,-42.7
1672.5,-45.8,-42.7
1672.6,-46.4,-42.6
1672.7,-46.5,-42.6
1672.8,-46.5,-42.7
1672.9,-46.9,-45.1
1673.0,-46.7,-46.3
1673.1,-46.5,-46.2
1673.2,-46.6,-46.2
1673.3,-46.3,-46.1
1673.4,-46.3,-46.1
1673.5,-46.5,-46.1
1673.6,-46.0,-46.0
1673.7,-46.1,-46.0
1673.8,-46.2,-46.0
1673.9,-46.4,-46.1
1674.0,-47.0,-46.1
1674.1,-46.9,-46.1
1674.2,-46.6,-46.0
1674.3,-46.1,-46.0
1674.4,-46.0,-46.1
1674.5,-45.7,-46.1
1674.6,-45.8,-46.1
1674.7,-46.0,-46.1
1674.8,-44.6,-46.0
1674.9,-42.3,-45.5
1675.0,-42.4,-45.5
1675.1,-42.1,-45.4
1675.2,-42.5,-45.4
1675.3,-44.7,-45.3
1675.4,-44.4,-45.3
1675.5,-44.9,-45.3
1675.6,-45.5,-45.3
1675.7,-46.0,-45.3
1675.8,-46.5,-45.3
1675.9,-46.2,-45.2
1676.0,-38.0,-43.2
1676.1,-36.1,-42.3
1676.2,-34.3,-41.2
1676.3,-34.0,-41.0
1676.4,-34.0,-40.1
1676.5,-33.1,-39.2
1676.6,-34.0,-39.0
1676.7,-34.2,-39.0
1676.8,-35.9,-38.9
1676.9,-40.1,-38.8
1677.0,-41.5,-38.8
1677.1,-38.6,-38.5
1677.2,-37.0,-38.2
1677.3,-35.4,-37.8
1677.4,-34.2,-37.4
1677.5,-34.2,-37.2
1677.6,-34.7,-37.1
1677.7,-36.3,-37.1
1677.8,-38.7,-37.1
1677.9,-41.7,-37.2
1678.0,-44.2,-37.2
1678.1,-44.2,-37.2
1678.2,-44.4,-37.2
1678.3,-44.6,-37.2
1678.4,-45.0,-37.2
1678.5,-45.6,-37.2
1678.6,-46.0,-37.2
1678.7,-45.3,-37.2
1678.8,-45.2,-37.2
1678.9,-45.5,-37.2
1679.0,-45.5,-37.6
1679.1,-46.4,-37.9
1679.2,-46.3,-38.4
1679.3,-45.2,-38.5
1679.4,-45.1,-39.1
1679.5,-44.7,-39.9
1679.6,-44.3,-40.1
1679.7,-45.1,-40.2
1679.8,-45.5,-40.3
1679.9,-46.2,-40.4
1680.0,-47.4,-40.5
1680.1,-46.8,-40.9
1680.2,-46.3,-41.5
1680.3,-46.8,-42.5
1680.4,-46.9,-43.8
1680.5,-47.7,-44.9
1680.6,-48.4,-45.6
1680.7,-48.7,-45.8
1680.8,-49.0,-45.9
1680.9,-49.0,-46.1
1681.0,-49.1,-46.2
1681.1,-49.0,-46.4
1681.2,-49.4,-46.5
1681.3,-49.5,-46.7
1681.4,-50.3,-46.8
1681.5,-50.9,-46.9
1681.6,-51.2,-47.0
1681.7,-52.1,-47.3
1681.8,-51.6,-47.5
1681.9,-51.7,-47.5
1682.0,-52.0,-47.7
1682.1,-51.9,-47.9
1682.2,-52.1,-48.1
1682.3,-51.3,-48.4
1682.4,-50.9,-48.5
1682.5,-50.7,-48.9
1682.6,-47.8,-48.9
1682.7,-43.3,-47.8
1682.8,-41.2,-46.9
1682.9,-39.9,-46.3
1683.0,-39.2,-45.7
1683.1,-39.4,-45.3
1683.2,-39.5,-44.9
1683.3,-39.5,-44.5
1683.4,-39.3,-44.0
1683.5,-38.5,-43.4
1683.6,-37.8,-42.8
1683.7,-37.1,-42.2
1683.8,-36.5,-41.7
1683.9,-36.4,-41.3
1684.0,-36.3,-40.8
1684.1,-36.3,-40.5
1684.2,-36.3,-40.1
1684.3,-35.7,-39.6
1684.4,-35.3,-39.2
1684.5,-35.0,-38.9
1684.6,-35.1,-38.6
1684.7,-35.6,-38.4
1684.8,-36.3,-38.2
1684.9,-36.7,-38.0
1685.0,-36.6,-37.8
1685.1,-35.8,-37.5
1685.2,-35.0,-37.2
1685.3,-34.5,-36.9
1685.4,-34.4,-36.7
1685.5,-34.7,-36.5
1685.6,-34.5,-36.2
1685.7,-34.0,-36.0
1685.8,-33.4,-35.8
1685.9,-33.2,-35.6
1686.0,-33.2,-35.5
1686.1,-33.6,-35.3
1686.2,-34.1,-35.2
1686.3,-34.6,-35.1
1686.4,-35.1,-35.1
1686.5,-35.5,-35.1
1686.6,-35.7,-35.0
1686.7,-35.7,-35.0
1686.8,-35.6,-35.0
1686.9,-35.4,-35.0
1687.0,-35.4,-34.9
1687.1,-35.0,-34.9
1687.2,-34.6,-34.8
1687.3,-34.1,-34.7
1687.4,-33.8,-34.7
1687.5,-33.7,-34.7
1687.6,-33.9,-34.6
1687.7,-34.5,-34.6
1687.8,-34.9,-34.6
1687.9,-35.3,-34.5
1688.0,-35.2,-34.5
1688.1,-34.8,-34.5
1688.2,-34.5,-34.5
1688.3,-34.4,-34.5
1688.4,-34.8,-34.5
1688.5,-35.4,-34.6
1688.6,-35.6,-34.6
1688.7,-35.5,-34.7
1688.8,-35.3,-34.8
1688.9,-35.3,-34.9
1689.0,-35.5,-35.0
1689.1,-35.7,-35.0
1689.2,-36.1,-35.1
1689.3,-36.4,-35.1
1689.4,-36.8,-35.1
1689.5,-37.2,-35.2
1689.6,-37.0,-35.2
1689.7,-36.5,-35.2
1689.8,-36.4,-35.2
1689.9,-36.2,-35.3
1690.0,-36.3,-35.3
1690.1,-36.7,-35.4
1690.2,-36.6,-35.5
1690.3,-36.3,-35.6
1690.4,-35.9,-35.6
1690.5,-34.7,-35.6
1690.6,-33.7,-35.5
1690.7,-33.2,-35.3
1690.8,-32.7,-35.2
1690.9,-32.8,-35.1
1691.0,-32.5,-35.0
1691.1,-32.2,-34.8
1691.2,-31.8,-34.7
1691.3,-31.7,-34.5
1691.4,-31.5,-34.3
1691.5,-31.6,-34.2
1691.6,-31.6,-34.0
1691.7,-31.2,-33.8
1691.8,-31.1,-33.6
1691.9,-30.8,-33.5
1692.0,-30.7,-33.3
1692.1,-30.5,-33.0
1692.2,-30.3,-32.8
1692.3,-30.4,-32.7
1692.4,-30.8,-32.6
1692.5,-31.5,-32.5
1692.6,-31.9,-32.3
1692.7,-31.8,-32.2
1692.8,-31.8,-32.1
1692.9,-31.5,-32.0
1693.0,-31.6,-31.9
1693.1,-31.6,-31.8
1693.2,-30.9,-31.6
1693.3,-30.9,-31.5
1693.4,-30.5,-31.4
1693.5,-30.2,-31.3
1693.6,-30.3,-31.2
1693.7,-29.9,-31.1
1693.8,-29.6,-30.9
1693.9,-29.3,-30.8
1694.0,-28.9,-30.7
1694.1,-28.6,-30.5
1694.2,-28.6,-30.5
1694.3,-28.8,-30.4
1694.4,-28.9,-30.3
1694.5,-29.4,-30.2
1694.6,-29.5,-30.2
1694.7,-29.5,-30.1
1694.8,-29.2,-30.0
1694.9,-28.3,-29.8
1695.0,-27.7,-29.7
1695.1,-27.5,-29.7
1695.2,-27.5,-29.6
1695.3,-28.0,-29.5
1695.4,-28.4,-29.4
1695.5,-28.5,-29.3
1695.6,-28.7,-29.2
1695.7,-28.8,-29.2
1695.8,-29.0,-29.1
1695.9,-29.1,-29.0
1696.0,-29.4,-29.0
1696.1,-29.8,-29.0
1696.2,-30.3,-29.0
1696.3,-30.7,-29.0
1696.4,-30.7,-29.0
1696.5,-30.7,-29.0
1696.6,-30.6,-29.1
1696.7,-30.8,-29.1
1696.8,-31.2,-29.2
1696.9,-31.7,-29.3
1697.0,-32.4,-29.4
1697.1,-33.0,-29.6
1697.2,-33.3,-29.7
1697.3,-33.6,-29.8
1697.4,-33.6,-29.9
1697.5,-33.7,-30.0
1697.6,-33.7,-30.1
1697.7,-33.8,-30.2
1697.8,-33.9,-30.3
1697.9,-34.2,-30.6
1698.0,-34.6,-30.9
1698.1,-34.9,-31.1
1698.2,-35.1,-31.4
1698.3,-35.3,-31.6
1698.4,-34.5,-31.8
1698.5,-33.5,-31.9
1698.6,-32.9,-32.1
1698.7,-32.6,-32.3
1698.8,-33.2,-32.5
1698.9,-34.5,-32.8
1699.0,-36.1,-33.0
1699.1,-37.8,-33.2
1699.2,-39.2,-33.4
1699.3,-38.9,-33.7
1699.4,-37.9,-33.9
1699.5,-37.3,-34.1
1699.6,-37.2,-34.4
1699.7,-37.9,-34.7
1699.8,-38.8,-34.9
1699.9,-39.8,-35.1
1700.0,-40.2,-35.3
1700.1,-36.3,-35.2
1700.2,-34.3,-35.0
1700.3,-33.0,-35.0
1700.4,-32.2,-34.9
1700.5,-32.9,-35.0
1700.6,-34.1,-35.1
1700.7,-35.7,-35.2
1700.8,-37.7,-35.4
1700.9,-38.5,-35.5
1701.0,-38.6,-35.5
1701.1,-38.1,-35.6
1701.2,-37.8,-35.7
1701.3,-38.1,-35.8
1701.4,-38.7,-36.0
1701.5,-39.6,-36.4
1701.6,-40.1,-36.7
1701.7,-40.3,-36.9
1701.8,-40.2,-37.0
1701.9,-40.0,-37.1
1702.0,-39.8,-37.1
1702.1,-40.0,-37.1
1702.2,-40.3,-37.1
1702.3,-41.0,-37.2
1702.4,-41.5,-37.3
1702.5,-41.9,-37.4
1702.6,-41.7,-37.5
1702.7,-41.5,-37.5
1702.8,-41.3,-37.5
1702.9,-41.2,-37.5
1703.0,-41.5,-37.5
1703.1,-42.2,-38.1
1703.2,-42.9,-38.7
1703.3,-43.3,-39.4
1703.4,-41.2,-39.8
1703.5,-39.9,-39.9
1703.6,-38.8,-40.0
1703.7,-38.1,-40.0
1703.8,-38.5,-39.9
1703.9,-38.9,-40.0
1704.0,-39.4,-40.1
1704.1,-39.8,-40.3
1704.2,-38.2,-40.0
1704.3,-36.7,-39.7
1704.4,-36.2,-39.5
1704.5,-36.0,-39.5
1704.6,-37.0,-39.5
1704.7,-38.8,-39.5
1704.8,-40.3,-39.5
1704.9,-41.0,-39.6
1705.0,-41.4,-39.6
1705.1,-41.7,-39.7
1705.2,-41.8,-39.7
1705.3,-42.0,-39.7
1705.4,-42.3,-39.7
1705.5,-42.6,-39.7
1705.6,-43.1,-39.8
1705.7,-42.3,-39.8
1705.8,-40.4,-39.6
1705.9,-39.6,-39.5
1706.0,-39.5,-39.6
1706.1,-40.2,-39.6
1706.2,-42.7,-39.6
1706.3,-45.4,-39.6
1706.4,-47.3,-39.9
1706.5,-48.1,-40.1
1706.6,-48.3,-40.3
1706.7,-48.3,-40.5
1706.8,-48.2,-40.6
1706.9,-48.7,-40.8
1707.0,-49.5,-41.0
1707.1,-34.1,-38.9
1707.2,-34.1,-39.3
1707.3,-32.6,-38.9
1707.4,-32.1,-38.8
1707.5,-32.7,-37.8
1707.6,-32.7,-37.9
1707.7,-34.2,-37.9
1707.8,-35.1,-38.0
1707.9,-47.5,-38.0
1708.0,-45.0,-38.0
1708.1,-38.7,-37.7
1708.2,-35.7,-37.3
1708.3,-35.0,-37.2
1708.4,-35.2,-37.2
1708.5,-36.8,-37.2
1708.6,-40.6,-37.2
1708.7,-38.1,-36.9
1708.8,-33.3,-36.2
1708.9,-33.0,-36.1
1709.0,-32.4,-36.0
1709.1,-31.6,-35.5
1709.2,-34.2,-35.5
1709.3,-34.4,-35.4
1709.4,-34.4,-35.2
1709.5,-35.4,-35.0
1709.6,-34.0,-34.7
1709.7,-34.3,-34.7
1709.8,-34.7,-34.7
1709.9,-35.9,-34.5
1710.0,-37.2,-34.4
1710.1,-36.9,-35.1
1710.2,-37.3,-35.0
1710.3,-39.1,-35.3
1710.4,-39.9,-35.4
1710.5,-38.8,-35.9
1710.6,-38.2,-35.8
1710.7,-38.0,-35.8
1710.8,-38.6,-35.7
1710.9,-40.4,-35.7
1711.0,-43.8,-35.8
1711.1,-46.9,-36.0
1711.2,-50.0,-36.3
1711.3,-53.8,-36.5
1711.4,-56.0,-36.5
1711.5,-56.5,-36.5
1711.6,-56.2,-36.6
1711.7,-56.3,-36.9
1711.8,-56.5,-37.9
1711.9,-56.8,-38.1
1712.0,-57.6,-38.4
1712.1,-57.6,-39.4
1712.2,-56.6,-39.5
1712.3,-55.7,-39.7
1712.4,-51.9,-40.1
1712.5,-51.7,-41.2
1712.6,-46.7,-42.1
1712.7,-40.7,-41.6
1712.8,-40.3,-41.9
1712.9,-38.1,-42.1
1713.0,-35.6,-41.3
1713.1,-36.3,-41.3
1713.2,-36.4,-41.5
1713.3,-37.2,-41.5
1713.4,-40.2,-41.4
1713.5,-40.7,-41.7
1713.6,-40.9,-42.1
1713.7,-42.3,-42.3
1713.8,-47.0,-42.4
1713.9,-54.3,-42.5
1714.0,-54.9,-42.5
1714.1,-49.9,-42.5
1714.2,-45.5,-42.3
1714.3,-44.1,-42.2
1714.4,-41.8,-41.9
1714.5,-33.2,-39.2
1714.6,-33.0,-39.0
1714.7,-33.1,-39.0
1714.8,-33.3,-39.0
1714.9,-42.6,-38.9
1715.0,-47.6,-38.9
1715.1,-49.3,-38.9
1715.2,-47.1,-38.9
1715.3,-46.8,-38.9
1715.4,-44.3,-38.8
1715.5,-40.4,-38.6
1715.6,-38.1,-38.3
1715.7,-38.1,-38.6
1715.8,-38.5,-38.6
1715.9,-40.4,-38.8
1716.0,-48.3,-39.5
1716.1,-50.8,-39.6
1716.2,-51.6,-39.7
1716.3,-54.8,-39.8
1716.4,-56.7,-40.0
1716.5,-56.8,-40.1
1716.6,-56.8,-40.1
1716.7,-56.0,-40.1
1716.8,-49.6,-40.1
1716.9,-48.4,-40.0
1717.0,-48.4,-40.0
1717.1,-48.5,-40.1
1717.2,-52.3,-40.2
1717.3,-55.9,-40.3
1717.4,-55.7,-40.4
1717.5,-56.1,-44.6
1717.6,-56.4,-45.3
1717.7,-56.6,-45.4
1717.8,-57.0,-45.5
1717.9,-57.0,-45.6
1718.0,-56.8,-45.6
1718.1,-56.9,-45.6
1718.2,-56.8,-45.9
1718.3,-56.8,-46.0
1718.4,-57.2,-46.4
1718.5,-57.5,-48.0
1718.6,-57.4,-52.6
1718.7,-56.7,-53.3
1718.8,-55.8,-53.5
1718.9,-55.3,-53.9
1719.0,-55.2,-54.1
1719.1,-55.5,-54.1
1719.2,-56.0,-54.1
1719.3,-56.5,-54.1
1719.4,-56.5,-54.1
1719.5,-56.6,-54.1
1719.6,-56.9,-54.1
1719.7,-56.8,-54.1
1719.8,-56.6,-55.6
1719.9,-56.7,-56.4
1720.0,-56.7,-56.4
1720.1,-56.7,-56.5
1720.2,-57.1,-56.6
1720.3,-56.2,-56.5
1720.4,-55.4,-56.4
1720.5,-54.8,-56.3
1720.6,-54.7,-56.3
1720.7,-55.1,-56.3
1720.8,-55.9,-56.2
1720.9,-56.4,-56.2
1721.0,-56.7,-56.2
1721.1,-56.1,-56.2
1721.2,-55.6,-56.1
1721.3,-55.1,-56.0
1721.4,-54.8,-55.9
1721.5,-55.2,-55.9
1721.6,-55.5,-55.9
1721.7,-55.7,-55.9
1721.8,-55.6,-55.9
1721.9,-55.1,-55.8
1722.0,-54.6,-55.7
1722.1,-54.4,-55.7
1722.2,-54.6,-55.7
1722.3,-54.8,-55.6
1722.4,-55.2,-55.6
1722.5,-55.5,-55.6
1722.6,-54.9,-55.4
1722.7,-54.5,-55.3
1722.8,-53.9,-55.2
1722.9,-53.6,-55.1
1723.0,-53.8,-55.0
1723.1,-54.4,-55.0
1723.2,-55.3,-55.0
1723.3,-55.9,-55.1
1723.4,-56.5,-55.2
1723.5,-55.6,-55.1
1723.6,-54.9,-55.1
1723.7,-54.7,-55.0
1723.8,-54.5,-55.0
1723.9,-55.0,-55.0
1724.0,-55.4,-54.9
1724.1,-55.6,-55.0
1724.2,-50.1,-53.9
1724.3,-42.5,-49.9
1724.4,-39.9,-47.9
1724.5,-39.4,-47.4
1724.6,-39.5,-47.3
1724.7,-41.8,-47.3
1724.8,-47.0,-47.3
1724.9,-52.1,-47.3
1725.0,-57.1,-47.3
1725.1,-56.3,-47.3
1725.2,-55.2,-47.3
1725.3,-54.3,-47.3
1725.4,-54.1,-47.3
1725.5,-54.2,-47.3
1725.6,-54.8,-47.3
1725.7,-55.4,-47.3
1725.8,-55.5,-47.3
1725.9,-49.9,-47.1
1726.0,-44.3,-46.4
1726.1,-44.0,-46.3
1726.2,-42.8,-46.0
1726.3,-42.3,-45.7
1726.4,-43.9,-45.5
1726.5,-44.2,-45.5
1726.6,-45.9,-45.5
1726.7,-49.3,-45.5
1726.8,-54.5,-45.5
1726.9,-54.7,-45.5
1727.0,-54.5,-45.5
1727.1,-54.8,-45.5
1727.2,-55.7,-45.7
1727.3,-56.4,-46.8
1727.4,-56.7,-48.3
1727.5,-56.4,-48.9
1727.6,-56.1,-49.0
1727.7,-55.9,-49.0
1727.8,-56.0,-49.0
1727.9,-56.3,-49.0
1728.0,-53.6,-48.9
1728.1,-52.7,-48.9
1728.2,-52.5,-48.9
1728.3,-51.6,-48.9
1728.4,-52.2,-48.8
1728.5,-52.1,-48.8
1728.6,-51.4,-48.7
1728.7,-51.4,-48.7
1728.8,-51.3,-48.6
1728.9,-48.6,-48.6
1729.0,-46.6,-49.5
1729.1,-45.4,-49.2
1729.2,-45.0,-49.6
1729.3,-45.5,-50.2
1729.4,-45.5,-50.1
1729.5,-35.3,-43.3
1729.6,-35.3,-43.3
1729.7,-35.3,-43.2
1729.8,-35.3,-43.1
1729.9,-45.2,-43.0
1730.0,-44.5,-42.9
1730.1,-44.1,-42.8
1730.2,-44.6,-42.8
1730.3,-45.8,-42.7
1730.4,-46.9,-42.7
1730.5,-48.0,-42.7
1730.6,-48.4,-42.7
1730.7,-48.5,-42.6
1730.8,-48.6,-42.6
1730.9,-48.5,-42.6
1731.0,-48.5,-42.5
1731.1,-48.7,-42.5
1731.2,-49.1,-42.5
1731.3,-49.6,-42.5
1731.4,-50.1,-42.5
1731.5,-48.0,-42.4
1731.6,-46.2,-42.3
1731.7,-45.4,-42.3
1731.8,-45.2,-42.3
1731.9,-46.2,-42.3
1732.0,-48.0,-42.4
1732.1,-49.4,-42.5
1732.2,-31.6,-38.3
1732.3,-30.4,-37.5
1732.4,-30.3,-37.5
1732.5,-30.2,-38.4
1732.6,-35.9,-38.4
1732.7,-43.4,-38.5
1732.8,-48.9,-38.5
1732.9,-50.6,-38.5
1733.0,-50.2,-38.6
1733.1,-47.2,-38.5
1733.2,-45.6,-38.5
1733.3,-44.8,-38.5
1733.4,-44.6,-38.5
1733.5,-45.8,-38.5
1733.6,-47.4,-38.5
1733.7,-48.8,-38.5
1733.8,-49.7,-38.5
1733.9,-49.7,-38.5
1734.0,-49.4,-38.5
1734.1,-49.1,-38.5
1734.2,-48.9,-38.5
1734.3,-49.1,-38.5
1734.4,-49.5,-38.5
1734.5,-49.8,-38.5
1734.6,-48.4,-38.5
1734.7,-46.3,-38.5
1734.8,-45.4,-38.5
1734.9,-45.1,-38.5
1735.0,-45.5,-38.5
1735.1,-47.0,-38.5
1735.2,-48.1,-43.0
1735.3,-48.5,-46.6
1735.4,-48.1,-47.5
1735.5,-45.9,-47.2
1735.6,-44.6,-46.9
1735.7,-43.5,-46.6
1735.8,-43.0,-46.4
1735.9,-43.4,-46.2
1736.0,-43.7,-46.1
1736.1,-44.1,-46.1
1736.2,-44.1,-46.2
1736.3,-43.0,-45.8
1736.4,-42.1,-45.5
1736.5,-41.6,-45.2
1736.6,-41.4,-45.0
1736.7,-42.1,-44.9
1736.8,-43.1,-44.7
1736.9,-43.7,-44.6
1737.0,-43.9,-44.5
1737.1,-44.0,-44.4
1737.2,-44.1,-44.3
1737.3,-44.3,-44.2
1737.4,-45.0,-44.2
1737.5,-45.9,-44.2
1737.6,-46.7,-44.2
1737.7,-47.0,-44.3
1737.8,-44.4,-44.1
1737.9,-42.9,-43.9
1738.0,-42.1,-43.7
1738.1,-41.9,-43.7
1738.2,-43.0,-43.6
1738.3,-44.3,-43.6
1738.4,-45.1,-43.5
1738.5,-45.2,-43.6
1738.6,-44.9,-43.6
1738.7,-43.9,-43.6
1738.8,-43.7,-43.6
1738.9,-43.7,-43.6
1739.0,-44.2,-43.7
1739.1,-45.6,-43.8
1739.2,-46.7,-43.8
1739.3,-46.2,-44.0
1739.4,-43.3,-43.9
1739.5,-41.8,-43.8
1739.6,-41.1,-43.8
1739.7,-41.0,-43.8
1739.8,-42.1,-43.7
1739.9,-43.2,-43.7
1740.0,-43.7,-43.7
1740.1,-44.1,-43.8
1740.2,-44.3,-43.8
1740.3,-44.5,-43.7
1740.4,-44.6,-43.7
1740.5,-45.0,-43.7
1740.6,-45.5,-43.7
1740.7,-46.1,-43.7
1740.8,-46.8,-43.9
1740.9,-43.6,-43.8
1741.0,-40.7,-43.3
1741.1,-39.2,-43.0
1741.2,-38.1,-42.6
1741.3,-37.6,-42.2
1741.4,-37.5,-41.8
1741.5,-36.9,-41.3
1741.6,-36.2,-40.8
1741.7,-35.0,-40.2
1741.8,-33.8,-39.4
1741.9,-33.5,-38.9
1742.0,-33.4,-38.6
1742.1,-33.8,-38.3
1742.2,-34.6,-38.0
1742.3,-35.1,-37.8
1742.4,-35.4,-37.7
1742.5,-35.4,-37.5
1742.6,-32.7,-36.6
1742.7,-30.7,-35.7
1742.8,-29.9,-35.3
1742.9,-29.6,-35.0
1743.0,-30.2,-34.7
1743.1,-31.4,-34.4
1743.2,-32.1,-34.3
1743.3,-32.1,-34.1
1743.4,-32.3,-33.8
1743.5,-32.8,-33.7
1743.6,-33.0,-33.6
1743.7,-33.4,-33.5
1743.8,-34.4,-33.4
1743.9,-35.0,-33.3
1744.0,-34.9,-33.3
1744.1,-32.9,-33.0
1744.2,-31.2,-32.7
1744.3,-30.3,-32.5
1744.4,-30.0,-32.4
1744.5,-30.5,-32.3
1744.6,-31.3,-32.2
1744.7,-32.0,-32.2
1744.8,-32.3,-32.2
1744.9,-32.5,-32.2
1745.0,-33.3,-32.2
1745.1,-33.6,-32.1
1745.2,-34.0,-32.1
1745.3,-34.8,-32.1
1745.4,-34.9,-32.1
1745.5,-35.0,-32.1
1745.6,-35.2,-32.4
1745.7,-33.4,-32.5
1745.8,-31.9,-32.5
1745.9,-31.2,-32.4
1746.0,-30.7,-32.5
1746.1,-31.4,-32.5
1746.2,-32.5,-32.5
1746.3,-32.8,-32.5
1746.4,-32.8,-32.5
1746.5,-32.7,-32.5
1746.6,-32.5,-32.5
1746.7,-32.6,-32.4
1746.8,-33.0,-32.4
1746.9,-33.0,-32.3
1747.0,-33.2,-32.3
1747.1,-33.7,-32.5
1747.2,-32.9,-32.7
1747.3,-30.6,-32.4
1747.4,-29.4,-32.2
1747.5,-28.6,-32.0
1747.6,-28.2,-31.9
1747.7,-28.9,-31.8
1747.8,-29.5,-31.7
1747.9,-29.8,-31.6
1748.0,-29.2,-31.3
1748.1,-28.0,-30.9
1748.2,-26.9,-30.5
1748.3,-26.1,-30.1
1748.4,-26.1,-29.9
1748.5,-26.5,-29.7
1748.6,-26.9,-29.5
1748.7,-27.4,-29.4
1748.8,-27.4,-29.3
1748.9,-27.5,-29.2
1749.0,-27.2,-29.0
1749.1,-26.3,-28.7
1749.2,-25.8,-28.4
1749.3,-25.3,-28.1
1749.4,-25.0,-27.9
1749.5,-24.7,-27.6
1749.6,-24.4,-27.3
1749.7,-24.2,-27.1
1749.8,-24.2,-26.9
1749.9,-24.4,-26.7
1750.0,-24.6,-26.5
1750.1,-24.8,-26.3
1750.2,-24.8,-26.1
1750.3,-24.5,-26.0
1750.4,-24.2,-25.8
1750.5,-23.9,-25.7
1750.6,-23.4,-25.5
1750.7,-23.5,-25.3
1750.8,-23.9,-25.2
1750.9,-24.3,-25.1
1751.0,-24.9,-25.1
1751.1,-25.6,-25.1
1751.2,-26.1,-25.1
1751.3,-26.4,-25.1
1751.4,-26.7,-25.1
1751.5,-27.2,-25.1
1751.6,-27.3,-25.2
1751.7,-27.8,-25.2
1751.8,-28.2,-25.2
1751.9,-28.3,-25.2
1752.0,-28.5,-25.3
1752.1,-28.9,-25.4
1752.2,-29.5,-25.5
1752.3,-30.4,-25.6
1752.4,-30.8,-25.7
1752.5,-30.9,-25.9
1752.6,-31.1,-26.1
1752.7,-30.9,-26.3
1752.8,-31.3,-26.5
1752.9,-31.9,-26.6
1753.0,-32.3,-26.9
1753.1,-32.9,-27.0
1753.2,-33.1,-27.2
1753.3,-32.6,-27.5
1753.4,-32.4,-27.9
1753.5,-32.4,-28.2
1753.6,-32.2,-28.7
1753.7,-32.6,-29.1
1753.8,-32.8,-29.4
1753.9,-33.1,-29.7
1754.0,-32.8,-30.0
1754.1,-30.9,-30.1
1754.2,-30.0,-30.2
1754.3,-29.6,-30.4
1754.4,-29.8,-30.7
1754.5,-31.1,-30.9
1754.6,-32.2,-31.0
1754.7,-32.6,-31.2
1754.8,-32.7,-31.4
1754.9,-32.1,-31.5
1755.0,-31.8,-31.6
1755.1,-31.7,-31.7
1755.2,-31.9,-31.8
1755.3,-32.5,-31.8
1755.4,-32.8,-31.9
1755.5,-33.1,-32.0
1755.6,-31.9,-31.9
1755.7,-30.0,-31.6
1755.8,-29.5,-31.6
1755.9,-29.0,-31.5
1756.0,-29.2,-31.4
1756.1,-30.3,-31.3
1756.2,-30.4,-31.2
1756.3,-30.5,-31.2
1756.4,-30.7,-31.2
1756.5,-30.9,-31.1
1756.6,-31.1,-31.1
1756.7,-31.2,-31.0
1756.8,-31.4,-31.0
1756.9,-31.5,-31.0
1757.0,-31.8,-31.0
1757.1,-31.6,-31.1
1757.2,-31.2,-31.2
1757.3,-31.0,-31.2
1757.4,-31.0,-31.2
1757.5,-31.2,-31.1
1757.6,-31.8,-31.2
1757.7,-32.4,-31.2
1757.8,-32.9,-31.2
1757.9,-33.5,-31.3
1758.0,-33.8,-31.3
1758.1,-34.0,-31.4
1758.2,-34.3,-31.4
1758.3,-34.4,-31.4
1758.4,-34.6,-31.5
1758.5,-34.9,-31.5
1758.6,-34.7,-31.7
1758.7,-34.2,-32.0
1758.8,-33.6,-32.1
1758.9,-33.2,-32.2
1759.0,-33.1,-32.3
1759.1,-33.4,-32.4
1759.2,-34.4,-32.6
1759.3,-35.3,-32.8
1759.4,-36.0,-32.9
1759.5,-36.9,-33.1
1759.6,-37.0,-33.3
1759.7,-36.8,-33.4
1759.8,-36.6,-33.6
1759.9,-33.7,-33.4
1760.0,-33.8,-33.6
1760.1,-34.1,-33.8
1760.2,-34.4,-34.1
1760.3,-38.0,-34.3
1760.4,-38.1,-34.5
1760.5,-38.3,-34.8
1760.6,-38.9,-35.0
1760.7,-39.6,-35.1
1760.8,-31.8,-34.3
1760.9,-31.7,-34.4
1761.0,-31.6,-34.5
1761.1,-31.2,-34.5
1761.2,-36.0,-34.5
1761.3,-35.4,-34.5
1761.4,-34.6,-34.5
1761.5,-34.2,-34.4
1761.6,-33.5,-34.3
1761.7,-33.1,-34.4
1761.8,-33.4,-34.5
1761.9,-34.8,-34.7
1762.0,-37.6,-34.9
1762.1,-41.6,-35.0
1762.2,-50.2,-35.1
1762.3,-50.3,-35.2
1762.4,-49.4,-35.3
1762.5,-35.6,-34.9
1762.6,-32.4,-34.5
1762.7,-30.3,-34.0
1762.8,-28.1,-33.3
1762.9,-28.0,-33.2
1763.0,-28.6,-33.1
1763.1,-29.9,-33.1
1763.2,-33.3,-33.2
1763.3,-38.0,-33.2
1763.4,-42.0,-33.2
1763.5,-36.6,-33.1
1763.6,-33.6,-32.8
1763.7,-32.8,-32.7
1763.8,-32.0,-33.3
1763.9,-31.0,-32.9
1764.0,-32.5,-32.9
1764.1,-31.6,-32.8
1764.2,-30.3,-32.5
1764.3,-31.2,-32.4
1764.4,-29.8,-32.2
1764.5,-30.2,-32.2
1764.6,-32.1,-32.3
1764.7,-33.2,-32.4
1764.8,-37.6,-32.5
1764.9,-43.1,-32.5
1765.0,-43.0,-32.4
1765.1,-41.9,-32.4
1765.2,-41.2,-32.4
1765.3,-40.0,-32.4
1765.4,-39.9,-32.4
1765.5,-36.9,-32.5
1765.6,-36.2,-32.8
1765.7,-35.4,-33.1
1765.8,-35.8,-33.9
1765.9,-37.3,-34.3
1766.0,-38.3,-34.4
1766.1,-41.7,-34.4
1766.2,-42.2,-34.5
1766.3,-47.2,-34.5
1766.4,-47.8,-34.5
1766.5,-49.8,-34.8
1766.6,-51.1,-35.2
1766.7,-54.1,-35.4
1766.8,-55.5,-35.6
1766.9,-54.7,-36.4
1767.0,-53.9,-36.4
1767.1,-52.0,-37.1
1767.2,-50.4,-38.3
1767.3,-48.6,-38.8
1767.4,-46.9,-40.4
1767.5,-45.2,-41.3
1767.6,-42.8,-41.4
1767.7,-41.8,-41.3
1767.8,-41.1,-41.1
1767.9,-40.6,-41.0
1768.0,-40.3,-41.0
1768.1,-39.4,-40.9
1768.2,-37.6,-40.4
1768.3,-35.2,-39.8
1768.4,-31.1,-37.7
1768.5,-30.3,-37.5
1768.6,-29.5,-36.8
1768.7,-29.5,-36.7
1768.8,-31.5,-36.4
1768.9,-32.3,-36.4
1769.0,-33.9,-36.2
1769.1,-34.7,-36.0
1769.2,-34.8,-35.8
1769.3,-34.7,-35.6
1769.4,-35.1,-35.5
1769.5,-35.2,-35.4
1769.6,-34.8,-35.1
1769.7,-34.0,-34.9
1769.8,-33.0,-34.6
1769.9,-32.6,-34.4
1770.0,-32.1,-34.1
1770.1,-32.2,-33.9
1770.2,-32.4,-33.7
1770.3,-32.0,-33.5
1770.4,-32.7,-33.4
1770.5,-33.2,-33.3
1770.6,-33.9,-33.3
1770.7,-35.1,-33.2
1770.8,-35.6,-33.2
1770.9,-35.8,-33.1
1771.0,-36.0,-33.1
1771.1,-36.6,-33.1
1771.2,-36.6,-33.1
1771.3,-37.1,-33.2
1771.4,-36.9,-33.8
1771.5,-36.5,-34.0
1771.6,-36.3,-34.3
1771.7,-35.8,-34.4
1771.8,-35.5,-34.4
1771.9,-35.6,-34.5
1772.0,-35.2,-34.5
1772.1,-35.1,-34.5
1772.2,-35.2,-34.5
1772.3,-34.5,-34.4
1772.4,-34.0,-34.3
1772.5,-33.6,-34.3
1772.6,-33.6,-34.3
1772.7,-33.6,-34.4
1772.8,-33.6,-34.4
1772.9,-33.8,-34.5
1773.0,-33.7,-34.6
1773.1,-34.0,-34.7
1773.2,-34.3,-34.8
1773.3,-33.8,-34.8
1773.4,-33.3,-34.7
1773.5,-32.6,-34.6
1773.6,-32.4,-34.5
1773.7,-32.2,-34.4
1773.8,-32.0,-34.2
1773.9,-32.2,-34.1
1774.0,-32.3,-34.0
1774.1,-32.8,-33.9
1774.2,-33.5,-33.8
1774.3,-32.9,-33.6
1774.4,-32.5,-33.5
1774.5,-32.1,-33.4
1774.6,-31.8,-33.3
1774.7,-32.1,-33.2
1774.8,-31.8,-33.0
1774.9,-31.6,-32.9
1775.0,-31.2,-32.8
1775.1,-30.9,-32.6
1775.2,-31.4,-32.6
1775.3,-31.7,-32.5
1775.4,-32.4,-32.6
1775.5,-33.0,-32.6
1775.6,-33.1,-32.5
1775.7,-32.8,-32.4
1775.8,-32.2,-32.4
1775.9,-32.1,-32.3
1776.0,-31.9,-32.3
1776.1,-32.0,-32.2
1776.2,-32.0,-32.1
1776.3,-32.1,-32.2
1776.4,-31.5,-32.1
1776.5,-30.8,-31.9
1776.6,-30.3,-31.8
1776.7,-30.0,-31.8
1776.8,-30.4,-31.8
1776.9,-31.4,-31.8
1777.0,-32.4,-31.8
1777.1,-32.8,-31.8
1777.2,-33.0,-31.8
1777.3,-33.0,-31.8
1777.4,-32.8,-31.8
1777.5,-33.0,-31.9
1777.6,-32.6,-31.9
1777.7,-32.3,-31.8
1777.8,-32.0,-31.9
1777.9,-31.9,-31.9
1778.0,-32.1,-32.0
1778.1,-31.8,-32.0
1778.2,-31.8,-31.9
1778.3,-31.6,-31.9
1778.4,-31.4,-31.8
1778.5,-31.5,-31.8
1778.6,-31.4,-31.7
1778.7,-31.0,-31.7
1778.8,-30.9,-31.7
1778.9,-29.3,-31.3
1779.0,-27.2,-30.8
1779.1,-26.7,-30.6
1779.2,-26.2,-30.4
1779.3,-26.7,-30.3
1779.4,-28.4,-30.3
1779.5,-29.1,-30.3
1779.6,-29.7,-30.3
1779.7,-29.9,-30.3
1779.8,-30.0,-30.2
1779.9,-30.4,-30.2
1780.0,-30.3,-30.1
1780.1,-30.3,-30.0
1780.2,-30.2,-30.0
1780.3,-30.5,-30.0
1780.4,-31.4,-30.0
1780.5,-32.2,-30.0
1780.6,-32.3,-29.9
1780.7,-31.8,-29.9
1780.8,-31.0,-29.9
1780.9,-30.9,-29.9
1781.0,-30.8,-29.8
1781.1,-30.6,-29.8
1781.2,-30.7,-29.8
1781.3,-30.5,-29.8
1781.4,-30.3,-29.7
1781.5,-30.7,-29.7
1781.6,-30.7,-29.7
1781.7,-30.6,-29.7
1781.8,-31.3,-29.7
1781.9,-30.5,-29.9
1782.0,-30.2,-30.2
1782.1,-30.1,-30.4
1782.2,-29.0,-30.4
1782.3,-28.7,-30.3
1782.4,-28.6,-30.3
1782.5,-28.2,-30.2
1782.6,-28.1,-30.1
1782.7,-27.3,-29.8
1782.8,-27.2,-29.7
1782.9,-27.3,-29.7
1783.0,-28.0,-29.7
1783.1,-29.6,-29.8
1783.2,-30.0,-29.7
1783.3,-30.0,-29.6
1783.4,-30.0,-29.6
1783.5,-30.1,-29.5
1783.6,-30.0,-29.5
1783.7,-30.3,-29.5
1783.8,-30.0,-29.5
1783.9,-30.1,-29.5
1784.0,-30.4,-29.5
1784.1,-30.9,-29.5
1784.2,-30.6,-29.5
1784.3,-30.4,-29.4
1784.4,-30.4,-29.5
1784.5,-30.8,-29.5
1784.6,-32.1,-29.6
1784.7,-33.1,-29.7
1784.8,-34.0,-29.7
1784.9,-33.8,-29.8
1785.0,-33.9,-29.9
1785.1,-34.4,-30.0
1785.2,-34.2,-30.2
1785.3,-33.6,-30.3
1785.4,-33.4,-30.5
1785.5,-33.4,-30.6
1785.6,-33.9,-30.9
1785.7,-34.4,-31.4
1785.8,-33.2,-31.5
1785.9,-32.7,-31.6
1786.0,-32.4,-31.7
1786.1,-32.3,-31.8
1786.2,-33.3,-31.9
1786.3,-33.7,-32.1
1786.4,-33.7,-32.2
1786.5,-33.8,-32.3
1786.6,-33.9,-32.5
1786.7,-34.2,-32.7
1786.8,-33.7,-32.8
1786.9,-32.7,-32.8
1787.0,-31.7,-32.8
1787.1,-31.0,-32.7
1787.2,-30.8,-32.8
1787.3,-31.1,-33.0
1787.4,-31.6,-33.0
1787.5,-32.3,-33.0
1787.6,-32.9,-33.0
1787.7,-33.3,-33.0
1787.8,-33.7,-33.0
1787.9,-34.0,-33.0
1788.0,-33.8,-32.9
1788.1,-33.6,-32.9
1788.2,-33.6,-32.9
1788.3,-33.3,-33.0
1788.4,-32.8,-32.9
1788.5,-32.2,-32.7
1788.6,-31.0,-32.5
1788.7,-30.2,-32.3
1788.8,-29.9,-32.3
1788.9,-29.5,-32.1
1789.0,-29.1,-31.9
1789.1,-28.7,-31.6
1789.2,-28.3,-31.4
1789.3,-28.3,-31.2
1789.4,-28.8,-31.2
1789.5,-29.5,-31.1
1789.6,-29.8,-30.9
1789.7,-30.0,-30.8
1789.8,-29.9,-30.7
1789.9,-29.5,-30.7
1790.0,-29.4,-30.6
1790.1,-28.6,-30.4
1790.2,-28.0,-30.2
1790.3,-27.5,-30.0
1790.4,-27.0,-29.8
1790.5,-27.6,-29.7
1790.6,-27.6,-29.5
1790.7,-27.8,-29.4
1790.8,-28.5,-29.3
1790.9,-28.3,-29.2
1791.0,-28.6,-29.1
1791.1,-29.0,-29.0
1791.2,-29.3,-29.0
1791.3,-29.4,-28.9
1791.4,-29.4,-28.8
1791.5,-28.9,-28.7
1791.6,-28.7,-28.7
1791.7,-28.6,-28.7
1791.8,-28.9,-28.7
1791.9,-29.2,-28.7
1792.0,-28.2,-28.6
1792.1,-27.6,-28.5
1792.2,-27.0,-28.4
1792.3,-26.3,-28.3
1792.4,-26.7,-28.3
1792.5,-27.3,-28.2
1792.6,-28.3,-28.3
1792.7,-28.8,-28.2
1792.8,-28.7,-28.1
1792.9,-28.4,-28.1
1793.0,-27.7,-28.1
1793.1,-27.4,-28.0
1793.2,-27.4,-28.0
1793.3,-27.2,-28.1
1793.4,-27.4,-28.1
1793.5,-27.5,-28.0
1793.6,-27.3,-28.0
1793.7,-27.3,-28.0
1793.8,-27.3,-27.9
1793.9,-27.6,-27.9
1794.0,-28.2,-28.0
1794.1,-28.3,-27.9
1794.2,-28.2,-27.8
1794.3,-28.4,-27.8
1794.4,-28.5,-27.9
1794.5,-28.7,-27.9
1794.6,-29.3,-27.9
1794.7,-29.6,-27.9
1794.8,-29.3,-27.9
1794.9,-29.3,-27.9
1795.0,-29.5,-28.0
1795.1,-29.6,-28.2
1795.2,-30.4,-28.3
1795.3,-30.5,-28.5
1795.4,-30.3,-28.5
1795.5,-30.3,-28.5
1795.6,-30.7,-28.6
1795.7,-31.6,-28.7
1795.8,-32.9,-28.9
1795.9,-34.1,-29.0
1796.0,-34.5,-29.2
1796.1,-35.5,-29.4
1796.2,-36.3,-29.6
1796.3,-37.0,-29.8
1796.4,-37.6,-30.0
1796.5,-37.8,-30.3
1796.6,-38.6,-30.7
1796.7,-39.3,-30.9
1796.8,-40.2,-31.2
1796.9,-40.8,-31.5
1797.0,-41.0,-31.7
1797.1,-41.2,-32.1
1797.2,-41.9,-32.5
1797.3,-42.2,-32.8
1797.4,-42.5,-33.1
1797.5,-42.6,-33.5
1797.6,-42.6,-33.8
1797.7,-43.0,-34.2
1797.8,-43.6,-34.7
1797.9,-44.9,-35.3
1798.0,-45.8,-35.7
1798.1,-46.5,-36.2
1798.2,-47.0,-36.6
1798.3,-47.5,-37.4
1798.4,-46.3,-38.4
1798.5,-46.2,-39.2
1798.6,-46.1,-39.7
1798.7,-45.9,-40.3
1798.8,-47.0,-40.9
1798.9,-46.3,-41.5
1799.0,-45.8,-42.0
1799.1,-45.7,-42.3
1799.2,-45.7,-42.7
1799.3,-45.8,-43.1
1799.4,-45.5,-43.6
1799.5,-45.3,-43.9
1799.6,-45.6,-44.1
1799.7,-46.4,-44.4
1799.8,-47.6,-44.8
1799.9,-47.9,-45.0
1800.0,-41.8,-44.3
1800.1,-39.1,-43.7
1800.2,-37.8,-43.3
1800.3,-37.3,-43.1
1800.4,-38.3,-43.1
1800.5,-40.3,-43.2
1800.6,-42.6,-43.3
1800.7,-44.8,-43.3
1800.8,-46.3,-43.4
1800.9,-47.1,-43.4
1801.0,-48.2,-43.4
1801.1,-49.5,-43.5
1801.2,-50.1,-43.5
1801.3,-50.7,-43.5
1801.4,-50.6,-43.6
1801.5,-48.1,-43.6
1801.6,-47.5,-43.6
1801.7,-47.4,-43.6
1801.8,-47.2,-43.7
1801.9,-48.8,-43.7
1802.0,-49.8,-43.8
1802.1,-49.8,-43.8
1802.2,-50.4,-43.9
1802.3,-51.2,-44.0
1802.4,-52.0,-44.1
1802.5,-53.1,-44.2
1802.6,-52.1,-44.2
1802.7,-51.6,-44.2
1802.8,-51.2,-44.3
1802.9,-51.1,-44.3
1803.0,-51.7,-45.2
1803.1,-52.2,-46.6
1803.2,-52.6,-47.9
1803.3,-52.2,-48.9
1803.4,-52.5,-49.5
1803.5,-50.9,-49.7
1803.6,-50.7,-50.0
1803.7,-50.8,-50.2
1803.8,-50.0,-50.3
1803.9,-50.7,-50.3
1804.0,-49.3,-50.2
1804.1,-48.3,-50.0
1804.2,-48.4,-50.0
1804.3,-48.6,-50.0
1804.4,-49.7,-50.0
1804.5,-51.4,-50.5
1804.6,-53.0,-50.8
1804.7,-53.8,-50.9
1804.8,-43.4,-48.7
1804.9,-40.9,-47.5
1805.0,-39.7,-46.7
1805.1,-39.1,-46.4
1805.2,-40.4,-46.1
1805.3,-42.2,-46.0
1805.4,-44.3,-46.0
1805.5,-46.3,-45.9
1805.6,-47.8,-45.9
1805.7,-48.0,-45.8
1805.8,-47.1,-45.7
1805.9,-46.4,-45.6
1806.0,-46.1,-45.5
1806.1,-46.0,-45.4
1806.2,-46.6,-45.4
1806.3,-47.1,-45.3
1806.4,-47.6,-45.3
1806.5,-47.0,-45.2
1806.6,-44.2,-44.8
1806.7,-42.7,-44.5
1806.8,-42.2,-44.4
1806.9,-42.3,-44.3
1807.0,-44.0,-44.4
1807.1,-46.5,-44.4
1807.2,-48.7,-44.4
1807.3,-49.3,-44.3
1807.4,-49.1,-44.3
1807.5,-48.8,-44.3
1807.6,-48.9,-44.3
1807.7,-49.4,-44.2
1807.8,-49.2,-44.9
1807.9,-48.6,-45.5
1808.0,-47.8,-45.9
1808.1,-47.2,-46.2
1808.2,-47.2,-46.4
1808.3,-47.4,-46.4
1808.4,-47.4,-46.4
1808.5,-47.5,-46.4
1808.6,-47.5,-46.4
1808.7,-47.0,-46.3
1808.8,-46.7,-46.4
1808.9,-46.2,-46.3
1809.0,-45.1,-46.2
1809.1,-43.7,-45.9
1809.2,-43.3,-45.8
1809.3,-43.4,-45.7
1809.4,-44.1,-45.7
1809.5,-45.3,-45.7
1809.6,-46.4,-46.1
1809.7,-44.8,-46.2
1809.8,-43.9,-46.2
1809.9,-43.6,-46.1
1810.0,-42.9,-45.9
1810.1,-44.0,-45.8
1810.2,-44.7,-45.7
1810.3,-44.9,-45.6
1810.4,-45.7,-45.5
1810.5,-45.4,-45.5
1810.6,-45.5,-45.4
1810.7,-46.4,-45.4
1810.8,-47.1,-45.4
1810.9,-47.8,-45.4
1811.0,-48.5,-45.4
1811.1,-48.8,-45.5
1811.2,-48.7,-45.5
1811.3,-47.0,-45.4
1811.4,-43.4,-44.9
1811.5,-41.7,-44.6
1811.6,-41.0,-44.4
1811.7,-41.0,-44.3
1811.8,-42.6,-44.4
1811.9,-44.7,-44.4
1812.0,-46.7,-44.5
1812.1,-48.6,-44.8
1812.2,-47.9,-44.9
1812.3,-45.6,-44.7
1812.4,-43.3,-44.4
1812.5,-41.5,-44.1
1812.6,-40.5,-43.8
1812.7,-40.1,-43.7
1812.8,-40.2,-43.6
1812.9,-40.5,-43.5
1813.0,-40.9,-43.4
1813.1,-41.3,-43.3
1813.2,-41.7,-43.2
1813.3,-41.8,-43.1
1813.4,-42.2,-43.0
1813.5,-42.4,-43.0
1813.6,-42.5,-42.9
1813.7,-43.0,-42.8
1813.8,-43.2,-42.7
1813.9,-43.8,-42.7
1814.0,-44.4,-42.6
1814.1,-44.6,-42.5
1814.2,-44.2,-42.4
1814.3,-43.6,-42.4
1814.4,-42.7,-42.5
1814.5,-41.5,-42.5
1814.6,-39.0,-42.0
1814.7,-37.4,-41.5
1814.8,-36.8,-41.2
1814.9,-36.7,-41.0
1815.0,-37.8,-40.8
1815.1,-39.4,-40.7
1815.2,-40.4,-40.6
1815.3,-40.5,-40.5
1815.4,-39.9,-40.5
1815.5,-39.3,-40.4
1815.6,-38.9,-40.4
1815.7,-38.3,-40.2
1815.8,-38.3,-40.1
1815.9,-38.3,-40.1
1816.0,-38.2,-39.9
1816.1,-38.2,-39.8
1816.2,-36.4,-39.3
1816.3,-33.6,-38.3
1816.4,-31.8,-37.4
1816.5,-30.6,-36.7
1816.6,-30.1,-36.2
1816.7,-30.5,-35.9
1816.8,-31.3,-35.6
1816.9,-32.6,-35.5
1817.0,-33.8,-35.4
1817.1,-35.1,-35.3
1817.2,-36.4,-35.2
1817.3,-36.5,-35.1
1817.4,-36.9,-35.1
1817.5,-36.8,-35.0
1817.6,-36.5,-35.0
1817.7,-36.5,-35.1
1817.8,-34.8,-34.8
1817.9,-32.7,-34.5
1818.0,-31.3,-34.1
1818.1,-30.2,-33.7
1818.2,-30.0,-33.5
1818.3,-30.3,-33.3
1818.4,-30.8,-33.1
1818.5,-31.5,-33.0
1818.6,-31.9,-32.9
1818.7,-32.6,-32.8
1818.8,-33.2,-32.7
1818.9,-33.8,-32.7
1819.0,-34.7,-32.7
1819.1,-34.7,-32.6
1819.2,-34.4,-32.6
1819.3,-34.1,-32.7
1819.4,-33.9,-32.9
1819.5,-34.1,-33.1
1819.6,-34.5,-33.3
1819.7,-34.3,-33.3
1819.8,-34.2,-33.4
1819.9,-34.4,-33.4
1820.0,-34.7,-33.4
1820.1,-35.4,-33.4
1820.2,-36.1,-33.4
1820.3,-35.1,-33.3
1820.4,-33.2,-33.1
1820.5,-31.6,-32.8
1820.6,-30.6,-32.6
1820.7,-30.5,-32.5
1820.8,-31.2,-32.6
1820.9,-32.4,-32.8
1821.0,-33.6,-32.9
1821.1,-33.7,-33.1
1821.2,-33.3,-33.2
1821.3,-33.2,-33.3
1821.4,-33.4,-33.4
1821.5,-34.3,-33.5
1821.6,-35.4,-33.6
1821.7,-36.3,-33.7
1821.8,-36.8,-33.8
1821.9,-36.0,-33.7
1822.0,-34.7,-33.6
1822.1,-34.1,-33.6
1822.2,-34.0,-33.7
1822.3,-34.6,-33.8
1822.4,-35.8,-33.8
1822.5,-36.4,-33.9
1822.6,-36.7,-33.9
1822.7,-36.7,-34.0
1822.8,-36.5,-34.1
1822.9,-36.6,-34.1
1823.0,-36.8,-34.1
1823.1,-37.2,-34.1
1823.2,-38.0,-34.2
1823.3,-38.6,-34.3
1823.4,-38.8,-34.6
1823.5,-38.3,-35.0
1823.6,-37.5,-35.4
1823.7,-36.9,-35.6
1823.8,-36.3,-35.6
1823.9,-36.1,-35.7
1824.0,-35.9,-35.8
1824.1,-35.7,-35.9
1824.2,-35.4,-36.0
1824.3,-35.4,-36.1
1824.4,-35.6,-36.2
1824.5,-36.1,-36.2
1824.6,-37.0,-36.3
1824.7,-37.4,-36.3
1824.8,-38.0,-36.3
1824.9,-38.3,-36.5
1825.0,-38.8,-36.8
1825.1,-39.4,-37.0
1825.2,-39.6,-37.1
1825.3,-39.7,-37.2
1825.4,-39.7,-37.2
1825.5,-39.6,-37.4
1825.6,-39.8,-37.4
1825.7,-40.0,-37.5
1825.8,-40.2,-37.7
1825.9,-40.4,-37.8
1826.0,-40.5,-37.8
1826.1,-40.4,-37.9
1826.2,-40.2,-37.9
1826.3,-40.0,-37.9
1826.4,-40.0,-37.9
1826.5,-39.8,-38.0
1826.6,-39.6,-38.1
1826.7,-39.3,-38.2
1826.8,-39.0,-38.3
1826.9,-38.7,-38.4
1827.0,-38.7,-38.6
1827.1,-38.9,-38.8
1827.2,-39.5,-39.1
1827.3,-40.4,-39.3
1827.4,-40.7,-39.5
1827.5,-40.4,-39.6
1827.6,-39.2,-39.5
1827.7,-38.1,-39.4
1827.8,-37.5,-39.4
1827.9,-37.2,-39.4
1828.0,-37.4,-39.2
1828.1,-37.6,-39.2
1828.2,-38.2,-39.2
1828.3,-39.0,-39.3
1828.4,-40.2,-39.3
1828.5,-41.7,-39.4
1828.6,-41.5,-39.4
1828.7,-40.1,-39.3
1828.8,-38.8,-39.1
1828.9,-38.2,-39.1
1829.0,-38.3,-39.1
1829.1,-38.8,-39.1
1829.2,-39.6,-39.1
1829.3,-40.0,-39.1
1829.4,-40.4,-39.1
1829.5,-40.4,-39.1
1829.6,-40.6,-39.2
1829.7,-41.1,-39.3
1829.8,-41.3,-39.4
1829.9,-41.8,-39.5
1830.0,-42.4,-39.6
1830.1,-42.6,-39.6
1830.2,-42.3,-39.6
1830.3,-42.5,-39.7
1830.4,-43.0,-39.7
1830.5,-43.4,-39.9
1830.6,-44.7,-40.1
1830.7,-45.5,-40.4
1830.8,-45.7,-40.7
1830.9,-46.1,-40.9
1831.0,-46.8,-41.2
1831.1,-48.4,-41.5
1831.2,-49.3,-41.7
1831.3,-49.8,-41.8
1831.4,-50.0,-41.9
1831.5,-49.2,-42.0
1831.6,-47.5,-42.2
1831.7,-46.3,-42.5
1831.8,-46.0,-43.0
1831.9,-46.2,-43.4
1832.0,-47.3,-43.7
1832.1,-48.3,-44.0
1832.2,-48.6,-44.3
1832.3,-48.4,-44.6
1832.4,-48.2,-44.9
1832.5,-48.3,-45.2
1832.6,-47.8,-45.6
1832.7,-45.7,-45.6
1832.8,-43.3,-45.4
1832.9,-41.4,-45.2
1833.0,-40.4,-44.9
1833.1,-40.1,-44.8
1833.2,-40.2,-44.7
1833.3,-40.7,-44.7
1833.4,-41.1,-44.5
1833.5,-41.4,-44.3
1833.6,-41.4,-44.1
1833.7,-41.3,-43.9
1833.8,-41.2,-43.8
1833.9,-41.3,-43.6
1834.0,-41.8,-43.5
1834.1,-42.5,-43.4
1834.2,-42.9,-43.2
1834.3,-42.0,-42.9
1834.4,-40.7,-42.6
1834.5,-39.6,-42.3
1834.6,-39.1,-42.1
1834.7,-38.9,-41.9
1834.8,-39.3,-41.7
1834.9,-39.5,-41.5
1835.0,-39.5,-41.3
1835.1,-39.9,-41.2
1835.2,-40.0,-41.0
1835.3,-39.2,-40.7
1835.4,-35.4,-39.6
1835.5,-33.3,-38.6
1835.6,-32.2,-38.0
1835.7,-31.3,-37.5
1835.8,-31.6,-37.1
1835.9,-31.3,-36.5
1836.0,-30.9,-35.9
1836.1,-30.1,-35.3
1836.2,-29.1,-34.6
1836.3,-28.9,-34.1
1836.4,-28.8,-33.8
1836.5,-29.0,-33.4
1836.6,-29.5,-33.1
1836.7,-29.5,-32.8
1836.8,-29.5,-32.5
1836.9,-29.4,-32.2
1837.0,-29.0,-31.9
1837.1,-28.8,-31.6
1837.2,-28.6,-31.3
1837.3,-28.6,-31.1
1837.4,-28.6,-30.9
1837.5,-28.6,-30.6
1837.6,-28.4,-30.4
1837.7,-28.0,-30.1
1837.8,-27.8,-29.9
1837.9,-27.8,-29.7
1838.0,-27.9,-29.5
1838.1,-28.2,-29.4
1838.2,-28.6,-29.2
1838.3,-28.8,-29.1
1838.4,-29.1,-29.1
1838.5,-29.1,-29.0
1838.6,-29.1,-28.9
1838.7,-29.1,-28.9
1838.8,-28.9,-28.8
1838.9,-28.6,-28.7
1839.0,-28.4,-28.7
1839.1,-28.0,-28.6
1839.2,-27.7,-28.6
1839.3,-27.5,-28.5
1839.4,-27.3,-28.4
1839.5,-27.2,-28.4
1839.6,-26.9,-28.2
1839.7,-26.8,-28.1
1839.8,-26.6,-28.0
1839.9,-26.5,-28.0
1840.0,-26.8,-27.9
1840.1,-26.9,-27.9
1840.2,-27.2,-27.8
1840.3,-27.4,-27.8
1840.4,-27.2,-27.7
1840.5,-27.0,-27.7
1840.6,-26.4,-27.6
1840.7,-26.5,-27.6
1840.8,-26.8,-27.6
1840.9,-27.4,-27.6
1841.0,-28.5,-27.6
1841.1,-28.8,-27.6
1841.2,-28.6,-27.6
1841.3,-28.1,-27.5
1841.4,-27.9,-27.5
1841.5,-28.1,-27.5
1841.6,-28.7,-27.5
1841.7,-29.7,-27.6
1841.8,-30.0,-27.6
1841.9,-29.4,-27.6
1842.0,-28.8,-27.6
1842.1,-28.3,-27.6
1842.2,-28.4,-27.7
1842.3,-28.9,-27.8
1842.4,-29.3,-27.8
1842.5,-29.9,-27.9
1842.6,-29.8,-28.0
1842.7,-29.5,-28.1
1842.8,-29.2,-28.2
1842.9,-29.0,-28.3
1843.0,-29.2,-28.4
1843.1,-29.7,-28.5
1843.2,-30.5,-28.6
1843.3,-30.9,-28.7
1843.4,-30.8,-28.8
1843.5,-30.8,-29.0
1843.6,-30.7,-29.2
1843.7,-31.0,-29.4
1843.8,-31.3,-29.4
1843.9,-31.6,-29.5
1844.0,-31.9,-29.6
1844.1,-31.9,-29.7
1844.2,-32.1,-29.9
1844.3,-32.2,-30.1
1844.4,-32.6,-30.2
1844.5,-33.2,-30.3
1844.6,-33.9,-30.4
1844.7,-34.7,-30.5
1844.8,-35.2,-30.7
1844.9,-35.4,-30.9
1845.0,-35.5,-31.1
1845.1,-35.6,-31.4
1845.2,-35.8,-31.6
1845.3,-36.1,-31.7
1845.4,-36.4,-31.9
1845.5,-36.8,-32.1
1845.6,-37.2,-32.3
1845.7,-37.5,-32.6
1845.8,-37.7,-33.0
1845.9,-38.0,-33.3
1846.0,-38.1,-33.5
1846.1,-38.3,-33.7
1846.2,-36.9,-33.8
1846.3,-35.3,-34.0
1846.4,-34.4,-34.1
1846.5,-33.8,-34.4
1846.6,-34.2,-34.6
1846.7,-35.1,-34.7
1846.8,-36.2,-35.0
1846.9,-37.4,-35.2
1847.0,-38.5,-35.5
1847.1,-39.5,-35.8
1847.2,-40.3,-36.1
1847.3,-40.9,-36.4
1847.4,-41.2,-36.6
1847.5,-41.1,-36.8
1847.6,-41.0,-36.9
1847.7,-41.1,-37.1
1847.8,-41.4,-37.3
1847.9,-41.9,-37.4
1848.0,-40.3,-37.5
1848.1,-39.6,-37.6
1848.2,-39.3,-37.7
1848.3,-39.3,-37.9
1848.4,-41.1,-38.0
1848.5,-42.8,-38.1
1848.6,-43.9,-38.3
1848.7,-44.4,-38.4
1848.8,-44.6,-38.5
1848.9,-44.8,-38.6
1849.0,-45.2,-38.8
1849.1,-45.8,-38.9
1849.2,-46.3,-39.4
1849.3,-46.3,-40.0
1849.4,-45.6,-40.6
1849.5,-44.7,-41.1
1849.6,-44.1,-41.5
1849.7,-43.5,-41.8
1849.8,-43.3,-42.1
1849.9,-43.2,-42.2
1850.0,-43.2,-42.4
1850.1,-43.5,-42.5
1850.2,-43.7,-42.6
1850.3,-44.1,-42.7
1850.4,-44.5,-42.8
1850.5,-44.9,-43.0
1850.6,-45.2,-43.1
1850.7,-45.3,-43.2
1850.8,-45.5,-43.3
1850.9,-45.5,-43.4
1851.0,-45.6,-44.0
1851.1,-45.8,-44.4
1851.2,-42.2,-44.1
1851.3,-35.7,-41.8
1851.4,-33.0,-40.2
1851.5,-31.6,-39.1
1851.6,-30.9,-38.5
1851.7,-31.3,-37.9
1851.8,-31.6,-37.4
1851.9,-31.8,-36.9
1852.0,-31.7,-36.4
1852.1,-31.9,-36.1
1852.2,-32.8,-36.0
1852.3,-34.0,-35.9
1852.4,-34.9,-35.7
1852.5,-35.0,-35.5
1852.6,-34.5,-35.3
1852.7,-34.4,-35.3
1852.8,-35.1,-35.2
1852.9,-35.4,-35.1
1853.0,-35.3,-34.9
1853.1,-35.0,-34.8
1853.2,-34.9,-34.7
1853.3,-35.6,-34.6
1853.4,-36.6,-34.6
1853.5,-37.1,-34.5
1853.6,-37.0,-34.4
1853.7,-37.1,-34.4
1853.8,-37.6,-34.3
1853.9,-38.4,-34.3
1854.0,-38.8,-34.3
1854.1,-38.7,-34.2
1854.2,-38.5,-34.2
1854.3,-38.4,-34.5
1854.4,-38.5,-34.8
1854.5,-38.7,-35.1
1854.6,-38.4,-35.4
1854.7,-37.6,-35.5
1854.8,-36.8,-35.8
1854.9,-36.1,-36.0
1855.0,-35.7,-36.2
1855.1,-35.0,-36.3
1855.2,-34.0,-36.1
1855.3,-33.5,-35.9
1855.4,-33.3,-35.9
1855.5,-33.5,-36.0
1855.6,-34.4,-36.1
1855.7,-35.2,-36.0
1855.8,-35.9,-36.0
1855.9,-36.5,-36.1
1856.0,-36.9,-36.3
1856.1,-37.0,-36.3
1856.2,-37.3,-36.4
1856.3,-37.9,-36.4
1856.4,-38.7,-36.5
1856.5,-39.7,-36.6
1856.6,-40.1,-36.6
1856.7,-39.9,-36.6
1856.8,-39.4,-36.6
1856.9,-38.9,-36.6
1857.0,-38.5,-36.6
1857.1,-38.4,-36.6
1857.2,-38.5,-36.6
1857.3,-38.6,-36.6
1857.4,-38.7,-36.6
1857.5,-38.7,-36.6
1857.6,-38.6,-36.7
1857.7,-38.8,-36.7
1857.8,-38.9,-36.8
1857.9,-39.2,-37.0
1858.0,-39.3,-37.1
1858.1,-39.2,-37.3
1858.2,-39.1,-37.7
1858.3,-38.5,-37.9
1858.4,-37.9,-38.1
1858.5,-37.1,-38.2
1858.6,-36.6,-38.2
1858.7,-35.8,-38.1
1858.8,-35.1,-37.9
1858.9,-34.5,-37.7
1859.0,-33.8,-37.5
1859.1,-33.7,-37.3
1859.2,-33.2,-37.0
1859.3,-33.1,-36.7
1859.4,-32.9,-36.4
1859.5,-32.3,-36.0
1859.6,-31.9,-35.6
1859.7,-31.2,-35.2
1859.8,-30.6,-34.8
1859.9,-30.3,-34.5
1860.0,-30.0,-34.1
1860.1,-30.2,-33.9
1860.2,-30.5,-33.7
1860.3,-30.5,-33.4
1860.4,-30.8,-33.2
1860.5,-30.7,-33.0
1860.6,-30.3,-32.7
1860.7,-29.9,-32.4
1860.8,-29.2,-32.0
1860.9,-28.9,-31.8
1861.0,-28.5,-31.5
1861.1,-28.8,-31.3
1861.2,-29.2,-31.2
1861.3,-29.2,-30.9
1861.4,-29.4,-30.7
1861.5,-29.0,-30.6
1861.6,-28.4,-30.3
1861.7,-28.0,-30.1
1861.8,-27.0,-29.7
1861.9,-25.8,-29.3
1862.0,-25.4,-29.0
1862.1,-24.8,-28.6
1862.2,-24.9,-28.4
1862.3,-24.7,-28.0
1862.4,-24.4,-27.8
1862.5,-24.5,-27.5
1862.6,-24.7,-27.4
1862.7,-25.8,-27.4
1862.8,-26.8,-27.4
1862.9,-27.7,-27.3
1863.0,-28.0,-27.3
1863.1,-27.4,-27.1
1863.2,-27.3,-27.1
1863.3,-27.6,-27.1
1863.4,-28.2,-27.0
1863.5,-29.4,-27.0
1863.6,-28.7,-27.0
1863.7,-27.7,-26.9
1863.8,-26.9,-26.8
1863.9,-26.3,-26.7
1864.0,-26.5,-26.7
1864.1,-27.1,-26.7
1864.2,-27.6,-26.7
1864.3,-28.2,-26.7
1864.4,-29.2,-26.7
1864.5,-30.2,-26.8
1864.6,-31.1,-26.8
1864.7,-32.7,-26.9
1864.8,-33.0,-27.1
1864.9,-33.3,-27.4
1865.0,-33.6,-27.6
1865.1,-33.3,-27.9
1865.2,-33.2,-28.1
1865.3,-32.7,-28.4
1865.4,-32.8,-28.8
1865.5,-32.7,-29.1
1865.6,-32.6,-29.3
1865.7,-32.7,-29.4
1865.8,-33.1,-29.5
1865.9,-33.6,-29.7
1866.0,-34.1,-29.9
1866.1,-34.4,-30.2
1866.2,-34.2,-30.4
1866.3,-33.7,-30.5
1866.4,-33.2,-30.5
1866.5,-33.0,-30.6
1866.6,-32.5,-30.9
1866.7,-32.4,-31.3
1866.8,-32.2,-31.6
1866.9,-31.9,-31.9
1867.0,-32.1,-32.2
1867.1,-32.5,-32.5
1867.2,-32.6,-32.7
1867.3,-32.3,-32.8
1867.4,-31.7,-32.7
1867.5,-31.2,-32.7
1867.6,-31.6,-32.8
1867.7,-32.6,-32.8
1867.8,-33.2,-32.8
1867.9,-31.2,-32.4
1868.0,-28.2,-31.7
1868.1,-26.3,-31.1
1868.2,-23.5,-29.8
1868.3,-22.0,-28.7
1868.4,-20.9,-27.8
1868.5,-20.6,-27.3
1868.6,-20.8,-26.8
1868.7,-21.1,-26.4
1868.8,-21.7,-26.0
1868.9,-21.8,-25.7
1869.0,-22.2,-25.5
1869.1,-22.8,-25.3
1869.2,-23.4,-25.1
1869.3,-23.6,-24.9
1869.4,-23.7,-24.8
1869.5,-23.7,-24.6
1869.6,-23.9,-24.5
1869.7,-24.3,-24.4
1869.8,-24.8,-24.3
1869.9,-23.5,-24.0
1870.0,-22.5,-23.8
1870.1,-21.8,-23.5
1870.2,-21.2,-23.3
1870.3,-21.6,-23.2
1870.4,-22.0,-23.0
1870.5,-22.5,-22.9
1870.6,-23.1,-22.8
1870.7,-23.5,-22.7
1870.8,-23.7,-22.6
1870.9,-23.8,-22.6
1871.0,-23.8,-22.5
1871.1,-23.9,-22.5
1871.2,-24.2,-22.7
1871.3,-24.8,-22.9
1871.4,-25.3,-23.1
1871.5,-24.8,-23.1
1871.6,-21.8,-22.9
1871.7,-20.3,-22.7
1871.8,-19.6,-22.7
1871.9,-19.4,-22.6
1872.0,-20.3,-22.5
1872.1,-21.1,-22.5
1872.2,-21.4,-22.4
1872.3,-21.9,-22.4
1872.4,-22.6,-22.4
1872.5,-23.3,-22.4
1872.6,-23.7,-22.4
1872.7,-23.6,-22.3
1872.8,-23.3,-22.3
1872.9,-23.2,-22.4
1873.0,-23.7,-22.5
1873.1,-24.3,-22.6
1873.2,-24.1,-22.7
1873.3,-23.0,-22.6
1873.4,-21.6,-22.4
1873.5,-20.7,-22.3
1873.6,-20.3,-22.2
1873.7,-20.5,-22.1
1873.8,-20.8,-22.0
1873.9,-20.8,-21.9
1874.0,-20.9,-21.8
1874.1,-20.9,-21.8
1874.2,-21.3,-21.7
1874.3,-21.7,-21.6
1874.4,-21.8,-21.5
1874.5,-21.6,-21.5
1874.6,-21.4,-21.6
1874.7,-21.3,-21.8
1874.8,-21.7,-21.9
1874.9,-20.5,-21.7
1875.0,-19.4,-21.5
1875.1,-18.5,-21.3
1875.2,-17.9,-21.1
1875.3,-18.2,-21.0
1875.4,-18.6,-20.8
1875.5,-18.7,-20.6
1875.6,-18.4,-20.4
1875.7,-18.2,-20.3
1875.8,-18.2,-20.2
1875.9,-18.7,-20.1
1876.0,-19.1,-19.9
1876.1,-19.3,-19.8
1876.2,-19.2,-19.7
1876.3,-18.5,-19.6
1876.4,-18.5,-19.6
1876.5,-18.7,-19.5
1876.6,-19.1,-19.5
1876.7,-20.5,-19.6
1876.8,-21.2,-19.6
1876.9,-21.9,-19.6
1877.0,-22.1,-19.7
1877.1,-22.5,-19.7
1877.2,-22.4,-19.7
1877.3,-23.0,-19.7
1877.4,-24.0,-19.8
1877.5,-24.7,-19.9
1877.6,-27.1,-20.0
1877.7,-28.0,-20.1
1877.8,-29.4,-20.1
1877.9,-31.7,-20.4
1878.0,-32.9,-20.7
1878.1,-32.9,-20.9
1878.2,-33.0,-21.2
1878.3,-32.7,-21.4
1878.4,-32.8,-21.7
1878.5,-32.7,-22.0
1878.6,-34.0,-22.4
1878.7,-33.7,-22.8
1878.8,-33.8,-23.1
1878.9,-35.8,-23.4
1879.0,-35.1,-23.8
1879.1,-36.5,-24.3
1879.2,-37.8,-24.8
1879.3,-38.1,-25.8
1879.4,-40.4,-26.4
1879.5,-43.4,-27.1
1879.6,-43.8,-27.8
1879.7,-43.4,-28.4
1879.8,-42.8,-29.0
1879.9,-42.2,-29.6
1880.0,-41.9,-30.6
1880.1,-42.3,-31.4
1880.2,-43.0,-33.1
1880.3,-43.6,-33.8
1880.4,-44.5,-34.7
1880.5,-44.8,-35.7
1880.6,-45.2,-36.3
1880.7,-45.4,-36.7
1880.8,-45.5,-37.1
1880.9,-46.0,-37.4
1881.0,-46.2,-37.7
1881.1,-46.6,-38.2
1881.2,-46.9,-38.9
1881.3,-46.8,-39.4
1881.4,-46.6,-39.8
1881.5,-46.5,-40.9
1881.6,-46.4,-41.0
1881.7,-46.8,-42.2
1881.8,-39.4,-41.9
1881.9,-36.4,-41.2
1882.0,-32.5,-39.5
1882.1,-32.3,-39.6
1882.2,-32.6,-39.4
1882.3,-32.3,-38.7
1882.4,-35.8,-38.7
1882.5,-36.1,-38.7
1882.6,-37.3,-38.7
1882.7,-44.4,-38.7
1882.8,-46.7,-38.8
1882.9,-46.9,-38.8
1883.0,-46.8,-38.9
1883.1,-39.0,-38.5
1883.2,-37.8,-38.3
1883.3,-35.5,-37.9
1883.4,-35.2,-37.8
1883.5,-36.3,-37.7
1883.6,-36.0,-37.5
1883.7,-38.7,-37.5
1883.8,-39.3,-37.5
1883.9,-37.4,-37.2
1884.0,-38.3,-37.2
1884.1,-38.0,-37.1
1884.2,-38.0,-37.1
1884.3,-41.6,-37.1
1884.4,-42.7,-37.1
1884.5,-43.4,-37.1
1884.6,-44.4,-37.0
1884.7,-45.5,-37.0
1884.8,-46.7,-37.3
1884.9,-47.5,-37.7
1885.0,-48.8,-39.1
1885.1,-49.9,-39.2
1885.2,-50.9,-39.5
1885.3,-53.7,-40.4
1885.4,-55.5,-40.5
1885.5,-54.8,-40.5
1885.6,-55.1,-40.6
1885.7,-52.9,-40.6
1885.8,-51.5,-40.6
1885.9,-51.8,-40.6
1886.0,-51.8,-40.7
1886.1,-53.4,-41.5
1886.2,-42.7,-41.4
1886.3,-42.0,-42.4
1886.4,-39.9,-42.3
1886.5,-36.7,-41.7
1886.6,-35.9,-41.4
1886.7,-34.5,-40.6
1886.8,-34.9,-40.7
1886.9,-36.7,-41.4
1887.0,-39.3,-41.6
1887.1,-49.4,-41.7
1887.2,-57.6,-41.9
1887.3,-60.2,-42.0
1887.4,-60.8,-42.1
1887.5,-60.9,-42.1
1887.6,-56.9,-42.2
1887.7,-54.5,-42.2
1887.8,-53.1,-42.2
1887.9,-52.6,-42.3
1888.0,-53.1,-42.3
1888.1,-53.9,-42.3
1888.2,-54.1,-42.3
1888.3,-50.6,-42.2
1888.4,-46.7,-42.1
1888.5,-44.7,-42.0
1888.6,-43.4,-41.9
1888.7,-42.7,-41.8
1888.8,-42.9,-41.7
1888.9,-43.2,-41.6
1889.0,-42.9,-41.5
1889.1,-43.0,-41.4
1889.2,-43.5,-41.8
1889.3,-44.0,-41.8
1889.4,-45.4,-42.1
1889.5,-46.8,-43.3
1889.6,-48.0,-44.6
1889.7,-48.5,-46.8
1889.8,-50.1,-47.1
1889.9,-50.6,-47.0
1890.0,-51.3,-47.0
1890.1,-53.2,-47.0
1890.2,-54.2,-47.0
1890.3,-58.1,-47.0
1890.4,-59.8,-47.0
1890.5,-58.1,-47.0
1890.6,-57.7,-47.0
1890.7,-57.7,-47.1
1890.8,-58.3,-47.1
1890.9,-61.0,-47.1
1891.0,-62.0,-47.2
1891.1,-61.0,-47.2
1891.2,-60.1,-47.2
1891.3,-59.7,-47.4
1891.4,-59.9,-47.8
1891.5,-60.6,-48.3
1891.6,-62.3,-48.8
1891.7,-64.0,-49.5
1891.8,-65.2,-50.1
1891.9,-66.3,-50.8
1892.0,-66.9,-52.1
1892.1,-67.6,-53.3
1892.2,-67.8,-54.3
1892.3,-66.2,-55.1
1892.4,-64.8,-56.3
1892.5,-63.5,-57.1
1892.6,-62.7,-57.8
1892.7,-61.9,-59.0
1892.8,-61.2,-59.4
1892.9,-60.6,-60.6
1893.0,-60.5,-61.1
1893.1,-60.9,-61.3
1893.2,-57.0,-60.4
1893.3,-55.6,-59.9
1893.4,-54.8,-59.7
1893.5,-53.1,-59.2
1893.6,-49.5,-56.6
1893.7,-46.2,-54.0
1893.8,-44.2,-52.3
1893.9,-43.0,-51.1
1894.0,-42.7,-50.3
1894.1,-42.9,-49.7
1894.2,-43.4,-49.3
1894.3,-44.2,-48.9
1894.4,-44.9,-48.7
1894.5,-45.8,-48.5
1894.6,-46.8,-48.4
1894.7,-47.8,-48.3
1894.8,-48.9,-48.2
1894.9,-50.1,-48.1
1895.0,-51.3,-48.1
1895.1,-52.2,-48.0
1895.2,-53.3,-48.0
1895.3,-49.0,-47.7
1895.4,-47.9,-47.5
1895.5,-47.7,-47.5
1895.6,-47.7,-47.4
1895.7,-50.8,-47.4
1895.8,-53.7,-47.4
1895.9,-55.2,-47.4
1896.0,-55.4,-47.4
1896.1,-54.3,-47.3
1896.2,-54.0,-47.3
1896.3,-54.1,-47.4
1896.4,-54.3,-47.4
1896.5,-55.3,-47.4
1896.6,-56.1,-47.6
1896.7,-56.6,-48.1
1896.8,-57.0,-48.7
1896.9,-57.4,-49.3
1897.0,-57.5,-49.9
1897.1,-56.9,-50.5
1897.2,-56.8,-51.1
1897.3,-56.6,-51.6
1897.4,-54.8,-52.0
1897.5,-47.4,-51.1
1897.6,-43.7,-49.7
1897.7,-42.2,-48.9
1897.8,-41.7,-48.6
1897.9,-42.4,-48.5
1898.0,-44.5,-48.4
1898.1,-47.0,-48.3
1898.2,-46.9,-48.0
1898.3,-45.2,-47.8
1898.4,-44.1,-47.6
1898.5,-43.4,-47.3
1898.6,-43.2,-47.0
1898.7,-43.8,-46.8
1898.8,-44.2,-46.6
1898.9,-44.4,-46.4
1899.0,-45.1,-46.3
1899.1,-46.0,-46.2
1899.2,-47.1,-46.2
1899.3,-48.7,-46.2
1899.4,-49.7,-46.1
1899.5,-50.4,-46.1
1899.6,-50.7,-46.0
1899.7,-50.8,-46.0
1899.8,-51.0,-46.0
1899.9,-51.0,-45.9
1900.0,-51.3,-45.9
1900.1,-51.6,-45.9
1900.2,-52.0,-45.9
1900.3,-52.5,-45.9
1900.4,-52.9,-45.9
1900.5,-52.9,-46.2
1900.6,-53.1,-46.8
1900.7,-53.3,-47.3
1900.8,-53.6,-47.6
1900.9,-49.6,-47.5
1901.0,-46.6,-47.2
1901.1,-46.6,-47.3
1901.2,-46.6,-47.5
1901.3,-48.4,-48.0
1901.4,-54.7,-48.5
1901.5,-54.7,-48.9
1901.6,-54.1,-49.3
1901.7,-54.0,-49.7
1901.8,-54.1,-50.1
1901.9,-54.5,-50.6
1902.0,-55.6,-51.0
1902.1,-55.5,-51.1
1902.2,-54.6,-51.2
1902.3,-52.6,-51.2
1902.4,-39.3,-46.5
1902.5,-36.4,-44.3
1902.6,-34.9,-43.0
1902.7,-34.1,-42.3
1902.8,-34.9,-41.9
1902.9,-36.0,-41.6
1903.0,-36.2,-40.9
1903.1,-36.5,-40.6
1903.2,-36.8,-40.4
1903.3,-37.1,-40.2
1903.4,-39.2,-40.2
1903.5,-41.2,-40.1
1903.6,-42.5,-40.1
1903.7,-43.7,-40.0
1903.8,-43.9,-40.0
1903.9,-44.6,-40.0
1904.0,-45.8,-40.0
1904.1,-46.3,-40.0
1904.2,-46.7,-40.0
1904.3,-46.9,-39.9
1904.4,-46.8,-39.9
1904.5,-47.3,-39.9
1904.6,-48.1,-39.9
1904.7,-48.6,-39.9
1904.8,-48.5,-39.9
1904.9,-48.3,-39.9
1905.0,-48.6,-39.8
1905.1,-49.0,-39.8
1905.2,-49.3,-39.8
1905.3,-49.2,-39.8
1905.4,-49.2,-40.5
1905.5,-49.0,-41.3
1905.6,-49.7,-42.0
1905.7,-50.0,-42.7
1905.8,-49.8,-43.2
1905.9,-49.7,-43.7
1906.0,-49.8,-45.0
1906.1,-50.1,-46.1
1906.2,-50.8,-46.9
1906.3,-51.2,-47.5
1906.4,-50.9,-47.7
1906.5,-50.7,-48.1
1906.6,-50.3,-48.4
1906.7,-50.4,-48.7
1906.8,-50.8,-49.0
1906.9,-51.3,-49.2
1907.0,-52.1,-49.3
1907.1,-52.4,-49.5
1907.2,-52.4,-49.8
1907.3,-52.3,-50.0
1907.4,-52.1,-50.2
1907.5,-52.0,-50.2
1907.6,-52.2,-50.4
1907.7,-52.8,-50.5
1907.8,-53.0,-50.7
1907.9,-53.4,-50.9
1908.0,-53.7,-51.0
1908.1,-53.6,-51.1
1908.2,-53.8,-51.3
1908.3,-53.9,-51.5
1908.4,-53.6,-51.6
1908.5,-53.5,-51.7
1908.6,-53.0,-51.8
1908.7,-52.9,-51.9
1908.8,-53.2,-52.1
1908.9,-53.4,-52.3
1909.0,-53.8,-52.3
1909.1,-54.1,-52.5
1909.2,-54.3,-52.6
1909.3,-54.6,-52.7
1909.4,-54.9,-52.9
1909.5,-54.7,-53.0
1909.6,-54.4,-53.2
1909.7,-54.2,-53.3
1909.8,-54.0,-53.4
1909.9,-52.7,-53.3
1910.0,-52.1,-53.2
1910.1,-51.8,-53.2
1910.2,-51.8,-53.3
1910.3,-52.7,-53.3
1910.4,-53.6,-53.4
1910.5,-54.3,-53.5
1910.6,-55.0,-53.6
1910.7,-53.7,-53.5
1910.8,-53.4,-53.5
1910.9,-52.6,-53.4
1911.0,-52.1,-53.4
1911.1,-53.0,-53.4
1911.2,-52.4,-53.3
1911.3,-52.7,-53.3
1911.4,-52.6,-53.2
1911.5,-53.0,-53.3
1911.6,-53.8,-53.4
1911.7,-54.4,-53.4
1911.8,-54.9,-53.4
1911.9,-54.9,-53.5
1912.0,-55.4,-53.6
1912.1,-55.7,-53.6
1912.2,-56.0,-53.6
1912.3,-54.4,-53.5
1912.4,-53.5,-53.4
1912.5,-52.9,-53.4
1912.6,-52.6,-53.4
1912.7,-53.2,-53.3
1912.8,-53.7,-53.4
1912.9,-54.1,-53.6
1913.0,-54.6,-53.7
1913.1,-55.3,-53.8
1913.2,-55.6,-53.9
1913.3,-55.2,-53.9
1913.4,-55.3,-53.9
1913.5,-55.1,-53.9
1913.6,-55.3,-53.9
1913.7,-55.8,-54.1
1913.8,-54.8,-54.1
1913.9,-53.9,-54.1
1914.0,-52.3,-53.9
1914.1,-51.2,-53.7
1914.2,-50.8,-53.7
1914.3,-50.9,-53.7
1914.4,-51.6,-53.8
1914.5,-52.7,-53.7
1914.6,-53.7,-53.7
1914.7,-54.3,-53.7
1914.8,-54.0,-53.7
1914.9,-53.5,-53.5
1915.0,-53.0,-53.4
1915.1,-52.2,-53.3
1915.2,-50.5,-52.9
1915.3,-50.5,-52.9
1915.4,-50.7,-52.9
1915.5,-51.3,-53.0
1915.6,-54.1,-53.0
1915.7,-54.5,-53.0
1915.8,-54.2,-53.0
1915.9,-54.0,-53.0
1916.0,-53.5,-52.9
1916.1,-53.1,-52.8
1916.2,-51.9,-52.6
1916.3,-51.6,-52.6
1916.4,-51.7,-52.5
1916.5,-51.9,-52.5
1916.6,-52.3,-52.3
1916.7,-52.2,-52.2
1916.8,-51.6,-52.1
1916.9,-51.3,-52.1
1917.0,-51.7,-52.2
1917.1,-50.8,-52.2
1917.2,-49.7,-51.9
1917.3,-48.1,-51.5
1917.4,-47.7,-51.3
1917.5,-44.1,-49.8
1917.6,-33.8,-42.1
1917.7,-33.7,-42.0
1917.8,-33.7,-42.0
1917.9,-33.9,-41.9
1918.0,-45.4,-41.9
1918.1,-45.7,-41.8
1918.2,-45.7,-41.8
1918.3,-44.2,-41.7
1918.4,-43.0,-41.5
1918.5,-42.1,-41.4
1918.6,-41.1,-41.2
1918.7,-40.7,-41.0
1918.8,-40.6,-40.9
1918.9,-40.6,-40.8
1919.0,-40.5,-40.6
1919.1,-40.4,-40.4
1919.2,-40.2,-40.3
1919.3,-40.1,-40.2
1919.4,-40.0,-40.0
1919.5,-38.6,-39.6
1919.6,-36.7,-39.2
1919.7,-32.6,-37.7
1919.8,-31.8,-37.3
1919.9,-31.5,-37.0
1920.0,-31.4,-36.7
1920.1,-33.2,-36.3
1920.2,-33.0,-36.0
1920.3,-32.3,-35.6
1920.4,-31.8,-35.2
1920.5,-31.2,-34.8
1920.6,-30.8,-35.1
1920.7,-31.0,-34.8
1920.8,-31.2,-34.6
1920.9,-31.7,-34.4
1921.0,-32.3,-34.2
1921.1,-32.9,-34.1
1921.2,-33.6,-34.0
1921.3,-34.9,-33.9
1921.4,-36.2,-33.9
1921.5,-36.2,-33.8
1921.6,-35.8,-33.7
1921.7,-35.3,-33.7
1921.8,-35.2,-33.6
1921.9,-35.9,-33.6
1922.0,-36.2,-33.5
1922.1,-36.4,-33.5
1922.2,-36.0,-33.4
1922.3,-34.6,-33.3
1922.4,-32.6,-33.0
1922.5,-30.6,-32.6
1922.6,-29.9,-32.5
1922.7,-29.5,-32.6
1922.8,-29.3,-32.4
1922.9,-29.6,-32.2
1923.0,-29.2,-32.0
1923.1,-28.7,-31.8
1923.2,-28.7,-31.6
1923.3,-28.5,-31.5
1923.4,-25.0,-30.2
1923.5,-22.0,-28.5
1923.6,-20.6,-27.6
1923.7,-19.6,-26.8
1923.8,-19.6,-26.3
1923.9,-20.5,-26.0
1924.0,-21.2,-25.7
1924.1,-22.0,-25.5
1924.2,-22.6,-25.2
1924.3,-22.9,-25.0
1924.4,-23.4,-24.9
1924.5,-23.4,-24.6
1924.6,-23.2,-24.4
1924.7,-23.4,-24.3
1924.8,-23.6,-24.2
1924.9,-24.1,-24.1
1925.0,-25.2,-24.0
1925.1,-25.7,-23.9
1925.2,-26.0,-23.9
1925.3,-26.5,-23.8
1925.4,-26.9,-23.8
1925.5,-27.3,-23.8
1925.6,-27.7,-23.8
1925.7,-28.2,-23.8
1925.8,-28.1,-23.7
1925.9,-28.3,-23.7
1926.0,-28.5,-23.8
1926.1,-29.2,-23.8
1926.2,-30.4,-23.8
1926.3,-31.0,-23.8
1926.4,-31.4,-24.1
1926.5,-31.8,-24.6
1926.6,-31.5,-25.1
1926.7,-31.8,-25.6
1926.8,-32.0,-26.0
1926.9,-32.3,-26.3
1927.0,-33.1,-26.7
1927.1,-33.4,-27.0
1927.2,-33.3,-27.4
1927.3,-34.1,-27.7
1927.4,-34.8,-28.0
1927.5,-34.6,-28.5
1927.6,-34.4,-29.1
1927.7,-33.4,-29.4
1927.8,-33.5,-29.7
1927.9,-33.9,-30.2
1928.0,-34.7,-30.6
1928.1,-37.1,-30.9
1928.2,-37.7,-31.2
1928.3,-38.0,-31.7
1928.4,-38.4,-32.1
1928.5,-38.1,-32.3
1928.6,-38.3,-32.6
1928.7,-38.5,-33.1
1928.8,-38.9,-33.6
1928.9,-39.7,-34.0
1929.0,-40.8,-34.2
1929.1,-41.3,-34.6
1929.2,-41.2,-34.9
1929.3,-41.6,-35.2
1929.4,-41.7,-35.4
1929.5,-42.0,-35.8
1929.6,-42.4,-36.3
1929.7,-42.7,-36.5
1929.8,-43.4,-36.7
1929.9,-44.1,-37.2
1930.0,-44.4,-37.6
1930.1,-44.9,-37.8
1930.2,-45.0,-38.1
1930.3,-44.5,-38.4
1930.4,-44.7,-38.7
1930.5,-45.0,-39.1
1930.6,-45.5,-39.6
1930.7,-46.1,-40.6
1930.8,-40.3,-40.6
1930.9,-35.5,-39.7
1931.0,-33.5,-39.0
1931.1,-32.6,-38.7
1931.2,-32.5,-38.6
1931.3,-33.6,-38.4
1931.4,-34.4,-38.1
1931.5,-34.0,-37.8
1931.6,-33.5,-37.5
1931.7,-33.3,-37.2
1931.8,-33.6,-37.1
1931.9,-34.0,-36.8
1932.0,-33.3,-36.4
1932.1,-32.8,-36.0
1932.2,-31.4,-35.5
1932.3,-30.4,-34.9
1932.4,-30.2,-34.6
1932.5,-29.4,-34.1
1932.6,-28.8,-33.5
1932.7,-28.6,-33.0
1932.8,-28.5,-32.7
1932.9,-28.5,-32.4
1933.0,-27.6,-31.7
1933.1,-27.0,-31.2
1933.2,-26.8,-30.9
1933.3,-26.6,-30.6
1933.4,-27.4,-30.4
1933.5,-28.4,-30.2
1933.6,-29.0,-30.1
1933.7,-30.0,-30.0
1933.8,-31.1,-30.0
1933.9,-31.5,-30.0
1934.0,-30.9,-29.9
1934.1,-30.7,-29.9
1934.2,-31.1,-29.8
1934.3,-31.7,-29.8
1934.4,-33.3,-29.9
1934.5,-34.0,-29.9
1934.6,-34.4,-29.9
1934.7,-34.0,-29.9
1934.8,-34.0,-29.9
1934.9,-34.3,-29.9
1935.0,-34.3,-30.0
1935.1,-34.9,-30.0
1935.2,-35.3,-30.1
1935.3,-36.1,-30.3
1935.4,-36.9,-30.4
1935.5,-37.6,-30.6
1935.6,-37.4,-30.8
1935.7,-36.8,-31.1
1935.8,-36.8,-31.3
1935.9,-37.1,-31.5
1936.0,-37.6,-32.1
1936.1,-38.6,-32.7
1936.2,-39.2,-33.1
1936.3,-39.5,-33.6
1936.4,-39.9,-34.2
1936.5,-39.8,-34.5
1936.6,-39.1,-34.7
1936.7,-38.4,-35.0
1936.8,-38.1,-35.3
1936.9,-37.8,-35.5
1937.0,-38.1,-36.1
1937.1,-38.3,-36.5
1937.2,-38.7,-36.7
1937.3,-39.8,-36.9
1937.4,-40.1,-37.0
1937.5,-40.2,-37.3
1937.6,-40.5,-37.5
1937.7,-40.1,-37.8
1937.8,-39.8,-38.0
1937.9,-40.8,-38.3
1938.0,-40.8,-38.6
1938.1,-39.7,-38.7
1938.2,-38.5,-38.6
1938.3,-37.9,-38.6
1938.4,-37.7,-38.7
1938.5,-38.2,-38.8
1938.6,-39.0,-38.9
1938.7,-39.3,-39.1
1938.8,-39.2,-39.1
1938.9,-39.3,-39.1
1939.0,-39.4,-39.1
1939.1,-39.0,-39.1
1939.2,-38.9,-39.1
1939.3,-39.1,-39.1
1939.4,-39.3,-39.1
1939.5,-39.9,-39.1
1939.6,-40.3,-39.2
1939.7,-39.7,-39.3
1939.8,-38.1,-39.1
1939.9,-37.3,-39.0
1940.0,-36.4,-38.9
1940.1,-36.2,-38.8
1940.2,-37.0,-38.8
1940.3,-37.0,-38.6
1940.4,-36.7,-38.4
1940.5,-36.3,-38.3
1940.6,-36.4,-38.2
1940.7,-36.0,-38.0
1940.8,-35.7,-37.8
1940.9,-36.1,-37.7
1941.0,-35.6,-37.5
1941.1,-35.2,-37.4
1941.2,-35.4,-37.3
1941.3,-35.4,-37.3
1941.4,-35.6,-37.2
1941.5,-35.8,-37.0
1941.6,-36.6,-37.0
1941.7,-36.4,-36.9
1941.8,-35.9,-36.8
1941.9,-36.5,-36.7
1942.0,-37.0,-36.8
1942.1,-36.4,-36.6
1942.2,-36.4,-36.5
1942.3,-36.4,-36.4
1942.4,-36.0,-36.4
1942.5,-36.2,-36.3
1942.6,-37.4,-36.3
1942.7,-38.0,-36.3
1942.8,-37.4,-36.3
1942.9,-37.8,-36.3
1943.0,-37.2,-36.4
1943.1,-36.4,-36.3
1943.2,-35.4,-36.1
1943.3,-31.5,-35.2
1943.4,-29.4,-34.5
1943.5,-28.1,-33.9
1943.6,-27.2,-33.3
1943.7,-27.5,-33.0
1943.8,-27.6,-32.6
1943.9,-27.5,-32.1
1944.0,-27.1,-31.6
1944.1,-25.7,-30.8
1944.2,-25.4,-30.5
1944.3,-25.4,-30.2
1944.4,-26.1,-30.1
1944.5,-28.2,-30.0
1944.6,-30.3,-30.0
1944.7,-32.9,-30.0
1944.8,-34.7,-30.0
1944.9,-35.5,-30.0
1945.0,-35.3,-30.0
1945.1,-35.2,-30.0
1945.2,-35.3,-30.0
1945.3,-35.0,-30.0
1945.4,-34.7,-29.9
1945.5,-34.8,-29.9
1945.6,-34.6,-29.9
1945.7,-34.5,-29.9
1945.8,-34.2,-29.8
1945.9,-34.2,-29.8
1946.0,-33.9,-29.8
1946.1,-32.9,-29.7
1946.2,-33.2,-29.7
1946.3,-32.7,-29.9
1946.4,-32.4,-30.1
1946.5,-33.2,-30.3
1946.6,-33.5,-30.6
1946.7,-33.6,-30.7
1946.8,-33.7,-31.0
1946.9,-33.1,-31.2
1947.0,-32.5,-31.6
1947.1,-32.1,-32.5
1947.2,-32.3,-33.0
1947.3,-31.6,-33.3
1947.4,-31.7,-33.5
1947.5,-31.6,-33.4
1947.6,-31.3,-33.3
1947.7,-31.7,-33.1
1947.8,-32.2,-33.1
1947.9,-33.1,-33.1
1948.0,-32.7,-33.0
1948.1,-30.7,-32.5
1948.2,-29.3,-32.2
1948.3,-28.3,-31.9
1948.4,-27.5,-31.6
1948.5,-28.2,-31.4
1948.6,-27.3,-30.9
1948.7,-26.2,-30.4
1948.8,-25.7,-30.0
1948.9,-25.7,-29.9
1949.0,-26.6,-29.8
1949.1,-27.9,-29.8
1949.2,-30.2,-29.7
1949.3,-30.3,-29.7
1949.4,-29.9,-29.6
1949.5,-30.5,-29.5
1949.6,-30.8,-29.5
1949.7,-30.3,-29.4
1949.8,-30.0,-29.3
1949.9,-30.2,-29.3
1950.0,-28.9,-29.1
1950.1,-28.8,-29.1
1950.2,-28.7,-28.9
1950.3,-28.8,-29.0
1950.4,-28.4,-28.8
1950.5,-27.9,-28.7
1950.6,-28.6,-28.7
1950.7,-27.7,-28.6
1950.8,-28.7,-28.5
1950.9,-29.8,-28.4
1951.0,-29.2,-28.4
1951.1,-29.7,-28.5
1951.2,-29.4,-28.5
1951.3,-29.6,-28.6
1951.4,-30.2,-28.7
1951.5,-30.5,-28.7
1951.6,-31.3,-29.0
1951.7,-31.3,-29.3
1951.8,-31.2,-29.6
1951.9,-30.9,-29.6
1952.0,-30.8,-29.6
1952.1,-30.9,-29.8
1952.2,-31.3,-29.8
1952.3,-31.9,-29.8
1952.4,-29.8,-29.6
1952.5,-24.5,-28.5
1952.6,-24.4,-28.5
1952.7,-23.9,-28.3
1952.8,-23.4,-28.1
1952.9,-25.6,-27.8
1953.0,-23.9,-27.5
1953.1,-23.4,-27.2
1953.2,-24.2,-27.2
1953.3,-24.7,-27.1
1953.4,-25.9,-27.1
1953.5,-26.1,-26.9
1953.6,-25.1,-26.7
1953.7,-25.5,-26.8
1953.8,-25.4,-26.7
1953.9,-27.1,-26.7
1954.0,-27.1,-26.5
1954.1,-25.8,-26.4
1954.2,-26.6,-26.4
1954.3,-25.2,-26.2
1954.4,-25.0,-26.0
1954.5,-25.6,-25.9
1954.6,-25.7,-25.9
1954.7,-26.9,-25.9
1954.8,-29.2,-25.9
1954.9,-30.3,-25.9
1955.0,-30.2,-25.9
1955.1,-30.2,-25.9
1955.2,-29.8,-25.8
1955.3,-29.3,-25.8
1955.4,-29.0,-25.9
1955.5,-29.1,-26.4
1955.6,-29.0,-26.4
1955.7,-29.1,-26.5
1955.8,-29.0,-26.7
1955.9,-27.6,-26.7
1956.0,-27.2,-27.0
1956.1,-26.8,-27.2
1956.2,-26.0,-27.0
1956.3,-26.3,-27.0
1956.4,-26.6,-27.1
1956.5,-26.0,-27.2
1956.6,-25.3,-27.1
1956.7,-25.2,-26.9
1956.8,-24.6,-26.9
1956.9,-24.0,-26.6
1957.0,-24.6,-26.6
1957.1,-24.4,-26.7
1957.2,-24.0,-26.4
1957.3,-24.6,-26.5
1957.4,-24.6,-26.5
1957.5,-24.7,-26.5
1957.6,-24.0,-26.1
1957.7,-24.2,-26.0
1957.8,-24.1,-25.9
1957.9,-23.3,-25.6
1958.0,-24.3,-25.5
1958.1,-24.6,-25.5
1958.2,-24.2,-25.3
1958.3,-24.0,-25.1
1958.4,-23.7,-24.9
1958.5,-23.3,-24.8
1958.6,-23.1,-24.6
1958.7,-23.8,-24.5
1958.8,-24.4,-24.5
1958.9,-23.6,-24.4
1959.0,-23.0,-24.1
1959.1,-22.6,-24.0
1959.2,-22.2,-24.0
1959.3,-21.9,-23.8
1959.4,-22.2,-23.6
1959.5,-22.6,-23.6
1959.6,-22.1,-23.5
1959.7,-22.0,-23.4
1959.8,-22.2,-23.3
1959.9,-21.9,-23.3
1960.0,-21.5,-23.1
1960.1,-21.7,-23.0
1960.2,-21.8,-23.0
1960.3,-21.6,-22.9
1960.4,-21.8,-22.7
1960.5,-22.5,-22.7
1960.6,-23.0,-22.8
1960.7,-22.9,-22.7
1960.8,-23.1,-22.6
1960.9,-22.6,-22.6
1961.0,-22.3,-22.6
1961.1,-22.7,-22.5
1961.2,-23.4,-22.5
1961.3,-24.1,-22.7
1961.4,-23.7,-22.6
1961.5,-23.1,-22.5
1961.6,-23.0,-22.5
1961.7,-22.6,-22.5
1961.8,-21.9,-22.3
1961.9,-21.8,-22.3
1962.0,-21.8,-22.4
1962.1,-21.7,-22.4
1962.2,-22.0,-22.3
1962.3,-22.6,-22.4
1962.4,-22.8,-22.5
1962.5,-22.5,-22.4
1962.6,-22.7,-22.4
1962.7,-22.8,-22.5
1962.8,-22.6,-22.5
1962.9,-22.7,-22.5
1963.0,-23.7,-22.7
1963.1,-23.9,-22.8
1963.2,-23.2,-22.7
1963.3,-23.0,-22.7
1963.4,-22.8,-22.8
1963.5,-22.5,-22.8
1963.6,-22.8,-22.7
1963.7,-23.7,-22.8
1963.8,-23.7,-22.9
1963.9,-23.4,-22.9
1964.0,-23.8,-22.9
1964.1,-24.2,-23.0
1964.2,-23.8,-22.9
1964.3,-24.0,-22.9
1964.4,-24.5,-23.0
1964.5,-24.2,-23.1
1964.6,-24.2,-23.1
1964.7,-24.9,-23.1
1964.8,-25.0,-23.3
1964.9,-24.6,-23.5
1965.0,-25.2,-23.5
1965.1,-25.1,-23.6
1965.2,-24.9,-23.8
1965.3,-25.3,-23.8
1965.4,-25.8,-23.9
1965.5,-26.4,-24.1
1965.6,-26.1,-24.2
1965.7,-25.9,-24.2
1965.8,-25.6,-24.3
1965.9,-25.4,-24.4
1966.0,-25.8,-24.4
1966.1,-26.3,-24.5
1966.2,-26.6,-24.7
1966.3,-26.4,-24.9
1966.4,-26.0,-24.9
1966.5,-26.0,-25.0
1966.6,-25.6,-25.1
1966.7,-25.1,-25.1
1966.8,-25.4,-25.2
1966.9,-25.6,-25.3
1967.0,-25.8,-25.4
1967.1,-26.1,-25.4
1967.2,-26.5,-25.5
1967.3,-26.6,-25.7
1967.4,-26.4,-25.7
1967.5,-26.8,-25.7
1967.6,-26.6,-25.9
1967.7,-26.7,-26.0
1967.8,-26.9,-25.9
1967.9,-27.8,-26.2
1968.0,-28.7,-26.3
1968.1,-28.8,-26.4
1968.2,-28.8,-26.4
1968.3,-28.6,-26.5
1968.4,-28.4,-26.6
1968.5,-28.5,-26.6
1968.6,-29.4,-26.8
1968.7,-29.3,-26.9
1968.8,-29.1,-27.0
1968.9,-29.5,-27.1
1969.0,-29.5,-27.2
1969.1,-29.4,-27.3
1969.2,-29.1,-27.3
1969.3,-28.9,-27.4
1969.4,-28.9,-27.6
1969.5,-28.8,-27.7
1969.6,-29.5,-27.8
1969.7,-30.2,-28.1
1969.8,-30.8,-28.3
1969.9,-30.9,-28.4
1970.0,-31.3,-28.5
1970.1,-30.7,-28.7
1970.2,-30.0,-28.8
1970.3,-30.6,-28.9
1970.4,-30.9,-29.2
1970.5,-31.0,-29.4
1970.6,-31.2,-29.5
1970.7,-31.2,-29.6
1970.8,-31.2,-29.8
1970.9,-31.5,-29.9
1971.0,-32.0,-29.9
1971.1,-32.7,-30.1
1971.2,-32.7,-30.3
1971.3,-32.4,-30.3
1971.4,-32.1,-30.4
1971.5,-31.9,-30.5
1971.6,-31.4,-30.6
1971.7,-31.9,-30.7
1971.8,-32.6,-30.9
1971.9,-33.0,-31.0
1972.0,-33.8,-31.1
1972.1,-34.2,-31.2
1972.2,-33.9,-31.5
1972.3,-33.7,-31.6
1972.4,-33.6,-31.8
1972.5,-33.1,-31.9
1972.6,-33.1,-32.1
1972.7,-33.4,-32.1
1972.8,-33.6,-32.1
1972.9,-34.3,-32.3
1973.0,-34.4,-32.4
1973.1,-34.4,-32.6
1973.2,-34.7,-32.8
1973.3,-34.8,-32.9
1973.4,-34.9,-32.9
1973.5,-34.9,-33.1
1973.6,-34.7,-33.3
1973.7,-35.0,-33.4
1973.8,-35.4,-33.5
1973.9,-36.0,-33.7
1974.0,-36.6,-33.8
1974.1,-36.4,-33.8
1974.2,-36.9,-34.0
1974.3,-36.8,-34.2
1974.4,-37.2,-34.4
1974.5,-37.9,-34.6
1974.6,-38.1,-34.9
1974.7,-39.1,-35.1
1974.8,-38.5,-35.1
1974.9,-38.7,-35.2
1975.0,-38.8,-35.4
1975.1,-38.3,-35.5
1975.2,-38.9,-35.7
1975.3,-38.7,-35.9
1975.4,-38.7,-36.1
1975.5,-39.0,-36.3
1975.6,-38.9,-36.5
1975.7,-38.7,-36.6
1975.8,-38.4,-36.8
1975.9,-38.7,-37.0
1976.0,-39.0,-37.2
1976.1,-39.4,-37.4
1976.2,-39.7,-37.5
1976.3,-39.3,-37.7
1976.4,-39.3,-37.9
1976.5,-39.3,-38.1
1976.6,-39.7,-38.3
1976.7,-40.2,-38.5
1976.8,-40.3,-38.6
1976.9,-40.6,-38.8
1977.0,-40.7,-38.9
1977.1,-41.1,-39.1
1977.2,-41.9,-39.2
1977.3,-42.6,-39.5
1977.4,-43.5,-39.6
1977.5,-43.7,-39.7
1977.6,-43.0,-39.8
1977.7,-43.5,-39.9
1977.8,-41.3,-40.0
1977.9,-39.4,-39.9
1978.0,-38.9,-39.8
1978.1,-36.8,-39.6
1978.2,-35.1,-39.0
1978.3,-34.3,-38.7
1978.4,-32.6,-38.0
1978.5,-31.2,-37.1
1978.6,-30.3,-36.3
1978.7,-28.0,-34.8
1978.8,-24.5,-32.1
1978.9,-18.5,-26.8
1979.0,-13.4,-22.0
1979.1,-12.6,-21.2
1979.2,-12.1,-20.6
1979.3,-12.5,-20.2
1979.4,-15.3,-19.9
1979.5,-16.5,-19.7
1979.6,-17.6,-19.6
1979.7,-18.5,-19.4
1979.8,-18.7,-19.2
1979.9,-18.9,-19.1
1980.0,-18.8,-18.9
1980.1,-18.4,-18.8
1980.2,-18.5,-18.6
1980.3,-18.8,-18.5
1980.4,-19.5,-18.4
1980.5,-19.8,-18.3
1980.6,-20.0,-18.2
1980.7,-19.6,-18.1
1980.8,-19.2,-18.0
1980.9,-19.4,-17.9
1981.0,-20.0,-17.8
1981.1,-20.4,-17.8
1981.2,-19.9,-17.6
1981.3,-18.7,-17.5
1981.4,-18.4,-17.4
1981.5,-18.0,-17.3
1981.6,-17.2,-17.1
1981.7,-15.9,-16.8
1981.8,-15.6,-16.7
1981.9,-15.7,-16.9
1982.0,-16.3,-17.8
1982.1,-18.5,-18.0
1982.2,-19.4,-18.3
1982.3,-19.7,-18.4
1982.4,-20.6,-18.5
1982.5,-20.0,-18.5
1982.6,-19.4,-18.5
1982.7,-18.4,-18.4
1982.8,-18.1,-18.5
1982.9,-18.8,-18.5
1983.0,-19.3,-18.6
1983.1,-21.0,-18.7
1983.2,-20.9,-18.7
1983.3,-19.8,-18.6
1983.4,-18.5,-18.5
1983.5,-18.2,-18.5
1983.6,-18.8,-18.6
1983.7,-19.8,-18.7
1983.8,-21.9,-18.7
1983.9,-23.3,-18.7
1984.0,-22.3,-18.7
1984.1,-22.4,-18.8
1984.2,-23.0,-18.9
1984.3,-23.1,-19.1
1984.4,-24.5,-19.2
1984.5,-24.4,-19.4
1984.6,-24.7,-19.7
1984.7,-25.2,-20.4
1984.8,-24.7,-20.6
1984.9,-24.0,-20.7
1985.0,-23.3,-20.9
1985.1,-22.2,-20.9
1985.2,-22.3,-21.0
1985.3,-23.1,-21.1
1985.4,-24.4,-21.2
1985.5,-25.9,-21.5
1985.6,-26.4,-21.7
1985.7,-25.6,-22.1
1985.8,-25.4,-22.3
1985.9,-25.1,-22.4
1986.0,-25.3,-22.5
1986.1,-26.2,-22.7
1986.2,-26.7,-23.0
1986.3,-28.1,-23.4
1986.4,-28.2,-24.1
1986.5,-27.0,-24.4
1986.6,-26.3,-24.4
1986.7,-25.8,-24.5
1986.8,-24.3,-24.6
1986.9,-24.4,-24.6
1987.0,-24.4,-24.8
1987.1,-23.5,-24.7
1987.2,-22.1,-24.4
1987.3,-22.0,-24.4
1987.4,-21.5,-24.2
1987.5,-21.6,-24.2
1987.6,-23.1,-24.1
1987.7,-23.2,-24.1
1987.8,-24.1,-24.1
1987.9,-24.9,-24.3
1988.0,-25.9,-24.5
1988.1,-25.1,-24.6
1988.2,-24.3,-24.5
1988.3,-24.4,-24.5
1988.4,-24.1,-24.4
1988.5,-24.3,-24.4
1988.6,-24.8,-24.3
1988.7,-24.3,-24.3
1988.8,-24.9,-24.4
1988.9,-25.2,-24.4
1989.0,-25.2,-24.3
1989.1,-25.3,-24.2
1989.2,-25.1,-24.2
1989.3,-24.7,-24.1
1989.4,-24.5,-24.0
1989.5,-24.9,-24.1
1989.6,-25.1,-24.1
1989.7,-25.9,-24.1
1989.8,-26.1,-24.2
1989.9,-25.3,-24.2
1990.0,-24.9,-24.2
1990.1,-24.3,-24.2
1990.2,-23.7,-24.5
1990.3,-23.6,-24.5
1990.4,-23.6,-24.6
1990.5,-24.1,-24.7
1990.6,-24.3,-24.7
1990.7,-23.8,-24.6
1990.8,-23.2,-24.5
1990.9,-22.9,-24.4
1991.0,-22.7,-24.2
1991.1,-22.9,-24.2
1991.2,-23.3,-24.3
1991.3,-23.8,-24.3
1991.4,-24.6,-24.3
1991.5,-24.2,-24.2
1991.6,-23.5,-24.1
1991.7,-23.3,-24.2
1991.8,-23.0,-24.0
1991.9,-22.7,-23.9
1992.0,-23.0,-23.8
1992.1,-23.1,-23.9
1992.2,-23.2,-23.8
1992.3,-23.9,-23.8
1992.4,-23.7,-23.7
1992.5,-23.5,-23.7
1992.6,-24.1,-23.7
1992.7,-23.7,-23.5
1992.8,-23.6,-23.5
1992.9,-24.0,-23.6
1993.0,-23.9,-23.6
1993.1,-24.9,-23.6
1993.2,-24.6,-23.6
1993.3,-24.1,-23.6
1993.4,-24.2,-23.6
1993.5,-23.0,-23.5
1993.6,-23.1,-23.4
1993.7,-23.1,-23.5
1993.8,-23.1,-23.6
1993.9,-24.7,-23.7
1994.0,-24.6,-23.7
1994.1,-24.4,-23.7
1994.2,-23.9,-23.7
1994.3,-21.6,-23.3
1994.4,-21.4,-23.2
1994.5,-21.2,-23.2
1994.6,-20.8,-23.2
1994.7,-21.8,-23.1
1994.8,-22.5,-23.1
1994.9,-22.7,-23.2
1995.0,-22.4,-23.1
1995.1,-23.1,-23.1
1995.2,-22.9,-23.1
1995.3,-22.7,-23.1
1995.4,-24.2,-23.2
1995.5,-24.5,-23.2
1995.6,-25.1,-23.2
1995.7,-25.6,-23.3
1995.8,-24.9,-23.3
1995.9,-24.5,-23.3
1996.0,-23.7,-23.2
1996.1,-23.7,-23.1
1996.2,-24.0,-23.3
1996.3,-24.1,-23.3
1996.4,-24.5,-23.2
1996.5,-24.6,-23.3
1996.6,-24.4,-23.4
1996.7,-24.1,-23.4
1996.8,-23.8,-23.3
1996.9,-23.9,-23.2
1997.0,-23.9,-23.3
1997.1,-23.9,-23.4
1997.2,-22.4,-23.1
1997.3,-21.2,-23.2
1997.4,-21.2,-23.3
1997.5,-20.9,-23.3
1997.6,-22.1,-23.3
1997.7,-22.9,-23.3
1997.8,-22.9,-23.4
1997.9,-23.3,-23.4
1998.0,-23.4,-23.5
1998.1,-24.1,-23.5
1998.2,-24.3,-23.5
1998.3,-24.3,-23.6
1998.4,-25.0,-23.6
1998.5,-25.4,-23.5
1998.6,-25.9,-23.6
1998.7,-26.2,-23.6
1998.8,-26.1,-23.7
1998.9,-26.1,-23.7
1999.0,-23.9,-23.6
1999.1,-22.6,-23.5
1999.2,-21.3,-23.2
1999.3,-20.6,-23.1
1999.4,-20.4,-23.0
1999.5,-20.3,-22.8
1999.6,-20.5,-22.6
1999.7,-20.2,-22.5
1999.8,-20.1,-22.4
1999.9,-20.0,-22.2
2000.0,-19.7,-22.0
2000.1,-19.2,-21.7
2000.2,-18.4,-21.6
2000.3,-17.2,-21.2
2000.4,-16.7,-20.9
2000.5,-16.4,-20.6
2000.6,-16.6,-20.4
2000.7,-17.6,-20.4
2000.8,-18.2,-20.2
2000.9,-19.0,-20.1
2001.0,-19.5,-20.0
2001.1,-19.8,-20.0
2001.2,-20.6,-19.9
2001.3,-21.6,-19.9
2001.4,-22.5,-19.9
2001.5,-23.6,-19.9
2001.6,-24.1,-19.9
2001.7,-24.7,-19.9
2001.8,-24.6,-19.8
2001.9,-25.0,-19.8
2002.0,-25.7,-19.9
2002.1,-25.8,-20.0
2002.2,-27.0,-20.2
2002.3,-26.9,-20.2
2002.4,-26.1,-20.3
2002.5,-26.3,-20.5
2002.6,-26.0,-20.6
2002.7,-25.0,-20.6
2002.8,-24.1,-20.7
2002.9,-23.1,-20.8
2003.0,-22.5,-20.9
2003.1,-22.8,-21.1
2003.2,-23.7,-21.5
2003.3,-24.5,-22.0
2003.4,-25.5,-22.5
2003.5,-25.6,-23.0
2003.6,-25.8,-23.4
2003.7,-25.4,-23.6
2003.8,-25.3,-24.0
2003.9,-26.2,-24.3
2004.0,-26.0,-24.6
2004.1,-26.8,-24.9
2004.2,-27.6,-25.1
2004.3,-26.3,-25.1
2004.4,-26.6,-25.2
2004.5,-27.0,-25.3
2004.6,-26.3,-25.4
2004.7,-27.2,-25.4
2004.8,-26.8,-25.5
2004.9,-25.9,-25.5
2005.0,-25.8,-25.4
2005.1,-25.5,-25.4
2005.2,-25.2,-25.3
2005.3,-25.6,-25.3
2005.4,-25.5,-25.3
2005.5,-25.3,-25.3
2005.6,-25.5,-25.3
2005.7,-25.6,-25.4
2005.8,-26.1,-25.6
2005.9,-26.4,-25.8
2006.0,-26.4,-26.0
2006.1,-26.3,-26.0
2006.2,-25.6,-26.0
2006.3,-25.7,-26.0
2006.4,-26.5,-26.1
2006.5,-26.3,-26.1
2006.6,-27.2,-26.1
2006.7,-27.7,-26.3
2006.8,-26.7,-26.3
2006.9,-27.0,-26.2
2007.0,-27.5,-26.3
2007.1,-26.8,-26.3
2007.2,-27.6,-26.3
2007.3,-27.1,-26.3
2007.4,-26.0,-26.2
2007.5,-26.2,-26.2
2007.6,-26.2,-26.3
2007.7,-26.2,-26.2
2007.8,-26.9,-26.2
2007.9,-26.5,-26.3
2008.0,-26.5,-26.4
2008.1,-27.1,-26.4
2008.2,-26.6,-26.4
2008.3,-26.8,-26.5
2008.4,-26.7,-26.5
2008.5,-26.9,-26.6
2008.6,-27.5,-26.7
2008.7,-27.3,-26.7
2008.8,-26.9,-26.6
2008.9,-27.1,-26.7
2009.0,-26.7,-26.8
2009.1,-27.2,-26.8
2009.2,-28.1,-27.0
2009.3,-27.5,-27.0
2009.4,-27.5,-26.9
2009.5,-27.2,-26.9
2009.6,-26.9,-26.9
2009.7,-26.3,-26.8
2009.8,-26.5,-26.9
2009.9,-26.8,-26.9
2010.0,-26.7,-26.8
2010.1,-26.2,-26.7
2010.2,-26.6,-26.7
2010.3,-25.7,-26.7
2010.4,-25.9,-26.8
2010.5,-27.0,-26.8
2010.6,-27.0,-26.8
2010.7,-28.1,-26.9
2010.8,-28.2,-27.0
2010.9,-28.4,-27.0
2011.0,-28.2,-27.0
2011.1,-28.2,-27.1
2011.2,-28.2,-27.2
2011.3,-28.3,-27.2
2011.4,-27.7,-27.2
2011.5,-27.6,-27.2
2011.6,-27.0,-27.1
2011.7,-26.9,-27.2
2011.8,-27.7,-27.3
2011.9,-28.2,-27.3
2012.0,-29.4,-27.4
2012.1,-29.8,-27.4
2012.2,-30.0,-27.5
2012.3,-29.8,-27.5
2012.4,-29.9,-27.6
2012.5,-29.9,-27.7
2012.6,-30.2,-27.8
2012.7,-30.2,-28.0
2012.8,-30.1,-28.1
2012.9,-30.3,-28.2
2013.0,-28.6,-28.1
2013.1,-29.0,-28.4
2013.2,-28.0,-28.3
2013.3,-28.0,-28.6
2013.4,-29.2,-28.7
2013.5,-29.1,-28.7
2013.6,-30.8,-28.8
2013.7,-30.2,-28.8
2013.8,-30.0,-28.9
2013.9,-30.0,-28.9
2014.0,-29.5,-29.0
2014.1,-29.9,-29.1
2014.2,-30.2,-29.2
2014.3,-30.6,-29.2
2014.4,-31.3,-29.5
2014.5,-30.8,-29.5
2014.6,-29.0,-29.5
2014.7,-26.6,-29.2
2014.8,-26.2,-29.1
2014.9,-25.8,-29.0
2015.0,-26.4,-29.0
2015.1,-28.4,-29.0
2015.2,-28.8,-29.0
2015.3,-29.8,-29.0
2015.4,-29.5,-28.9
2015.5,-28.2,-28.7
2015.6,-27.8,-28.6
2015.7,-27.7,-28.6
2015.8,-27.7,-28.6
2015.9,-28.8,-28.6
2016.0,-29.0,-28.7
2016.1,-28.8,-28.6
2016.2,-28.5,-28.7
2016.3,-27.1,-28.4
2016.4,-24.7,-27.8
2016.5,-24.0,-27.6
2016.6,-23.6,-27.4
2016.7,-23.5,-27.2
2016.8,-25.1,-27.1
2016.9,-25.9,-27.1
2017.0,-26.0,-27.0
2017.1,-25.4,-26.7
2017.2,-24.0,-26.3
2017.3,-22.7,-25.9
2017.4,-22.4,-25.7
2017.5,-22.8,-25.6
2017.6,-23.6,-25.6
2017.7,-25.3,-25.8
2017.8,-26.8,-25.8
2017.9,-27.4,-25.8
2018.0,-26.3,-25.6
2018.1,-24.7,-25.4
2018.2,-23.7,-25.2
2018.3,-23.4,-25.1
2018.4,-23.9,-25.0
2018.5,-25.1,-25.1
2018.6,-26.0,-25.0
2018.7,-26.8,-25.0
2018.8,-27.2,-25.0
2018.9,-27.3,-24.9
2019.0,-27.4,-24.9
2019.1,-27.3,-24.9
2019.2,-27.8,-25.0
2019.3,-28.8,-25.1
2019.4,-30.2,-25.4
2019.5,-31.4,-25.5
2019.6,-31.3,-25.7
2019.7,-29.7,-25.8
2019.8,-28.3,-25.7
2019.9,-27.4,-25.7
2020.0,-27.1,-25.8
2020.1,-27.4,-26.0
2020.2,-28.0,-26.3
2020.3,-28.7,-26.7
2020.4,-28.8,-26.9
2020.5,-28.9,-27.0
2020.6,-28.1,-27.0
2020.7,-26.7,-26.9
2020.8,-26.3,-26.8
2020.9,-26.3,-26.9
2021.0,-26.8,-27.1
2021.1,-28.1,-27.4
2021.2,-28.9,-27.8
2021.3,-29.0,-27.9
2021.4,-29.1,-28.0
2021.5,-28.9,-28.1
2021.6,-28.5,-28.2
2021.7,-28.7,-28.2
2021.8,-29.2,-28.3
2021.9,-30.2,-28.4
2022.0,-31.4,-28.6
2022.1,-31.6,-28.7
2022.2,-31.8,-28.7
2022.3,-31.1,-28.7
2022.4,-30.2,-28.6
2022.5,-29.8,-28.5
2022.6,-29.5,-28.5
2022.7,-29.5,-28.6
2022.8,-30.0,-28.8
2022.9,-30.6,-29.0
2023.0,-30.9,-29.0
2023.1,-30.9,-29.1
2023.2,-30.3,-29.1
2023.3,-29.5,-29.1
2023.4,-29.0,-29.0
2023.5,-28.7,-29.0
2023.6,-28.8,-29.2
2023.7,-29.3,-29.5
2023.8,-29.6,-29.7
2023.9,-30.3,-29.8
2024.0,-30.6,-29.8
2024.1,-30.3,-29.8
2024.2,-30.5,-29.9
2024.3,-30.9,-30.0
2024.4,-31.2,-30.1
2024.5,-32.0,-30.2
2024.6,-31.8,-30.4
2024.7,-31.6,-30.4
2024.8,-31.5,-30.4
2024.9,-30.2,-30.2
2025.0,-28.8,-30.0
2025.1,-28.3,-29.9
2025.2,-28.4,-29.9
2025.3,-29.2,-30.0
2025.4,-30.8,-30.1
2025.5,-31.5,-30.1
2025.6,-31.3,-30.2
2025.7,-30.9,-30.2
2025.8,-30.8,-30.2
2025.9,-30.8,-30.2
2026.0,-31.1,-30.2
2026.1,-31.7,-30.2
2026.2,-32.0,-30.3
2026.3,-32.5,-30.5
2026.4,-32.8,-30.6
2026.5,-32.6,-30.8
2026.6,-31.8,-30.8
2026.7,-30.5,-30.7
2026.8,-29.9,-30.7
2026.9,-29.9,-30.7
2027.0,-30.5,-30.8
2027.1,-31.6,-30.9
2027.2,-32.0,-30.9
2027.3,-31.8,-30.8
2027.4,-31.8,-30.8
2027.5,-31.0,-30.8
2027.6,-30.6,-30.7
2027.7,-31.1,-30.7
2027.8,-31.5,-30.8
2027.9,-32.8,-31.1
2028.0,-34.1,-31.4
2028.1,-34.3,-31.6
2028.2,-34.0,-31.6
2028.3,-33.4,-31.7
2028.4,-32.9,-31.7
2028.5,-32.3,-31.7
2028.6,-32.5,-31.8
2028.7,-32.9,-31.9
2028.8,-33.4,-32.0
2028.9,-34.7,-32.1
2029.0,-35.4,-32.2
2029.1,-35.9,-32.3
2029.2,-36.6,-32.4
2029.3,-37.4,-32.5
2029.4,-37.8,-32.6
2029.5,-37.7,-32.7
2029.6,-37.9,-33.0
2029.7,-37.8,-33.3
2029.8,-37.4,-33.5
2029.9,-37.5,-33.7
2030.0,-37.4,-33.9
2030.1,-37.2,-34.0
2030.2,-37.6,-34.2
2030.3,-37.9,-34.5
2030.4,-38.5,-34.7
2030.5,-38.7,-35.1
2030.6,-39.2,-35.5
2030.7,-39.7,-35.7
2030.8,-39.7,-35.9
2030.9,-39.7,-36.0
2031.0,-39.4,-36.1
2031.1,-39.4,-36.3
2031.2,-39.6,-36.6
2031.3,-40.6,-36.9
2031.4,-41.5,-37.3
2031.5,-42.1,-37.8
2031.6,-40.4,-38.0
2031.7,-39.5,-38.2
2031.8,-39.2,-38.5
2031.9,-38.3,-38.6
2032.0,-39.0,-38.7
2032.1,-39.5,-38.8
2032.2,-39.7,-38.9
2032.3,-40.8,-39.0
2032.4,-41.2,-39.1
2032.5,-41.1,-39.2
2032.6,-39.8,-39.2
2032.7,-38.5,-39.1
2032.8,-38.4,-39.3
2032.9,-38.4,-39.4
2033.0,-39.0,-39.5
2033.1,-40.0,-39.6
2033.2,-39.5,-39.6
2033.3,-39.5,-39.7
2033.4,-40.1,-39.7
2033.5,-40.7,-39.8
2033.6,-41.9,-39.9
2033.7,-42.5,-39.9
2033.8,-42.3,-40.0
2033.9,-42.6,-40.1
2034.0,-42.3,-40.2
2034.1,-42.8,-40.3
2034.2,-43.7,-40.4
2034.3,-44.2,-40.4
2034.4,-44.3,-40.4
2034.5,-44.4,-40.5
2034.6,-44.6,-40.8
2034.7,-44.6,-40.9
2034.8,-45.8,-41.1
2034.9,-45.7,-41.3
2035.0,-44.6,-41.4
2035.1,-42.4,-41.3
2035.2,-40.6,-41.2
2035.3,-39.1,-41.0
2035.4,-36.2,-40.3
2035.5,-35.0,-39.8
2035.6,-34.2,-39.5
2035.7,-33.5,-39.2
2035.8,-34.0,-38.9
2035.9,-33.9,-38.5
2036.0,-33.7,-38.2
2036.1,-33.7,-37.9
2036.2,-33.5,-37.6
2036.3,-33.4,-37.3
2036.4,-33.5,-37.0
2036.5,-33.4,-36.7
2036.6,-33.5,-36.5
2036.7,-33.8,-36.3
2036.8,-34.1,-36.2
2036.9,-34.5,-36.0
2037.0,-34.8,-35.8
2037.1,-34.8,-35.7
2037.2,-35.0,-35.5
2037.3,-34.9,-35.4
2037.4,-34.9,-35.3
2037.5,-35.3,-35.2
2037.6,-35.5,-35.1
2037.7,-36.0,-35.0
2037.8,-36.2,-34.9
2037.9,-36.1,-34.8
2038.0,-36.3,-34.7
2038.1,-36.3,-34.7
2038.2,-36.6,-34.6
2038.3,-37.1,-34.6
2038.4,-37.4,-34.8
2038.5,-38.0,-34.9
2038.6,-38.0,-35.0
2038.7,-38.1,-35.2
2038.8,-38.2,-35.3
2038.9,-38.0,-35.4
2039.0,-38.2,-35.6
2039.1,-38.1,-35.7
2039.2,-38.1,-35.9
2039.3,-38.0,-36.0
2039.4,-37.6,-36.2
2039.5,-37.3,-36.3
2039.6,-37.5,-36.5
2039.7,-37.7,-36.6
2039.8,-38.5,-36.8
2039.9,-35.3,-36.5
2040.0,-35.4,-36.6
2040.1,-35.5,-36.8
2040.2,-35.6,-36.9
2040.3,-40.4,-37.1
2040.4,-40.5,-37.3
2040.5,-40.9,-37.4
2040.6,-40.8,-37.5
2040.7,-40.8,-37.7
2040.8,-41.1,-37.8
2040.9,-41.4,-38.0
2041.0,-41.7,-38.1
2041.1,-42.0,-38.3
2041.2,-38.8,-38.1
2041.3,-38.8,-38.2
2041.4,-38.9,-38.3
2041.5,-39.0,-38.4
2041.6,-41.7,-38.5
2041.7,-40.1,-38.5
2041.8,-38.3,-38.4
2041.9,-36.9,-38.2
2042.0,-35.8,-38.1
2042.1,-35.1,-37.9
2042.2,-35.1,-37.8
2042.3,-34.4,-37.5
2042.4,-34.5,-37.4
2042.5,-33.9,-37.2
2042.6,-32.9,-36.7
2042.7,-32.9,-36.5
2042.8,-32.4,-36.2
2042.9,-32.5,-36.4
2043.0,-33.3,-36.3
2043.1,-33.8,-36.2
2043.2,-34.4,-36.0
2043.3,-34.8,-35.9
2043.4,-34.5,-35.7
2043.5,-34.4,-35.5
2043.6,-34.1,-35.4
2043.7,-34.0,-35.2
2043.8,-33.9,-35.0
2043.9,-34.1,-34.9
2044.0,-34.4,-34.8
2044.1,-34.8,-34.7
2044.2,-35.3,-34.7
2044.3,-35.3,-34.6
2044.4,-35.2,-34.5
2044.5,-35.3,-34.4
2044.6,-32.7,-34.0
2044.7,-32.0,-33.8
2044.8,-32.2,-33.8
2044.9,-32.4,-33.9
2045.0,-35.3,-34.0
2045.1,-38.6,-34.1
2045.2,-39.6,-34.1
2045.3,-40.5,-34.3
2045.4,-40.6,-34.4
2045.5,-34.6,-34.1
2045.6,-30.6,-33.6
2045.7,-29.2,-33.3
2045.8,-28.3,-33.1
2045.9,-28.7,-33.1
2046.0,-30.7,-33.1
2046.1,-31.2,-32.9
2046.2,-32.2,-32.9
2046.3,-32.3,-32.8
2046.4,-31.6,-32.7
2046.5,-32.2,-32.7
2046.6,-32.3,-32.6
2046.7,-33.2,-32.7
2046.8,-34.6,-32.8
2046.9,-34.7,-32.7
2047.0,-35.2,-32.7
2047.1,-33.9,-32.6
2047.2,-33.8,-32.7
2047.3,-35.6,-32.7
2047.4,-36.0,-32.8
2047.5,-38.0,-32.8
2047.6,-38.2,-33.1
2047.7,-36.7,-33.2
2047.8,-35.5,-33.1
2047.9,-36.0,-33.1
2048.0,-34.2,-33.0
2048.1,-32.8,-32.8
2048.2,-33.2,-32.7
2048.3,-32.9,-32.7
2048.4,-33.5,-32.6
2048.5,-36.4,-32.9
2048.6,-37.7,-33.6
2048.7,-39.5,-34.0
2048.8,-42.6,-34.5
2048.9,-45.2,-34.7
2049.0,-48.4,-34.8
2049.1,-46.8,-35.2
2049.2,-41.0,-35.4
2049.3,-34.2,-35.1
2049.4,-32.3,-35.0
2049.5,-32.0,-35.2
2049.6,-30.5,-34.9
2049.7,-31.5,-34.7
2049.8,-32.0,-34.5
2049.9,-31.9,-34.7
2050.0,-34.3,-34.7
2050.1,-34.9,-34.8
2050.2,-35.3,-34.7
2050.3,-35.8,-34.7
2050.4,-36.5,-34.8
2050.5,-38.5,-34.9
2050.6,-44.4,-34.9
2050.7,-47.9,-35.0
2050.8,-47.6,-35.3
2050.9,-47.6,-35.3
2051.0,-47.7,-35.6
2051.1,-46.4,-36.1
2051.2,-40.2,-36.1
2051.3,-36.0,-35.9
2051.4,-32.9,-35.4
2051.5,-32.5,-35.4
2051.6,-32.8,-35.3
2051.7,-33.0,-35.1
2051.8,-35.4,-35.0
2051.9,-34.4,-34.8
2052.0,-34.9,-34.7
2052.1,-36.4,-34.7
2052.2,-36.3,-34.7
2052.3,-39.4,-35.2
2052.4,-39.0,-35.6
2052.5,-39.0,-35.7
2052.6,-41.4,-36.4
2052.7,-41.0,-36.7
2052.8,-41.8,-37.0
2052.9,-43.7,-37.2
2053.0,-43.9,-37.3
2053.1,-44.7,-37.5
2053.2,-44.9,-37.9
2053.3,-45.0,-37.9
2053.4,-45.1,-37.9
2053.5,-42.4,-37.8
2053.6,-37.9,-37.5
2053.7,-37.0,-37.3
2053.8,-36.6,-37.3
2053.9,-36.8,-37.2
2054.0,-38.4,-37.1
2054.1,-38.5,-37.0
2054.2,-38.8,-37.2
2054.3,-39.5,-37.6
2054.4,-40.1,-38.5
2054.5,-41.6,-38.7
2054.6,-39.4,-38.6
2054.7,-39.1,-39.1
2054.8,-40.1,-39.4
2054.9,-39.8,-40.0
2055.0,-40.8,-39.8
2055.1,-40.9,-39.9
2055.2,-39.2,-40.0
2055.3,-39.6,-40.0
2055.4,-41.5,-40.1
2055.5,-41.8,-40.2
2055.6,-44.9,-40.2
2055.7,-42.2,-40.1
2055.8,-40.2,-39.9
2055.9,-39.8,-39.9
2056.0,-38.3,-39.6
2056.1,-39.0,-39.6
2056.2,-38.0,-39.3
2056.3,-35.6,-38.7
2056.4,-35.1,-38.4
2056.5,-34.1,-38.1
2056.6,-34.7,-38.5
2056.7,-36.6,-38.6
2056.8,-38.2,-38.6
2056.9,-34.8,-37.7
2057.0,-34.3,-37.7
2057.1,-33.5,-37.5
2057.2,-32.2,-37.0
2057.3,-31.8,-36.1
2057.4,-31.7,-36.1
2057.5,-32.3,-36.1
2057.6,-33.9,-36.2
2057.7,-40.9,-36.2
2057.8,-45.1,-36.2
2057.9,-43.4,-36.2
2058.0,-36.8,-35.9
2058.1,-33.7,-35.4
2058.2,-33.5,-35.5
2058.3,-33.0,-35.3
2058.4,-33.7,-35.2
2058.5,-36.4,-35.1
2058.6,-36.8,-35.1
2058.7,-38.5,-35.2
2058.8,-42.7,-35.2
2058.9,-44.2,-35.3
2059.0,-44.3,-35.3
2059.1,-44.2,-35.4
2059.2,-37.5,-35.2
2059.3,-37.1,-35.4
2059.4,-37.1,-35.6
2059.5,-36.4,-35.7
2059.6,-39.0,-35.6
2059.7,-36.2,-35.4
2059.8,-35.1,-35.3
2059.9,-34.2,-35.6
2060.0,-33.9,-35.5
2060.1,-35.1,-35.6
2060.2,-36.1,-36.0
2060.3,-38.6,-36.9
2060.4,-41.6,-37.0
2060.5,-44.0,-37.0
2060.6,-41.9,-36.9
2060.7,-37.0,-36.6
2060.8,-35.4,-36.3
2060.9,-34.7,-36.2
2061.0,-34.0,-36.4
2061.1,-35.8,-37.0
2061.2,-37.7,-37.1
2061.3,-39.3,-37.3
2061.4,-45.7,-37.6
2061.5,-47.8,-37.7
2061.6,-40.4,-37.5
2061.7,-36.9,-37.1
2061.8,-35.0,-36.8
2061.9,-31.0,-35.7
2062.0,-30.6,-35.3
2062.1,-30.9,-35.3
2062.2,-31.4,-35.5
2062.3,-35.2,-35.4
2062.4,-37.6,-35.4
2062.5,-37.9,-35.4
2062.6,-37.9,-35.4
2062.7,-38.6,-35.7
2062.8,-38.7,-35.7
2062.9,-38.7,-35.9
2063.0,-38.6,-36.0
2063.1,-36.7,-35.9
2063.2,-35.3,-35.6
2063.3,-34.2,-35.4
2063.4,-33.5,-35.2
2063.5,-33.8,-35.1
2063.6,-34.1,-35.0
2063.7,-34.5,-35.1
2063.8,-34.3,-35.1
2063.9,-33.9,-35.0
2064.0,-33.0,-34.8
2064.1,-31.7,-34.4
2064.2,-30.5,-33.9
2064.3,-30.1,-33.6
2064.4,-29.9,-33.4
2064.5,-29.9,-33.0
2064.6,-30.4,-32.9
2064.7,-30.9,-32.9
2064.8,-31.3,-32.8
2064.9,-32.3,-33.3
2065.0,-31.2,-33.0
2065.1,-30.3,-32.7
2065.2,-29.6,-32.5
2065.3,-28.5,-32.1
2065.4,-28.5,-31.8
2065.5,-28.7,-31.6
2065.6,-28.4,-31.3
2065.7,-28.9,-31.1
2065.8,-29.4,-31.0
2065.9,-28.4,-30.6
2066.0,-28.1,-30.3
2066.1,-27.7,-30.1
2066.2,-27.4,-30.0
2066.3,-27.6,-29.8
2066.4,-27.5,-29.6
2066.5,-27.2,-29.3
2066.6,-27.2,-29.2
2066.7,-26.9,-28.9
2066.8,-26.6,-28.7
2066.9,-26.0,-28.4
2067.0,-25.9,-28.3
2067.1,-26.4,-28.3
2067.2,-26.9,-28.2
2067.3,-28.1,-28.2
2067.4,-28.1,-28.1
2067.5,-27.4,-28.0
2067.6,-26.0,-27.7
2067.7,-26.0,-27.6
2067.8,-24.6,-27.2
2067.9,-24.6,-27.0
2068.0,-25.4,-27.0
2068.1,-25.5,-27.0
2068.2,-27.5,-27.0
2068.3,-28.4,-27.0
2068.4,-28.8,-27.0
2068.5,-28.4,-27.0
2068.6,-26.8,-26.8
2068.7,-25.0,-26.5
2068.8,-24.6,-26.4
2068.9,-23.7,-26.2
2069.0,-24.0,-26.2
2069.1,-25.0,-26.1
2069.2,-25.1,-26.1
2069.3,-26.1,-26.0
2069.4,-26.0,-26.0
2069.5,-25.1,-25.9
2069.6,-23.7,-25.6
2069.7,-22.8,-25.4
2069.8,-21.9,-25.1
2069.9,-21.6,-25.0
2070.0,-22.1,-24.9
2070.1,-22.5,-24.8
2070.2,-23.3,-24.6
2070.3,-23.9,-24.5
2070.4,-24.0,-24.4
2070.5,-23.4,-24.3
2070.6,-23.2,-24.3
2070.7,-23.1,-24.2
2070.8,-22.9,-24.2
2070.9,-22.5,-24.0
2071.0,-22.5,-23.9
2071.1,-22.7,-23.8
2071.2,-23.2,-23.8
2071.3,-23.7,-23.6
2071.4,-24.0,-23.5
2071.5,-24.2,-23.5
2071.6,-24.3,-23.5
2071.7,-25.3,-23.6
2071.8,-25.3,-23.6
2071.9,-25.1,-23.6
2072.0,-23.8,-23.5
2072.1,-23.2,-23.4
2072.2,-22.7,-23.3
2072.3,-22.7,-23.3
2072.4,-23.6,-23.3
2072.5,-24.3,-23.3
2072.6,-25.7,-23.5
2072.7,-26.6,-23.6
2072.8,-26.7,-23.8
2072.9,-26.4,-24.0
2073.0,-25.2,-23.9
2073.1,-22.6,-23.7
2073.2,-22.1,-23.6
2073.3,-22.2,-23.7
2073.4,-22.8,-23.7
2073.5,-25.5,-23.9
2073.6,-27.0,-24.0
2073.7,-27.4,-24.1
2073.8,-27.7,-24.2
2073.9,-26.9,-24.4
2074.0,-25.2,-24.4
2074.1,-23.3,-24.2
2074.2,-22.5,-24.1
2074.3,-22.6,-24.2
2074.4,-23.4,-24.3
2074.5,-25.4,-24.4
2074.6,-27.7,-24.4
2074.7,-28.4,-24.5
2074.8,-26.8,-24.5
2074.9,-26.1,-24.5
2075.0,-25.4,-24.6
2075.1,-24.4,-24.7
2075.2,-23.9,-24.7
2075.3,-23.8,-24.7
2075.4,-24.0,-24.7
2075.5,-24.6,-24.7
2075.6,-25.6,-24.7
2075.7,-24.6,-24.5
2075.8,-24.2,-24.4
2075.9,-23.8,-24.4
2076.0,-23.7,-24.5
2076.1,-24.1,-24.7
2076.2,-23.1,-24.6
2076.3,-22.0,-24.4
2076.4,-22.0,-24.3
2076.5,-21.8,-24.1
2076.6,-22.2,-24.0
2076.7,-23.4,-23.9
2076.8,-23.5,-23.9
2076.9,-24.2,-23.9
2077.0,-24.8,-23.9
2077.1,-24.9,-24.1
2077.2,-24.2,-24.2
2077.3,-22.5,-23.9
2077.4,-21.7,-23.6
2077.5,-21.4,-23.5
2077.6,-21.8,-23.5
2077.7,-23.4,-23.4
2077.8,-25.1,-23.5
2077.9,-26.1,-23.5
2078.0,-26.6,-23.6
2078.1,-26.8,-23.6
2078.2,-26.3,-23.7
2078.3,-24.2,-23.6
2078.4,-22.7,-23.4
2078.5,-22.4,-23.3
2078.6,-22.3,-23.3
2078.7,-23.6,-23.5
2078.8,-25.7,-23.5
2078.9,-26.7,-23.6
2079.0,-27.4,-23.7
2079.1,-27.5,-23.8
2079.2,-26.6,-23.9
2079.3,-23.6,-23.9
2079.4,-22.0,-23.7
2079.5,-21.5,-23.7
2079.6,-21.6,-23.8
2079.7,-22.9,-23.8
2079.8,-25.1,-23.8
2079.9,-26.4,-23.9
2080.0,-27.4,-24.0
2080.1,-28.1,-24.0
2080.2,-25.6,-24.0
2080.3,-24.1,-24.2
2080.4,-22.8,-24.2
2080.5,-22.0,-24.2
2080.6,-22.3,-24.1
2080.7,-23.1,-24.1
2080.8,-24.4,-24.1
2080.9,-26.0,-24.1
2081.0,-27.4,-24.2
2081.1,-26.4,-24.1
2081.2,-25.4,-24.0
2081.3,-24.7,-24.2
2081.4,-23.8,-24.4
2081.5,-23.1,-24.2
2081.6,-23.7,-24.3
2081.7,-23.4,-24.2
2081.8,-23.8,-24.1
2081.9,-25.2,-24.1
2082.0,-24.3,-24.0
2082.1,-23.7,-23.8
2082.2,-23.3,-23.8
2082.3,-22.9,-24.0
2082.4,-22.9,-24.2
2082.5,-22.7,-24.1
2082.6,-21.8,-23.8
2082.7,-22.0,-23.8
2082.8,-21.9,-23.7
2082.9,-22.4,-23.6
2083.0,-22.8,-23.4
2083.1,-22.3,-23.2
2083.2,-22.4,-23.3
2083.3,-22.3,-23.3
2083.4,-23.0,-23.4
2083.5,-23.1,-23.4
2083.6,-22.8,-23.4
2083.7,-22.0,-23.2
2083.8,-21.9,-23.1
2083.9,-21.6,-22.9
2084.0,-21.4,-22.7
2084.1,-22.0,-22.7
2084.2,-22.1,-22.7
2084.3,-23.0,-22.7
2084.4,-23.9,-22.7
2084.5,-24.6,-22.9
2084.6,-24.6,-22.8
2084.7,-24.1,-22.8
2084.8,-22.9,-22.6
2084.9,-22.1,-22.5
2085.0,-21.8,-22.5
2085.1,-21.7,-22.5
2085.2,-22.4,-22.5
2085.3,-23.4,-22.6
2085.4,-24.4,-22.6
2085.5,-25.4,-22.8
2085.6,-25.8,-23.0
2085.7,-25.6,-23.0
2085.8,-23.6,-22.9
2085.9,-22.2,-22.7
2086.0,-21.8,-22.8
2086.1,-21.7,-22.9
2086.2,-22.4,-22.9
2086.3,-23.6,-22.9
2086.4,-24.1,-22.9
2086.5,-21.3,-22.6
2086.6,-21.5,-22.7
2086.7,-21.3,-22.8
2086.8,-19.2,-22.3
2086.9,-19.7,-22.2
2087.0,-19.4,-22.3
2087.1,-19.2,-22.2
2087.2,-21.3,-22.2
2087.3,-23.0,-22.2
2087.4,-23.8,-22.2
2087.5,-25.6,-22.3
2087.6,-25.3,-22.3
2087.7,-24.8,-22.3
2087.8,-24.5,-22.4
2087.9,-24.2,-22.5
2088.0,-24.5,-22.6
2088.1,-25.0,-22.6
2088.2,-25.6,-22.7
2088.3,-26.1,-22.7
2088.4,-27.0,-22.7
2088.5,-27.8,-22.8
2088.6,-26.1,-22.7
2088.7,-25.2,-22.7
2088.8,-24.4,-22.8
2088.9,-24.0,-23.0
2089.0,-24.8,-23.1
2089.1,-25.4,-23.2
2089.2,-26.0,-23.2
2089.3,-26.6,-23.3
2089.4,-26.6,-23.3
2089.5,-26.0,-23.8
2089.6,-25.7,-23.8
2089.7,-25.3,-23.8
2089.8,-25.1,-24.6
2089.9,-25.3,-25.0
2090.0,-25.3,-25.1
2090.1,-25.3,-25.4
2090.2,-25.5,-25.4
2090.3,-25.8,-25.5
2090.4,-26.3,-25.5
2090.5,-26.4,-25.5
2090.6,-26.0,-25.5
2090.7,-26.3,-25.7
2090.8,-26.3,-25.7
2090.9,-26.8,-25.8
2091.0,-27.5,-25.9
2091.1,-27.6,-26.0
2091.2,-27.9,-26.0
2091.3,-28.0,-26.0
2091.4,-27.9,-26.0
2091.5,-27.7,-26.0
2091.6,-27.6,-26.2
2091.7,-27.8,-26.3
2091.8,-28.2,-26.5
2091.9,-28.7,-26.6
2092.0,-29.0,-26.7
2092.1,-29.3,-26.8
2092.2,-29.4,-26.9
2092.3,-28.7,-26.9
2092.4,-28.4,-26.9
2092.5,-28.0,-27.0
2092.6,-28.0,-27.2
2092.7,-28.4,-27.3
2092.8,-28.9,-27.4
2092.9,-29.3,-27.6
2093.0,-29.5,-27.8
2093.1,-30.0,-28.0
2093.2,-30.0,-28.1
2093.3,-29.9,-28.2
2093.4,-29.8,-28.2
2093.5,-29.5,-28.4
2093.6,-29.4,-28.6
2093.7,-29.5,-28.7
2093.8,-29.7,-28.8
2093.9,-30.0,-28.9
2094.0,-30.3,-28.9
2094.1,-30.4,-29.0
2094.2,-30.3,-29.1
2094.3,-30.1,-29.1
2094.4,-30.1,-29.3
2094.5,-30.3,-29.4
2094.6,-30.9,-29.5
2094.7,-31.7,-29.6
2094.8,-32.3,-29.7
2094.9,-32.6,-29.8
2095.0,-32.1,-29.9
2095.1,-30.8,-29.8
2095.2,-29.4,-29.7
2095.3,-28.1,-29.7
2095.4,-27.0,-29.6
2095.5,-25.9,-29.3
2095.6,-25.3,-29.0
2095.7,-24.9,-28.8
2095.8,-24.6,-28.5
2095.9,-24.9,-28.4
2096.0,-24.8,-28.1
2096.1,-24.8,-27.9
2096.2,-24.7,-27.7
2096.3,-24.5,-27.5
2096.4,-24.6,-27.3
2096.5,-24.8,-27.2
2096.6,-24.9,-27.0
2096.7,-25.0,-26.9
2096.8,-24.9,-26.7
2096.9,-24.7,-26.5
2097.0,-24.9,-26.4
2097.1,-25.0,-26.3
2097.2,-25.3,-26.2
2097.3,-25.7,-26.1
2097.4,-26.1,-26.0
2097.5,-26.2,-25.9
2097.6,-26.2,-25.8
2097.7,-26.2,-25.7
2097.8,-26.2,-25.6
2097.9,-26.3,-25.5
2098.0,-26.5,-25.5
2098.1,-27.0,-25.5
2098.2,-27.2,-25.5
2098.3,-27.5,-25.5
2098.4,-28.0,-25.6
2098.5,-28.3,-25.7
2098.6,-29.0,-25.8
2098.7,-29.7,-26.0
2098.8,-30.1,-26.1
2098.9,-30.1,-26.2
2099.0,-29.9,-26.4
2099.1,-29.5,-26.5
2099.2,-29.4,-26.7
2099.3,-29.3,-26.8
2099.4,-29.4,-27.0
2099.5,-29.6,-27.1
2099.6,-29.6,-27.3
2099.7,-29.9,-27.5
2099.8,-30.2,-27.7
2099.9,-30.5,-27.9
2100.0,-31.2,-28.1
2100.1,-31.7,-28.4
2100.2,-32.3,-28.6
2100.3,-32.8,-28.8
2100.4,-33.0,-29.0
2100.5,-33.3,-29.2
2100.6,-33.6,-29.5
2100.7,-34.1,-29.8
2100.8,-34.8,-30.0
2100.9,-35.2,-30.3
2101.0,-35.7,-30.6
2101.1,-35.8,-30.8
2101.2,-35.9,-31.1
2101.3,-36.2,-31.4
2101.4,-36.3,-31.6
2101.5,-35.1,-31.7
2101.6,-34.1,-31.8
2101.7,-31.5,-31.7
2101.8,-28.9,-31.3
2101.9,-27.2,-31.0
2102.0,-26.1,-30.7
2102.1,-25.7,-30.5
2102.2,-25.6,-30.2
2102.3,-25.6,-30.0
2102.4,-25.4,-29.7
2102.5,-25.1,-29.4
2102.6,-25.0,-29.1
2102.7,-25.0,-28.9
2102.8,-25.2,-28.7
2102.9,-24.7,-28.3
2103.0,-25.0,-28.1
2103.1,-25.2,-28.0
2103.2,-25.5,-27.8
2103.3,-26.8,-27.7
2103.4,-27.2,-27.6
2103.5,-27.5,-27.5
2103.6,-27.8,-27.4
2103.7,-28.0,-27.3
2103.8,-28.1,-27.2
2103.9,-28.3,-27.1
2104.0,-28.6,-27.1
2104.1,-29.0,-27.0
2104.2,-29.6,-27.0
2104.3,-30.1,-26.9
2104.4,-30.3,-26.9
2104.5,-30.5,-26.8
2104.6,-30.0,-26.8
2104.7,-29.8,-26.8
2104.8,-26.1,-26.6
2104.9,-22.4,-25.9
2105.0,-16.2,-23.0
2105.1,-14.8,-22.1
2105.2,-13.5,-21.0
2105.3,-12.8,-20.4
2105.4,-13.4,-19.7
2105.5,-13.3,-19.2
2105.6,-14.4,-19.1
2105.7,-15.9,-19.1
2105.8,-18.2,-19.1
2105.9,-22.8,-19.1
2106.0,-25.4,-19.1
2106.1,-25.3,-19.1
2106.2,-25.8,-19.1
2106.3,-25.3,-19.1
2106.4,-16.9,-18.3
2106.5,-14.9,-17.9
2106.6,-13.3,-17.4
2106.7,-12.1,-16.9
2106.8,-11.7,-16.3
2106.9,-11.6,-16.0
2107.0,-11.9,-15.7
2107.1,-12.0,-15.4
2107.2,-12.4,-15.1
2107.3,-12.7,-14.9
2107.4,-12.6,-14.7
2107.5,-12.6,-14.5
2107.6,-13.4,-14.3
2107.7,-12.9,-14.1
2107.8,-12.9,-13.9
2107.9,-12.7,-13.7
2108.0,-12.4,-13.8
2108.1,-12.8,-13.8
2108.2,-12.6,-13.8
2108.3,-12.8,-13.7
2108.4,-13.5,-13.8
2108.5,-14.4,-13.9
2108.6,-16.2,-13.9
2108.7,-18.2,-13.9
2108.8,-18.7,-13.9
2108.9,-19.4,-13.8
2109.0,-19.8,-13.8
2109.1,-21.2,-13.8
2109.2,-22.4,-13.8
2109.3,-22.6,-13.8
2109.4,-22.9,-14.0
2109.5,-21.3,-14.2
2109.6,-20.2,-14.4
2109.7,-19.5,-14.6
2109.8,-19.5,-15.0
2109.9,-20.1,-15.2
2110.0,-21.0,-15.4
2110.1,-21.8,-15.6
2110.2,-21.9,-16.0
2110.3,-21.5,-16.2
2110.4,-20.0,-16.4
2110.5,-19.2,-16.7
2110.6,-18.9,-16.8
2110.7,-19.0,-17.3
2110.8,-20.3,-17.6
2110.9,-21.5,-18.2
2111.0,-22.4,-18.6
2111.1,-22.8,-19.1
2111.2,-20.7,-19.6
2111.3,-19.8,-20.2
2111.4,-19.4,-20.3
2111.5,-19.2,-20.4
2111.6,-20.7,-20.5
2111.7,-22.0,-20.7
2111.8,-22.8,-20.8
2111.9,-23.7,-20.9
2112.0,-22.3,-20.8
2112.1,-21.3,-20.7
2112.2,-21.0,-20.7
2112.3,-20.6,-20.7
2112.4,-21.0,-20.6
2112.5,-22.0,-20.8
2112.6,-22.7,-21.0
2112.7,-23.4,-21.1
2112.8,-23.3,-21.1
2112.9,-21.5,-21.0
2113.0,-20.9,-21.0
2113.1,-20.6,-21.0
2113.2,-20.8,-21.0
2113.3,-22.7,-21.1
2113.4,-23.4,-21.4
2113.5,-24.3,-21.6
2113.6,-25.0,-21.7
2113.7,-22.1,-21.6
2113.8,-20.9,-21.5
2113.9,-20.4,-21.4
2114.0,-20.0,-21.4
2114.1,-21.3,-21.4
2114.2,-22.8,-21.8
2114.3,-23.6,-22.0
2114.4,-24.5,-22.1
2114.5,-22.9,-22.0
2114.6,-21.6,-21.9
2114.7,-20.9,-21.8
2114.8,-20.9,-21.8
2114.9,-21.9,-21.8
2115.0,-23.2,-22.0
2115.1,-24.6,-22.2
2115.2,-25.0,-22.3
2115.3,-24.6,-22.3
2115.4,-22.4,-22.2
2115.5,-21.4,-22.1
2115.6,-20.8,-22.0
2115.7,-20.9,-22.0
2115.8,-22.4,-22.1
2115.9,-23.9,-22.4
2116.0,-25.3,-22.5
2116.1,-25.8,-22.6
2116.2,-23.0,-22.4
2116.3,-22.5,-22.4
2116.4,-21.9,-22.3
2116.5,-21.8,-22.3
2116.6,-23.7,-22.3
2116.7,-24.0,-22.6
2116.8,-24.6,-22.8
2116.9,-24.7,-22.9
2117.0,-24.3,-23.0
2117.1,-23.6,-22.9
2117.2,-23.1,-22.8
2117.3,-22.8,-22.8
2117.4,-23.0,-22.8
2117.5,-23.6,-23.0
2117.6,-24.1,-23.2
2117.7,-25.1,-23.4
2117.8,-24.8,-23.4
2117.9,-23.9,-23.3
2118.0,-23.5,-23.2
2118.1,-22.9,-23.2
2118.2,-22.6,-23.1
2118.3,-23.0,-23.1
2118.4,-23.4,-23.3
2118.5,-23.7,-23.5
2118.6,-24.6,-23.7
2118.7,-23.4,-23.5
2118.8,-22.7,-23.4
2118.9,-22.1,-23.3
2119.0,-21.7,-23.2
2119.1,-22.4,-23.1
2119.2,-23.5,-23.5
2119.3,-24.5,-23.5
2119.4,-25.5,-23.7
2119.5,-25.1,-23.6
2119.6,-23.4,-23.4
2119.7,-22.9,-23.4
2119.8,-22.3,-23.3
2119.9,-22.4,-23.3
2120.0,-23.0,-23.3
2120.1,-23.3,-23.4
2120.2,-24.0,-23.4
2120.3,-24.7,-23.5
2120.4,-23.9,-23.4
2120.5,-23.1,-23.3
2120.6,-22.6,-23.3
2120.7,-22.3,-23.2
2120.8,-23.2,-23.2
2120.9,-23.8,-23.3
2121.0,-24.1,-23.3
2121.1,-25.0,-23.4
2121.2,-23.7,-23.3
2121.3,-23.4,-23.3
2121.4,-23.3,-23.3
2121.5,-23.1,-23.3
2121.6,-24.8,-23.3
2121.7,-25.4,-23.5
2121.8,-25.8,-23.7
2121.9,-25.8,-23.8
2122.0,-25.3,-23.9
2122.1,-24.5,-23.8
2122.2,-24.0,-23.8
2122.3,-23.6,-23.7
2122.4,-23.8,-23.7
2122.5,-24.3,-23.8
2122.6,-24.8,-23.9
2122.7,-25.7,-24.0
2122.8,-25.5,-24.1
2122.9,-24.8,-24.1
2123.0,-24.5,-24.1
2123.1,-23.9,-24.1
2123.2,-23.4,-24.0
2123.3,-23.8,-24.0
2123.4,-23.9,-24.2
2123.5,-24.0,-24.3
2123.6,-24.7,-24.4
2123.7,-24.2,-24.3
2123.8,-23.9,-24.3
2123.9,-23.5,-24.2
2124.0,-23.1,-24.2
2124.1,-23.6,-24.1
2124.2,-24.3,-24.4
2124.3,-24.9,-24.4
2124.4,-25.5,-24.5
2124.5,-25.0,-24.4
2124.6,-23.8,-24.2
2124.7,-23.6,-24.2
2124.8,-23.3,-24.2
2124.9,-23.3,-24.1
2125.0,-24.0,-24.1
2125.1,-24.2,-24.2
2125.2,-24.7,-24.2
2125.3,-25.2,-24.3
2125.4,-24.3,-24.1
2125.5,-23.8,-24.1
2125.6,-23.2,-24.0
2125.7,-23.1,-23.9
2125.8,-23.9,-23.9
2125.9,-24.5,-24.0
2126.0,-25.4,-24.1
2126.1,-26.5,-24.2
2126.2,-25.0,-24.2
2126.3,-24.4,-24.1
2126.4,-23.7,-24.1
2126.5,-23.0,-24.1
2126.6,-23.9,-24.0
2126.7,-24.3,-24.2
2126.8,-25.1,-24.2
2126.9,-25.8,-24.3
2127.0,-25.0,-24.3
2127.1,-24.6,-24.3
2127.2,-24.3,-24.2
2127.3,-24.0,-24.2
2127.4,-24.1,-24.1
2127.5,-24.6,-24.2
2127.6,-25.0,-24.4
2127.7,-25.4,-24.5
2127.8,-25.9,-24.5
2127.9,-24.3,-24.4
2128.0,-23.4,-24.3
2128.1,-22.8,-24.2
2128.2,-22.4,-24.1
2128.3,-23.4,-24.2
2128.4,-24.3,-24.3
2128.5,-25.7,-24.4
2128.6,-27.5,-24.6
2128.7,-25.1,-24.4
2128.8,-23.3,-24.2
2128.9,-22.6,-24.1
2129.0,-22.2,-24.1
2129.1,-23.0,-24.0
2129.2,-24.3,-24.1
2129.3,-25.0,-24.2
2129.4,-25.8,-24.3
2129.5,-24.7,-24.3
2129.6,-23.1,-24.0
2129.7,-22.5,-23.9
2129.8,-22.3,-23.9
2129.9,-23.3,-23.9
2130.0,-25.6,-24.1
2130.1,-27.6,-24.2
2130.2,-28.2,-24.2
2130.3,-27.9,-24.3
2130.4,-24.7,-24.2
2130.5,-23.2,-24.0
2130.6,-22.4,-23.9
2130.7,-21.9,-23.8
2130.8,-22.8,-23.8
2130.9,-24.0,-24.0
2131.0,-25.3,-24.1
2131.1,-26.7,-24.2
2131.2,-25.8,-24.2
2131.3,-24.2,-24.1
2131.4,-23.7,-24.0
2131.5,-22.7,-23.9
2131.6,-23.3,-23.8
2131.7,-24.5,-24.0
2131.8,-25.3,-24.3
2131.9,-27.5,-24.4
2132.0,-27.6,-24.4
2132.1,-27.4,-24.5
2132.2,-26.4,-24.5
2132.3,-25.9,-24.5
2132.4,-25.8,-24.4
2132.5,-26.0,-24.6
2132.6,-26.7,-25.0
2132.7,-26.9,-25.1
2132.8,-27.8,-25.2
2132.9,-26.5,-25.1
2133.0,-25.3,-24.9
2133.1,-24.8,-24.8
2133.2,-24.1,-24.8
2133.3,-24.6,-24.8
2133.4,-25.7,-25.1
2133.5,-26.7,-25.3
2133.6,-27.9,-25.5
2133.7,-27.1,-25.6
2133.8,-25.3,-25.5
2133.9,-24.5,-25.4
2134.0,-23.8,-25.3
2134.1,-23.4,-25.1
2134.2,-24.0,-25.2
2134.3,-24.5,-25.5
2134.4,-25.3,-25.6
2134.5,-26.8,-25.8
2134.6,-26.7,-25.8
2134.7,-26.5,-25.8
2134.8,-25.4,-25.6
2134.9,-24.7,-25.4
2135.0,-25.0,-25.5
2135.1,-25.4,-25.5
2135.2,-26.9,-25.6
2135.3,-28.8,-25.7
2135.4,-27.8,-25.7
2135.5,-27.0,-25.6
2135.6,-25.5,-25.5
2135.7,-24.6,-25.4
2135.8,-24.7,-25.3
2135.9,-24.9,-25.4
2136.0,-26.2,-25.6
2136.1,-27.6,-25.7
2136.2,-28.3,-25.8
2136.3,-28.2,-25.8
2136.4,-27.0,-25.8
2136.5,-25.5,-25.6
2136.6,-25.5,-25.6
2136.7,-25.7,-25.7
2136.8,-26.5,-25.9
2136.9,-28.9,-26.1
2137.0,-29.8,-26.3
2137.1,-29.0,-26.4
2137.2,-27.6,-26.5
2137.3,-26.5,-26.4
2137.4,-25.9,-26.3
2137.5,-26.1,-26.3
2137.6,-26.7,-26.5
2137.7,-27.5,-26.5
2137.8,-28.6,-26.7
2137.9,-29.1,-26.9
2138.0,-28.6,-26.9
2138.1,-28.5,-26.9
2138.2,-28.0,-26.9
2138.3,-27.7,-26.8
2138.4,-28.1,-27.0
2138.5,-28.2,-27.1
2138.6,-28.7,-27.3
2138.7,-28.6,-27.4
2138.8,-27.4,-27.4
2138.9,-26.8,-27.4
2139.0,-26.4,-27.3
2139.1,-26.2,-27.2
2139.2,-27.2,-27.3
2139.3,-28.2,-27.4
2139.4,-28.9,-27.6
2139.5,-29.7,-27.8
2139.6,-27.4,-27.6
2139.7,-26.5,-27.6
2139.8,-25.9,-27.4
2139.9,-25.2,-27.2
2140.0,-25.8,-27.1
2140.1,-26.3,-27.2
2140.2,-26.9,-27.3
2140.3,-28.2,-27.5
2140.4,-28.5,-27.5
2140.5,-28.7,-27.6
2140.6,-27.9,-27.5
2140.7,-27.4,-27.4
2140.8,-27.8,-27.4
2140.9,-27.9,-27.4
2141.0,-29.2,-27.6
2141.1,-30.5,-27.6
2141.2,-30.3,-27.6
2141.3,-28.7,-27.5
2141.4,-27.2,-27.4
2141.5,-25.4,-27.2
2141.6,-24.4,-26.9
2141.7,-24.1,-26.8
2141.8,-23.8,-26.7
2141.9,-24.3,-26.7
2142.0,-24.7,-26.6
2142.1,-24.2,-26.4
2142.2,-24.0,-26.2
2142.3,-23.2,-25.9
2142.4,-22.9,-25.7
2142.5,-23.3,-25.6
2142.6,-23.9,-25.7
2142.7,-24.6,-25.6
2142.8,-24.9,-25.6
2142.9,-24.6,-25.5
2143.0,-24.1,-25.4
2143.1,-24.1,-25.3
2143.2,-24.4,-25.2
2143.3,-24.8,-25.2
2143.4,-25.3,-25.1
2143.5,-25.4,-25.0
2143.6,-25.3,-25.0
2143.7,-25.5,-25.0
2143.8,-25.3,-24.9
2143.9,-25.3,-24.8
2144.0,-25.6,-24.7
2144.1,-25.5,-24.6
2144.2,-25.9,-24.6
2144.3,-26.8,-24.7
2144.4,-27.5,-24.7
2144.5,-28.7,-24.9
2144.6,-28.2,-25.0
2144.7,-27.9,-25.1
2144.8,-27.4,-25.2
2144.9,-26.7,-25.2
2145.0,-27.1,-25.2
2145.1,-27.5,-25.5
2145.2,-28.1,-25.7
2145.3,-29.3,-25.9
2145.4,-29.4,-26.1
2145.5,-29.3,-26.2
2145.6,-28.3,-26.2
2145.7,-27.5,-26.3
2145.8,-27.7,-26.5
2145.9,-27.9,-26.7
2146.0,-29.1,-27.0
2146.1,-30.7,-27.2
2146.2,-30.7,-27.3
2146.3,-29.6,-27.4
2146.4,-28.6,-27.4
2146.5,-27.3,-27.5
2146.6,-27.1,-27.6
2146.7,-27.3,-27.7
2146.8,-27.9,-27.9
2146.9,-29.3,-28.1
2147.0,-30.1,-28.2
2147.1,-30.3,-28.4
2147.2,-29.7,-28.5
2147.3,-28.2,-28.3
2147.4,-27.7,-28.3
2147.5,-27.6,-28.2
2147.6,-27.8,-28.4
2147.7,-28.8,-28.5
2147.8,-27.8,-28.3
2147.9,-24.7,-27.8
2148.0,-20.3,-26.1
2148.1,-18.4,-25.1
2148.2,-17.4,-24.3
2148.3,-16.8,-23.7
2148.4,-17.3,-23.2
2148.5,-17.8,-22.8
2148.6,-17.9,-22.5
2148.7,-18.3,-22.2
2148.8,-18.5,-21.9
2148.9,-18.5,-21.6
2149.0,-18.9,-21.4
2149.1,-18.7,-21.1
2149.2,-18.6,-20.9
2149.3,-18.6,-20.7
2149.4,-18.6,-20.5
2149.5,-18.7,-20.3
2149.6,-18.5,-20.1
2149.7,-18.3,-19.9
2149.8,-18.3,-19.7
2149.9,-18.2,-19.5
2150.0,-18.5,-19.4
2150.1,-18.7,-19.2
2150.2,-18.7,-19.1
2150.3,-18.7,-19.0
2150.4,-18.8,-18.8
2150.5,-18.9,-18.7
2150.6,-18.7,-18.6
2150.7,-18.9,-18.5
2150.8,-18.6,-18.3
2150.9,-18.7,-18.3
2151.0,-19.0,-18.4
2151.1,-19.2,-18.6
2151.2,-19.4,-18.6
2151.3,-19.2,-18.7
2151.4,-19.2,-18.7
2151.5,-18.9,-18.7
2151.6,-18.9,-18.8
2151.7,-19.1,-18.8
2151.8,-19.0,-18.8
2151.9,-19.3,-18.8
2152.0,-19.5,-18.8
2152.1,-19.5,-18.9
2152.2,-19.6,-18.9
2152.3,-19.4,-18.9
2152.4,-19.4,-18.9
2152.5,-19.6,-19.0
2152.6,-19.7,-19.1
2152.7,-20.2,-19.1
2152.8,-20.3,-19.2
2152.9,-20.5,-19.3
2153.0,-20.5,-19.3
2153.1,-20.4,-19.4
2153.2,-19.3,-19.3
2153.3,-18.8,-19.3
2153.4,-18.3,-19.2
2153.5,-18.2,-19.3
2153.6,-18.7,-19.3
2153.7,-19.1,-19.3
2153.8,-19.8,-19.4
2153.9,-20.0,-19.4
2154.0,-20.6,-19.5
2154.1,-20.9,-19.5
2154.2,-21.1,-19.6
2154.3,-21.5,-19.7
2154.4,-21.7,-19.8
2154.5,-22.1,-19.9
2154.6,-22.2,-20.0
2154.7,-22.4,-20.1
2154.8,-22.9,-20.2
2154.9,-23.6,-20.3
2155.0,-25.1,-20.4
2155.1,-26.3,-20.6
2155.2,-26.7,-20.8
2155.3,-27.0,-21.0
2155.4,-26.6,-21.1
2155.5,-26.1,-21.2
2155.6,-26.1,-21.4
2155.7,-25.9,-21.5
2155.8,-26.1,-21.6
2155.9,-26.5,-21.8
2156.0,-26.8,-22.0
2156.1,-26.8,-22.1
2156.2,-27.4,-22.6
2156.3,-27.5,-22.9
2156.4,-27.1,-23.3
2156.5,-26.8,-23.6
2156.6,-26.6,-23.9
2156.7,-26.6,-24.2
2156.8,-27.1,-24.5
2156.9,-28.0,-24.9
2157.0,-28.3,-25.1
2157.1,-28.3,-25.4
2157.2,-28.1,-25.7
2157.3,-27.1,-25.9
2157.4,-26.6,-26.1
2157.5,-26.5,-26.3
2157.6,-26.3,-26.6
2157.7,-26.7,-26.8
2157.8,-27.1,-26.9
2157.9,-27.0,-26.9
2158.0,-26.9,-26.9
2158.1,-26.3,-26.8
2158.2,-25.5,-26.7
2158.3,-25.2,-26.6
2158.4,-25.3,-26.7
2158.5,-25.7,-26.7
2158.6,-26.1,-26.7
2158.7,-26.3,-26.7
2158.8,-25.9,-26.6
2158.9,-25.3,-26.5
2159.0,-25.2,-26.4
2159.1,-25.1,-26.4
2159.2,-25.4,-26.4
2159.3,-25.6,-26.3
2159.4,-25.6,-26.3
2159.5,-25.4,-26.2
2159.6,-25.3,-26.2
2159.7,-25.4,-26.1
2159.8,-25.4,-26.0
2159.9,-25.5,-25.9
2160.0,-25.3,-25.8
2160.1,-25.2,-25.8
2160.2,-25.3,-25.7
2160.3,-25.3,-25.7
2160.4,-25.4,-25.7
2160.5,-25.9,-25.7
2160.6,-26.4,-25.7
2160.7,-27.2,-25.8
2160.8,-28.4,-25.8
2160.9,-28.9,-25.8
2161.0,-29.1,-25.9
2161.1,-29.1,-26.0
2161.2,-29.2,-26.2
2161.3,-28.6,-26.2
2161.4,-28.3,-26.2
2161.5,-27.8,-26.3
2161.6,-27.3,-26.3
2161.7,-27.2,-26.3
2161.8,-27.1,-26.4
2161.9,-27.0,-26.5
2162.0,-27.2,-26.6
2162.1,-27.3,-26.6
2162.2,-27.4,-26.7
2162.3,-27.3,-26.7
2162.4,-26.8,-26.8
2162.5,-26.6,-26.8
2162.6,-25.4,-26.7
2162.7,-23.3,-26.3
2162.8,-21.6,-25.8
2162.9,-20.9,-25.6
2163.0,-20.9,-25.5
2163.1,-21.8,-25.5
2163.2,-23.2,-25.4
2163.3,-24.1,-25.4
2163.4,-24.4,-25.4
2163.5,-24.6,-25.3
2163.6,-24.5,-25.2
2163.7,-24.4,-25.0
2163.8,-24.0,-24.9
2163.9,-23.1,-24.6
2164.0,-22.3,-24.4
2164.1,-21.6,-24.1
2164.2,-21.2,-23.9
2164.3,-21.0,-23.7
2164.4,-20.6,-23.4
2164.5,-20.3,-23.1
2164.6,-19.8,-22.8
2164.7,-19.3,-22.5
2164.8,-19.1,-22.2
2164.9,-19.0,-22.0
2165.0,-19.2,-21.8
2165.1,-19.6,-21.6
2165.2,-20.0,-21.5
2165.3,-20.6,-21.4
2165.4,-20.4,-21.2
2165.5,-20.0,-21.0
2165.6,-19.6,-20.9
2165.7,-19.7,-20.9
2165.8,-19.8,-21.0
2165.9,-20.2,-20.9
2166.0,-20.6,-20.8
2166.1,-20.1,-20.7
2166.2,-19.3,-20.5
2166.3,-19.2,-20.4
2166.4,-18.7,-20.2
2166.5,-18.4,-20.0
2166.6,-18.4,-19.9
2166.7,-18.7,-19.8
2166.8,-19.4,-19.7
2166.9,-19.9,-19.7
2167.0,-20.6,-19.7
2167.1,-20.1,-19.6
2167.2,-19.6,-19.6
2167.3,-19.1,-19.5
2167.4,-18.7,-19.4
2167.5,-18.8,-19.4
2167.6,-18.7,-19.4
2167.7,-18.1,-19.3
2167.8,-17.7,-19.2
2167.9,-17.0,-19.1
2168.0,-16.4,-18.9
2168.1,-16.3,-18.7
2168.2,-15.6,-18.4
2168.3,-15.0,-18.1
2168.4,-14.3,-17.8
2168.5,-13.5,-17.4
2168.6,-13.4,-17.2
2168.7,-13.4,-17.0
2168.8,-13.5,-16.7
2168.9,-13.8,-16.5
2169.0,-13.7,-16.3
2169.1,-13.3,-16.0
2169.2,-13.3,-15.9
2169.3,-13.1,-15.6
2169.4,-13.1,-15.5
2169.5,-13.5,-15.4
2169.6,-13.7,-15.3
2169.7,-14.2,-15.2
2169.8,-14.4,-15.0
2169.9,-14.4,-14.9
2170.0,-14.5,-14.8
2170.1,-14.7,-14.7
2170.2,-15.3,-14.7
2170.3,-16.5,-14.7
2170.4,-17.9,-14.7
2170.5,-19.2,-14.7
2170.6,-19.8,-14.7
2170.7,-19.6,-14.8
2170.8,-19.4,-14.8
2170.9,-19.9,-14.9
2171.0,-21.0,-15.0
2171.1,-22.1,-15.1
2171.2,-23.9,-15.3
2171.3,-25.1,-15.4
2171.4,-26.5,-15.7
2171.5,-28.6,-16.0
2171.6,-30.3,-16.2
2171.7,-32.0,-16.5
2171.8,-33.6,-16.8
2171.9,-34.9,-17.1
2172.0,-33.7,-17.4
2172.1,-34.7,-17.9
2172.2,-35.1,-18.3
2172.3,-35.5,-18.8
2172.4,-41.5,-19.4
2172.5,-42.8,-19.8
2172.6,-43.4,-20.3
2172.7,-44.6,-20.9
2172.8,-45.0,-21.7
2172.9,-45.2,-22.5
2173.0,-45.8,-23.5
2173.1,-45.8,-24.5
2173.2,-46.0,-25.4
2173.3,-45.8,-25.9
2173.4,-46.3,-26.4
2173.5,-46.3,-27.2
2173.6,-46.6,-28.3
2173.7,-47.6,-29.6
2173.8,-47.4,-31.3
2173.9,-46.8,-32.5
2174.0,-46.9,-33.8
2174.1,-46.5,-35.6
2174.2,-46.4,-36.9
2174.3,-45.9,-38.2
2174.4,-44.7,-39.2
2174.5,-44.6,-40.0
2174.6,-44.4,-40.7
2174.7,-45.0,-41.4
2174.8,-45.1,-41.8
2174.9,-44.3,-42.0
2175.0,-42.3,-44.3
2175.1,-41.1,-44.4
2175.2,-41.5,-44.6
2175.3,-42.1,-44.8
2175.4,-44.6,-44.9
2175.5,-48.5,-45.0
2175.6,-47.6,-45.1
2175.7,-47.4,-45.1
2175.8,-46.8,-45.1
2175.9,-46.5,-45.2
2176.0,-47.3,-45.2
2176.1,-47.5,-45.3
2176.2,-48.0,-45.3
2176.3,-47.2,-45.3
2176.4,-46.1,-45.2
2176.5,-45.5,-45.2
2176.6,-45.0,-45.1
2176.7,-45.5,-45.1
2176.8,-45.9,-45.1
2176.9,-46.3,-45.1
2177.0,-47.2,-45.1
2177.1,-44.6,-44.9
2177.2,-43.5,-44.7
2177.3,-43.6,-44.8
2177.4,-43.6,-45.0
2177.5,-46.0,-45.0
2177.6,-49.9,-45.2
2177.7,-50.8,-45.2
2177.8,-52.0,-45.4
2177.9,-52.4,-45.7
2178.0,-51.9,-46.3
2178.1,-51.2,-46.9
2178.2,-51.3,-46.9
2178.3,-51.3,-47.0
2178.4,-51.5,-47.0
2178.5,-52.4,-47.1
2178.6,-51.7,-47.3
2178.7,-51.5,-47.3
2178.8,-51.9,-47.5
2178.9,-51.7,-47.6
2179.0,-50.3,-47.6
2179.1,-41.9,-46.1
2179.2,-35.8,-42.9
2179.3,-35.2,-42.6
2179.4,-35.2,-42.6
2179.5,-36.0,-42.6
2179.6,-35.6,-40.8
2179.7,-34.0,-39.8
2179.8,-32.5,-39.0
2179.9,-30.4,-37.6
2180.0,-30.1,-36.7
2180.1,-29.9,-36.3
2180.2,-30.3,-36.1
2180.3,-32.3,-36.1
2180.4,-34.3,-35.9
2180.5,-32.1,-35.0
2180.6,-29.0,-33.8
2180.7,-27.7,-33.3
2180.8,-27.2,-32.9
2180.9,-28.3,-32.9
2181.0,-30.8,-32.8
2181.1,-33.1,-32.7
2181.2,-35.5,-32.6
2181.3,-35.5,-32.6
2181.4,-30.7,-32.0
2181.5,-28.9,-31.5
2181.6,-29.1,-31.5
2181.7,-28.2,-31.2
2181.8,-29.5,-31.0
2181.9,-32.0,-31.0
2182.0,-31.8,-31.0
2182.1,-34.6,-31.0
2182.2,-38.3,-31.1
2182.3,-32.6,-30.9
2182.4,-32.3,-30.8
2182.5,-32.2,-30.8
2182.6,-27.6,-30.2
2182.7,-25.5,-29.4
2182.8,-24.4,-29.1
2182.9,-23.1,-28.6
2183.0,-21.9,-27.7
2183.1,-19.2,-25.8
2183.2,-16.5,-23.9
2183.3,-14.6,-22.3
2183.4,-13.3,-21.1
2183.5,-12.9,-20.3
2183.6,-13.2,-19.8
2183.7,-13.8,-19.5
2183.8,-15.0,-19.3
2183.9,-16.4,-19.1
2184.0,-17.4,-19.0
2184.1,-18.4,-18.8
2184.2,-19.0,-18.7
2184.3,-18.5,-18.5
2184.4,-19.1,-18.5
2184.5,-18.8,-18.3
2184.6,-18.9,-18.2
2184.7,-19.2,-18.1
2184.8,-18.5,-18.0
2184.9,-18.4,-17.8
2185.0,-18.3,-17.7
2185.1,-18.3,-17.6
2185.2,-18.4,-17.5
2185.3,-17.1,-17.2
2185.4,-17.1,-17.1
2185.5,-17.1,-17.0
2185.6,-17.3,-17.0
2185.7,-18.8,-16.9
2185.8,-19.3,-16.9
2185.9,-20.0,-16.9
2186.0,-20.7,-16.9
2186.1,-21.6,-17.1
2186.2,-20.6,-17.3
2186.3,-18.2,-17.5
2186.4,-17.6,-17.8
2186.5,-17.2,-18.1
2186.6,-17.3,-18.3
2186.7,-18.9,-18.5
2186.8,-19.6,-18.6
2186.9,-19.8,-18.6
2187.0,-19.5,-18.6
2187.1,-18.9,-18.6
2187.2,-18.7,-18.6
2187.3,-18.8,-18.6
2187.4,-19.2,-18.6
2187.5,-19.6,-18.7
2187.6,-19.9,-18.7
2187.7,-20.1,-18.7
2187.8,-20.4,-18.8
2187.9,-20.7,-18.9
2188.0,-21.0,-19.0
2188.1,-20.9,-19.0
2188.2,-20.1,-19.1
2188.3,-20.0,-19.4
2188.4,-19.6,-19.4
2188.5,-19.1,-19.4
2188.6,-19.5,-19.4
2188.7,-19.6,-19.5
2188.8,-20.1,-19.5
2188.9,-20.9,-19.5
2189.0,-20.6,-19.4
2189.1,-20.1,-19.3
2189.2,-19.8,-19.4
2189.3,-19.6,-19.7
2189.4,-19.9,-19.8
2189.5,-19.8,-19.8
2189.6,-19.6,-19.8
2189.7,-19.8,-19.8
2189.8,-16.8,-19.3
2189.9,-15.8,-19.0
2190.0,-15.4,-18.9
2190.1,-15.1,-18.9
2190.2,-16.5,-18.9
2190.3,-17.6,-18.8
2190.4,-18.5,-18.8
2190.5,-19.0,-18.8
2190.6,-19.8,-18.8
2190.7,-20.6,-18.8
2190.8,-20.7,-18.8
2190.9,-20.7,-18.8
2191.0,-19.7,-18.7
2191.1,-19.2,-18.7
2191.2,-19.1,-18.7
2191.3,-19.3,-18.7
2191.4,-20.1,-18.8
2191.5,-20.7,-18.8
2191.6,-21.2,-18.9
2191.7,-21.5,-18.9
2191.8,-20.8,-18.8
2191.9,-20.5,-18.8
2192.0,-20.3,-18.9
2192.1,-20.0,-18.9
2192.2,-20.5,-18.9
2192.3,-20.7,-18.9
2192.4,-20.8,-19.0
2192.5,-20.7,-19.0
2192.6,-17.4,-18.6
2192.7,-16.8,-18.5
2192.8,-16.3,-18.8
2192.9,-16.1,-19.1
2193.0,-18.0,-19.2
2193.1,-18.4,-19.2
2193.2,-18.8,-19.3
2193.3,-19.1,-19.3
2193.4,-19.3,-19.3
2193.5,-19.8,-19.3
2193.6,-20.4,-19.3
2193.7,-20.7,-19.3
2193.8,-20.2,-19.2
2193.9,-19.6,-19.2
2194.0,-18.8,-19.2
2194.1,-18.4,-19.2
2194.2,-18.8,-19.2
2194.3,-18.0,-19.0
2194.4,-18.3,-19.0
2194.5,-18.5,-18.9
2194.6,-18.3,-18.9
2194.7,-19.5,-18.8
2194.8,-19.3,-18.8
2194.9,-19.3,-18.8
2195.0,-19.2,-18.8
2195.1,-18.9,-18.7
2195.2,-19.0,-18.7
2195.3,-19.0,-18.6
2195.4,-19.4,-18.6
2195.5,-19.5,-18.6
2195.6,-19.8,-19.0
2195.7,-17.6,-18.8
2195.8,-15.2,-18.3
2195.9,-15.0,-18.3
2196.0,-15.0,-18.3
2196.1,-16.2,-18.4
2196.2,-19.5,-18.4
2196.3,-20.7,-18.5
2196.4,-21.1,-18.5
2196.5,-19.8,-18.4
2196.6,-17.1,-18.0
2196.7,-16.7,-18.0
2196.8,-16.4,-18.0
2196.9,-16.9,-18.0
2197.0,-19.3,-18.1
2197.1,-19.9,-18.1
2197.2,-20.3,-18.1
2197.3,-19.9,-18.2
2197.4,-17.7,-18.0
2197.5,-17.4,-18.0
2197.6,-17.2,-18.0
2197.7,-17.2,-17.9
2197.8,-18.4,-17.9
2197.9,-18.3,-17.9
2198.0,-18.6,-17.9
2198.1,-18.6,-17.9
2198.2,-19.0,-17.9
2198.3,-19.3,-17.9
2198.4,-19.4,-17.9
2198.5,-19.4,-17.9
2198.6,-19.4,-17.9
2198.7,-19.2,-18.1
2198.8,-18.9,-18.5
2198.9,-17.9,-18.5
2199.0,-16.9,-18.3
2199.1,-16.9,-18.3
2199.2,-17.2,-18.2
2199.3,-18.3,-18.2
2199.4,-20.2,-18.2
2199.5,-20.9,-18.3
2199.6,-20.4,-18.6
2199.7,-19.8,-18.7
2199.8,-18.9,-18.6
2199.9,-18.5,-18.6
2200.0,-18.4,-18.5
2200.1,-18.4,-18.5
2200.2,-19.1,-18.5
2200.3,-19.2,-18.5
2200.4,-19.1,-18.7
2200.5,-19.3,-18.8
2200.6,-19.2,-18.8
2200.7,-19.1,-18.8
2200.8,-19.4,-18.9
2200.9,-19.2,-18.9
2201.0,-17.7,-18.7
2201.1,-16.9,-18.5
2201.2,-16.8,-18.5
2201.3,-17.1,-18.5
2201.4,-18.3,-18.5
2201.5,-19.7,-18.6
2201.6,-19.8,-18.5
2201.7,-19.3,-18.5
2201.8,-19.2,-18.6
2201.9,-19.1,-18.7
2202.0,-19.3,-18.9
2202.1,-19.6,-19.0
2202.2,-19.6,-18.9
2202.3,-19.5,-18.9
2202.4,-19.6,-18.9
2202.5,-19.6,-18.8
2202.6,-19.9,-18.9
2202.7,-20.7,-19.0
2202.8,-21.4,-19.1
2202.9,-20.6,-19.1
2203.0,-19.8,-19.1
2203.1,-19.0,-19.1
2203.2,-18.4,-19.0
2203.3,-18.9,-19.0
2203.4,-19.7,-19.1
2203.5,-20.5,-19.2
2203.6,-21.1,-19.2
2203.7,-21.4,-19.3
2203.8,-21.6,-19.3
2203.9,-21.6,-19.4
2204.0,-21.8,-19.8
2204.1,-21.9,-20.0
2204.2,-22.1,-20.2
2204.3,-22.2,-20.2
2204.4,-22.4,-20.3
2204.5,-22.7,-20.3
2204.6,-22.7,-20.5
2204.7,-23.1,-20.6
2204.8,-23.0,-20.7
2204.9,-23.1,-20.8
2205.0,-23.1,-20.9
2205.1,-22.9,-21.0
2205.2,-22.9,-21.2
2205.3,-22.9,-21.3
2205.4,-23.0,-21.4
2205.5,-23.2,-21.5
2205.6,-23.5,-21.6
2205.7,-23.6,-21.6
2205.8,-23.7,-21.6
2205.9,-23.9,-21.9
2206.0,-24.2,-22.2
2206.1,-24.6,-22.5
2206.2,-24.7,-22.7
2206.3,-24.6,-22.8
2206.4,-24.6,-23.0
2206.5,-24.5,-23.1
2206.6,-24.7,-23.2
2206.7,-24.6,-23.3
2206.8,-24.4,-23.4
2206.9,-24.2,-23.5
2207.0,-24.0,-23.5
2207.1,-23.8,-23.6
2207.2,-23.7,-23.6
2207.3,-23.8,-23.7
2207.4,-23.7,-23.7
2207.5,-23.8,-23.8
2207.6,-23.9,-23.8
2207.7,-24.0,-23.8
2207.8,-24.1,-23.9
2207.9,-24.3,-23.9
2208.0,-24.7,-24.0
2208.1,-24.7,-24.1
2208.2,-24.7,-24.1
2208.3,-24.7,-24.2
2208.4,-24.5,-24.2
2208.5,-24.6,-24.3
2208.6,-24.7,-24.3
2208.7,-24.6,-24.3
2208.8,-24.3,-24.3
2208.9,-24.1,-24.3
2209.0,-23.9,-24.3
2209.1,-23.7,-24.2
2209.2,-23.6,-24.2
2209.3,-23.7,-24.2
2209.4,-23.9,-24.2
2209.5,-24.2,-24.2
2209.6,-24.4,-24.1
2209.7,-24.4,-24.2
2209.8,-24.7,-24.2
2209.9,-24.9,-24.2
2210.0,-25.1,-24.3
2210.1,-25.0,-24.3
2210.2,-25.0,-24.4
2210.3,-24.9,-24.4
2210.4,-25.0,-24.5
2210.5,-25.1,-24.5
2210.6,-24.9,-24.5
2210.7,-24.7,-24.5
2210.8,-24.5,-24.5
2210.9,-24.3,-24.5
2211.0,-24.2,-24.4
2211.1,-24.2,-24.4
2211.2,-24.2,-24.4
2211.3,-24.3,-24.4
2211.4,-24.4,-24.4
2211.5,-24.5,-24.4
2211.6,-24.6,-24.4
2211.7,-24.8,-24.5
2211.8,-25.0,-24.5
2211.9,-25.3,-24.6
2212.0,-25.3,-24.6
2212.1,-25.3,-24.7
2212.2,-25.2,-24.7
2212.3,-25.1,-24.8
2212.4,-25.3,-24.8
2212.5,-25.1,-24.8
2212.6,-24.9,-24.8
2212.7,-24.7,-24.8
2212.8,-23.9,-24.7
2212.9,-23.2,-24.5
2213.0,-22.7,-24.4
2213.1,-22.7,-24.4
2213.2,-22.5,-24.3
2213.3,-19.9,-23.5
2213.4,-19.3,-23.3
2213.5,-19.0,-23.1
2213.6,-18.5,-22.9
2213.7,-20.2,-22.8
2213.8,-20.9,-22.7
2213.9,-21.3,-22.7
2214.0,-22.5,-22.7
2214.1,-22.7,-22.6
2214.2,-21.3,-22.3
2214.3,-19.0,-21.9
2214.4,-18.4,-21.6
2214.5,-18.0,-21.4
2214.6,-18.1,-21.3
2214.7,-18.9,-21.1
2214.8,-18.7,-20.8
2214.9,-18.7,-20.7
2215.0,-18.6,-20.5
2215.1,-18.7,-20.3
2215.2,-18.8,-20.2
2215.3,-18.8,-20.0
2215.4,-18.8,-19.9
2215.5,-18.9,-19.8
2215.6,-19.1,-19.7
2215.7,-19.2,-19.5
2215.8,-19.1,-19.4
2215.9,-18.5,-19.3
2216.0,-18.2,-19.2
2216.1,-18.0,-19.0
2216.2,-17.8,-18.9
2216.3,-18.1,-19.0
2216.4,-18.0,-19.0
2216.5,-18.1,-18.9
2216.6,-18.2,-18.9
2216.7,-18.3,-18.8
2216.8,-18.3,-18.7
2216.9,-18.5,-18.6
2217.0,-18.6,-18.5
2217.1,-18.8,-18.5
2217.2,-19.1,-18.5
2217.3,-19.2,-18.6
2217.4,-19.5,-18.7
2217.5,-19.8,-18.7
2217.6,-20.1,-18.7
2217.7,-20.2,-18.8
2217.8,-20.1,-18.8
2217.9,-19.9,-18.8
2218.0,-19.8,-18.9
2218.1,-19.6,-18.9
2218.2,-19.7,-18.9
2218.3,-19.5,-18.9
2218.4,-19.5,-19.0
2218.5,-19.4,-19.0
2218.6,-19.4,-19.0
2218.7,-19.6,-19.0
2218.8,-19.6,-19.0
2218.9,-19.7,-19.1
2219.0,-19.9,-19.2
2219.1,-20.0,-19.3
2219.2,-20.3,-19.4
2219.3,-20.5,-19.5
2219.4,-20.8,-19.6
2219.5,-21.0,-19.6
2219.6,-21.1,-19.7
2219.7,-20.6,-19.8
2219.8,-20.3,-19.8
2219.9,-19.9,-19.9
2220.0,-19.5,-19.9
2220.1,-19.6,-19.9
2220.2,-18.6,-19.8
2220.3,-18.1,-19.7
2220.4,-18.1,-19.6
2220.5,-16.1,-19.2
2220.6,-16.2,-19.0
2220.7,-16.6,-19.0
2220.8,-16.7,-19.1
2220.9,-19.3,-19.1
2221.0,-20.5,-19.1
2221.1,-20.7,-19.2
2221.2,-21.1,-19.2
2221.3,-21.6,-19.3
2221.4,-22.2,-19.4
2221.5,-22.5,-19.5
2221.6,-21.9,-19.5
2221.7,-21.1,-19.5
2221.8,-20.2,-19.5
2221.9,-19.7,-19.5
2222.0,-19.8,-19.5
2222.1,-19.7,-19.4
2222.2,-19.8,-19.4
2222.3,-19.9,-19.4
2222.4,-19.7,-19.3
2222.5,-19.8,-19.3
2222.6,-19.9,-19.3
2222.7,-19.9,-19.3
2222.8,-20.1,-19.3
2222.9,-20.4,-19.3
2223.0,-20.5,-19.4
2223.1,-20.8,-19.4
2223.2,-21.3,-19.6
2223.3,-21.5,-19.8
2223.4,-22.1,-19.9
2223.5,-21.6,-20.4
2223.6,-20.8,-20.6
2223.7,-20.4,-20.6
2223.8,-15.0,-19.3
2223.9,-14.2,-19.0
2224.0,-13.4,-18.6
2224.1,-12.9,-18.4
2224.2,-15.1,-18.3
2224.3,-16.2,-18.3
2224.4,-18.3,-18.3
2224.5,-19.2,-18.1
2224.6,-17.3,-17.9
2224.7,-15.4,-17.5
2224.8,-14.7,-17.4
2224.9,-14.1,-17.2
2225.0,-14.0,-16.9
2225.1,-14.7,-16.8
2225.2,-14.3,-16.6
2225.3,-14.7,-16.5
2225.4,-14.8,-16.3
2225.5,-14.8,-16.2
2225.6,-14.6,-16.0
2225.7,-14.4,-15.9
2225.8,-14.1,-15.7
2225.9,-13.1,-15.4
2226.0,-13.0,-15.2
2226.1,-13.0,-15.0
2226.2,-11.8,-14.6
2226.3,-11.3,-14.2
2226.4,-11.5,-14.1
2226.5,-11.7,-14.0
2226.6,-13.5,-14.0
2226.7,-16.3,-14.0
2226.8,-17.3,-14.3
2226.9,-18.2,-14.4
2227.0,-18.9,-14.5
2227.1,-19.8,-14.6
2227.2,-20.7,-14.7
2227.3,-21.6,-14.7
2227.4,-22.0,-14.7
2227.5,-21.8,-14.7
2227.6,-21.8,-14.9
2227.7,-22.1,-15.1
2227.8,-23.0,-15.2
2227.9,-23.6,-15.4
2228.0,-23.5,-15.5
2228.1,-23.2,-15.6
2228.2,-22.3,-15.8
2228.3,-22.0,-15.9
2228.4,-22.6,-16.1
2228.5,-23.5,-16.3
2228.6,-25.1,-16.6
2228.7,-26.2,-16.8
2228.8,-18.1,-16.7
2228.9,-17.0,-17.1
2229.0,-16.5,-17.4
2229.1,-16.5,-17.7
2229.2,-20.6,-18.7
2229.3,-23.8,-19.9
2229.4,-27.1,-20.4
2229.5,-28.9,-20.8
2229.6,-29.8,-21.1
2229.7,-29.8,-21.4
2229.8,-28.9,-21.7
2229.9,-21.8,-21.5
2230.0,-20.9,-21.5
2230.1,-20.0,-21.4
2230.2,-20.0,-21.5
2230.3,-23.2,-21.7
2230.4,-25.0,-21.8
2230.5,-28.8,-21.9
2230.6,-29.6,-22.0
2230.7,-29.9,-22.1
2230.8,-29.5,-22.1
2230.9,-29.4,-22.2
2231.0,-29.9,-22.3
2231.1,-29.9,-22.5
2231.2,-28.7,-22.6
2231.3,-24.9,-22.5
2231.4,-18.8,-21.6
2231.5,-17.3,-21.2
2231.6,-17.3,-21.2
2231.7,-17.7,-21.2
2231.8,-21.4,-22.4
2231.9,-26.7,-22.9
2232.0,-20.0,-22.2
2232.1,-17.5,-21.6
2232.2,-16.6,-21.2
2232.3,-15.9,-21.0
2232.4,-17.3,-20.8
2232.5,-19.5,-20.8
2232.6,-21.5,-20.8
2232.7,-24.7,-20.8
2232.8,-27.7,-20.8
2232.9,-27.9,-21.2
2233.0,-29.0,-21.3
2233.1,-29.5,-21.5
2233.2,-29.6,-21.5
2233.3,-29.3,-21.5
2233.4,-29.5,-21.5
2233.5,-21.7,-21.0
2233.6,-20.8,-20.9
2233.7,-20.4,-20.9
2233.8,-20.3,-20.9
2233.9,-24.4,-20.9
2234.0,-25.9,-20.8
2234.1,-25.9,-20.7
2234.2,-24.6,-20.7
2234.3,-23.5,-20.8
2234.4,-23.7,-21.5
2234.5,-25.0,-21.9
2234.6,-26.7,-22.0
2234.7,-29.6,-22.0
2234.8,-28.0,-22.0
2234.9,-27.0,-22.0
2235.0,-23.1,-22.5
2235.1,-18.8,-22.5
2235.2,-18.4,-22.8
2235.3,-18.1,-23.0
2235.4,-18.6,-23.1
2235.5,-22.1,-23.0
2235.6,-23.4,-23.0
2235.7,-25.5,-23.1
2235.8,-26.2,-23.0
2235.9,-26.1,-22.9
2236.0,-25.7,-22.9
2236.1,-22.9,-22.6
2236.2,-20.6,-22.2
2236.3,-21.1,-22.2
2236.4,-21.3,-22.2
2236.5,-22.2,-22.7
2236.6,-24.0,-22.6
2236.7,-22.3,-22.5
2236.8,-21.4,-22.4
2236.9,-21.5,-22.3
2237.0,-21.9,-22.2
2237.1,-22.8,-22.3
2237.2,-23.3,-22.3
2237.3,-22.9,-22.3
2237.4,-23.0,-22.2
2237.5,-21.8,-22.0
2237.6,-21.4,-21.8
2237.7,-21.0,-21.6
2237.8,-20.8,-21.6
2237.9,-21.4,-21.5
2238.0,-20.4,-21.4
2238.1,-19.6,-21.8
2238.2,-19.8,-21.9
2238.3,-20.1,-22.0
2238.4,-21.3,-22.0
2238.5,-23.5,-22.0
2238.6,-23.8,-22.0
2238.7,-23.6,-21.9
2238.8,-22.9,-21.7
2238.9,-22.6,-21.7
2239.0,-22.3,-21.7
2239.1,-21.2,-21.7
2239.2,-21.4,-21.9
2239.3,-21.6,-21.8
2239.4,-21.5,-21.7
2239.5,-22.5,-21.7
2239.6,-23.1,-21.8
2239.7,-23.1,-21.9
2239.8,-23.3,-21.9
2239.9,-23.5,-21.9
2240.0,-23.2,-21.9
2240.1,-23.0,-21.9
2240.2,-23.1,-21.9
2240.3,-23.0,-21.9
2240.4,-23.3,-22.0
2240.5,-23.6,-22.1
2240.6,-23.8,-22.2
2240.7,-23.1,-22.2
2240.8,-20.1,-21.8
2240.9,-19.5,-21.8
2241.0,-19.2,-21.9
2241.1,-19.5,-22.2
2241.2,-22.0,-22.2
2241.3,-23.1,-22.2
2241.4,-24.0,-22.3
2241.5,-24.3,-22.3
2241.6,-24.5,-22.3
2241.7,-24.4,-22.3
2241.8,-24.3,-22.4
2241.9,-24.3,-22.4
2242.0,-24.1,-22.5
2242.1,-24.1,-22.7
2242.2,-24.0,-22.7
2242.3,-23.1,-22.6
2242.4,-22.8,-22.7
2242.5,-18.0,-21.7
2242.6,-17.6,-21.5
2242.7,-17.8,-21.5
2242.8,-17.1,-21.3
2242.9,-19.9,-21.2
2243.0,-19.5,-21.0
2243.1,-17.0,-20.5
2243.2,-17.1,-20.3
2243.3,-16.9,-20.2
2243.4,-16.2,-19.8
2243.5,-16.7,-19.5
2243.6,-16.8,-19.4
2243.7,-17.1,-19.4
2243.8,-17.7,-19.4
2243.9,-17.8,-19.2
2244.0,-17.7,-19.1
2244.1,-17.6,-19.1
2244.2,-17.4,-18.9
2244.3,-18.2,-18.7
2244.4,-18.3,-18.7
2244.5,-18.0,-18.5
2244.6,-18.8,-18.5
2244.7,-19.1,-18.4
2244.8,-18.9,-18.3
2244.9,-19.7,-18.3
2245.0,-19.5,-18.2
2245.1,-19.8,-18.1
2245.2,-19.8,-18.0
2245.3,-19.3,-18.0
2245.4,-19.7,-18.0
2245.5,-18.6,-18.2
2245.6,-18.8,-18.2
2245.7,-19.0,-18.1
2245.8,-19.1,-18.3
2245.9,-21.1,-18.3
2246.0,-22.0,-18.4
2246.1,-22.9,-18.7
2246.2,-23.0,-18.9
2246.3,-21.0,-18.8
2246.4,-15.2,-18.1
2246.5,-14.8,-18.3
2246.6,-14.6,-18.3
2246.7,-14.8,-18.3
2246.8,-19.5,-18.4
2246.9,-20.4,-18.6
2247.0,-20.9,-18.6
2247.1,-21.2,-18.7
2247.2,-21.3,-18.8
2247.3,-21.4,-18.9
2247.4,-21.5,-19.0
2247.5,-21.9,-19.1
2247.6,-22.0,-19.1
2247.7,-21.9,-19.2
2247.8,-22.1,-19.3
2247.9,-22.0,-19.3
2248.0,-22.3,-19.4
2248.1,-22.4,-19.4
2248.2,-22.4,-19.5
2248.3,-22.3,-19.6
2248.4,-22.2,-19.6
2248.5,-21.4,-19.8
2248.6,-20.7,-19.8
2248.7,-20.0,-19.7
2248.8,-19.7,-19.7
2248.9,-20.1,-19.7
2249.0,-20.7,-19.7
2249.1,-21.2,-19.6
2249.2,-20.3,-19.5
2249.3,-19.6,-19.5
2249.4,-18.9,-20.7
2249.5,-17.5,-20.5
2249.6,-16.0,-20.0
2249.7,-16.2,-20.0
2249.8,-16.4,-20.0
2249.9,-17.0,-19.8
2250.0,-18.5,-19.6
2250.1,-18.0,-19.5
2250.2,-17.9,-19.5
2250.3,-18.1,-19.4
2250.4,-19.3,-19.4
2250.5,-19.9,-19.3
2250.6,-19.7,-19.3
2250.7,-20.0,-19.2
2250.8,-20.1,-19.2
2250.9,-20.4,-19.2
2251.0,-21.3,-19.2
2251.1,-21.7,-19.2
2251.2,-21.5,-19.2
2251.3,-21.1,-19.1
2251.4,-21.0,-19.1
2251.5,-21.0,-19.1
2251.6,-21.1,-19.2
2251.7,-21.5,-19.3
2251.8,-21.7,-19.3
2251.9,-21.7,-19.3
2252.0,-21.6,-19.3
2252.1,-21.5,-19.3
2252.2,-21.3,-19.4
2252.3,-21.1,-19.4
2252.4,-21.2,-19.5
2252.5,-21.3,-19.8
2252.6,-21.4,-20.4
2252.7,-21.6,-20.4
2252.8,-21.6,-20.5
2252.9,-21.6,-20.6
2253.0,-21.5,-20.9
2253.1,-21.4,-21.0
2253.2,-21.4,-21.1
2253.3,-20.9,-21.1
2253.4,-20.9,-21.1
2253.5,-20.6,-21.1
2253.6,-20.2,-21.2
2253.7,-19.9,-21.1
2253.8,-19.8,-21.1
2253.9,-19.6,-21.0
2254.0,-17.7,-20.5
2254.1,-17.8,-20.4
2254.2,-17.7,-20.4
2254.3,-17.9,-20.4
2254.4,-20.2,-20.4
2254.5,-20.5,-20.4
2254.6,-20.8,-20.4
2254.7,-20.7,-20.3
2254.8,-20.6,-20.3
2254.9,-20.7,-20.3
2255.0,-20.7,-20.3
2255.1,-20.8,-20.3
2255.2,-21.1,-20.3
2255.3,-21.0,-20.3
2255.4,-21.1,-20.2
2255.5,-21.0,-20.2
2255.6,-20.8,-20.2
2255.7,-20.8,-20.2
2255.8,-20.6,-20.1
2255.9,-20.5,-20.1
2256.0,-20.7,-20.1
2256.1,-20.6,-20.1
2256.2,-20.6,-20.1
2256.3,-20.5,-20.1
2256.4,-20.3,-20.0
2256.5,-19.3,-19.9
2256.6,-18.3,-19.8
2256.7,-18.3,-19.8
2256.8,-18.3,-19.8
2256.9,-19.1,-19.8
2257.0,-20.5,-20.2
2257.1,-20.6,-20.3
2257.2,-20.3,-20.2
2257.3,-20.0,-20.2
2257.4,-17.4,-19.7
2257.5,-17.1,-19.7
2257.6,-16.9,-19.6
2257.7,-16.6,-19.5
2257.8,-18.2,-19.4
2257.9,-18.4,-19.3
2258.0,-15.1,-18.5
2258.1,-13.2,-17.8
2258.2,-12.1,-17.3
2258.3,-11.7,-17.1
2258.4,-12.6,-16.9
2258.5,-14.4,-16.9
2258.6,-15.9,-16.8
2258.7,-17.2,-16.8
2258.8,-18.1,-16.7
2258.9,-18.1,-16.7
2259.0,-18.6,-16.7
2259.1,-18.8,-16.6
2259.2,-18.6,-16.6
2259.3,-18.7,-16.6
2259.4,-19.0,-16.6
2259.5,-19.1,-16.6
2259.6,-19.2,-16.7
2259.7,-18.9,-16.6
2259.8,-18.8,-16.6
2259.9,-18.9,-16.6
2260.0,-18.9,-16.6
2260.1,-19.1,-16.5
2260.2,-19.2,-16.5
2260.3,-19.1,-16.5
2260.4,-18.8,-16.7
2260.5,-18.7,-16.7
2260.6,-18.4,-16.7
2260.7,-18.3,-16.7
2260.8,-18.4,-16.7
2260.9,-18.4,-16.7
2261.0,-18.8,-17.2
2261.1,-19.0,-17.8
2261.2,-19.5,-18.3
2261.3,-19.8,-18.6
2261.4,-19.8,-18.8
2261.5,-19.6,-18.9
2261.6,-19.7,-19.0
2261.7,-19.6,-19.0
2261.8,-19.6,-19.0
2261.9,-19.7,-19.1
2262.0,-19.7,-19.1
2262.1,-17.9,-18.9
2262.2,-17.2,-18.8
2262.3,-16.8,-18.7
2262.4,-16.7,-18.7
2262.5,-17.9,-18.7
2262.6,-18.7,-18.7
2262.7,-19.4,-18.8
2262.8,-18.7,-18.7
2262.9,-17.1,-18.4
2263.0,-16.8,-18.4
2263.1,-16.6,-18.4
2263.2,-17.2,-18.4
2263.3,-18.8,-18.4
2263.4,-19.4,-18.4
2263.5,-19.4,-18.5
2263.6,-19.2,-18.5
2263.7,-18.8,-18.4
2263.8,-18.8,-18.5
2263.9,-18.9,-18.5
2264.0,-19.2,-18.5
2264.1,-19.7,-18.5
2264.2,-19.3,-18.5
2264.3,-19.2,-18.5
2264.4,-19.2,-18.5
2264.5,-19.0,-18.5
2264.6,-19.2,-18.4
2264.7,-19.3,-18.4
2264.8,-19.1,-18.4
2264.9,-19.3,-18.4
2265.0,-19.4,-18.4
2265.1,-19.1,-18.6
2265.2,-17.5,-18.5
2265.3,-15.8,-18.2
2265.4,-14.9,-18.0
2265.5,-14.9,-18.0
2265.6,-15.8,-18.0
2265.7,-17.5,-18.0
2265.8,-19.4,-18.1
2265.9,-19.9,-18.3
2266.0,-20.1,-18.4
2266.1,-20.2,-18.4
2266.2,-20.3,-18.5
2266.3,-20.4,-18.5
2266.4,-20.5,-18.5
2266.5,-20.6,-18.6
2266.6,-20.6,-18.6
2266.7,-20.8,-18.7
2266.8,-20.8,-18.7
2266.9,-20.8,-18.7
2267.0,-21.0,-18.8
2267.1,-21.1,-18.8
2267.2,-21.2,-18.9
2267.3,-21.3,-18.9
2267.4,-21.5,-19.0
2267.5,-21.5,-19.1
2267.6,-21.4,-19.1
2267.7,-21.2,-19.1
2267.8,-20.7,-19.2
2267.9,-20.5,-19.2
2268.0,-20.2,-19.2
2268.1,-20.2,-19.3
2268.2,-20.2,-19.6
2268.3,-20.1,-20.1
2268.4,-20.2,-20.5
2268.5,-20.1,-20.5
2268.6,-20.0,-20.6
2268.7,-19.8,-20.5
2268.8,-19.7,-20.5
2268.9,-19.6,-20.5
2269.0,-19.4,-20.4
2269.1,-19.4,-20.4
2269.2,-19.3,-20.3
2269.3,-19.1,-20.3
2269.4,-19.0,-20.2
2269.5,-18.8,-20.1
2269.6,-18.5,-20.0
2269.7,-18.4,-19.9
2269.8,-18.2,-19.8
2269.9,-18.0,-19.7
2270.0,-17.9,-19.6
2270.1,-17.8,-19.5
2270.2,-18.0,-19.4
2270.3,-18.3,-19.3
2270.4,-18.8,-19.3
2270.5,-19.3,-19.2
2270.6,-20.0,-19.2
2270.7,-20.6,-19.3
2270.8,-21.3,-19.3
2270.9,-22.3,-19.4
2271.0,-23.1,-19.4
2271.1,-23.6,-19.5
2271.2,-24.3,-19.6
2271.3,-24.6,-19.7
2271.4,-24.8,-19.8
2271.5,-24.8,-19.9
2271.6,-25.0,-20.0
2271.7,-25.2,-20.1
2271.8,-25.2,-20.2
2271.9,-24.9,-20.3
2272.0,-24.6,-20.5
2272.1,-24.2,-20.6
2272.2,-24.1,-20.7
2272.3,-24.3,-20.9
2272.4,-24.1,-21.1
2272.5,-23.8,-21.2
2272.6,-23.4,-21.5
2272.7,-23.4,-21.7
2272.8,-23.3,-21.9
2272.9,-23.5,-22.2
2273.0,-23.7,-22.5
2273.1,-23.6,-22.9
2273.2,-23.5,-23.1
2273.3,-23.0,-23.3
2273.4,-23.2,-23.5
2273.5,-23.1,-23.7
2273.6,-23.1,-23.8
2273.7,-23.5,-23.9
2273.8,-23.3,-23.9
2273.9,-22.9,-23.8
2274.0,-22.9,-23.8
2274.1,-22.7,-23.7
2274.2,-22.5,-23.6
2274.3,-23.0,-23.6
2274.4,-22.8,-23.5
2274.5,-23.0,-23.5
2274.6,-23.1,-23.4
2274.7,-23.0,-23.3
2274.8,-22.9,-23.3
2274.9,-22.6,-23.2
2275.0,-22.8,-23.2
2275.1,-21.9,-23.0
2275.2,-21.8,-22.9
2275.3,-21.7,-22.9
2275.4,-21.5,-22.8
2275.5,-22.5,-22.9
2275.6,-22.8,-22.9
2275.7,-23.1,-22.8
2275.8,-23.3,-22.8
2275.9,-23.0,-22.8
2276.0,-22.9,-22.8
2276.1,-23.1,-22.8
2276.2,-23.0,-22.8
2276.3,-22.9,-22.8
2276.4,-22.9,-22.7
2276.5,-22.6,-22.7
2276.6,-22.1,-22.6
2276.7,-22.0,-22.6
2276.8,-21.7,-22.5
2276.9,-21.8,-22.5
2277.0,-22.1,-22.5
2277.1,-22.3,-22.5
2277.2,-22.7,-22.5
2277.3,-22.5,-22.5
2277.4,-22.3,-22.5
2277.5,-21.9,-22.4
2277.6,-21.5,-22.3
2277.7,-21.8,-22.3
2277.8,-21.7,-22.3
2277.9,-22.0,-22.3
2278.0,-21.5,-22.1
2278.1,-21.0,-22.2
2278.2,-20.9,-22.2
2278.3,-20.8,-22.1
2278.4,-21.3,-22.1
2278.5,-21.4,-22.0
2278.6,-21.5,-22.0
2278.7,-21.4,-21.9
2278.8,-21.9,-21.9
2278.9,-22.1,-21.9
2279.0,-22.2,-21.9
2279.1,-22.8,-21.9
2279.2,-22.7,-21.9
2279.3,-22.6,-21.9
2279.4,-22.7,-21.9
2279.5,-22.2,-21.9
2279.6,-22.2,-21.9
2279.7,-22.6,-22.0
2279.8,-22.7,-22.0
2279.9,-23.0,-22.0
2280.0,-22.8,-22.0
2280.1,-22.5,-22.0
2280.2,-22.6,-22.0
2280.3,-22.8,-22.0
2280.4,-23.0,-22.1
2280.5,-23.7,-22.2
2280.6,-23.2,-22.2
2280.7,-23.2,-22.2
2280.8,-23.3,-22.3
2280.9,-23.4,-22.4
2281.0,-24.1,-22.5
2281.1,-24.5,-22.7
2281.2,-24.4,-22.7
2281.3,-23.7,-22.8
2281.4,-23.5,-22.8
2281.5,-23.4,-22.9
2281.6,-23.7,-23.1
2281.7,-24.2,-23.2
2281.8,-25.0,-23.2
2281.9,-24.8,-23.3
2282.0,-24.4,-23.3
2282.1,-23.7,-23.3
2282.2,-23.3,-23.3
2282.3,-23.6,-23.4
2282.4,-23.6,-23.5
2282.5,-24.5,-23.6
2282.6,-23.9,-23.6
2282.7,-23.7,-23.6
2282.8,-23.6,-23.6
2282.9,-23.6,-23.7
2283.0,-24.2,-23.8
2283.1,-24.4,-23.9
2283.2,-24.7,-23.9
2283.3,-24.1,-23.9
2283.4,-23.5,-23.9
2283.5,-22.9,-23.7
2283.6,-23.1,-23.9
2283.7,-23.1,-23.9
2283.8,-23.8,-23.9
2283.9,-24.8,-23.9
2284.0,-24.2,-23.9
2284.1,-24.1,-23.8
2284.2,-23.9,-23.9
2284.3,-23.9,-23.9
2284.4,-24.3,-24.0
2284.5,-25.4,-24.1
2284.6,-24.8,-24.0
2284.7,-24.3,-24.0
2284.8,-23.9,-23.9
2284.9,-23.4,-23.9
2285.0,-23.3,-23.8
2285.1,-23.5,-23.9
2285.2,-24.1,-24.0
2285.3,-23.5,-23.9
2285.4,-23.7,-23.9
2285.5,-23.5,-23.8
2285.6,-23.6,-23.9
2285.7,-24.4,-24.0
2285.8,-24.6,-24.0
2285.9,-25.4,-24.0
2286.0,-25.0,-24.0
2286.1,-24.5,-24.0
2286.2,-24.2,-23.9
2286.3,-24.4,-24.0
2286.4,-24.5,-24.1
2286.5,-25.5,-24.3
2286.6,-26.2,-24.3
2286.7,-25.0,-24.3
2286.8,-24.2,-24.2
2286.9,-23.8,-24.2
2287.0,-23.8,-24.3
2287.1,-23.8,-24.3
2287.2,-25.0,-24.3
2287.3,-24.7,-24.3
2287.4,-24.1,-24.2
2287.5,-24.0,-24.1
2287.6,-23.4,-24.1
2287.7,-23.6,-24.2
2287.8,-24.2,-24.3
2287.9,-24.9,-24.3
2288.0,-25.0,-24.4
2288.1,-24.5,-24.3
2288.2,-23.8,-24.2
2288.3,-23.6,-24.3
2288.4,-22.4,-24.1
2288.5,-22.4,-24.1
2288.6,-22.8,-24.1
2288.7,-22.5,-24.0
2288.8,-24.0,-24.1
2288.9,-24.4,-24.0
2289.0,-24.7,-24.1
2289.1,-25.0,-24.1
2289.2,-25.4,-24.2
2289.3,-25.3,-24.1
2289.4,-24.4,-24.1
2289.5,-24.2,-24.0
2289.6,-23.8,-23.9
2289.7,-23.7,-24.0
2289.8,-23.7,-24.0
2289.9,-24.2,-24.0
2290.0,-23.7,-23.9
2290.1,-23.7,-23.9
2290.2,-23.3,-23.8
2290.3,-23.1,-23.8
2290.4,-23.4,-23.8
2290.5,-23.4,-23.9
2290.6,-24.2,-23.9
2290.7,-23.2,-23.7
2290.8,-22.8,-23.6
2290.9,-22.7,-23.6
2291.0,-21.9,-23.5
2291.1,-22.8,-23.5
2291.2,-23.1,-23.5
2291.3,-22.7,-23.4
2291.4,-22.8,-23.5
2291.5,-22.4,-23.5
2291.6,-22.2,-23.4
2291.7,-22.5,-23.4
2291.8,-23.0,-23.4
2291.9,-23.0,-23.3
2292.0,-22.4,-23.1
2292.1,-22.0,-23.0
2292.2,-21.6,-22.9
2292.3,-21.7,-22.9
2292.4,-22.4,-22.9
2292.5,-23.0,-22.9
2292.6,-23.7,-22.9
2292.7,-23.7,-22.9
2292.8,-23.6,-22.9
2292.9,-23.7,-22.8
2293.0,-23.9,-22.9
2293.1,-24.1,-22.9
2293.2,-24.3,-23.0
2293.3,-24.2,-23.0
2293.4,-23.9,-23.0
2293.5,-23.9,-23.0
2293.6,-24.1,-23.0
2293.7,-24.3,-23.1
2293.8,-25.1,-23.2
2293.9,-25.5,-23.3
2294.0,-25.3,-23.4
2294.1,-25.6,-23.4
2294.2,-25.8,-23.5
2294.3,-26.0,-23.6
2294.4,-26.8,-23.8
2294.5,-27.3,-23.9
2294.6,-26.4,-24.0
2294.7,-25.5,-24.0
2294.8,-25.1,-24.1
2294.9,-24.5,-24.2
2295.0,-24.6,-24.4
2295.1,-25.4,-24.6
2295.2,-25.7,-24.8
2295.3,-25.2,-24.8
2295.4,-25.1,-24.8
2295.5,-25.0,-24.9
2295.6,-25.1,-25.0
2295.7,-25.9,-25.1
2295.8,-26.6,-25.2
2295.9,-25.8,-25.2
2296.0,-25.6,-25.2
2296.1,-25.7,-25.3
2296.2,-25.6,-25.4
2296.3,-26.7,-25.5
2296.4,-27.4,-25.7
2296.5,-27.5,-25.8
2296.6,-27.2,-25.8
2296.7,-26.9,-25.9
2296.8,-26.7,-25.9
2296.9,-26.7,-25.9
2297.0,-27.5,-26.1
2297.1,-28.1,-26.1
2297.2,-27.3,-26.1
2297.3,-26.9,-26.0
2297.4,-26.6,-26.1
2297.5,-26.2,-26.0
2297.6,-26.7,-26.1
2297.7,-26.3,-26.2
2297.8,-25.6,-26.1
2297.9,-25.3,-26.2
2298.0,-25.4,-26.2
2298.1,-25.8,-26.2
2298.2,-26.4,-26.2
2298.3,-26.6,-26.4
2298.4,-26.0,-26.4
2298.5,-25.6,-26.3
2298.6,-25.4,-26.3
2298.7,-25.3,-26.3
2298.8,-25.9,-26.3
2298.9,-25.8,-26.3
2299.0,-25.6,-26.3
2299.1,-25.2,-26.2
2299.2,-24.8,-26.1
2299.3,-25.1,-26.1
2299.4,-24.7,-25.9
2299.5,-24.3,-25.8
2299.6,-24.1,-25.7
2299.7,-24.0,-25.7
2299.8,-24.4,-25.6
2299.9,-25.1,-25.6
2300.0,-24.8,-25.4
2300.1,-24.7,-25.3
2300.2,-24.7,-25.3
2300.3,-24.0,-25.2
2300.4,-23.9,-25.0
2300.5,-22.8,-24.7
2300.6,-22.0,-24.5
2300.7,-22.3,-24.6
2300.8,-22.8,-24.6
2300.9,-23.7,-24.5
2301.0,-24.9,-24.5
2301.1,-24.4,-24.4
2301.2,-23.9,-24.3
2301.3,-23.7,-24.2
2301.4,-23.3,-24.2
2301.5,-16.9,-22.2
2301.6,-14.3,-20.8
2301.7,-12.8,-19.8
2301.8,-12.3,-19.5
2301.9,-13.6,-19.4
2302.0,-15.5,-19.4
2302.1,-19.1,-19.3
2302.2,-21.9,-19.3
2302.3,-22.5,-19.3
2302.4,-24.0,-19.3
2302.5,-25.7,-19.4
2302.6,-28.1,-19.4
2302.7,-31.0,-19.4
2302.8,-31.8,-19.5
2302.9,-32.2,-19.5
2303.0,-30.3,-19.5
2303.1,-22.7,-19.3
2303.2,-21.6,-19.3
2303.3,-21.4,-19.3
2303.4,-21.3,-19.4
2303.5,-24.5,-19.4
2303.6,-26.3,-19.5
2303.7,-25.6,-19.5
2303.8,-23.3,-19.4
2303.9,-21.9,-19.3
2304.0,-21.6,-19.3
2304.1,-21.4,-19.3
2304.2,-22.2,-19.3
2304.3,-22.8,-19.3
2304.4,-21.7,-19.2
2304.5,-20.6,-19.9
2304.6,-18.9,-20.7
2304.7,-18.6,-21.8
2304.8,-18.5,-22.2
2304.9,-18.5,-22.0
2305.0,-19.3,-21.9
2305.1,-19.0,-21.7
2305.2,-18.6,-21.5
2305.3,-17.8,-21.1
2305.4,-17.5,-20.8
2305.5,-17.6,-20.6
2305.6,-17.8,-20.4
2305.7,-18.5,-20.2
2305.8,-18.9,-20.0
2305.9,-18.6,-19.8
2306.0,-18.2,-19.6
2306.1,-17.1,-19.4
2306.2,-16.9,-19.3
2306.3,-17.2,-19.2
2306.4,-17.7,-19.1
2306.5,-19.3,-19.0
2306.6,-19.9,-18.9
2306.7,-19.6,-18.8
2306.8,-18.5,-18.7
2306.9,-17.8,-18.6
2307.0,-17.8,-18.5
2307.1,-18.0,-18.5
2307.2,-18.6,-18.4
2307.3,-19.5,-18.3
2307.4,-18.9,-18.3
2307.5,-17.9,-18.2
2307.6,-17.1,-18.1
2307.7,-16.9,-18.1
2307.8,-17.1,-18.1
2307.9,-17.5,-18.0
2308.0,-18.6,-18.1
2308.1,-19.0,-18.1
2308.2,-18.7,-18.1
2308.3,-18.4,-18.1
2308.4,-17.1,-18.0
2308.5,-17.1,-18.0
2308.6,-17.5,-18.0
2308.7,-18.3,-18.1
2308.8,-20.0,-18.1
2308.9,-20.0,-18.2
2309.0,-19.9,-18.2
2309.1,-19.1,-18.4
2309.2,-19.2,-18.4
2309.3,-19.4,-18.5
2309.4,-19.6,-18.5
2309.5,-20.5,-18.5
2309.6,-20.5,-18.5
2309.7,-20.4,-18.5
2309.8,-19.8,-18.6
2309.9,-19.2,-18.7
2310.0,-19.4,-18.7
2310.1,-19.5,-18.7
2310.2,-19.9,-18.8
2310.3,-20.0,-18.7
2310.4,-19.6,-18.8
2310.5,-19.5,-18.9
2310.6,-19.0,-19.1
2310.7,-19.3,-19.1
2310.8,-19.6,-19.2
2310.9,-19.6,-19.3
2311.0,-20.3,-19.3
2311.1,-20.2,-19.3
2311.2,-19.9,-19.3
2311.3,-19.2,-19.4
2311.4,-18.7,-19.6
2311.5,-18.9,-19.6
2311.6,-19.2,-19.6
2311.7,-19.8,-19.6
2311.8,-20.3,-19.6
2311.9,-20.4,-19.7
2312.0,-20.0,-19.6
2312.1,-19.6,-19.7
2312.2,-19.6,-19.7
2312.3,-18.9,-19.6
2312.4,-19.2,-19.6
2312.5,-20.0,-19.6
2312.6,-20.3,-19.7
2312.7,-21.4,-19.7
2312.8,-21.0,-19.7
2312.9,-20.7,-19.8
2313.0,-20.3,-19.8
2313.1,-20.1,-19.8
2313.2,-20.8,-19.8
2313.3,-21.0,-19.9
2313.4,-22.0,-20.0
2313.5,-22.5,-20.1
2313.6,-22.1,-20.2
2313.7,-22.1,-20.3
2313.8,-21.3,-20.2
2313.9,-21.5,-20.3
2314.0,-22.3,-20.4
2314.1,-22.7,-20.5
2314.2,-23.9,-20.6
2314.3,-23.7,-20.8
2314.4,-23.2,-21.0
2314.5,-22.6,-21.0
2314.6,-22.7,-21.1
2314.7,-23.2,-21.3
2314.8,-23.8,-21.4
2314.9,-25.0,-21.5
2315.0,-25.4,-21.7
2315.1,-24.6,-21.9
2315.2,-24.5,-22.0
2315.3,-23.9,-22.3
2315.4,-24.1,-22.4
2315.5,-24.4,-22.5
2315.6,-24.6,-22.6
2315.7,-25.2,-22.7
2315.8,-24.6,-22.9
2315.9,-25.0,-23.1
2316.0,-25.3,-23.4
2316.1,-24.2,-23.4
2316.2,-24.1,-23.5
2316.3,-22.3,-23.3
2316.4,-20.5,-23.0
2316.5,-21.0,-23.1
2316.6,-21.3,-23.3
2316.7,-22.0,-23.3
2316.8,-24.1,-23.5
2316.9,-23.8,-23.5
2317.0,-24.2,-23.6
2317.1,-24.3,-23.5
2317.2,-23.4,-23.4
2317.3,-21.2,-23.1
2317.4,-19.1,-22.7
2317.5,-18.1,-22.4
2317.6,-17.7,-22.2
2317.7,-17.8,-21.9
2317.8,-18.9,-21.8
2317.9,-20.2,-21.8
2318.0,-21.0,-21.7
2318.1,-22.0,-21.6
2318.2,-21.2,-21.5
2318.3,-20.9,-21.5
2318.4,-21.8,-21.5
2318.5,-23.1,-21.5
2318.6,-25.7,-21.6
2318.7,-28.3,-21.6
2318.8,-27.4,-21.6
2318.9,-26.9,-21.6
2319.0,-26.4,-21.6
2319.1,-26.2,-21.7
2319.2,-26.7,-21.8
2319.3,-26.7,-21.9
2319.4,-25.9,-22.2
2319.5,-24.1,-22.1
2319.6,-21.9,-21.8
2319.7,-20.8,-21.8
2319.8,-20.3,-21.7
2319.9,-19.9,-21.5
2320.0,-20.2,-21.4
2320.1,-20.0,-21.3
2320.2,-19.6,-21.2
2320.3,-19.2,-21.2
2320.4,-18.6,-21.2
2320.5,-17.7,-21.1
2320.6,-17.2,-21.0
2320.7,-17.1,-21.0
2320.8,-17.0,-20.7
2320.9,-17.3,-20.5
2321.0,-16.7,-20.1
2321.1,-16.0,-19.8
2321.2,-15.6,-19.5
2321.3,-15.3,-19.3
2321.4,-15.6,-19.0
2321.5,-15.9,-18.8
2321.6,-16.4,-18.6
2321.7,-16.9,-18.4
2321.8,-17.6,-18.4
2321.9,-18.9,-18.3
2322.0,-19.8,-18.3
2322.1,-21.0,-18.2
2322.2,-21.7,-18.2
2322.3,-22.1,-18.2
2322.4,-21.5,-18.1
2322.5,-20.3,-18.0
2322.6,-19.4,-18.0
2322.7,-19.0,-18.0
2322.8,-19.2,-18.0
2322.9,-19.1,-17.9
2323.0,-19.7,-18.0
2323.1,-20.3,-18.0
2323.2,-20.3,-18.0
2323.3,-21.2,-18.1
2323.4,-20.7,-18.2
2323.5,-20.4,-18.3
2323.6,-20.9,-18.5
2323.7,-21.0,-18.6
2323.8,-21.3,-18.7
2323.9,-20.4,-18.7
2324.0,-19.2,-18.9
2324.1,-18.0,-19.0
2324.2,-17.0,-19.0
2324.3,-17.1,-19.2
2324.4,-17.3,-19.3
2324.5,-17.7,-19.4
2324.6,-18.1,-19.4
2324.7,-17.0,-19.2
2324.8,-16.1,-18.9
2324.9,-15.5,-18.7
2325.0,-14.9,-18.4
2325.1,-15.2,-18.2
2325.2,-15.4,-18.0
2325.3,-15.8,-17.9
2325.4,-15.4,-17.6
2325.5,-14.8,-17.4
2325.6,-14.4,-17.2
2325.7,-14.1,-17.1
2325.8,-14.8,-17.0
2325.9,-14.9,-16.8
2326.0,-15.0,-16.6
2326.1,-14.5,-16.4
2326.2,-14.0,-16.2
2326.3,-13.8,-16.0
2326.4,-13.7,-15.8
2326.5,-14.2,-15.7
2326.6,-14.4,-15.5
2326.7,-15.1,-15.5
2326.8,-15.2,-15.3
2326.9,-15.2,-15.3
2327.0,-14.5,-15.1
2327.1,-14.6,-15.1
2327.2,-14.9,-15.1
2327.3,-15.1,-15.0
2327.4,-16.7,-15.0
2327.5,-16.4,-15.0
2327.6,-16.5,-15.0
2327.7,-16.0,-14.9
2327.8,-15.7,-15.0
2327.9,-16.3,-15.1
2328.0,-16.3,-15.1
2328.1,-17.0,-15.1
2328.2,-16.5,-15.1
2328.3,-16.0,-15.1
2328.4,-15.4,-15.1
2328.5,-15.5,-15.2
2328.6,-16.0,-15.3
2328.7,-16.2,-15.4
2328.8,-17.2,-15.4
2328.9,-16.6,-15.4
2329.0,-16.1,-15.5
2329.1,-16.0,-15.6
2329.2,-16.0,-15.7
2329.3,-16.8,-15.9
2329.4,-17.3,-16.0
2329.5,-17.6,-16.0
2329.6,-16.6,-16.0
2329.7,-15.5,-15.9
2329.8,-15.4,-16.0
2329.9,-15.5,-16.1
2330.0,-16.0,-16.3
2330.1,-16.9,-16.3
2330.2,-16.3,-16.2
2330.3,-15.5,-16.1
2330.4,-14.8,-16.0
2330.5,-14.7,-16.0
2330.6,-15.1,-16.0
2330.7,-15.6,-16.1
2330.8,-16.5,-16.1
2330.9,-16.5,-16.0
2331.0,-16.0,-16.0
2331.1,-15.9,-16.0
2331.2,-16.2,-16.1
2331.3,-17.1,-16.2
2331.4,-17.7,-16.3
2331.5,-18.0,-16.3
2331.6,-17.2,-16.2
2331.7,-16.4,-16.2
2331.8,-16.4,-16.2
2331.9,-16.7,-16.3
2332.0,-17.2,-16.3
2332.1,-17.9,-16.4
2332.2,-17.4,-16.3
2332.3,-17.1,-16.3
2332.4,-16.7,-16.3
2332.5,-16.8,-16.3
2332.6,-17.4,-16.4
2332.7,-17.5,-16.6
2332.8,-17.5,-16.6
2332.9,-17.1,-16.5
2333.0,-16.6,-16.5
2333.1,-16.7,-16.5
2333.2,-17.3,-16.7
2333.3,-17.5,-16.8
2333.4,-18.1,-17.0
2333.5,-18.0,-17.0
2333.6,-17.6,-17.0
2333.7,-17.5,-17.1
2333.8,-18.0,-17.2
2333.9,-18.8,-17.3
2334.0,-20.0,-17.5
2334.1,-20.2,-17.6
2334.2,-19.6,-17.6
2334.3,-19.3,-17.6
2334.4,-19.1,-17.7
2334.5,-19.6,-17.8
2334.6,-20.3,-17.9
2334.7,-19.9,-18.0
2334.8,-19.4,-18.1
2334.9,-19.0,-18.1
2335.0,-19.3,-18.2
2335.1,-20.4,-18.3
2335.2,-21.6,-18.5
2335.3,-22.5,-18.6
2335.4,-22.1,-18.8
2335.5,-21.7,-18.9
2335.6,-21.9,-19.0
2335.7,-22.9,-19.2
2335.8,-24.0,-19.5
2335.9,-25.8,-19.7
2336.0,-26.9,-20.0
2336.1,-27.7,-20.3
2336.2,-28.1,-20.5
2336.3,-28.4,-20.7
2336.4,-28.4,-20.9
2336.5,-28.3,-21.3
2336.6,-28.4,-21.6
2336.7,-28.9,-22.0
2336.8,-29.3,-22.1
2336.9,-29.7,-22.3
2337.0,-30.5,-22.5
2337.1,-30.9,-22.9
2337.2,-31.0,-23.2
2337.3,-29.3,-23.5
2337.4,-28.7,-23.8
2337.5,-27.8,-24.1
2337.6,-27.9,-24.3
2337.7,-29.4,-24.9
2337.8,-29.2,-25.5
2337.9,-30.4,-26.2
2338.0,-30.5,-26.5
2338.1,-30.3,-26.7
2338.2,-30.1,-27.0
2338.3,-30.3,-27.5
2338.4,-30.2,-28.1
2338.5,-30.2,-28.7
2338.6,-32.4,-29.1
2338.7,-33.4,-29.4
2338.8,-35.7,-29.7
2338.9,-39.6,-30.0
2339.0,-41.0,-30.2
2339.1,-41.6,-30.4
2339.2,-41.8,-30.6
2339.3,-40.9,-30.8
2339.4,-38.9,-31.0
2339.5,-38.1,-31.3
2339.6,-33.4,-31.3
2339.7,-31.3,-31.2
2339.8,-30.2,-31.2
2339.9,-29.7,-31.3
2340.0,-30.9,-31.4
2340.1,-32.2,-31.4
2340.2,-33.0,-31.5
2340.3,-34.7,-32.0
2340.4,-35.1,-32.3
2340.5,-36.9,-32.8
2340.6,-43.8,-33.0
2340.7,-44.4,-33.1
2340.8,-44.5,-33.6
2340.9,-44.9,-33.9
2341.0,-45.3,-34.1
2341.1,-45.7,-34.4
2341.2,-45.9,-35.1
2341.3,-45.8,-35.4
2341.4,-45.4,-35.8
2341.5,-45.5,-36.2
2341.6,-45.6,-36.3
2341.7,-45.7,-36.3
2341.8,-45.9,-36.3
2341.9,-45.9,-36.4
2342.0,-45.8,-36.4
2342.1,-45.3,-36.4
2342.2,-45.2,-36.4
2342.3,-45.1,-36.5
2342.4,-45.2,-36.7
2342.5,-45.5,-36.7
2342.6,-45.5,-37.7
2342.7,-45.3,-38.9
2342.8,-45.3,-40.3
2342.9,-45.2,-41.5
2343.0,-45.5,-41.8
2343.1,-45.3,-42.8
2343.2,-45.1,-45.2
2343.3,-45.2,-45.3
2343.4,-44.8,-45.3
2343.5,-44.9,-45.3
2343.6,-45.1,-45.4
2343.7,-45.0,-45.4
2343.8,-45.1,-45.4
2343.9,-44.5,-45.3
2344.0,-44.5,-45.2
2344.1,-42.0,-44.7
2344.2,-39.6,-44.0
2344.3,-34.8,-41.5
2344.4,-33.5,-40.7
2344.5,-33.7,-40.6
2344.6,-33.4,-40.1
2344.7,-36.3,-40.1
2344.8,-36.1,-39.4
2344.9,-33.7,-38.5
2345.0,-33.9,-38.3
2345.1,-33.3,-38.1
2345.2,-33.5,-37.7
2345.3,-35.4,-37.6
2345.4,-35.6,-37.4
2345.5,-35.9,-37.3
2345.6,-36.8,-37.1
2345.7,-37.4,-37.1
2345.8,-38.4,-37.1
2345.9,-40.3,-37.1
2346.0,-44.3,-37.1
2346.1,-45.4,-37.1
2346.2,-46.7,-37.1
2346.3,-46.4,-37.1
2346.4,-44.8,-37.1
2346.5,-43.4,-37.1
2346.6,-39.8,-36.9
2346.7,-37.6,-36.7
2346.8,-37.6,-36.7
2346.9,-37.7,-36.7
2347.0,-39.2,-36.7
2347.1,-42.6,-36.7
2347.2,-43.2,-36.9
2347.3,-44.6,-37.6
2347.4,-45.5,-38.0
2347.5,-47.3,-38.0
2347.6,-47.5,-38.3
2347.7,-47.3,-38.4
2347.8,-47.6,-38.9
2347.9,-46.4,-39.8
2348.0,-45.6,-40.1
2348.1,-43.7,-40.5
2348.2,-41.6,-41.0
2348.3,-40.6,-41.1
2348.4,-39.6,-41.2
2348.5,-35.2,-40.2
2348.6,-33.9,-39.8
2348.7,-32.6,-39.0
2348.8,-31.3,-38.1
2348.9,-32.0,-37.7
2349.0,-32.1,-37.4
2349.1,-33.3,-37.4
2349.2,-35.8,-37.3
2349.3,-37.5,-37.2
2349.4,-40.6,-37.2
2349.5,-41.3,-37.3
2349.6,-43.0,-37.5
2349.7,-44.3,-37.7
2349.8,-42.7,-37.6
2349.9,-41.4,-37.6
2350.0,-41.0,-37.6
2350.1,-39.8,-37.5
2350.2,-39.6,-37.4
2350.3,-39.4,-37.3
2350.4,-35.2,-36.8
2350.5,-34.1,-36.5
2350.6,-33.7,-36.3
2350.7,-33.5,-36.2
2350.8,-34.3,-35.9
2350.9,-34.8,-35.7
2351.0,-34.9,-35.6
2351.1,-35.3,-35.6
2351.2,-36.2,-35.5
2351.3,-35.9,-35.4
2351.4,-37.1,-35.4
2351.5,-37.6,-35.8
2351.6,-39.3,-36.1
2351.7,-45.7,-36.6
2351.8,-46.6,-37.2
2351.9,-47.3,-37.5
2352.0,-47.4,-37.9
2352.1,-47.1,-37.9
2352.2,-46.9,-38.0
2352.3,-46.2,-38.0
2352.4,-46.0,-38.1
2352.5,-46.2,-38.1
2352.6,-46.4,-38.1
2352.7,-46.8,-38.1
2352.8,-47.2,-38.2
2352.9,-47.2,-38.3
2353.0,-47.0,-38.3
2353.1,-47.0,-38.4
2353.2,-47.2,-38.6
2353.3,-47.4,-38.7
2353.4,-47.4,-39.6
2353.5,-47.4,-40.3
2353.6,-46.9,-40.7
2353.7,-46.8,-41.1
2353.8,-47.0,-42.0
2353.9,-47.2,-42.8
2354.0,-47.4,-43.6
2354.1,-47.5,-43.9
2354.2,-47.3,-44.8
2354.3,-47.2,-46.8
2354.4,-47.0,-46.9
2354.5,-47.0,-47.0
2354.6,-47.0,-47.0
2354.7,-47.0,-47.0
2354.8,-47.2,-47.0
2354.9,-47.4,-47.0
2355.0,-47.7,-47.0
2355.1,-47.6,-47.1
2355.2,-47.5,-47.1
2355.3,-46.9,-47.1
2355.4,-47.0,-47.2
2355.5,-47.1,-47.2
2355.6,-47.2,-47.2
2355.7,-47.6,-47.2
2355.8,-47.8,-47.3
2355.9,-47.4,-47.2
2356.0,-47.2,-47.2
2356.1,-47.0,-47.2
2356.2,-46.6,-47.2
2356.3,-46.8,-47.2
2356.4,-46.9,-47.2
2356.5,-47.2,-47.2
2356.6,-47.1,-47.2
2356.7,-47.0,-47.2
2356.8,-46.7,-47.1
2356.9,-46.3,-47.1
2357.0,-46.6,-47.1
2357.1,-46.5,-47.0
2357.2,-46.8,-47.1
2357.3,-47.0,-47.0
2357.4,-46.6,-47.0
2357.5,-46.4,-47.0
2357.6,-46.7,-47.0
2357.7,-46.6,-47.0
2357.8,-46.8,-47.0
2357.9,-47.0,-46.9
2358.0,-46.7,-46.9
2358.1,-46.5,-46.9
2358.2,-46.6,-46.9
2358.3,-46.8,-46.9
2358.4,-46.3,-46.8
2358.5,-46.7,-46.8
2358.6,-46.5,-46.8
2358.7,-45.8,-46.6
2358.8,-46.1,-46.6
2358.9,-45.7,-46.6
2359.0,-45.8,-46.6
2359.1,-46.1,-46.5
2359.2,-46.0,-46.5
2359.3,-46.1,-46.5
2359.4,-45.8,-46.4
2359.5,-45.9,-46.4
2359.6,-45.6,-46.3
2359.7,-45.3,-46.2
2359.8,-45.3,-46.2
2359.9,-45.1,-46.2
2360.0,-45.2,-46.1
2360.1,-45.5,-46.1
2360.2,-45.3,-46.0
2360.3,-45.9,-46.0
2360.4,-46.0,-46.0
2360.5,-45.6,-46.0
2360.6,-45.4,-45.9
2360.7,-44.9,-45.8
2360.8,-44.6,-45.7
2360.9,-44.5,-45.6
2361.0,-44.3,-45.5
2361.1,-44.1,-45.4
2361.2,-43.9,-45.3
2361.3,-43.8,-45.2
2361.4,-43.8,-45.2
2361.5,-44.0,-45.1
2361.6,-44.0,-45.0
2361.7,-44.1,-45.0
2361.8,-44.5,-45.0
2361.9,-44.7,-44.9
2362.0,-44.8,-44.9
2362.1,-45.3,-44.9
2362.2,-44.8,-44.8
2362.3,-44.7,-44.8
2362.4,-44.4,-44.7
2362.5,-44.3,-44.7
2362.6,-44.4,-44.7
2362.7,-44.2,-44.6
2362.8,-44.5,-44.6
2362.9,-43.9,-44.5
2363.0,-43.6,-44.4
2363.1,-43.3,-44.3
2363.2,-42.7,-44.2
2363.3,-42.5,-44.1
2363.4,-42.8,-44.0
2363.5,-42.8,-44.0
2363.6,-40.4,-43.3
2363.7,-40.3,-43.2
2363.8,-40.0,-43.1
2363.9,-39.9,-43.1
2364.0,-42.4,-43.1
2364.1,-42.7,-43.1
2364.2,-43.2,-43.1
2364.3,-43.6,-43.1
2364.4,-43.8,-43.1
2364.5,-44.0,-43.1
2364.6,-44.0,-43.1
2364.7,-43.9,-43.1
2364.8,-44.1,-43.0
2364.9,-44.4,-43.0
2365.0,-44.8,-43.1
2365.1,-45.1,-43.0
2365.2,-45.3,-43.1
2365.3,-44.9,-43.1
2365.4,-44.8,-43.1
2365.5,-44.5,-43.1
2365.6,-44.3,-43.1
2365.7,-44.4,-43.1
2365.8,-44.2,-43.1
2365.9,-44.2,-43.1
2366.0,-44.4,-43.2
2366.1,-44.5,-43.2
2366.2,-44.9,-43.3
2366.3,-45.2,-43.4
2366.4,-45.0,-43.4
2366.5,-44.9,-43.5
2366.6,-44.8,-44.1
2366.7,-44.7,-44.2
2366.8,-44.5,-44.3
2366.9,-44.4,-44.4
2367.0,-44.6,-44.5
2367.1,-44.9,-44.6
2367.2,-45.3,-44.6
2367.3,-45.4,-44.6
2367.4,-45.3,-44.7
2367.5,-45.0,-44.7
2367.6,-44.9,-44.7
2367.7,-44.8,-44.8
2367.8,-44.3,-44.7
2367.9,-43.9,-44.6
2368.0,-43.4,-44.5
2368.1,-42.9,-44.4
2368.2,-42.5,-44.3
2368.3,-41.8,-44.1
2368.4,-41.2,-43.9
2368.5,-40.8,-43.7
2368.6,-40.8,-43.6
2368.7,-41.3,-43.6
2368.8,-42.3,-43.6
2368.9,-43.2,-43.6
2369.0,-43.9,-43.6
2369.1,-44.4,-43.6
2369.2,-44.8,-43.6
2369.3,-45.1,-43.6
2369.4,-45.7,-43.6
2369.5,-45.7,-43.7
2369.6,-46.1,-43.7
2369.7,-46.5,-43.7
2369.8,-46.5,-43.8
2369.9,-46.8,-43.9
2370.0,-46.7,-43.9
2370.1,-46.7,-43.9
2370.2,-46.5,-43.9
2370.3,-46.6,-44.0
2370.4,-47.0,-44.0
2370.5,-47.2,-44.1
2370.6,-47.4,-44.1
2370.7,-47.2,-44.2
2370.8,-47.1,-44.3
2370.9,-47.0,-44.4
2371.0,-47.2,-44.5
2371.1,-47.4,-44.7
2371.2,-47.4,-44.9
2371.3,-47.2,-45.2
2371.4,-47.1,-45.6
2371.5,-47.3,-46.0
2371.6,-46.9,-46.2
2371.7,-47.4,-46.4
2371.8,-47.5,-46.6
2371.9,-47.4,-46.7
2372.0,-48.0,-46.9
2372.1,-47.9,-46.9
2372.2,-47.5,-47.0
2372.3,-47.5,-47.1
2372.4,-47.2,-47.1
2372.5,-47.0,-47.1
2372.6,-47.2,-47.2
2372.7,-47.3,-47.2
2372.8,-47.7,-47.3
2372.9,-48.3,-47.3
2373.0,-48.4,-47.4
2373.1,-48.2,-47.4
2373.2,-47.9,-47.4
2373.3,-47.6,-47.5
2373.4,-47.5,-47.4
2373.5,-47.2,-47.4
2373.6,-47.0,-47.4
2373.7,-46.8,-47.4
2373.8,-46.7,-47.4
2373.9,-46.5,-47.3
2374.0,-45.0,-47.0
2374.1,-39.1,-44.9
2374.2,-37.1,-43.8
2374.3,-35.2,-42.5
2374.4,-34.5,-41.9
2374.5,-34.3,-41.0
2374.6,-30.8,-38.2
2374.7,-30.3,-37.5
2374.8,-30.3,-37.3
2374.9,-30.5,-37.1
2375.0,-33.6,-36.8
2375.1,-35.5,-36.7
2375.2,-35.4,-36.5
2375.3,-35.9,-36.4
2375.4,-36.7,-36.3
2375.5,-37.3,-36.3
2375.6,-38.7,-36.2
2375.7,-37.3,-36.0
2375.8,-38.0,-36.0
2375.9,-36.2,-35.8
2376.0,-36.2,-35.7
2376.1,-37.7,-35.7
2376.2,-37.8,-35.7
2376.3,-40.6,-35.6
2376.4,-40.1,-35.5
2376.5,-35.8,-35.2
2376.6,-35.6,-35.1
2376.7,-35.7,-35.1
2376.8,-36.0,-35.1
2376.9,-39.8,-35.0
2377.0,-39.1,-35.0
2377.1,-38.7,-35.1
2377.2,-38.4,-35.2
2377.3,-38.7,-35.4
2377.4,-39.5,-35.4
2377.5,-39.1,-35.6
2377.6,-39.3,-36.8
2377.7,-38.9,-37.3
2377.8,-39.0,-37.5
2377.9,-39.6,-37.6
2378.0,-39.8,-37.9
2378.1,-40.4,-38.0
2378.2,-40.6,-38.2
2378.3,-40.3,-38.2
2378.4,-40.1,-38.3
2378.5,-39.6,-38.3
2378.6,-39.5,-38.3
2378.7,-39.4,-38.5
2378.8,-39.5,-38.5
2378.9,-39.6,-38.8
2379.0,-39.6,-38.9
2379.1,-40.0,-38.8
2379.2,-40.4,-38.8
2379.3,-40.9,-38.8
2379.4,-41.4,-39.0
2379.5,-41.7,-39.8
2379.6,-42.1,-39.9
2379.7,-42.6,-39.9
2379.8,-43.1,-40.0
2379.9,-43.5,-40.1
2380.0,-42.5,-40.3
2380.1,-42.5,-40.4
2380.2,-42.2,-40.5
2380.3,-42.1,-40.6
2380.4,-43.1,-40.7
2380.5,-43.6,-40.9
2380.6,-44.5,-41.1
2380.7,-45.2,-41.3
2380.8,-45.2,-41.4
2380.9,-45.4,-41.5
2381.0,-45.8,-41.7
2381.1,-46.1,-41.8
2381.2,-45.3,-41.9
2381.3,-35.8,-40.3
2381.4,-32.3,-38.7
2381.5,-31.4,-38.3
2381.6,-30.7,-37.9
2381.7,-31.7,-37.8
2381.8,-30.5,-36.2
2381.9,-29.6,-35.5
2382.0,-30.0,-35.5
2382.1,-30.2,-35.5
2382.2,-33.5,-35.5
2382.3,-40.0,-35.5
2382.4,-41.4,-35.5
2382.5,-42.4,-35.5
2382.6,-47.8,-35.5
2382.7,-49.0,-35.6
2382.8,-49.5,-35.6
2382.9,-49.5,-35.6
2383.0,-46.8,-35.6
2383.1,-42.5,-35.6
2383.2,-40.7,-35.5
2383.3,-40.3,-35.5
2383.4,-40.6,-35.5
2383.5,-42.6,-35.5
2383.6,-45.4,-35.6
2383.7,-46.6,-35.6
2383.8,-47.4,-35.6
2383.9,-47.7,-35.6
2384.0,-48.1,-35.6
2384.1,-48.5,-35.6
2384.2,-48.5,-35.6
2384.3,-48.6,-36.1
2384.4,-48.8,-37.0
2384.5,-48.7,-37.4
2384.6,-44.8,-37.8
2384.7,-38.8,-37.6
2384.8,-38.8,-40.0
2384.9,-38.2,-42.6
2385.0,-38.1,-42.7
2385.1,-41.4,-42.6
2385.2,-41.4,-43.1
2385.3,-42.6,-43.1
2385.4,-45.4,-43.1
2385.5,-50.0,-43.2
2385.6,-51.6,-43.2
2385.7,-52.3,-43.2
2385.8,-51.5,-43.2
2385.9,-51.4,-43.2
2386.0,-51.2,-43.3
2386.1,-41.2,-43.0
2386.2,-33.8,-40.3
2386.3,-33.6,-40.3
2386.4,-32.1,-39.3
2386.5,-31.0,-38.3
2386.6,-33.1,-38.1
2386.7,-30.0,-36.5
2386.8,-29.7,-35.9
2386.9,-30.8,-35.9
2387.0,-31.0,-35.9
2387.1,-35.7,-35.9
2387.2,-49.2,-35.9
2387.3,-54.8,-35.9
2387.4,-48.4,-35.9
2387.5,-33.9,-35.1
2387.6,-33.3,-35.0
2387.7,-31.6,-34.8
2387.8,-30.5,-34.4
2387.9,-32.2,-34.3
2388.0,-29.2,-33.4
2388.1,-28.7,-33.0
2388.2,-28.7,-32.8
2388.3,-28.9,-32.7
2388.4,-30.4,-32.4
2388.5,-32.3,-32.4
2388.6,-33.2,-32.3
2388.7,-33.3,-32.3
2388.8,-35.9,-32.2
2388.9,-33.8,-32.0
2389.0,-34.9,-32.0
2389.1,-35.1,-32.0
2389.2,-35.4,-32.3
2389.3,-36.9,-32.2
2389.4,-33.0,-32.1
2389.5,-32.9,-32.3
2389.6,-33.0,-32.3
2389.7,-32.8,-32.7
2389.8,-36.1,-32.9
2389.9,-36.5,-32.9
2390.0,-35.8,-32.8
2390.1,-39.1,-32.8
2390.2,-40.2,-32.8
2390.3,-40.2,-32.8
2390.4,-46.4,-32.8
2390.5,-44.4,-33.3
2390.6,-34.7,-33.0
2390.7,-32.5,-33.0
2390.8,-31.4,-33.0
2390.9,-31.0,-33.0
2391.0,-31.8,-33.7
2391.1,-32.6,-34.0
2391.2,-34.1,-34.3
2391.3,-35.2,-34.4
2391.4,-38.5,-34.8
2391.5,-44.7,-34.9
2391.6,-48.2,-35.1
2391.7,-49.5,-35.2
2391.8,-48.9,-35.3
2391.9,-43.4,-35.7
2392.0,-42.2,-35.7
2392.1,-42.1,-35.7
2392.2,-42.5,-35.8
2392.3,-46.6,-36.1
2392.4,-46.7,-36.8
2392.5,-46.8,-36.9
2392.6,-46.8,-37.0
2392.7,-46.8,-37.4
2392.8,-50.8,-37.5
2392.9,-52.0,-37.5
2393.0,-43.8,-37.7
2393.1,-34.2,-36.7
2393.2,-31.2,-35.8
2393.3,-28.4,-34.5
2393.4,-27.6,-34.0
2393.5,-28.5,-34.0
2393.6,-29.7,-34.4
2393.7,-34.1,-34.8
2393.8,-42.6,-35.1
2393.9,-46.2,-35.3
2394.0,-49.2,-35.6
2394.1,-52.3,-35.8
2394.2,-52.1,-35.9
2394.3,-52.3,-35.9
2394.4,-43.0,-35.8
2394.5,-36.6,-35.4
2394.6,-31.9,-34.7
2394.7,-31.9,-34.6
2394.8,-29.5,-33.9
2394.9,-29.9,-33.8
2395.0,-32.2,-33.8
2395.1,-32.3,-33.8
2395.2,-41.4,-33.8
2395.3,-51.8,-33.8
2395.4,-52.3,-33.9
2395.5,-42.7,-33.8
2395.6,-39.1,-33.7
2395.7,-38.5,-33.7
2395.8,-38.4,-33.7
2395.9,-40.2,-33.7
2396.0,-43.5,-33.7
2396.1,-43.6,-34.1
2396.2,-42.0,-34.7
2396.3,-41.9,-36.1
2396.4,-40.2,-36.8
2396.5,-40.0,-36.8
2396.6,-39.6,-36.8
2396.7,-38.9,-36.7
2396.8,-40.5,-36.7
2396.9,-40.7,-36.7
2397.0,-41.4,-36.6
2397.1,-42.8,-36.6
2397.2,-43.4,-36.6
2397.3,-44.7,-36.6
2397.4,-47.9,-36.7
2397.5,-48.0,-37.2
2397.6,-48.1,-38.7
2397.7,-41.4,-38.5
2397.8,-37.0,-40.4
2397.9,-35.2,-40.2
2398.0,-33.5,-39.4
2398.1,-33.5,-39.1
2398.2,-34.7,-39.0
2398.3,-34.9,-38.6
2398.4,-35.0,-38.0
2398.5,-34.6,-37.9
2398.6,-33.9,-37.8
2398.7,-33.0,-37.3
2398.8,-34.0,-37.2
2398.9,-35.1,-37.2
2399.0,-36.4,-37.2
2399.1,-42.4,-37.3
2399.2,-49.8,-37.4
2399.3,-50.5,-37.4
2399.4,-50.2,-37.5
2399.5,-49.8,-37.6
2399.6,-49.5,-37.7
2399.7,-49.3,-37.7
2399.8,-48.2,-37.8
2399.9,-46.7,-37.8
2400.0,-46.8,-37.9
2400.1,-46.9,-37.9
2400.2,-47.9,-37.9
2400.3,-50.3,-37.9
2400.4,-50.7,-37.9
2400.5,-51.2,-37.9
2400.6,-51.2,-37.9
2400.7,-51.1,-38.1
2400.8,-50.7,-38.6
2400.9,-50.3,-39.1
2401.0,-49.9,-39.8
2401.1,-49.4,-40.2
2401.2,-49.1,-40.3
2401.3,-48.6,-40.8
2401.4,-48.3,-42.0
2401.5,-48.3,-42.8
2401.6,-48.4,-43.9
2401.7,-48.6,-47.3
2401.8,-49.3,-49.2
2401.9,-49.7,-49.2
2402.0,-46.8,-48.7
2402.1,-46.3,-48.6
2402.2,-46.2,-48.6
2402.3,-46.5,-48.6
2402.4,-49.3,-48.6
2402.5,-51.5,-48.7
2402.6,-52.2,-48.8
2402.7,-52.4,-48.9
2402.8,-53.6,-49.1
2402.9,-53.9,-49.5
2403.0,-54.0,-49.6
2403.1,-53.1,-49.6
2403.2,-52.6,-49.6
2403.3,-52.0,-49.7
2403.4,-52.1,-49.7
2403.5,-52.1,-49.7
2403.6,-52.2,-49.7
2403.7,-52.6,-49.8
2403.8,-52.2,-49.8
2403.9,-53.2,-49.9
2404.0,-53.4,-50.0
2404.1,-53.8,-50.2
2404.2,-54.3,-50.3
2404.3,-54.1,-50.5
2404.4,-54.6,-50.8
2404.5,-54.5,-50.9
2404.6,-54.9,-51.1
2404.7,-54.8,-51.3
2404.8,-54.1,-51.3
2404.9,-54.3,-51.5
2405.0,-53.9,-52.6
2405.1,-54.3,-53.2
2405.2,-54.5,-53.3
2405.3,-54.4,-53.4
2405.4,-54.7,-53.6
2405.5,-54.6,-53.6
2405.6,-55.1,-53.7
2405.7,-55.3,-53.7
2405.8,-55.3,-53.8
2405.9,-55.4,-53.8
2406.0,-55.2,-53.8
2406.1,-55.1,-54.0
2406.2,-55.0,-54.1
2406.3,-54.6,-54.2
2406.4,-54.4,-54.2
2406.5,-54.3,-54.4
2406.6,-54.4,-54.5
2406.7,-54.8,-54.5
2406.8,-54.8,-54.7
2406.9,-54.2,-54.5
2407.0,-53.6,-54.5
2407.1,-53.0,-54.4
2407.2,-52.7,-54.4
2407.3,-53.2,-54.4
2407.4,-53.5,-54.3
2407.5,-53.1,-54.2
2407.6,-53.2,-54.1
2407.7,-52.6,-54.0
2407.8,-52.4,-54.0
2407.9,-52.4,-53.9
2408.0,-51.9,-53.8
2408.1,-52.3,-53.7
2408.2,-52.9,-53.8
2408.3,-53.7,-53.8
2408.4,-54.6,-53.8
2408.5,-54.7,-53.8
2408.6,-53.7,-53.6
2408.7,-53.0,-53.5
2408.8,-52.1,-53.4
2408.9,-51.1,-53.1
2409.0,-50.5,-52.9
2409.1,-49.8,-52.7
2409.2,-49.1,-52.3
2409.3,-48.6,-52.1
2409.4,-48.4,-51.8
2409.5,-48.4,-51.6
2409.6,-48.4,-51.4
2409.7,-48.5,-51.1
2409.8,-48.7,-51.0
2409.9,-49.0,-51.0
2410.0,-49.3,-50.8
2410.1,-49.4,-50.7
2410.2,-49.1,-50.5
2410.3,-49.1,-50.4
2410.4,-49.5,-50.4
2410.5,-50.3,-50.4
2410.6,-50.8,-50.3
2410.7,-50.9,-50.3
2410.8,-51.1,-50.3
2410.9,-51.3,-50.3
2411.0,-51.6,-50.3
2411.1,-51.2,-50.2
2411.2,-50.4,-50.0
2411.3,-50.1,-50.0
2411.4,-50.3,-49.9
2411.5,-50.7,-49.9
2411.6,-50.8,-49.8
2411.7,-50.4,-49.7
2411.8,-49.8,-49.7
2411.9,-49.8,-49.7
2412.0,-50.0,-49.7
2412.1,-50.0,-49.8
2412.2,-50.3,-49.8
2412.3,-50.5,-50.0
2412.4,-51.0,-50.1
2412.5,-51.8,-50.2
2412.6,-52.5,-50.4
2412.7,-52.7,-50.5
2412.8,-53.1,-50.7
2412.9,-54.1,-50.8
2413.0,-55.2,-50.9
2413.1,-55.6,-51.2
2413.2,-55.2,-51.3
2413.3,-54.8,-51.4
2413.4,-54.3,-51.5
2413.5,-53.8,-51.6
2413.6,-53.1,-51.6
2413.7,-52.7,-51.7
2413.8,-52.4,-51.7
2413.9,-52.1,-51.7
2414.0,-52.2,-51.7
2414.1,-52.3,-51.8
2414.2,-52.0,-51.9
2414.3,-52.3,-52.0
2414.4,-52.2,-52.0
2414.5,-52.4,-52.1
2414.6,-52.4,-52.2
2414.7,-52.1,-52.3
2414.8,-52.4,-52.5
2414.9,-52.1,-52.5
2415.0,-52.8,-52.6
2415.1,-53.1,-52.8
2415.2,-53.1,-52.9
2415.3,-52.9,-52.9
2415.4,-52.1,-52.8
2415.5,-51.7,-52.8
2415.6,-51.2,-52.7
2415.7,-51.1,-52.6
2415.8,-51.0,-52.5
2415.9,-50.3,-52.3
2416.0,-50.1,-52.0
2416.1,-49.6,-51.8
2416.2,-49.1,-51.6
2416.3,-49.1,-51.5
2416.4,-49.0,-51.3
2416.5,-48.1,-50.9
2416.6,-47.1,-50.6
2416.7,-47.0,-50.4
2416.8,-46.8,-50.2
2416.9,-47.4,-50.1
2417.0,-48.4,-50.0
2417.1,-48.1,-49.8
2417.2,-47.9,-49.7
2417.3,-47.7,-49.5
2417.4,-47.6,-49.4
2417.5,-47.9,-49.3
2417.6,-48.3,-49.2
2417.7,-48.5,-49.1
2417.8,-48.9,-49.1
2417.9,-49.3,-49.0
2418.0,-49.6,-48.9
2418.1,-50.2,-48.9
2418.2,-50.6,-48.9
2418.3,-50.3,-48.8
2418.4,-50.0,-48.8
2418.5,-49.4,-48.7
2418.6,-48.6,-48.6
2418.7,-48.4,-48.6
2418.8,-48.5,-48.5
2418.9,-49.0,-48.6
2419.0,-49.0,-48.5
2419.1,-48.8,-48.5
2419.2,-48.3,-48.4
2419.3,-48.3,-48.4
2419.4,-48.3,-48.4
2419.5,-48.4,-48.5
2419.6,-49.0,-48.7
2419.7,-48.6,-48.7
2419.8,-48.5,-48.7
2419.9,-48.1,-48.6
2420.0,-47.5,-48.6
2420.1,-47.2,-48.6
2420.2,-47.3,-48.6
2420.3,-47.6,-48.6
2420.4,-47.9,-48.6
2420.5,-48.0,-48.6
2420.6,-47.9,-48.5
2420.7,-47.7,-48.5
2420.8,-47.5,-48.4
2420.9,-47.2,-48.3
2421.0,-47.1,-48.2
2421.1,-47.2,-48.1
2421.2,-47.6,-48.1
2421.3,-48.3,-48.1
2421.4,-49.0,-48.1
2421.5,-49.2,-48.1
2421.6,-49.2,-48.1
2421.7,-49.0,-48.2
2421.8,-48.9,-48.1
2421.9,-48.8,-48.1
2422.0,-48.9,-48.1
2422.1,-49.3,-48.2
2422.2,-50.1,-48.3
2422.3,-51.3,-48.4
2422.4,-52.9,-48.5
2422.5,-53.9,-48.6
2422.6,-53.9,-48.7
2422.7,-53.6,-48.8
2422.8,-45.3,-47.9
2422.9,-38.8,-45.4
2423.0,-37.2,-44.4
2423.1,-37.1,-44.3
2423.2,-37.2,-44.1
2423.3,-39.2,-43.7
2423.4,-41.3,-43.5
2423.5,-40.8,-43.4
2423.6,-41.2,-43.3
2423.7,-42.1,-43.1
2423.8,-42.3,-43.0
2423.9,-42.5,-42.9
2424.0,-43.2,-42.9
2424.1,-45.0,-43.0
2424.2,-47.0,-43.0
2424.3,-51.5,-43.0
2424.4,-56.2,-43.1
2424.5,-56.3,-43.1
2424.6,-56.1,-43.1
2424.7,-55.6,-43.1
2424.8,-55.5,-43.2
2424.9,-48.9,-43.1
2425.0,-46.8,-43.0
2425.1,-42.9,-42.7
2425.2,-41.5,-42.5
2425.3,-40.2,-42.2
2425.4,-40.5,-42.2
2425.5,-42.4,-42.2
2425.6,-44.3,-42.2
2425.7,-57.2,-42.2
2425.8,-59.1,-42.4
2425.9,-59.7,-43.6
2426.0,-59.8,-44.5
2426.1,-55.9,-44.6
2426.2,-40.6,-43.7
2426.3,-38.4,-43.3
2426.4,-38.3,-43.4
2426.5,-38.1,-43.5
2426.6,-41.1,-43.6
2426.7,-46.8,-43.8
2426.8,-47.6,-44.0
2426.9,-50.1,-44.2
2427.0,-57.2,-44.3
2427.1,-57.5,-44.3
2427.2,-57.3,-44.3
2427.3,-56.2,-44.3
2427.4,-55.4,-44.3
2427.5,-55.1,-44.3
2427.6,-55.1,-44.3
2427.7,-55.8,-44.3
2427.8,-56.6,-44.3
2427.9,-48.4,-44.2
2428.0,-46.0,-44.2
2428.1,-44.7,-44.5
2428.2,-44.5,-44.9
2428.3,-46.2,-45.5
2428.4,-48.7,-45.5
2428.5,-52.8,-45.5
2428.6,-51.0,-45.4
2428.7,-44.6,-44.9
2428.8,-42.4,-44.5
2428.9,-41.2,-44.2
2429.0,-41.0,-44.1
2429.1,-42.6,-44.0
2429.2,-44.9,-45.5
2429.3,-48.3,-46.8
2429.4,-52.0,-46.9
2429.5,-52.8,-47.1
2429.6,-52.7,-47.3
2429.7,-52.5,-47.2
2429.8,-52.0,-47.2
2429.9,-52.0,-47.2
2430.0,-52.0,-47.1
2430.1,-51.7,-47.1
2430.2,-51.3,-47.1
2430.3,-50.9,-47.0
2430.4,-50.9,-47.0
2430.5,-50.2,-46.9
2430.6,-33.5,-41.0
2430.7,-31.9,-39.8
2430.8,-31.4,-39.3
2430.9,-30.6,-38.7
2431.0,-32.0,-38.0
2431.1,-32.8,-37.7
2431.2,-32.6,-37.3
2431.3,-33.9,-37.3
2431.4,-36.1,-37.2
2431.5,-38.2,-37.2
2431.6,-40.7,-37.1
2431.7,-40.1,-37.1
2431.8,-40.0,-37.1
2431.9,-39.7,-37.1
2432.0,-41.5,-37.1
2432.1,-43.4,-37.1
2432.2,-46.8,-37.1
2432.3,-50.9,-37.1
2432.4,-53.1,-37.1
2432.5,-53.5,-37.1
2432.6,-53.8,-37.1
2432.7,-53.7,-37.1
2432.8,-53.2,-37.1
2432.9,-53.0,-37.1
2433.0,-53.1,-37.1
2433.1,-53.5,-37.1
2433.2,-48.0,-37.1
2433.3,-42.7,-37.0
2433.4,-39.8,-36.9
2433.5,-39.5,-36.8
2433.6,-39.5,-38.2
2433.7,-40.0,-39.0
2433.8,-40.4,-39.2
2433.9,-38.5,-39.6
2434.0,-38.5,-40.7
2434.1,-38.7,-41.3
2434.2,-39.9,-42.1
2434.3,-43.7,-42.2
2434.4,-44.5,-42.4
2434.5,-48.3,-42.5
2434.6,-53.0,-42.9
2434.7,-54.6,-43.2
2434.8,-55.3,-43.5
2434.9,-54.8,-43.7
2435.0,-54.9,-43.7
2435.1,-54.3,-43.7
2435.2,-53.2,-43.7
2435.3,-52.9,-43.7
2435.4,-52.9,-43.7
2435.5,-53.5,-43.7
2435.6,-54.2,-43.7
2435.7,-53.7,-43.7
2435.8,-52.9,-43.7
2435.9,-52.5,-43.7
2436.0,-52.7,-43.7
2436.1,-53.2,-43.7
2436.2,-53.7,-43.9
2436.3,-54.2,-44.5
2436.4,-54.2,-45.4
2436.5,-54.6,-45.6
2436.6,-55.3,-45.8
2436.7,-55.2,-46.4
2436.8,-55.5,-47.7
2436.9,-55.3,-50.4
2437.0,-54.6,-50.9
2437.1,-53.7,-52.6
2437.2,-52.8,-53.6
2437.3,-52.7,-53.8
2437.4,-53.3,-54.0
2437.5,-54.2,-53.9
2437.6,-55.1,-53.9
2437.7,-55.3,-53.9
2437.8,-54.8,-53.9
2437.9,-53.7,-53.8
2438.0,-53.0,-53.7
2438.1,-52.9,-53.7
2438.2,-52.6,-53.8
2438.3,-53.1,-53.8
2438.4,-46.4,-51.8
2438.5,-41.2,-48.6
2438.6,-38.3,-46.3
2438.7,-37.4,-45.5
2438.8,-37.8,-45.5
2438.9,-39.5,-45.5
2439.0,-43.9,-45.5
2439.1,-52.4,-45.5
2439.2,-53.8,-45.5
2439.3,-54.9,-45.5
2439.4,-54.3,-45.5
2439.5,-53.9,-45.5
2439.6,-53.6,-45.5
2439.7,-53.2,-45.5
2439.8,-51.0,-45.4
2439.9,-42.4,-44.5
2440.0,-40.1,-43.9
2440.1,-34.8,-41.5
2440.2,-34.2,-41.0
2440.3,-34.1,-40.6
2440.4,-34.5,-40.6
2440.5,-38.3,-40.4
2440.6,-40.4,-40.4
2440.7,-43.8,-40.4
2440.8,-42.7,-40.2
2440.9,-40.3,-39.9
2441.0,-38.6,-39.6
2441.1,-37.2,-39.3
2441.2,-37.4,-39.3
2441.3,-39.1,-39.3
2441.4,-41.0,-39.4
2441.5,-46.6,-39.6
2441.6,-50.4,-40.0
2441.7,-50.8,-40.2
2441.8,-51.9,-40.2
2441.9,-54.3,-40.2
2442.0,-56.3,-40.2
2442.1,-57.0,-40.2
2442.2,-56.6,-40.2
2442.3,-55.7,-40.2
2442.4,-55.3,-40.2
2442.5,-55.0,-40.2
2442.6,-54.9,-40.2
2442.7,-54.7,-40.3
2442.8,-54.2,-40.3
2442.9,-53.2,-40.6
2443.0,-50.8,-40.8
2443.1,-45.8,-42.7
2443.2,-45.8,-43.3
2443.3,-39.4,-42.9
2443.4,-37.3,-42.3
2443.5,-37.4,-42.3
2443.6,-34.3,-40.8
2443.7,-35.3,-40.7
2443.8,-35.3,-40.4
2443.9,-34.5,-40.3
2444.0,-33.8,-39.2
2444.1,-32.2,-38.5
2444.2,-31.6,-38.0
2444.3,-32.0,-37.9
2444.4,-34.2,-37.9
2444.5,-36.6,-37.8
2444.6,-38.6,-37.5
2444.7,-38.6,-37.5
2444.8,-34.9,-36.9
2444.9,-34.5,-36.7
2445.0,-34.9,-36.6
2445.1,-33.8,-36.3
2445.2,-35.6,-36.2
2445.3,-36.7,-36.2
2445.4,-37.3,-36.1
2445.5,-36.7,-35.8
2445.6,-36.8,-35.7
2445.7,-37.0,-35.7
2445.8,-37.3,-35.7
2445.9,-42.4,-35.7
2446.0,-48.3,-35.7
2446.1,-50.1,-35.8
2446.2,-48.5,-35.7
2446.3,-47.0,-35.9
2446.4,-47.0,-36.1
2446.5,-47.0,-36.1
2446.6,-48.1,-36.6
2446.7,-50.7,-36.6
2446.8,-51.1,-36.8
2446.9,-49.2,-37.0
2447.0,-48.8,-37.8
2447.1,-44.3,-38.5
2447.2,-43.5,-39.2
2447.3,-44.1,-39.2
2447.4,-44.3,-39.2
2447.5,-49.3,-39.4
2447.6,-53.6,-39.8
2447.7,-53.8,-39.9
2447.8,-53.7,-41.1
2447.9,-53.8,-41.7
2448.0,-54.2,-42.1
2448.1,-55.1,-43.3
2448.2,-56.1,-43.9
2448.3,-57.6,-44.2
2448.4,-57.6,-44.4
2448.5,-56.5,-47.2
2448.6,-54.7,-48.8
2448.7,-52.9,-49.0
2448.8,-52.5,-49.1
2448.9,-52.4,-49.2
2449.0,-53.0,-49.2
2449.1,-54.2,-49.3
2449.2,-55.1,-49.6
2449.3,-53.4,-50.0
2449.4,-44.5,-48.5
2449.5,-40.8,-47.0
2449.6,-39.6,-46.3
2449.7,-38.7,-45.7
2449.8,-39.6,-45.6
2449.9,-40.3,-45.1
2450.0,-41.4,-45.0
2450.1,-42.8,-45.4
2450.2,-42.6,-45.4
2450.3,-44.8,-45.2
2450.4,-42.2,-44.6
2450.5,-41.8,-44.4
2450.6,-42.2,-44.4
2450.7,-41.5,-44.1
2450.8,-43.5,-44.0
2450.9,-44.2,-43.9
2451.0,-44.6,-43.9
2451.1,-46.1,-43.8
2451.2,-46.1,-43.7
2451.3,-46.6,-43.7
2451.4,-45.3,-43.5
2451.5,-45.3,-43.4
2451.6,-45.8,-43.4
2451.7,-46.0,-43.4
2451.8,-47.2,-43.4
2451.9,-50.5,-43.4
2452.0,-50.6,-43.3
2452.1,-51.0,-43.3
2452.2,-52.0,-43.3
2452.3,-52.4,-43.3
2452.4,-52.6,-43.7
2452.5,-50.2,-44.4
2452.6,-43.1,-44.2
2452.7,-42.9,-44.5
2452.8,-42.3,-44.5
2452.9,-42.2,-44.9
2453.0,-45.9,-44.9
2453.1,-45.5,-44.9
2453.2,-46.3,-45.1
2453.3,-47.2,-45.2
2453.4,-47.8,-45.8
2453.5,-49.0,-46.0
2453.6,-49.6,-46.1
2453.7,-49.7,-46.6
2453.8,-48.5,-46.5
2453.9,-36.0,-42.7
2454.0,-34.8,-41.9
2454.1,-32.7,-40.4
2454.2,-32.6,-40.3
2454.3,-33.3,-39.5
2454.4,-33.7,-39.3
2454.5,-36.5,-39.3
2454.6,-36.6,-39.3
2454.7,-39.9,-39.1
2454.8,-40.8,-39.0
2454.9,-40.7,-39.0
2455.0,-41.3,-39.0
2455.1,-44.1,-38.9
2455.2,-47.2,-38.9
2455.3,-49.9,-38.9
2455.4,-50.2,-38.9
2455.5,-50.7,-39.0
2455.6,-50.5,-39.1
2455.7,-50.2,-39.1
2455.8,-49.7,-39.2
2455.9,-49.5,-39.2
2456.0,-49.3,-39.2
2456.1,-49.3,-39.2
2456.2,-49.1,-39.2
2456.3,-48.7,-39.2
2456.4,-48.5,-39.2
2456.5,-48.9,-39.2
2456.6,-49.5,-39.2
2456.7,-48.2,-39.2
2456.8,-44.6,-39.1
2456.9,-42.8,-40.3
2457.0,-38.5,-40.2
2457.1,-37.3,-41.3
2457.2,-37.7,-41.4
2457.3,-35.2,-41.5
2457.4,-35.8,-41.4
2457.5,-36.4,-41.3
2457.6,-36.3,-41.3
2457.7,-39.7,-41.4
2457.8,-40.5,-41.3
2457.9,-39.6,-41.1
2458.0,-40.0,-41.1
2458.1,-40.7,-41.1
2458.2,-42.6,-41.0
2458.3,-45.8,-41.0
2458.4,-45.8,-41.0
2458.5,-46.1,-41.0
2458.6,-46.8,-41.0
2458.7,-47.5,-41.0
2458.8,-47.7,-40.9
2458.9,-47.6,-40.9
2459.0,-47.7,-40.9
2459.1,-47.4,-40.9
2459.2,-47.7,-40.9
2459.3,-47.7,-40.9
2459.4,-47.8,-40.9
2459.5,-48.0,-40.9
2459.6,-47.9,-40.9
2459.7,-47.5,-40.9
2459.8,-47.5,-41.0
2459.9,-47.5,-41.1
2460.0,-47.5,-41.9
2460.1,-47.3,-42.3
2460.2,-46.6,-42.3
2460.3,-46.1,-44.0
2460.4,-46.0,-44.8
2460.5,-46.4,-44.9
2460.6,-45.9,-45.1
2460.7,-45.4,-45.3
2460.8,-45.2,-45.9
2460.9,-44.9,-46.6
2461.0,-45.1,-46.6
2461.1,-45.3,-46.5
2461.2,-44.8,-46.5
2461.3,-44.8,-46.5
2461.4,-44.8,-46.4
2461.5,-44.5,-46.3
2461.6,-44.8,-46.2
2461.7,-44.3,-46.0
2461.8,-43.7,-45.8
2461.9,-42.4,-45.4
2462.0,-40.6,-44.8
2462.1,-38.4,-43.8
2462.2,-37.8,-43.4
2462.3,-35.3,-41.8
2462.4,-35.2,-41.5
2462.5,-34.5,-40.6
2462.6,-33.8,-40.0
2462.7,-35.3,-39.8
2462.8,-35.3,-39.7
2462.9,-37.1,-39.5
2463.0,-38.5,-39.4
2463.1,-39.0,-39.3
2463.2,-39.0,-39.2
2463.3,-38.6,-39.0
2463.4,-37.1,-38.6
2463.5,-36.9,-38.5
2463.6,-36.8,-38.4
2463.7,-36.8,-38.2
2463.8,-38.0,-38.1
2463.9,-37.2,-37.9
2464.0,-36.6,-37.7
2464.1,-36.0,-37.4
2464.2,-35.2,-37.2
2464.3,-34.8,-36.9
2464.4,-34.2,-36.6
2464.5,-33.3,-36.2
2464.6,-32.2,-35.7
2464.7,-31.5,-35.3
2464.8,-30.6,-34.8
2464.9,-29.6,-34.3
2465.0,-27.6,-33.1
2465.1,-26.9,-32.6
2465.2,-26.9,-32.4
2465.3,-27.3,-32.3
2465.4,-29.5,-32.2
2465.5,-31.0,-32.2
2465.6,-31.6,-32.1
2465.7,-32.1,-32.0
2465.8,-31.8,-31.9
2465.9,-31.6,-31.7
2466.0,-31.3,-31.6
2466.1,-29.9,-31.3
2466.2,-29.6,-31.1
2466.3,-29.7,-31.0
2466.4,-29.7,-30.9
2466.5,-30.9,-30.8
2466.6,-31.3,-30.7
2466.7,-31.5,-30.6
2466.8,-31.8,-30.6
2466.9,-31.3,-30.5
2467.0,-31.4,-30.4
2467.1,-31.1,-30.3
2467.2,-31.2,-30.3
2467.3,-31.8,-30.3
2467.4,-32.3,-30.3
2467.5,-32.7,-30.3
2467.6,-33.0,-30.3
2467.7,-32.9,-30.4
2467.8,-32.6,-30.5
2467.9,-32.8,-30.6
2468.0,-32.8,-31.2
2468.1,-33.2,-31.5
2468.2,-33.2,-31.6
2468.3,-33.4,-31.7
2468.4,-33.5,-31.7
2468.5,-33.4,-31.8
2468.6,-33.6,-31.8
2468.7,-33.4,-31.8
2468.8,-33.4,-31.9
2468.9,-32.9,-31.9
2469.0,-32.4,-32.0
2469.1,-27.3,-31.1
2469.2,-27.0,-31.2
2469.3,-26.6,-31.0
2469.4,-26.6,-31.0
2469.5,-30.0,-31.0
2469.6,-30.3,-31.0
2469.7,-31.4,-31.0
2469.8,-30.9,-30.9
2469.9,-30.7,-30.9
2470.0,-30.2,-30.9
2470.1,-29.9,-30.8
2470.2,-29.9,-30.7
2470.3,-29.6,-30.6
2470.4,-27.9,-30.2
2470.5,-26.3,-29.7
2470.6,-25.5,-29.4
2470.7,-24.8,-29.1
2470.8,-24.5,-28.7
2470.9,-24.7,-28.4
2471.0,-24.8,-28.2
2471.1,-25.1,-28.0
2471.2,-25.9,-27.9
2471.3,-26.1,-27.6
2471.4,-26.0,-27.4
2471.5,-25.6,-27.2
2471.6,-25.6,-27.1
2471.7,-26.2,-27.0
2471.8,-26.1,-26.8
2471.9,-25.8,-26.6
2472.0,-24.5,-26.3
2472.1,-24.2,-26.5
2472.2,-24.2,-26.4
2472.3,-24.5,-26.3
2472.4,-25.4,-26.1
2472.5,-25.3,-26.0
2472.6,-25.5,-25.9
2472.7,-21.4,-24.9
2472.8,-20.9,-24.7
2472.9,-20.8,-24.6
2473.0,-20.0,-24.2
2473.1,-22.5,-24.2
2473.2,-23.5,-24.1
2473.3,-23.9,-24.1
2473.4,-26.4,-24.1
2473.5,-24.3,-24.0
2473.6,-23.4,-23.9
2473.7,-23.1,-23.9
2473.8,-22.9,-23.9
2473.9,-23.4,-23.8
2474.0,-24.1,-23.8
2474.1,-24.5,-23.8
2474.2,-24.8,-23.8
2474.3,-26.6,-23.8
2474.4,-26.9,-23.9
2474.5,-24.1,-23.6
2474.6,-23.9,-23.6
2474.7,-24.0,-23.6
2474.8,-24.3,-23.7
2474.9,-26.7,-23.7
2475.0,-25.2,-23.7
2475.1,-23.3,-23.5
2475.2,-23.0,-23.5
2475.3,-23.0,-23.5
2475.4,-23.7,-23.5
2475.5,-25.3,-23.5
2475.6,-25.2,-23.5
2475.7,-25.3,-24.1
2475.8,-25.6,-24.3
2475.9,-25.8,-24.3
2476.0,-23.8,-24.3
2476.1,-22.6,-24.1
2476.2,-22.5,-24.1
2476.3,-22.4,-24.1
2476.4,-23.9,-24.0
2476.5,-25.7,-24.3
2476.6,-23.9,-24.2
2476.7,-23.4,-24.1
2476.8,-23.3,-24.1
2476.9,-23.2,-24.3
2477.0,-22.5,-23.9
2477.1,-22.9,-23.9
2477.2,-23.0,-23.9
2477.3,-23.1,-23.9
2477.4,-26.1,-23.8
2477.5,-25.1,-24.0
2477.6,-24.2,-23.9
2477.7,-24.0,-23.9
2477.8,-24.3,-23.9
2477.9,-25.4,-23.9
2478.0,-26.1,-24.0
2478.1,-24.8,-24.1
2478.2,-23.8,-24.0
2478.3,-23.7,-24.0
2478.4,-23.7,-24.0
2478.5,-24.6,-24.0
2478.6,-25.5,-24.0
2478.7,-25.8,-24.1
2478.8,-26.6,-24.1
2478.9,-27.6,-24.1
2479.0,-28.4,-24.4
2479.1,-27.1,-24.6
2479.2,-26.8,-24.6
2479.3,-26.7,-24.7
2479.4,-26.7,-24.7
2479.5,-28.1,-24.8
2479.6,-28.6,-25.1
2479.7,-26.7,-25.1
2479.8,-26.5,-25.2
2479.9,-26.5,-25.3
2480.0,-26.1,-25.8
2480.1,-27.0,-25.8
2480.2,-27.2,-25.8
2480.3,-27.4,-25.9
2480.4,-27.7,-25.9
2480.5,-28.3,-26.1
2480.6,-27.1,-26.3
2480.7,-26.4,-26.3
2480.8,-26.5,-26.3
2480.9,-26.6,-26.3
2481.0,-27.5,-26.4
2481.1,-28.0,-26.7
2481.2,-26.9,-26.8
2481.3,-26.5,-26.8
2481.4,-26.3,-26.9
2481.5,-26.5,-27.1
2481.6,-27.4,-27.1
2481.7,-28.0,-27.1
2481.8,-28.2,-27.1
2481.9,-28.0,-27.1
2482.0,-28.1,-27.1
2482.1,-28.0,-27.3
2482.2,-24.3,-26.7
2482.3,-23.5,-26.5
2482.4,-23.3,-26.4
2482.5,-23.1,-26.3
2482.6,-25.2,-26.3
2482.7,-25.0,-26.2
2482.8,-23.9,-25.9
2482.9,-23.7,-25.9
2483.0,-23.6,-25.8
2483.1,-23.2,-25.6
2483.2,-23.9,-25.5
2483.3,-24.2,-25.4
2483.4,-24.3,-25.4
2483.5,-25.8,-25.4
2483.6,-26.2,-25.4
2483.7,-24.3,-25.2
2483.8,-23.9,-25.0
2483.9,-23.8,-25.0
2484.0,-24.1,-25.0
2484.1,-25.5,-24.9
2484.2,-25.7,-24.9
2484.3,-24.0,-24.7
2484.4,-23.6,-24.6
2484.5,-23.5,-24.5
2484.6,-23.4,-24.5
2484.7,-24.6,-24.4
2484.8,-24.8,-24.3
2484.9,-24.9,-24.3
2485.0,-25.1,-24.2
2485.1,-25.2,-24.2
2485.2,-25.2,-24.4
2485.3,-23.5,-24.3
2485.4,-23.3,-24.2
2485.5,-23.2,-24.2
2485.6,-23.2,-24.2
2485.7,-24.9,-24.3
2485.8,-24.3,-24.3
2485.9,-23.7,-24.2
2486.0,-23.6,-24.2
2486.1,-23.5,-24.3
2486.2,-23.0,-24.1
2486.3,-23.2,-24.0
2486.4,-23.2,-24.0
2486.5,-23.2,-24.0
2486.6,-23.8,-23.9
2486.7,-23.7,-24.0
2486.8,-22.7,-23.8
2486.9,-22.7,-23.8
2487.0,-23.2,-23.8
2487.1,-23.9,-23.8
2487.2,-24.8,-23.7
2487.3,-24.6,-23.9
2487.4,-23.7,-23.8
2487.5,-23.6,-23.8
2487.6,-24.1,-23.8
2487.7,-24.7,-23.9
2487.8,-26.2,-23.9
2487.9,-26.7,-24.0
2488.0,-27.1,-24.0
2488.1,-27.6,-24.1
2488.2,-28.1,-24.1
2488.3,-26.5,-24.3
2488.4,-24.9,-24.2
2488.5,-25.0,-24.3
2488.6,-25.0,-24.4
2488.7,-26.4,-24.4
2488.8,-29.8,-24.6
2488.9,-26.8,-24.7
2489.0,-26.3,-24.7
2489.1,-26.1,-24.8
2489.2,-26.0,-25.1
2489.3,-25.9,-25.0
2489.4,-26.6,-25.2
2489.5,-26.8,-25.3
2489.6,-26.6,-25.5
2489.7,-26.5,-25.4
2489.8,-24.9,-25.6
2489.9,-24.0,-25.6
2490.0,-24.2,-25.7
2490.1,-26.1,-25.8
2490.2,-28.7,-26.0
2490.3,-31.7,-26.2
2490.4,-29.1,-26.4
2490.5,-27.5,-26.4
2490.6,-27.3,-26.5
2490.7,-27.2,-26.6
2490.8,-28.7,-26.6
2490.9,-30.2,-26.7
2491.0,-29.9,-26.8
2491.1,-30.5,-26.8
2491.2,-30.8,-26.8
2491.3,-31.3,-27.1
2491.4,-27.8,-27.2
2491.5,-26.7,-27.1
2491.6,-26.6,-27.1
2491.7,-26.6,-27.1
2491.8,-26.8,-26.9
2491.9,-27.2,-27.1
2492.0,-24.4,-26.8
2492.1,-23.9,-26.7
2492.2,-24.4,-26.6
2492.3,-24.7,-26.9
2492.4,-26.5,-26.7
2492.5,-27.1,-26.7
2492.6,-28.0,-26.8
2492.7,-27.2,-27.0
2492.8,-26.9,-27.1
2492.9,-26.9,-27.3
2493.0,-26.8,-27.3
2493.1,-27.4,-27.2
2493.2,-30.3,-27.2
2493.3,-28.4,-27.0
2493.4,-26.8,-27.0
2493.5,-24.5,-26.7
2493.6,-23.6,-26.5
2493.7,-24.2,-26.5
2493.8,-24.9,-26.5
2493.9,-27.3,-26.5
2494.0,-28.9,-26.4
2494.1,-28.6,-26.4
2494.2,-27.5,-26.3
2494.3,-25.9,-26.0
2494.4,-25.7,-26.2
2494.5,-26.0,-26.3
2494.6,-27.1,-26.3
2494.7,-30.8,-26.3
2494.8,-32.4,-26.6
2494.9,-32.9,-26.7
2495.0,-30.7,-27.1
2495.1,-28.4,-27.0
2495.2,-28.1,-27.1
2495.3,-27.9,-27.2
2495.4,-28.5,-27.3
2495.5,-30.5,-27.4
2495.6,-30.9,-27.4
2495.7,-31.1,-27.5
2495.8,-28.7,-27.6
2495.9,-27.8,-27.5
2496.0,-27.6,-27.5
2496.1,-27.4,-27.5
2496.2,-29.2,-27.5
2496.3,-31.2,-27.7
2496.4,-31.6,-27.9
2496.5,-31.5,-28.5
2496.6,-28.2,-28.5
2496.7,-27.7,-28.5
2496.8,-27.6,-28.5
2496.9,-27.6,-28.6
2497.0,-29.9,-28.6
2497.1,-30.1,-28.7
2497.2,-30.2,-28.9
2497.3,-29.8,-29.3
2497.4,-27.8,-29.1
2497.5,-27.5,-29.0
2497.6,-27.5,-28.9
2497.7,-27.9,-28.9
2497.8,-30.3,-28.9
2497.9,-30.9,-28.9
2498.0,-31.6,-29.0
2498.1,-29.6,-29.1
2498.2,-28.3,-28.9
2498.3,-28.0,-28.9
2498.4,-27.6,-28.9
2498.5,-28.4,-28.8
2498.6,-29.0,-28.7
2498.7,-28.5,-28.6
2498.8,-27.9,-28.7
2498.9,-21.9,-27.1
2499.0,-20.7,-26.5
2499.1,-20.3,-26.3
2499.2,-20.0,-26.0
2499.3,-22.7,-25.9
2499.4,-24.8,-25.9
2499.5,-24.9,-25.7
2499.6,-24.4,-25.5
2499.7,-20.0,-24.4
2499.8,-19.5,-24.1
2499.9,-19.4,-24.0
2500.0,-19.6,-23.9
2500.1,-22.7,-23.7
2500.2,-23.2,-23.6
2500.3,-23.4,-23.5
2500.4,-21.9,-23.2
2500.5,-20.5,-22.8
2500.6,-20.4,-22.7
2500.7,-20.5,-22.7
2500.8,-21.9,-22.6
2500.9,-24.2,-22.5
2501.0,-24.7,-22.5
2501.1,-25.1,-22.4
2501.2,-21.8,-22.1
2501.3,-20.9,-21.9
2501.4,-20.7,-21.8
2501.5,-20.5,-21.7
2501.6,-22.3,-21.7
2501.7,-23.8,-21.6
2501.8,-24.4,-21.6
2501.9,-25.4,-22.1
2502.0,-21.5,-21.8
2502.1,-21.2,-21.8
2502.2,-20.9,-21.8
2502.3,-20.7,-21.8
2502.4,-24.2,-21.8
2502.5,-26.0,-21.9
2502.6,-26.4,-21.9
2502.7,-24.7,-22.4
2502.8,-22.7,-22.3
2502.9,-22.3,-22.4
2503.0,-22.5,-22.4
2503.1,-24.2,-22.5
2503.2,-27.5,-22.6
2503.3,-28.5,-22.7
2503.4,-29.7,-23.0
2503.5,-23.5,-23.0
2503.6,-22.4,-23.0
2503.7,-22.2,-23.0
2503.8,-22.2,-23.1
2503.9,-25.9,-23.2
2504.0,-29.4,-23.2
2504.1,-30.0,-23.3
2504.2,-30.1,-23.8
2504.3,-22.7,-23.5
2504.4,-22.3,-23.6
2504.5,-22.2,-23.7
2504.6,-22.2,-23.8
2504.7,-27.4,-23.8
2504.8,-28.5,-23.8
2504.9,-27.7,-23.8
2505.0,-26.9,-24.5
2505.1,-25.5,-24.6
2505.2,-25.6,-24.7
2505.3,-26.2,-24.8
2505.4,-26.6,-24.8
2505.5,-27.0,-24.7
2505.6,-25.9,-24.6
2505.7,-25.2,-24.9
2505.8,-24.1,-25.1
2505.9,-23.1,-24.8
2506.0,-22.1,-24.5
2506.1,-21.3,-24.3
2506.2,-21.4,-24.1
2506.3,-22.3,-24.1
2506.4,-23.9,-24.1
2506.5,-25.8,-24.6
2506.6,-25.4,-24.6
2506.7,-22.4,-24.1
2506.8,-20.8,-23.7
2506.9,-20.5,-23.6
2507.0,-21.0,-23.6
2507.1,-22.9,-23.6
2507.2,-25.3,-23.5
2507.3,-24.7,-23.9
2507.4,-23.7,-23.8
2507.5,-22.6,-23.6
2507.6,-22.1,-23.5
2507.7,-22.9,-23.4
2507.8,-23.7,-23.4
2507.9,-24.8,-23.4
2508.0,-26.4,-23.4
2508.1,-26.2,-23.5
2508.2,-25.7,-23.5
2508.3,-26.2,-23.4
2508.4,-26.3,-23.4
2508.5,-26.4,-23.5
2508.6,-27.1,-23.5
2508.7,-27.6,-23.6
2508.8,-28.6,-23.7
2508.9,-28.1,-23.9
2509.0,-27.7,-24.2
2509.1,-27.8,-24.4
2509.2,-27.8,-24.6
2509.3,-29.3,-24.6
2509.4,-30.3,-24.7
2509.5,-30.3,-24.7
2509.6,-29.9,-24.9
2509.7,-27.9,-25.4
2509.8,-27.6,-26.0
2509.9,-27.7,-26.2
2510.0,-27.9,-26.2
2510.1,-29.7,-26.3
2510.2,-30.2,-26.5
2510.3,-30.1,-26.8
2510.4,-30.1,-27.1
2510.5,-30.2,-27.5
2510.6,-30.3,-28.0
2510.7,-30.4,-28.1
2510.8,-30.0,-28.2
2510.9,-29.8,-28.4
2511.0,-29.9,-28.5
2511.1,-30.3,-28.7
2511.2,-31.0,-29.0
2511.3,-31.0,-29.1
2511.4,-30.5,-29.2
2511.5,-29.1,-29.2
2511.6,-28.6,-29.2
2511.7,-28.4,-29.2
2511.8,-27.8,-29.1
2511.9,-27.6,-29.1
2512.0,-27.3,-29.1
2512.1,-27.2,-29.1
2512.2,-27.1,-28.9
2512.3,-27.3,-28.8
2512.4,-27.6,-28.8
2512.5,-27.5,-28.7
2512.6,-28.0,-28.7
2512.7,-28.6,-28.9
2512.8,-28.7,-28.9
2512.9,-29.0,-28.9
2513.0,-29.0,-28.9
2513.1,-29.2,-28.9
2513.2,-29.4,-28.9
2513.3,-29.7,-28.9
2513.4,-29.6,-28.8
2513.5,-29.2,-28.7
2513.6,-28.1,-28.6
2513.7,-27.7,-28.5
2513.8,-28.0,-28.5
2513.9,-28.0,-28.5
2514.0,-29.0,-28.5
2514.1,-29.7,-28.5
2514.2,-29.8,-28.4
2514.3,-30.3,-28.5
2514.4,-30.2,-28.5
2514.5,-30.2,-28.6
2514.6,-30.2,-28.6
2514.7,-30.5,-28.7
2514.8,-30.8,-28.8
2514.9,-30.5,-29.0
2515.0,-30.5,-29.1
2515.1,-30.6,-29.1
2515.2,-30.9,-29.4
2515.3,-31.1,-29.5
2515.4,-31.1,-29.5
2515.5,-30.8,-29.6
2515.6,-30.4,-29.7
2515.7,-30.9,-29.8
2515.8,-31.4,-29.9
2515.9,-31.9,-30.0
2516.0,-32.4,-30.1
2516.1,-32.4,-30.1
2516.2,-32.4,-30.2
2516.3,-32.4,-30.2
2516.4,-32.5,-30.4
2516.5,-32.2,-30.5
2516.6,-32.0,-30.8
2516.7,-31.8,-30.9
2516.8,-31.6,-31.0
2516.9,-32.0,-31.2
2517.0,-32.0,-31.2
2517.1,-31.1,-31.2
2517.2,-31.0,-31.2
2517.3,-31.2,-31.3
2517.4,-31.6,-31.4
2517.5,-33.2,-31.5
2517.6,-32.2,-31.5
2517.7,-32.2,-31.6
2517.8,-32.3,-31.6
2517.9,-32.4,-31.8
2518.0,-33.7,-31.9
2518.1,-33.3,-31.9
2518.2,-33.4,-31.9
2518.3,-33.3,-32.1
2518.4,-33.3,-32.2
2518.5,-33.1,-32.2
2518.6,-32.9,-32.3
2518.7,-32.5,-32.3
2518.8,-32.8,-32.4
2518.9,-33.2,-32.4
2519.0,-33.3,-32.4
2519.1,-33.7,-32.5
2519.2,-33.9,-32.5
2519.3,-34.4,-32.6
2519.4,-34.7,-32.7
2519.5,-35.2,-32.8
2519.6,-35.2,-32.9
2519.7,-35.5,-33.0
2519.8,-35.7,-33.1
2519.9,-35.7,-33.2
2520.0,-35.9,-33.3
2520.1,-35.9,-33.7
2520.2,-36.0,-33.8
2520.3,-36.5,-33.9
2520.4,-34.4,-33.8
2520.5,-34.8,-33.9
2520.6,-34.9,-34.2
2520.7,-34.9,-34.3
2520.8,-37.5,-34.4
2520.9,-37.1,-34.5
2521.0,-37.0,-34.6
2521.1,-34.5,-34.5
2521.2,-26.8,-32.4
2521.3,-26.3,-32.1
2521.4,-26.2,-32.2
2521.5,-26.1,-32.1
2521.6,-30.4,-32.0
2521.7,-31.6,-32.0
2521.8,-31.5,-32.0
2521.9,-32.6,-32.0
2522.0,-32.9,-32.0
2522.1,-32.5,-31.9
2522.2,-31.5,-31.8
2522.3,-29.9,-31.4
2522.4,-27.5,-30.8
2522.5,-26.6,-30.5
2522.6,-24.5,-29.6
2522.7,-23.5,-28.9
2522.8,-23.6,-28.6
2522.9,-23.7,-28.5
2523.0,-24.5,-28.1
2523.1,-25.5,-27.9
2523.2,-25.2,-27.6
2523.3,-24.9,-27.4
2523.4,-24.9,-27.2
2523.5,-24.3,-26.8
2523.6,-24.9,-26.7
2523.7,-25.4,-26.6
2523.8,-26.3,-26.6
2523.9,-27.6,-26.4
2524.0,-27.5,-26.3
2524.1,-27.6,-26.3
2524.2,-27.6,-26.6
2524.3,-28.3,-26.7
2524.4,-29.6,-26.6
2524.5,-27.0,-26.4
2524.6,-25.7,-26.2
2524.7,-25.6,-26.1
2524.8,-25.9,-26.2
2524.9,-28.3,-26.2
2525.0,-33.6,-26.2
2525.1,-38.0,-26.2
2525.2,-37.9,-26.3
2525.3,-33.2,-26.3
2525.4,-31.5,-26.5
2525.5,-31.5,-26.6
2525.6,-31.3,-27.0
2525.7,-33.6,-27.5
2525.8,-36.5,-27.7
2525.9,-36.8,-27.8
2526.0,-37.9,-28.2
2526.1,-38.7,-28.4
2526.2,-39.5,-28.8
2526.3,-39.4,-29.1
2526.4,-39.8,-29.6
2526.5,-40.0,-30.2
2526.6,-40.2,-30.5
2526.7,-40.2,-30.7
2526.8,-40.2,-30.9
2526.9,-40.3,-31.3
2527.0,-40.5,-31.8
2527.1,-41.0,-32.0
2527.2,-41.2,-32.3
2527.3,-41.4,-32.6
2527.4,-41.3,-32.8
2527.5,-40.6,-34.2
2527.6,-40.1,-36.2
2527.7,-40.2,-37.0
2527.8,-40.2,-37.1
2527.9,-41.1,-37.1
2528.0,-40.8,-37.1
2528.1,-36.2,-36.8
2528.2,-33.8,-36.4
2528.3,-33.6,-37.3
2528.4,-33.8,-38.1
2528.5,-35.6,-38.2
2528.6,-40.1,-38.4
2528.7,-37.6,-38.2
2528.8,-35.2,-37.8
2528.9,-34.2,-37.6
2529.0,-33.8,-37.5
2529.1,-33.3,-37.1
2529.2,-33.6,-36.8
2529.3,-33.3,-36.5
2529.4,-32.3,-36.1
2529.5,-32.1,-35.8
2529.6,-32.2,-35.6
2529.7,-32.5,-35.4
2529.8,-33.0,-35.3
2529.9,-32.8,-34.9
2530.0,-32.6,-34.7
2530.1,-32.4,-34.5
2530.2,-32.5,-34.4
2530.3,-34.1,-34.4
2530.4,-35.1,-34.3
2530.5,-36.7,-34.3
2530.6,-38.6,-34.3
2530.7,-35.9,-34.1
2530.8,-34.9,-34.0
2530.9,-33.8,-33.8
2531.0,-33.2,-33.8
2531.1,-32.9,-33.7
2531.2,-32.6,-33.8
2531.3,-32.0,-33.6
2531.4,-31.4,-33.4
2531.5,-31.8,-33.2
2531.6,-31.9,-33.1
2531.7,-32.7,-33.1
2531.8,-33.2,-33.1
2531.9,-33.1,-33.1
2532.0,-33.5,-33.1
2532.1,-33.2,-33.1
2532.2,-33.3,-33.1
2532.3,-33.6,-33.1
2532.4,-33.9,-33.3
2532.5,-35.1,-33.5
2532.6,-36.7,-33.6
2532.7,-38.7,-33.7
2532.8,-39.8,-33.8
2532.9,-39.9,-34.1
2533.0,-40.1,-34.2
2533.1,-40.4,-34.4
2533.2,-41.2,-34.5
2533.3,-39.8,-34.5
2533.4,-32.1,-33.8
2533.5,-30.7,-33.5
2533.6,-30.0,-33.3
2533.7,-29.8,-33.4
2533.8,-32.3,-33.4
2533.9,-34.0,-33.5
2534.0,-34.8,-33.5
2534.1,-33.5,-33.5
2534.2,-32.8,-33.5
2534.3,-31.0,-33.3
2534.4,-29.0,-32.9
2534.5,-29.1,-32.8
2534.6,-29.2,-32.8
2534.7,-30.2,-32.8
2534.8,-32.6,-32.8
2534.9,-33.1,-32.8
2535.0,-32.7,-32.7
2535.1,-32.4,-32.7
2535.2,-32.4,-32.7
2535.3,-32.4,-32.6
2535.4,-32.3,-32.5
2535.5,-31.5,-32.3
2535.6,-30.9,-32.1
2535.7,-30.4,-31.9
2535.8,-30.2,-31.7
2535.9,-30.1,-31.5
2536.0,-29.6,-31.2
2536.1,-28.6,-30.9
2536.2,-27.9,-30.6
2536.3,-27.4,-30.3
2536.4,-27.1,-30.3
2536.5,-27.0,-30.1
2536.6,-26.7,-29.9
2536.7,-26.1,-29.5
2536.8,-25.4,-29.1
2536.9,-24.7,-28.6
2537.0,-24.0,-28.2
2537.1,-23.7,-27.9
2537.2,-23.4,-27.5
2537.3,-23.0,-27.1
2537.4,-22.4,-26.8
2537.5,-21.8,-26.3
2537.6,-21.4,-25.9
2537.7,-21.4,-25.6
2537.8,-21.6,-25.3
2537.9,-21.9,-25.0
2538.0,-22.1,-24.8
2538.1,-22.2,-24.6
2538.2,-22.2,-24.3
2538.3,-22.3,-24.1
2538.4,-22.2,-23.9
2538.5,-21.8,-23.7
2538.6,-21.6,-23.5
2538.7,-21.3,-23.3
2538.8,-21.1,-23.0
2538.9,-21.0,-22.8
2539.0,-20.9,-22.7
2539.1,-20.8,-22.5
2539.2,-20.8,-22.3
2539.3,-20.6,-22.1
2539.4,-20.9,-22.0
2539.5,-21.4,-22.0
2539.6,-21.5,-21.9
2539.7,-21.7,-21.7
2539.8,-20.9,-21.6
2539.9,-20.4,-21.5
2540.0,-20.0,-21.4
2540.1,-19.5,-21.2
2540.2,-19.5,-21.0
2540.3,-19.2,-20.9
2540.4,-19.3,-20.9
2540.5,-19.6,-20.9
2540.6,-19.6,-20.8
2540.7,-19.1,-20.6
2540.8,-19.3,-20.6
2540.9,-19.6,-20.6
2541.0,-19.9,-20.5
2541.1,-20.6,-20.4
2541.2,-20.5,-20.4
2541.3,-20.3,-20.3
2541.4,-20.2,-20.3
2541.5,-19.8,-20.2
2541.6,-19.7,-20.1
2541.7,-18.8,-20.0
2541.8,-18.3,-19.9
2541.9,-19.0,-19.9
2542.0,-19.6,-20.0
2542.1,-19.8,-19.9
2542.2,-19.2,-19.7
2542.3,-17.9,-19.5
2542.4,-17.9,-19.5
2542.5,-18.4,-19.5
2542.6,-19.6,-19.5
2542.7,-21.3,-19.5
2542.8,-21.1,-19.5
2542.9,-21.2,-19.6
2543.0,-21.9,-19.6
2543.1,-22.3,-19.8
2543.2,-23.0,-19.9
2543.3,-24.0,-20.0
2543.4,-24.6,-20.1
2543.5,-25.1,-20.2
2543.6,-25.9,-20.4
2543.7,-26.7,-20.6
2543.8,-27.5,-20.8
2543.9,-28.4,-20.9
2544.0,-29.1,-21.0
2544.1,-30.0,-21.2
2544.2,-31.1,-21.4
2544.3,-32.0,-21.5
2544.4,-33.2,-21.7
2544.5,-34.2,-22.0
2544.6,-35.4,-22.3
2544.7,-36.3,-22.7
2544.8,-36.8,-23.2
2544.9,-37.0,-23.3
2545.0,-37.3,-23.5
2545.1,-37.2,-24.0
2545.2,-34.9,-24.9
2545.3,-33.5,-25.9
2545.4,-32.6,-26.2
2545.5,-32.0,-26.7
2545.6,-32.7,-27.4
2545.7,-33.5,-27.9
2545.8,-34.9,-28.6
2545.9,-36.6,-29.4
2546.0,-37.9,-30.1
2546.1,-40.4,-30.7
2546.2,-40.0,-31.3
2546.3,-39.3,-32.0
2546.4,-39.0,-32.6
2546.5,-38.3,-33.3
2546.6,-37.2,-33.7
2546.7,-36.3,-34.2
2546.8,-35.7,-34.7
2546.9,-35.5,-35.0
2547.0,-35.7,-35.3
2547.1,-35.5,-35.4
2547.2,-35.8,-35.6
2547.3,-36.1,-35.7
2547.4,-36.7,-35.8
2547.5,-32.5,-35.1
2547.6,-31.1,-34.7
2547.7,-31.2,-34.7
2547.8,-31.2,-34.8
2547.9,-34.7,-34.8
2548.0,-40.5,-34.9
2548.1,-40.3,-34.9
2548.2,-40.4,-35.2
2548.3,-40.9,-35.5
2548.4,-41.1,-35.8
2548.5,-42.1,-36.0
2548.6,-41.8,-36.2
2548.7,-40.7,-36.3
2548.8,-39.5,-36.3
2548.9,-38.6,-36.2
2549.0,-32.0,-35.2
2549.1,-30.7,-34.8
2549.2,-29.7,-34.4
2549.3,-27.9,-33.6
2549.4,-29.3,-33.5
2549.5,-30.1,-33.5
2549.6,-30.8,-33.5
2549.7,-35.6,-33.5
2549.8,-36.8,-33.6
2549.9,-37.8,-33.7
2550.0,-42.0,-33.7
2550.1,-42.4,-33.8
2550.2,-42.4,-33.9
2550.3,-42.0,-33.9
2550.4,-40.0,-33.9
2550.5,-36.4,-34.4
2550.6,-33.2,-34.4
2550.7,-31.2,-33.9
2550.8,-31.0,-33.9
2550.9,-31.2,-33.7
2551.0,-32.1,-33.6
2551.1,-34.0,-33.5
2551.2,-33.9,-33.4
2551.3,-33.1,-33.2
2551.4,-31.8,-32.9
2551.5,-28.8,-32.1
2551.6,-27.2,-31.5
2551.7,-26.4,-31.1
2551.8,-25.6,-30.6
2551.9,-25.5,-30.2
2552.0,-25.9,-30.2
2552.1,-25.9,-30.0
2552.2,-26.6,-29.9
2552.3,-27.7,-30.1
2552.4,-28.6,-30.0
2552.5,-30.0,-30.0
2552.6,-29.6,-29.8
2552.7,-28.2,-29.4
2552.8,-26.3,-29.0
2552.9,-26.1,-28.8
2553.0,-26.3,-28.7
2553.1,-27.0,-28.5
2553.2,-27.9,-28.3
2553.3,-27.5,-28.1
2553.4,-27.6,-28.0
2553.5,-26.6,-27.8
2553.6,-27.9,-27.9
2553.7,-28.9,-27.9
2553.8,-29.2,-27.9
2553.9,-28.6,-27.6
2554.0,-27.4,-27.4
2554.1,-27.4,-27.5
2554.2,-27.9,-27.5
2554.3,-31.4,-27.5
2554.4,-35.7,-27.6
2554.5,-34.8,-27.8
2554.6,-34.6,-28.0
2554.7,-33.7,-28.2
2554.8,-34.5,-28.5
2554.9,-35.9,-28.8
2555.0,-37.0,-29.0
2555.1,-41.3,-29.2
2555.2,-42.1,-29.4
2555.3,-42.5,-29.5
2555.4,-42.6,-29.6
2555.5,-43.2,-29.7
2555.6,-38.2,-29.9
2555.7,-34.1,-30.2
2555.8,-33.5,-30.8
2555.9,-30.7,-30.7
2556.0,-30.4,-30.8
2556.1,-30.0,-30.8
2556.2,-29.6,-31.2
2556.3,-31.3,-31.5
2556.4,-31.6,-31.6
2556.5,-33.9,-32.3
2556.6,-34.0,-32.2
2556.7,-32.8,-32.1
2556.8,-32.4,-32.2
2556.9,-32.0,-33.1
2557.0,-33.1,-33.8
2557.1,-32.9,-33.6
2557.2,-34.8,-33.6
2557.3,-32.1,-33.2
2557.4,-31.1,-33.1
2557.5,-32.3,-33.2
2557.6,-30.9,-33.0
2557.7,-31.4,-32.9
2557.8,-32.4,-32.9
2557.9,-31.8,-32.8
2558.0,-31.4,-32.5
2558.1,-32.5,-32.4
2558.2,-32.5,-32.4
2558.3,-33.0,-32.3
2558.4,-36.6,-32.3
2558.5,-39.6,-32.3
2558.6,-40.4,-32.4
2558.7,-43.2,-32.7
2558.8,-45.0,-32.7
2558.9,-44.9,-33.2
2559.0,-45.0,-33.4
2559.1,-45.3,-33.8
2559.2,-45.2,-34.1
2559.3,-45.5,-34.1
2559.4,-45.7,-34.3
2559.5,-42.4,-34.4
2559.6,-34.8,-34.2
2559.7,-32.8,-34.1
2559.8,-31.8,-34.2
2559.9,-30.8,-34.1
2560.0,-32.4,-34.0
2560.1,-33.9,-34.3
2560.2,-34.4,-34.2
2560.3,-37.7,-34.8
2560.4,-38.4,-35.1
2560.5,-39.3,-35.1
2560.6,-46.0,-35.6
2560.7,-46.7,-36.2
2560.8,-45.4,-36.3
2560.9,-39.9,-36.3
2561.0,-37.4,-36.9
2561.1,-36.9,-37.2
2561.2,-36.1,-37.1
2561.3,-35.2,-36.9
2561.4,-33.5,-36.3
2561.5,-31.0,-35.5
2561.6,-31.2,-35.5
2561.7,-31.2,-35.2
2561.8,-31.2,-34.8
2561.9,-33.4,-34.7
2562.0,-33.0,-34.6
2562.1,-34.3,-34.6
2562.2,-38.0,-34.6
2562.3,-38.5,-34.5
2562.4,-37.3,-34.4
2562.5,-35.1,-34.2
2562.6,-35.0,-34.6
2562.7,-34.9,-34.9
2562.8,-31.4,-34.3
2562.9,-30.8,-34.2
2563.0,-30.1,-34.0
2563.1,-30.2,-34.0
2563.2,-32.9,-34.0
2563.3,-35.7,-34.0
2563.4,-38.6,-34.0
2563.5,-38.7,-34.0
2563.6,-39.8,-33.9
2563.7,-37.6,-33.8
2563.8,-28.8,-32.4
2563.9,-28.7,-32.5
2564.0,-28.7,-32.5
2564.1,-28.9,-32.5
2564.2,-29.2,-31.6
2564.3,-27.4,-31.1
2564.4,-26.4,-30.9
2564.5,-26.1,-31.0
2564.6,-27.6,-30.8
2564.7,-27.3,-30.4
2564.8,-26.8,-30.1
2564.9,-26.2,-29.8
2565.0,-25.7,-29.5
2565.1,-26.6,-29.3
2565.2,-27.0,-29.1
2565.3,-27.0,-28.9
2565.4,-27.9,-28.8
2565.5,-26.9,-28.5
2565.6,-25.9,-28.2
2565.7,-26.2,-28.0
2565.8,-26.2,-28.1
2565.9,-27.1,-28.1
2566.0,-29.0,-28.1
2566.1,-30.0,-28.0
2566.2,-28.8,-27.8
2566.3,-29.7,-27.8
2566.4,-26.7,-27.4
2566.5,-26.2,-27.3
2566.6,-27.2,-27.3
2566.7,-25.8,-27.0
2566.8,-28.0,-27.3
2566.9,-28.3,-27.2
2567.0,-27.9,-27.2
2567.1,-30.0,-27.1
2567.2,-27.1,-27.1
2567.3,-22.6,-26.2
2567.4,-19.9,-25.2
2567.5,-19.1,-24.9
2567.6,-19.2,-24.7
2567.7,-20.5,-24.8
2567.8,-23.5,-24.8
2567.9,-25.6,-24.8
2568.0,-26.5,-24.8
2568.1,-27.6,-24.8
2568.2,-27.8,-24.9
2568.3,-26.3,-24.8
2568.4,-24.2,-24.5
2568.5,-24.4,-24.6
2568.6,-24.8,-24.7
2568.7,-26.5,-24.8
2568.8,-35.9,-24.8
2568.9,-36.9,-24.9
2569.0,-37.8,-24.9
2569.1,-38.7,-24.9
2569.2,-39.4,-25.0
2569.3,-38.8,-25.0
2569.4,-36.3,-25.3
2569.5,-35.8,-25.4
2569.6,-35.8,-25.4
2569.7,-36.1,-25.5
2569.8,-37.9,-25.6
2569.9,-38.2,-25.6
2570.0,-38.1,-25.7
2570.1,-38.2,-25.7
2570.2,-38.3,-26.0
2570.3,-38.3,-26.9
2570.4,-38.0,-28.7
2570.5,-38.0,-29.7
2570.6,-37.8,-30.3
2570.7,-37.6,-30.7
2570.8,-37.4,-31.0
2570.9,-37.0,-31.3
2571.0,-37.0,-31.7
2571.1,-37.1,-31.9
2571.2,-35.9,-32.2
2571.3,-34.8,-33.3
2571.4,-33.8,-36.6
2571.5,-33.4,-36.6
2571.6,-33.8,-36.6
2571.7,-34.8,-36.6
2571.8,-36.2,-36.6
2571.9,-37.3,-36.6
2572.0,-38.1,-36.6
2572.1,-38.4,-36.6
2572.2,-38.8,-36.6
2572.3,-39.0,-36.7
2572.4,-37.5,-36.8
2572.5,-36.1,-36.6
2572.6,-34.4,-36.3
2572.7,-33.3,-36.1
2572.8,-33.2,-36.0
2572.9,-32.9,-35.8
2573.0,-33.6,-35.7
2573.1,-34.4,-35.6
2573.2,-35.4,-35.7
2573.3,-37.5,-35.7
2573.4,-39.0,-35.7
2573.5,-40.3,-35.8
2573.6,-40.7,-35.8
2573.7,-40.7,-35.9
2573.8,-40.4,-35.9
2573.9,-33.8,-35.3
2574.0,-29.6,-34.2
2574.1,-27.5,-33.3
2574.2,-25.6,-32.3
2574.3,-24.0,-31.1
2574.4,-23.1,-30.1
2574.5,-23.0,-29.7
2574.6,-23.0,-29.2
2574.7,-23.9,-28.9
2574.8,-24.6,-28.5
2574.9,-25.6,-28.5
2575.0,-27.5,-28.5
2575.1,-29.4,-28.5
2575.2,-36.0,-28.5
2575.3,-37.6,-28.5
2575.4,-36.1,-28.5
2575.5,-30.7,-28.2
2575.6,-30.0,-28.2
2575.7,-29.8,-28.2
2575.8,-28.8,-28.1
2575.9,-29.6,-28.0
2576.0,-28.6,-27.9
2576.1,-28.6,-27.9
2576.2,-29.7,-27.9
2576.3,-31.0,-27.8
2576.4,-30.6,-27.6
2576.5,-28.9,-27.5
2576.6,-28.8,-27.4
2576.7,-29.4,-27.4
2576.8,-31.7,-27.4
2576.9,-37.1,-27.5
2577.0,-38.4,-27.8
2577.1,-39.3,-28.0
2577.2,-40.9,-28.4
2577.3,-42.4,-29.1
2577.4,-42.5,-29.9
2577.5,-42.8,-30.3
2577.6,-42.8,-31.0
2577.7,-39.8,-31.5
2577.8,-36.0,-32.2
2577.9,-32.3,-32.0
2578.0,-28.5,-31.3
2578.1,-28.4,-31.3
2578.2,-28.9,-31.3
2578.3,-30.2,-31.3
2578.4,-38.7,-31.4
2578.5,-43.6,-32.0
2578.6,-43.5,-32.1
2578.7,-43.2,-32.2
2578.8,-43.1,-32.5
2578.9,-43.1,-33.0
2579.0,-43.1,-33.6
2579.1,-43.2,-33.7
2579.2,-43.0,-33.7
2579.3,-42.9,-34.0
2579.4,-42.9,-34.8
2579.5,-42.9,-35.8
2579.6,-42.9,-35.9
2579.7,-42.8,-36.0
2579.8,-42.8,-36.1
2579.9,-42.7,-36.1
2580.0,-43.0,-36.1
2580.1,-43.3,-36.2
2580.2,-43.8,-36.2
2580.3,-44.0,-36.2
2580.4,-44.3,-36.2
2580.5,-44.6,-36.2
2580.6,-44.5,-36.2
2580.7,-44.8,-36.4
2580.8,-44.5,-36.7
2580.9,-43.8,-37.8
2581.0,-43.4,-42.4
2581.1,-43.3,-43.4
2581.2,-43.0,-43.4
2581.3,-42.9,-43.3
2581.4,-42.8,-43.3
2581.5,-42.7,-43.3
2581.6,-42.7,-43.3
2581.7,-42.1,-43.2
2581.8,-34.7,-40.7
2581.9,-33.4,-40.0
2582.0,-31.5,-38.7
2582.1,-31.3,-38.5
2582.2,-33.3,-38.5
2582.3,-34.5,-38.5
2582.4,-40.1,-38.5
2582.5,-42.4,-38.5
2582.6,-42.5,-38.5
2582.7,-42.7,-38.5
2582.8,-42.9,-38.5
2582.9,-42.9,-38.5
2583.0,-43.0,-38.5
2583.1,-43.1,-38.5
2583.2,-37.5,-38.0
2583.3,-35.5,-37.6
2583.4,-35.4,-37.6
2583.5,-35.4,-37.5
2583.6,-37.8,-37.5
2583.7,-42.2,-37.5
2583.8,-42.6,-37.5
2583.9,-42.6,-37.5
2584.0,-42.7,-37.5
2584.1,-42.1,-37.5
2584.2,-41.7,-37.5
2584.3,-41.2,-37.4
2584.4,-40.7,-37.4
2584.5,-40.6,-37.4
2584.6,-40.6,-37.4
2584.7,-40.9,-37.4
2584.8,-41.0,-38.3
2584.9,-41.3,-38.8
2585.0,-41.5,-40.1
2585.1,-41.5,-40.3
2585.2,-41.8,-40.3
2585.3,-41.4,-40.2
2585.4,-40.6,-40.1
2585.5,-40.2,-40.0
2585.6,-40.0,-40.0
2585.7,-39.8,-39.9
2585.8,-40.2,-39.9
2585.9,-39.6,-39.7
2586.0,-37.7,-39.4
2586.1,-36.5,-39.0
2586.2,-36.2,-39.5
2586.3,-36.4,-40.0
2586.4,-37.7,-40.0
2586.5,-39.2,-39.9
2586.6,-39.3,-39.8
2586.7,-38.7,-39.6
2586.8,-38.0,-39.4
2586.9,-37.7,-39.3
2587.0,-37.8,-39.2
2587.1,-38.3,-39.2
2587.2,-38.7,-39.1
2587.3,-39.0,-39.0
2587.4,-38.5,-38.9
2587.5,-38.6,-38.9
2587.6,-38.7,-38.9
2587.7,-38.5,-38.8
2587.8,-38.6,-38.7
2587.9,-37.9,-38.5
2588.0,-37.2,-38.4
2588.1,-37.1,-38.3
2588.2,-37.4,-38.2
2588.3,-37.7,-38.2
2588.4,-38.4,-38.2
2588.5,-38.9,-38.1
2588.6,-38.5,-38.1
2588.7,-37.1,-37.8
2588.8,-31.8,-36.4
2588.9,-28.1,-34.6
2589.0,-27.8,-34.5
2589.1,-27.7,-34.4
2589.2,-24.8,-32.0
2589.3,-25.2,-31.4
2589.4,-25.3,-31.4
2589.5,-25.5,-31.4
2589.6,-27.8,-30.8
2589.7,-27.1,-30.2
2589.8,-27.1,-30.1
2589.9,-25.5,-29.7
2590.0,-25.1,-29.1
2590.1,-25.7,-28.9
2590.2,-25.1,-28.7
2590.3,-26.3,-28.6
2590.4,-27.3,-28.4
2590.5,-28.0,-28.3
2590.6,-29.3,-28.2
2590.7,-29.9,-28.2
2590.8,-33.8,-28.3
2590.9,-38.0,-28.3
2591.0,-38.0,-28.3
2591.1,-37.9,-28.3
2591.2,-37.2,-28.2
2591.3,-36.8,-28.2
2591.4,-36.6,-28.2
2591.5,-36.7,-28.2
2591.6,-37.1,-28.2
2591.7,-37.5,-28.2
2591.8,-37.7,-28.4
2591.9,-37.2,-28.8
2592.0,-37.4,-28.8
2592.1,-37.0,-28.9
2592.2,-36.5,-29.9
2592.3,-36.2,-30.2
2592.4,-35.6,-30.2
2592.5,-35.3,-30.2
2592.6,-35.6,-30.7
2592.7,-35.7,-31.4
2592.8,-35.2,-31.4
2592.9,-32.1,-31.8
2593.0,-28.5,-32.0
2593.1,-28.4,-32.5
2593.2,-28.4,-32.9
2593.3,-29.4,-33.0
2593.4,-34.1,-33.7
2593.5,-33.9,-34.0
2593.6,-33.7,-33.9
2593.7,-33.3,-33.7
2593.8,-32.9,-33.6
2593.9,-32.2,-33.4
2594.0,-31.8,-33.2
2594.1,-31.2,-33.0
2594.2,-30.7,-32.8
2594.3,-30.5,-32.6
2594.4,-30.1,-32.4
2594.5,-30.0,-32.2
2594.6,-29.8,-31.9
2594.7,-29.6,-31.7
2594.8,-29.3,-31.5
2594.9,-29.0,-31.3
2595.0,-28.8,-31.0
2595.1,-28.6,-30.8
2595.2,-28.6,-30.6
2595.3,-28.6,-30.4
2595.4,-28.6,-30.3
2595.5,-28.6,-30.1
2595.6,-28.5,-29.9
2595.7,-28.4,-29.7
2595.8,-28.4,-29.6
2595.9,-28.6,-29.7
2596.0,-29.0,-30.0
2596.1,-29.2,-29.9
2596.2,-29.3,-29.8
2596.3,-29.0,-29.6
2596.4,-28.6,-29.5
2596.5,-28.2,-29.3
2596.6,-27.8,-29.1
2596.7,-27.3,-28.9
2596.8,-27.1,-28.8
2596.9,-26.9,-28.7
2597.0,-27.0,-28.5
2597.1,-27.4,-28.5
2597.2,-27.9,-28.5
2597.3,-28.3,-28.4
2597.4,-28.8,-28.4
2597.5,-28.9,-28.4
2597.6,-28.9,-28.4
2597.7,-28.8,-28.3
2597.8,-28.5,-28.3
2597.9,-28.2,-28.3
2598.0,-28.0,-28.3
2598.1,-27.7,-28.2
2598.2,-27.3,-28.1
2598.3,-27.0,-28.0
2598.4,-26.6,-28.0
2598.5,-26.4,-27.9
2598.6,-26.4,-27.8
2598.7,-26.2,-27.7
2598.8,-25.8,-27.5
2598.9,-25.3,-27.3
2599.0,-25.0,-27.2
2599.1,-24.7,-27.0
2599.2,-24.9,-26.9
2599.3,-25.0,-26.8
2599.4,-24.9,-26.7
2599.5,-24.9,-26.5
2599.6,-24.8,-26.5
2599.7,-24.7,-26.4
2599.8,-24.6,-26.3
2599.9,-24.3,-26.1
2600.0,-24.0,-26.0
2600.1,-23.7,-25.8
2600.2,-23.3,-25.6
2600.3,-23.3,-25.4
2600.4,-23.4,-25.3
2600.5,-23.7,-25.2
2600.6,-23.8,-25.0
2600.7,-23.6,-24.8
2600.8,-22.8,-24.6
2600.9,-22.2,-24.4
2601.0,-21.7,-24.2
2601.1,-21.3,-23.9
2601.2,-21.3,-23.8
2601.3,-21.1,-23.6
2601.4,-20.9,-23.4
2601.5,-20.8,-23.2
2601.6,-20.9,-23.0
2601.7,-20.8,-22.8
2601.8,-21.0,-22.7
2601.9,-21.2,-22.6
2602.0,-21.3,-22.5
2602.1,-21.4,-22.4
2602.2,-21.4,-22.3
2602.3,-21.2,-22.2
2602.4,-21.4,-22.1
2602.5,-21.9,-22.1
2602.6,-22.3,-22.1
2602.7,-23.3,-22.1
2602.8,-23.8,-22.1
2602.9,-23.8,-22.1
2603.0,-24.1,-22.1
2603.1,-24.5,-22.1
2603.2,-24.4,-22.2
2603.3,-24.6,-22.2
2603.4,-24.6,-22.2
2603.5,-24.3,-22.2
2603.6,-22.6,-22.0
2603.7,-22.3,-22.0
2603.8,-22.4,-22.2
2603.9,-22.7,-22.2
2604.0,-23.6,-22.3
2604.1,-23.0,-22.3
2604.2,-22.8,-22.4
2604.3,-22.9,-22.5
2604.4,-24.0,-22.7
2604.5,-25.9,-22.9
2604.6,-26.6,-23.0
2604.7,-25.9,-23.1
2604.8,-25.9,-23.3
2604.9,-25.0,-23.4
2605.0,-24.7,-23.5
2605.1,-25.6,-23.7
2605.2,-25.7,-23.9
2605.3,-26.9,-24.2
2605.4,-28.4,-24.3
2605.5,-28.4,-24.4
2605.6,-28.2,-24.6
2605.7,-28.2,-24.7
2605.8,-28.0,-24.8
2605.9,-28.1,-24.9
2606.0,-28.5,-25.0
2606.1,-29.1,-25.1
2606.2,-29.5,-25.2
2606.3,-29.4,-25.3
2606.4,-28.8,-25.4
2606.5,-28.5,-25.6
2606.6,-28.1,-26.1
2606.7,-28.0,-26.3
2606.8,-28.2,-26.4
2606.9,-28.5,-26.5
2607.0,-29.1,-26.9
2607.1,-29.8,-27.4
2607.2,-30.3,-27.6
2607.3,-30.8,-27.8
2607.4,-30.8,-27.9
2607.5,-31.3,-28.0
2607.6,-31.9,-28.2
2607.7,-31.5,-28.5
2607.8,-31.2,-28.6
2607.9,-30.9,-28.9
2608.0,-30.6,-29.3
2608.1,-30.6,-29.3
2608.2,-30.5,-29.4
2608.3,-30.0,-29.4
2608.4,-29.3,-29.4
2608.5,-28.5,-29.3
2608.6,-27.6,-29.2
2608.7,-27.1,-29.2
2608.8,-26.0,-28.9
2608.9,-25.1,-28.6
2609.0,-24.6,-28.3
2609.1,-24.1,-28.1
2609.2,-24.2,-27.9
2609.3,-24.7,-27.8
2609.4,-25.3,-27.7
2609.5,-26.2,-27.7
2609.6,-26.4,-27.6
2609.7,-26.3,-27.5
2609.8,-25.8,-27.4
2609.9,-26.2,-27.4
2610.0,-26.9,-27.3
2610.1,-27.8,-27.3
2610.2,-28.8,-27.3
2610.3,-28.0,-27.2
2610.4,-27.2,-27.0
2610.5,-26.5,-26.9
2610.6,-25.9,-26.7
2610.7,-25.4,-26.5
2610.8,-24.7,-26.3
2610.9,-23.8,-26.0
2611.0,-23.0,-25.7
2611.1,-22.2,-25.4
2611.2,-21.7,-25.1
2611.3,-21.4,-24.8
2611.4,-21.3,-24.5
2611.5,-21.4,-24.3
2611.6,-21.5,-24.2
2611.7,-21.5,-24.0
2611.8,-21.5,-23.8
2611.9,-21.4,-23.7
2612.0,-21.5,-23.6
2612.1,-21.7,-23.6
2612.2,-21.6,-23.4
2612.3,-21.5,-23.3
2612.4,-21.3,-23.1
2612.5,-21.2,-22.9
2612.6,-21.2,-22.8
2612.7,-21.2,-22.7
2612.8,-21.1,-22.5
2612.9,-20.8,-22.3
2613.0,-20.6,-22.1
2613.1,-20.5,-21.9
2613.2,-20.1,-21.7
2613.3,-19.8,-21.5
2613.4,-19.6,-21.3
2613.5,-19.2,-21.1
2613.6,-19.2,-21.0
2613.7,-19.2,-20.8
2613.8,-19.3,-20.7
2613.9,-19.5,-20.6
2614.0,-19.5,-20.5
2614.1,-19.5,-20.5
2614.2,-19.4,-20.4
2614.3,-19.5,-20.4
2614.4,-19.8,-20.3
2614.5,-20.0,-20.3
2614.6,-20.3,-20.3
2614.7,-20.6,-20.3
2614.8,-20.6,-20.2
2614.9,-21.0,-20.2
2615.0,-21.4,-20.3
2615.1,-21.6,-20.3
2615.2,-22.0,-20.3
2615.3,-22.1,-20.3
2615.4,-22.4,-20.4
2615.5,-22.6,-20.4
2615.6,-22.9,-20.4
2615.7,-23.1,-20.5
2615.8,-23.3,-20.6
2615.9,-23.6,-20.6
2616.0,-23.8,-20.7
2616.1,-24.3,-20.8
2616.2,-24.6,-21.0
2616.3,-25.0,-21.2
2616.4,-25.5,-21.3
2616.5,-25.7,-21.6
2616.6,-25.9,-21.7
2616.7,-26.4,-22.0
2616.8,-26.9,-22.2
2616.9,-27.6,-22.4
2617.0,-28.3,-22.7
2617.1,-29.0,-23.0
2617.2,-28.9,-23.3
2617.3,-29.3,-23.6
2617.4,-29.6,-23.9
2617.5,-30.0,-24.2
2617.6,-31.4,-24.5
2617.7,-31.8,-24.8
2617.8,-32.2,-25.2
2617.9,-32.6,-25.5
2618.0,-32.9,-25.8
2618.1,-33.0,-26.1
2618.2,-33.4,-26.5
2618.3,-33.9,-26.8
2618.4,-34.5,-27.2
2618.5,-35.1,-27.5
2618.6,-35.6,-27.9
2618.7,-35.9,-28.4
2618.8,-36.5,-28.8
2618.9,-37.2,-29.2
2619.0,-38.0,-29.7
2619.1,-38.7,-30.1
2619.2,-39.2,-30.5
2619.3,-39.5,-31.0
2619.4,-39.7,-31.5
2619.5,-40.0,-32.0
2619.6,-37.5,-32.4
2619.7,-35.6,-32.8
2619.8,-34.8,-33.2
2619.9,-34.6,-33.5
2620.0,-35.5,-33.8
2620.1,-34.4,-33.9
2620.2,-33.0,-34.3
2620.3,-32.6,-34.4
2620.4,-31.7,-34.5
2620.5,-31.8,-34.4
2620.6,-32.8,-34.6
2620.7,-32.3,-34.5
2620.8,-32.4,-34.5
2620.9,-33.5,-34.6
2621.0,-33.0,-34.6
2621.1,-30.7,-34.0
2621.2,-30.6,-33.9
2621.3,-30.2,-33.8
2621.4,-30.5,-33.8
2621.5,-33.6,-33.8
2621.6,-35.9,-33.9
2621.7,-39.3,-34.0
2621.8,-39.2,-33.9
2621.9,-36.7,-33.8
2622.0,-36.7,-33.8
2622.1,-36.8,-33.9
2622.2,-38.7,-33.9
2622.3,-53.5,-33.9
2622.4,-54.2,-34.0
2622.5,-54.3,-34.0
2622.6,-53.3,-34.1
2622.7,-46.7,-34.3
2622.8,-38.1,-34.2
2622.9,-37.2,-34.2
2623.0,-35.2,-34.1
2623.1,-34.6,-34.3
2623.2,-36.4,-34.7
2623.3,-36.5,-34.8
2623.4,-39.2,-35.0
2623.5,-40.0,-35.3
2623.6,-40.1,-35.5
2623.7,-41.9,-35.8
2623.8,-42.5,-36.1
2623.9,-49.3,-36.3
2624.0,-54.9,-36.6
2624.1,-46.9,-38.1
2624.2,-46.9,-38.9
2624.3,-46.8,-39.5
2624.4,-46.7,-39.9
2624.5,-44.4,-40.0
2624.6,-39.2,-39.5
2624.7,-38.3,-39.4
2624.8,-36.8,-39.4
2624.9,-35.5,-39.6
2625.0,-36.6,-39.5
2625.1,-37.2,-39.5
2625.2,-37.7,-39.3
2625.3,-37.8,-38.8
2625.4,-38.0,-38.7
2625.5,-37.7,-38.7
2625.6,-36.9,-38.4
2625.7,-36.5,-38.0
2625.8,-35.9,-38.3
2625.9,-35.3,-38.3
2626.0,-36.1,-38.6
2626.1,-38.8,-38.9
2626.2,-40.1,-38.9
2626.3,-40.9,-38.9
2626.4,-39.9,-38.7
2626.5,-39.0,-38.8
2626.6,-38.5,-38.7
2626.7,-39.6,-38.7
2626.8,-39.8,-38.5
2626.9,-38.3,-38.2
2627.0,-37.6,-38.0
2627.1,-36.6,-37.9
2627.2,-37.3,-37.9
2627.3,-39.5,-37.9
2627.4,-41.4,-37.8
2627.5,-41.8,-37.8
2627.6,-42.0,-38.1
2627.7,-42.4,-38.2
2627.8,-43.1,-38.4
2627.9,-50.1,-38.9
2628.0,-51.9,-39.0
2628.1,-52.3,-39.0
2628.2,-61.0,-39.2
2628.3,-62.5,-39.7
2628.4,-51.1,-39.7
2628.5,-42.6,-39.5
2628.6,-42.3,-39.9
2628.7,-38.5,-40.2
2628.8,-38.3,-40.4
2628.9,-39.1,-40.5
2629.0,-39.2,-40.7
2629.1,-44.0,-40.8
2629.2,-46.2,-40.9
2629.3,-61.2,-41.1
2629.4,-61.9,-41.4
2629.5,-53.8,-41.7
2629.6,-48.6,-41.8
2629.7,-47.8,-41.8
2629.8,-47.8,-42.2
2629.9,-48.8,-43.0
2630.0,-54.5,-43.7
2630.1,-60.9,-44.4
2630.2,-62.2,-44.5
2630.3,-62.2,-44.6
2630.4,-62.1,-44.8
2630.5,-61.0,-45.6
2630.6,-60.7,-45.6
2630.7,-60.3,-45.6
2630.8,-57.1,-45.7
2630.9,-46.7,-45.3
2631.0,-43.8,-44.9
2631.1,-38.0,-43.2
2631.2,-37.9,-43.2
2631.3,-37.3,-42.7
2631.4,-35.5,-41.7
2631.5,-37.7,-42.0
2631.6,-36.3,-41.4
2631.7,-36.3,-41.7
2631.8,-38.4,-41.7
2631.9,-38.3,-41.8
2632.0,-35.4,-40.3
2632.1,-34.6,-39.7
2632.2,-33.5,-39.1
2632.3,-33.4,-39.0
2632.4,-36.0,-39.0
2632.5,-38.4,-39.0
2632.6,-46.2,-39.0
2632.7,-57.0,-39.0
2632.8,-57.0,-39.0
2632.9,-47.8,-39.0
2633.0,-45.8,-38.9
2633.1,-45.8,-38.9
2633.2,-46.0,-38.9
2633.3,-49.8,-38.9
2633.4,-59.6,-38.9
2633.5,-59.3,-38.9
2633.6,-47.6,-38.8
2633.7,-40.1,-38.5
2633.8,-37.2,-38.1
2633.9,-34.8,-37.7
2634.0,-33.8,-37.4
2634.1,-33.9,-37.6
2634.2,-34.6,-37.5
2634.3,-35.7,-37.4
2634.4,-36.6,-37.6
2634.5,-37.9,-37.6
2634.6,-38.6,-37.8
2634.7,-41.2,-38.0
2634.8,-45.4,-38.0
2634.9,-49.3,-38.1
2635.0,-51.7,-38.9
2635.1,-44.2,-39.3
2635.2,-43.2,-39.8
2635.3,-42.4,-39.9
2635.4,-42.5,-39.9
2635.5,-46.2,-39.9
2635.6,-48.6,-39.9
2635.7,-53.4,-39.9
2635.8,-51.4,-39.9
2635.9,-51.0,-39.9
2636.0,-50.8,-40.0
2636.1,-51.0,-40.0
2636.2,-45.8,-39.9
2636.3,-45.9,-39.9
2636.4,-45.9,-39.9
2636.5,-45.5,-39.8
2636.6,-48.4,-39.9
2636.7,-46.9,-40.3
2636.8,-44.2,-40.8
2636.9,-40.6,-41.5
2637.0,-40.1,-42.2
2637.1,-39.9,-42.8
2637.2,-40.8,-43.2
2637.3,-44.9,-44.0
2637.4,-49.2,-44.8
2637.5,-55.2,-45.1
2637.6,-55.6,-45.3
2637.7,-55.3,-45.3
2637.8,-55.2,-45.3
2637.9,-55.6,-45.3
2638.0,-55.7,-45.3
2638.1,-55.9,-46.0
2638.2,-56.1,-46.3
2638.3,-55.4,-46.5
2638.4,-45.6,-46.0
2638.5,-42.7,-45.4
2638.6,-42.1,-45.3
2638.7,-39.8,-44.5
2638.8,-38.4,-43.6
2638.9,-37.0,-42.7
2639.0,-34.6,-41.3
2639.1,-35.0,-41.2
2639.2,-35.3,-41.0
2639.3,-35.8,-40.7
2639.4,-38.1,-40.4
2639.5,-38.2,-40.3
2639.6,-39.1,-40.3
2639.7,-40.6,-40.2
2639.8,-40.1,-40.0
2639.9,-40.0,-40.2
2640.0,-39.6,-40.2
2640.1,-40.0,-40.2
2640.2,-39.6,-39.9
2640.3,-35.6,-39.0
2640.4,-35.3,-38.8
2640.5,-35.1,-38.7
2640.6,-35.4,-38.5
2640.7,-38.6,-38.4
2640.8,-38.2,-38.2
2640.9,-37.8,-38.0
2641.0,-39.2,-38.0
2641.1,-40.3,-38.0
2641.2,-43.0,-38.0
2641.3,-40.4,-37.7
2641.4,-38.8,-37.7
2641.5,-34.6,-37.1
2641.6,-33.5,-36.8
2641.7,-33.9,-36.8
2641.8,-33.6,-36.8
2641.9,-35.2,-36.8
2642.0,-36.5,-37.1
2642.1,-36.4,-37.0
2642.2,-37.1,-37.0
2642.3,-37.6,-37.0
2642.4,-37.1,-37.0
2642.5,-36.9,-36.9
2642.6,-37.1,-36.8
2642.7,-38.1,-36.8
2642.8,-39.7,-37.0
2642.9,-39.5,-36.9
2643.0,-39.6,-36.8
2643.1,-40.0,-36.8
2643.2,-40.0,-37.0
2643.3,-42.2,-37.5
2643.4,-41.0,-37.5
2643.5,-39.9,-37.4
2643.6,-38.9,-37.5
2643.7,-38.6,-37.5
2643.8,-40.2,-37.7
2643.9,-41.8,-37.8
2644.0,-44.7,-37.8
2644.1,-48.2,-37.8
2644.2,-49.3,-37.8
2644.3,-49.4,-38.1
2644.4,-49.8,-38.2
2644.5,-49.1,-39.1
2644.6,-44.2,-39.6
2644.7,-42.9,-39.6
2644.8,-42.7,-40.0
2644.9,-42.7,-40.5
2645.0,-45.2,-40.7
2645.1,-47.4,-40.9
2645.2,-47.4,-41.2
2645.3,-47.8,-41.7
2645.4,-48.0,-42.1
2645.5,-48.0,-42.5
2645.6,-47.7,-42.8
2645.7,-47.1,-43.0
2645.8,-46.2,-43.0
2645.9,-43.6,-43.3
2646.0,-40.7,-43.1
2646.1,-38.8,-42.6
2646.2,-35.5,-41.3
2646.3,-34.2,-40.5
2646.4,-33.2,-39.9
2646.5,-33.0,-39.7
2646.6,-34.3,-39.7
2646.7,-35.3,-39.6
2646.8,-37.5,-39.5
2646.9,-38.8,-39.3
2647.0,-37.5,-39.0
2647.1,-37.7,-38.8
2647.2,-36.8,-38.5
2647.3,-35.7,-38.2
2647.4,-34.8,-37.7
2647.5,-34.5,-37.5
2647.6,-34.6,-37.4
2647.7,-35.0,-37.3
2647.8,-36.7,-37.2
2647.9,-37.5,-37.1
2648.0,-38.8,-37.1
2648.1,-40.4,-37.1
2648.2,-41.7,-37.1
2648.3,-42.7,-37.0
2648.4,-42.6,-37.0
2648.5,-42.3,-37.0
2648.6,-41.8,-36.9
2648.7,-41.7,-36.9
2648.8,-41.5,-36.9
2648.9,-41.0,-36.9
2649.0,-41.0,-36.9
2649.1,-41.1,-37.1
2649.2,-41.3,-37.5
2649.3,-41.3,-37.8
2649.4,-41.0,-38.3
2649.5,-39.4,-38.3
2649.6,-37.9,-38.2
2649.7,-37.2,-38.2
2649.8,-37.0,-38.2
2649.9,-37.0,-38.1
2650.0,-37.1,-38.2
2650.1,-37.0,-38.1
2650.2,-36.6,-38.1
2650.3,-36.6,-38.3
2650.4,-36.9,-38.7
2650.5,-37.5,-38.8
2650.6,-38.3,-39.0
2650.7,-39.1,-39.1
2650.8,-39.3,-39.1
2650.9,-38.5,-39.0
2651.0,-37.9,-38.8
2651.1,-37.3,-38.7
2651.2,-36.2,-38.3
2651.3,-35.5,-38.0
2651.4,-34.3,-37.6
2651.5,-33.4,-37.2
2651.6,-33.2,-37.0
2651.7,-32.8,-36.6
2651.8,-32.7,-36.3
2651.9,-32.5,-36.0
2652.0,-32.9,-35.9
2652.1,-32.8,-35.6
2652.2,-32.7,-35.3
2652.3,-32.6,-35.0
2652.4,-31.9,-34.8
2652.5,-31.5,-34.5
2652.6,-30.9,-34.2
2652.7,-29.8,-33.7
2652.8,-28.5,-33.1
2652.9,-27.7,-32.6
2653.0,-27.2,-32.1
2653.1,-27.0,-31.8
2653.2,-27.2,-31.4
2653.3,-27.4,-31.2
2653.4,-26.9,-30.7
2653.5,-26.4,-30.2
2653.6,-25.9,-29.8
2653.7,-25.3,-29.4
2653.8,-24.8,-28.9
2653.9,-23.9,-28.3
2654.0,-22.8,-27.7
2654.1,-22.0,-27.1
2654.2,-21.5,-26.6
2654.3,-21.4,-26.2
2654.4,-21.4,-25.8
2654.5,-21.3,-25.4
2654.6,-21.1,-25.0
2654.7,-20.7,-24.6
2654.8,-20.2,-24.2
2654.9,-20.0,-23.8
2655.0,-19.7,-23.4
2655.1,-19.4,-23.1
2655.2,-19.1,-22.7
2655.3,-18.5,-22.2
2655.4,-17.9,-21.8
2655.5,-17.4,-21.4
2655.6,-17.3,-21.1
2655.7,-17.2,-20.8
2655.8,-17.3,-20.5
2655.9,-17.3,-20.2
2656.0,-16.8,-19.9
2656.1,-16.8,-19.6
2656.2,-16.8,-19.4
2656.3,-16.7,-19.2
2656.4,-16.9,-18.9
2656.5,-16.8,-18.7
2656.6,-16.1,-18.4
2656.7,-16.1,-18.2
2656.8,-15.7,-18.0
2656.9,-15.3,-17.7
2657.0,-15.4,-17.6
2657.1,-15.5,-17.5
2657.2,-16.1,-17.4
2657.3,-16.9,-17.3
2657.4,-17.3,-17.2
2657.5,-17.8,-17.2
2657.6,-17.7,-17.1
2657.7,-17.5,-17.0
2657.8,-17.4,-17.0
2657.9,-16.9,-16.9
2658.0,-16.8,-16.8
2658.1,-16.8,-16.8
2658.2,-16.8,-16.7
2658.3,-17.3,-16.8
2658.4,-17.8,-16.8
2658.5,-18.4,-16.9
2658.6,-18.4,-16.8
2658.7,-18.2,-16.9
2658.8,-18.3,-16.9
2658.9,-17.6,-16.9
2659.0,-17.6,-16.9
2659.1,-17.4,-17.0
2659.2,-16.7,-16.9
2659.3,-16.7,-16.9
2659.4,-16.8,-16.9
2659.5,-16.9,-17.0
2659.6,-17.1,-17.0
2659.7,-17.4,-17.1
2659.8,-17.6,-17.2
2659.9,-17.3,-17.3
2660.0,-17.4,-17.3
2660.1,-17.1,-17.3
2660.2,-16.5,-17.3
2660.3,-16.4,-17.2
2660.4,-16.2,-17.2
2660.5,-16.0,-17.1
2660.6,-15.8,-17.0
2660.7,-15.6,-16.9
2660.8,-15.7,-16.9
2660.9,-16.0,-16.9
2661.0,-16.6,-17.0
2661.1,-17.0,-17.0
2661.2,-16.8,-16.9
2661.3,-16.7,-16.9
2661.4,-16.6,-16.8
2661.5,-16.2,-16.7
2661.6,-16.0,-16.6
2661.7,-15.7,-16.5
2661.8,-15.2,-16.4
2661.9,-14.9,-16.3
2662.0,-14.8,-16.2
2662.1,-14.9,-16.2
2662.2,-15.2,-16.2
2662.3,-15.9,-16.2
2662.4,-16.3,-16.2
2662.5,-16.3,-16.1
2662.6,-16.5,-16.1
2662.7,-16.7,-16.1
2662.8,-16.6,-16.1
2662.9,-16.9,-16.1
2663.0,-16.8,-16.1
2663.1,-16.7,-16.1
2663.2,-17.1,-16.1
2663.3,-17.4,-16.2
2663.4,-18.1,-16.3
2663.5,-19.0,-16.4
2663.6,-19.5,-16.5
2663.7,-19.6,-16.6
2663.8,-19.6,-16.7
2663.9,-20.2,-16.8
2664.0,-20.7,-16.9
2664.1,-21.0,-16.9
2664.2,-21.4,-17.1
2664.3,-21.2,-17.2
2664.4,-21.1,-17.3
2664.5,-21.4,-17.5
2664.6,-21.8,-17.7
2664.7,-22.2,-17.9
2664.8,-22.8,-18.1
2664.9,-23.7,-18.5
2665.0,-24.1,-18.8
2665.1,-24.1,-19.0
2665.2,-24.7,-19.3
2665.3,-24.5,-19.5
2665.4,-24.7,-19.8
2665.5,-24.8,-20.0
2665.6,-24.3,-20.3
2665.7,-24.2,-20.5
2665.8,-24.2,-20.9
2665.9,-24.5,-21.2
2666.0,-25.1,-21.5
2666.1,-25.7,-22.0
2666.2,-26.2,-22.3
2666.3,-26.2,-22.6
2666.4,-25.9,-22.8
2666.5,-26.0,-23.0
2666.6,-25.6,-23.2
2666.7,-25.9,-23.5
2666.8,-25.8,-23.8
2666.9,-25.5,-23.9
2667.0,-25.7,-24.0
2667.1,-25.3,-24.2
2667.2,-25.4,-24.4
2667.3,-25.5,-24.6
2667.4,-25.6,-24.8
2667.5,-26.1,-25.0
2667.6,-26.3,-25.2
2667.7,-26.6,-25.3
2667.8,-26.9,-25.4
2667.9,-26.6,-25.4
2668.0,-26.2,-25.5
2668.1,-25.7,-25.5
2668.2,-25.4,-25.5
2668.3,-25.6,-25.6
2668.4,-26.1,-25.7
2668.5,-26.8,-25.8
2668.6,-27.6,-25.9
2668.7,-28.2,-26.1
2668.8,-28.3,-26.2
2668.9,-28.3,-26.3
2669.0,-28.2,-26.3
2669.1,-27.8,-26.3
2669.2,-27.7,-26.4
2669.3,-27.2,-26.4
2669.4,-26.8,-26.4
2669.5,-26.7,-26.4
2669.6,-26.8,-26.5
2669.7,-27.0,-26.5
2669.8,-27.2,-26.6
2669.9,-27.9,-26.8
2670.0,-28.3,-26.9
2670.1,-28.6,-27.0
2670.2,-29.2,-27.1
2670.3,-28.7,-27.2
2670.4,-28.1,-27.2
2670.5,-28.1,-27.3
2670.6,-27.6,-27.3
2670.7,-27.5,-27.3
2670.8,-27.6,-27.3
2670.9,-27.8,-27.4
2671.0,-28.7,-27.6
2671.1,-29.7,-27.8
2671.2,-30.9,-28.0
2671.3,-30.9,-28.1
2671.4,-30.6,-28.2
2671.5,-30.4,-28.3
2671.6,-29.5,-28.2
2671.7,-29.2,-28.2
2671.8,-28.6,-28.2
2671.9,-27.9,-28.2
2672.0,-27.8,-28.2
2672.1,-27.7,-28.2
2672.2,-27.5,-28.2
2672.3,-27.4,-28.3
2672.4,-28.1,-28.4
2672.5,-28.2,-28.4
2672.6,-28.4,-28.5
2672.7,-29.0,-28.5
2672.8,-28.4,-28.6
2672.9,-28.2,-28.5
2673.0,-28.0,-28.4
2673.1,-27.2,-28.3
2673.2,-26.9,-28.2
2673.3,-27.0,-28.2
2673.4,-27.4,-28.3
2673.5,-28.3,-28.4
2673.6,-29.4,-28.5
2673.7,-30.1,-28.5
2673.8,-30.0,-28.6
2673.9,-29.7,-28.6
2674.0,-29.3,-28.5
2674.1,-28.5,-28.4
2674.2,-28.2,-28.3
2674.3,-27.4,-28.2
2674.4,-26.9,-28.1
2674.5,-26.8,-28.0
2674.6,-26.9,-27.9
2674.7,-26.9,-27.9
2674.8,-27.2,-27.9
2674.9,-28.0,-28.0
2675.0,-28.3,-28.0
2675.1,-28.8,-28.0
2675.2,-29.1,-28.1
2675.3,-28.5,-28.1
2675.4,-28.2,-28.0
2675.5,-27.8,-28.0
2675.6,-27.4,-28.0
2675.7,-27.4,-27.9
2675.8,-27.6,-27.9
2675.9,-28.3,-28.0
2676.0,-29.3,-28.1
2676.1,-30.3,-28.2
2676.2,-30.3,-28.3
2676.3,-29.8,-28.4
2676.4,-29.5,-28.4
2676.5,-29.0,-28.3
2676.6,-28.8,-28.3
2676.7,-28.6,-28.2
2676.8,-28.1,-28.2
2676.9,-28.0,-28.1
2677.0,-28.0,-28.1
2677.1,-28.1,-28.2
2677.2,-28.3,-28.2
2677.3,-28.3,-28.3
2677.4,-28.5,-28.3
2677.5,-28.6,-28.4
2677.6,-28.8,-28.5
2677.7,-29.4,-28.6
2677.8,-29.3,-28.7
2677.9,-29.1,-28.6
2678.0,-28.7,-28.6
2678.1,-28.2,-28.5
2678.2,-28.1,-28.5
2678.3,-28.3,-28.6
2678.4,-28.9,-28.7
2678.5,-29.7,-28.8
2678.6,-30.6,-28.9
2678.7,-30.5,-29.0
2678.8,-30.0,-29.0
2678.9,-29.9,-29.0
2679.0,-29.4,-28.9
2679.1,-29.3,-28.9
2679.2,-28.9,-28.8
2679.3,-28.2,-28.8
2679.4,-27.9,-28.7
2679.5,-27.7,-28.7
2679.6,-27.8,-28.7
2679.7,-27.7,-28.6
2679.8,-28.0,-28.7
2679.9,-28.1,-28.7
2680.0,-28.1,-28.7
2680.1,-28.6,-28.7
2680.2,-28.4,-28.7
2680.3,-27.9,-28.6
2680.4,-27.9,-28.6
2680.5,-27.4,-28.5
2680.6,-26.9,-28.4
2680.7,-26.7,-28.2
2680.8,-26.6,-28.2
2680.9,-26.8,-28.2
2681.0,-27.1,-28.2
2681.1,-27.6,-28.1
2681.2,-27.5,-28.1
2681.3,-27.2,-28.0
2681.4,-27.0,-27.9
2681.5,-26.7,-27.8
2681.6,-26.6,-27.6
2681.7,-26.4,-27.5
2681.8,-26.1,-27.4
2681.9,-26.2,-27.3
2682.0,-26.1,-27.2
2682.1,-26.2,-27.2
2682.2,-26.5,-27.1
2682.3,-27.0,-27.1
2682.4,-27.2,-27.1
2682.5,-27.3,-27.1
2682.6,-27.5,-27.1
2682.7,-27.4,-27.1
2682.8,-27.4,-27.1
2682.9,-27.5,-27.0
2683.0,-27.4,-27.0
2683.1,-27.1,-26.9
2683.2,-26.9,-26.9
2683.3,-26.8,-26.9
2683.4,-27.1,-26.9
2683.5,-27.4,-26.9
2683.6,-28.1,-27.0
2683.7,-28.4,-27.1
2683.8,-28.2,-27.1
2683.9,-28.4,-27.1
2684.0,-28.1,-27.2
2684.1,-27.9,-27.1
2684.2,-27.9,-27.2
2684.3,-27.4,-27.2
2684.4,-27.1,-27.2
2684.5,-26.7,-27.2
2684.6,-26.7,-27.2
2684.7,-26.8,-27.2
2684.8,-27.0,-27.3
2684.9,-27.7,-27.4
2685.0,-28.0,-27.4
2685.1,-28.0,-27.5
2685.2,-28.5,-27.6
2685.3,-28.5,-27.6
2685.4,-28.4,-27.6
2685.5,-28.3,-27.6
2685.6,-27.8,-27.6
2685.7,-27.3,-27.6
2685.8,-27.1,-27.5
2685.9,-27.1,-27.6
2686.0,-27.5,-27.6
2686.1,-28.1,-27.7
2686.2,-28.9,-27.8
2686.3,-29.1,-27.8
2686.4,-28.9,-27.8
2686.5,-29.0,-27.9
2686.6,-28.5,-27.8
2686.7,-28.3,-27.8
2686.8,-28.1,-27.8
2686.9,-27.6,-27.8
2687.0,-27.3,-27.7
2687.1,-27.1,-27.7
2687.2,-27.2,-27.7
2687.3,-27.1,-27.7
2687.4,-27.2,-27.8
2687.5,-27.8,-27.9
2687.6,-27.8,-27.9
2687.7,-28.0,-27.9
2687.8,-28.5,-28.0
2687.9,-28.0,-27.9
2688.0,-28.0,-27.9
2688.1,-27.9,-27.9
2688.2,-27.3,-27.8
2688.3,-27.1,-27.7
2688.4,-27.0,-27.7
2688.5,-27.0,-27.7
2688.6,-27.7,-27.8
2688.7,-28.4,-27.9
2688.8,-29.0,-28.0
2688.9,-29.1,-28.0
2689.0,-28.7,-27.9
2689.1,-28.8,-28.0
2689.2,-28.5,-27.9
2689.3,-28.7,-27.9
2689.4,-28.5,-27.9
2689.5,-27.8,-27.8
2689.6,-27.6,-27.8
2689.7,-27.3,-27.8
2689.8,-27.5,-27.8
2689.9,-27.7,-27.8
2690.0,-28.0,-27.9
2690.1,-28.9,-28.0
2690.2,-28.8,-28.0
2690.3,-29.3,-28.1
2690.4,-29.8,-28.2
2690.5,-29.5,-28.2
2690.6,-29.7,-28.2
2690.7,-29.3,-28.3
2690.8,-28.6,-28.2
2690.9,-28.5,-28.3
2691.0,-28.6,-28.3
2691.1,-29.0,-28.4
2691.2,-29.8,-28.6
2691.3,-30.6,-28.7
2691.4,-31.2,-28.8
2691.5,-31.3,-28.9
2691.6,-31.2,-29.0
2691.7,-31.2,-29.0
2691.8,-31.0,-29.1
2691.9,-31.1,-29.2
2692.0,-30.5,-29.2
2692.1,-29.7,-29.2
2692.2,-29.5,-29.2
2692.3,-29.1,-29.2
2692.4,-29.2,-29.3
2692.5,-29.4,-29.4
2692.6,-29.9,-29.5
2692.7,-30.6,-29.7
2692.8,-30.7,-29.8
2692.9,-31.3,-29.9
2693.0,-31.6,-30.0
2693.1,-31.0,-30.0
2693.2,-31.0,-30.1
2693.3,-30.5,-30.1
2693.4,-29.7,-30.0
2693.5,-29.5,-30.0
2693.6,-29.5,-30.1
2693.7,-29.9,-30.2
2693.8,-30.6,-30.3
2693.9,-31.4,-30.4
2694.0,-31.8,-30.5
2694.1,-31.5,-30.5
2694.2,-31.6,-30.5
2694.3,-31.5,-30.5
2694.4,-31.0,-30.5
2694.5,-31.0,-30.5
2694.6,-30.1,-30.4
2694.7,-29.6,-30.3
2694.8,-29.9,-30.3
2694.9,-29.9,-30.3
2695.0,-30.6,-30.4
2695.1,-30.8,-30.5
2695.2,-30.7,-30.5
2695.3,-30.9,-30.6
2695.4,-30.8,-30.6
2695.5,-30.9,-30.7
2695.6,-31.0,-30.7
2695.7,-30.9,-30.6
2695.8,-30.9,-30.7
2695.9,-30.9,-30.6
2696.0,-30.8,-30.6
2696.1,-30.8,-30.6
2696.2,-30.8,-30.6
2696.3,-30.8,-30.7
2696.4,-31.2,-30.8
2696.5,-31.5,-30.9
2696.6,-32.1,-31.0
2696.7,-32.2,-31.0
2696.8,-32.3,-31.0
2696.9,-32.6,-31.0
2697.0,-32.3,-31.0
2697.1,-32.5,-31.1
2697.2,-32.0,-31.1
2697.3,-31.1,-31.0
2697.4,-30.9,-31.0
2697.5,-30.7,-31.0
2697.6,-30.8,-31.2
2697.7,-30.9,-31.2
2697.8,-31.2,-31.2
2697.9,-31.7,-31.3
2698.0,-31.5,-31.3
2698.1,-31.8,-31.3
2698.2,-31.6,-31.4
2698.3,-31.0,-31.3
2698.4,-31.1,-31.3
2698.5,-30.9,-31.3
2698.6,-30.7,-31.3
2698.7,-30.6,-31.3
2698.8,-30.5,-31.2
2698.9,-30.6,-31.3
2699.0,-31.0,-31.3
2699.1,-31.7,-31.4
2699.2,-32.2,-31.4
2699.3,-32.1,-31.4
2699.4,-32.0,-31.4
2699.5,-32.0,-31.4
2699.6,-31.6,-31.4
2699.7,-31.5,-31.4
2699.8,-31.3,-31.3
2699.9,-30.8,-31.2
2700.0,-30.4,-31.1
2700.1,-30.2,-31.1
2700.2,-30.2,-31.1
2700.3,-30.4,-31.1
2700.4,-31.2,-31.1
2700.5,-31.6,-31.2
2700.6,-31.5,-31.2
2700.7,-31.9,-31.2
2700.8,-32.0,-31.2
2700.9,-31.7,-31.2
2701.0,-31.9,-31.2
2701.1,-31.4,-31.2
2701.2,-30.8,-31.1
2701.3,-30.6,-31.1
2701.4,-30.5,-31.1
2701.5,-30.9,-31.2
2701.6,-31.7,-31.3
2701.7,-32.2,-31.3
2701.8,-32.3,-31.4
2701.9,-31.9,-31.4
2702.0,-31.7,-31.4
2702.1,-31.8,-31.4
2702.2,-31.7,-31.3
2702.3,-31.6,-31.3
2702.4,-31.1,-31.2
2702.5,-30.5,-31.2
2702.6,-29.9,-31.1
2702.7,-29.6,-31.0
2702.8,-29.7,-31.0
2702.9,-29.7,-31.0
2703.0,-30.4,-31.1
2703.1,-30.9,-31.1
2703.2,-30.7,-31.1
2703.3,-31.3,-31.1
2703.4,-31.5,-31.1
2703.5,-31.6,-31.1
2703.6,-31.5,-31.1
2703.7,-31.1,-31.0
2703.8,-30.8,-31.0
2703.9,-30.7,-31.0
2704.0,-31.0,-31.0
2704.1,-31.4,-31.0
2704.2,-31.9,-31.1
2704.3,-32.6,-31.2
2704.4,-32.6,-31.2
2704.5,-32.3,-31.2
2704.6,-32.4,-31.2
2704.7,-31.9,-31.2
2704.8,-32.0,-31.2
2704.9,-31.8,-31.2
2705.0,-31.5,-31.1
2705.1,-31.6,-31.1
2705.2,-31.3,-31.1
2705.3,-31.6,-31.2
2705.4,-31.9,-31.2
2705.5,-32.1,-31.3
2705.6,-32.6,-31.5
2705.7,-32.8,-31.6
2705.8,-33.1,-31.7
2705.9,-33.4,-31.9
2706.0,-33.1,-31.9
2706.1,-32.7,-31.9
2706.2,-32.2,-31.9
2706.3,-31.7,-31.9
2706.4,-31.8,-31.9
2706.5,-32.1,-32.0
2706.6,-31.7,-32.0
2706.7,-31.9,-32.0
2706.8,-32.3,-32.2
2706.9,-32.5,-32.2
2707.0,-33.8,-32.3
2707.1,-34.4,-32.4
2707.2,-34.2,-32.4
2707.3,-34.1,-32.4
2707.4,-33.5,-32.4
2707.5,-32.8,-32.4
2707.6,-32.6,-32.4
2707.7,-32.8,-32.5
2707.8,-33.1,-32.6
2707.9,-33.4,-32.7
2708.0,-34.3,-32.8
2708.1,-34.8,-32.9
2708.2,-35.0,-33.0
2708.3,-36.1,-33.2
2708.4,-35.1,-33.2
2708.5,-34.2,-33.2
2708.6,-34.0,-33.2
2708.7,-32.9,-33.2
2708.8,-32.4,-33.1
2708.9,-32.2,-33.0
2709.0,-32.2,-33.1
2709.1,-33.0,-33.2
2709.2,-34.1,-33.4
2709.3,-35.2,-33.5
2709.4,-35.1,-33.5
2709.5,-34.8,-33.6
2709.6,-34.3,-33.8
2709.7,-33.1,-33.7
2709.8,-32.9,-33.6
2709.9,-32.1,-33.5
2710.0,-31.3,-33.3
2710.1,-31.4,-33.2
2710.2,-31.4,-33.2
2710.3,-31.5,-33.1
2710.4,-31.8,-33.1
2710.5,-32.5,-33.2
2710.6,-32.5,-33.1
2710.7,-32.5,-33.1
2710.8,-33.1,-33.1
2710.9,-32.6,-33.0
2711.0,-32.2,-32.9
2711.1,-31.9,-32.7
2711.2,-31.2,-32.6
2711.3,-30.8,-32.4
2711.4,-31.0,-32.4
2711.5,-31.6,-32.4
2711.6,-32.8,-32.5
2711.7,-34.5,-32.6
2711.8,-35.4,-32.7
2711.9,-34.8,-32.7
2712.0,-34.4,-32.7
2712.1,-33.7,-32.7
2712.2,-32.6,-32.5
2712.3,-32.2,-32.4
2712.4,-31.3,-32.3
2712.5,-30.6,-32.1
2712.6,-30.6,-32.0
2712.7,-30.9,-32.0
2712.8,-30.8,-32.0
2712.9,-31.2,-32.0
2713.0,-32.1,-32.1
2713.1,-32.0,-32.1
2713.2,-32.7,-32.1
2713.3,-33.1,-32.2
2713.4,-31.9,-32.1
2713.5,-31.4,-32.0
2713.6,-30.7,-31.9
2713.7,-29.8,-31.8
2713.8,-29.7,-31.6
2713.9,-29.8,-31.6
2714.0,-30.6,-31.6
2714.1,-32.0,-31.8
2714.2,-33.6,-31.9
2714.3,-33.9,-31.9
2714.4,-32.8,-31.9
2714.5,-32.3,-31.9
2714.6,-31.4,-31.7
2714.7,-31.0,-31.5
2714.8,-30.7,-31.4
2714.9,-29.9,-31.3
2715.0,-29.6,-31.1
2715.1,-29.7,-31.0
2715.2,-30.0,-31.0
2715.3,-30.0,-31.0
2715.4,-30.1,-31.0
2715.5,-30.2,-31.0
2715.6,-30.0,-30.9
2715.7,-30.4,-30.9
2715.8,-30.8,-31.0
2715.9,-30.5,-30.9
2716.0,-30.2,-30.7
2716.1,-29.7,-30.6
2716.2,-29.0,-30.5
2716.3,-29.0,-30.4
2716.4,-29.2,-30.3
2716.5,-30.1,-30.4
2716.6,-31.3,-30.6
2716.7,-32.9,-30.7
2716.8,-32.3,-30.7
2716.9,-30.4,-30.5
2717.0,-29.6,-30.4
2717.1,-28.9,-30.3
2717.2,-28.9,-30.1
2717.3,-29.1,-30.0
2717.4,-28.7,-29.9
2717.5,-28.5,-29.8
2717.6,-28.6,-29.7
2717.7,-28.8,-29.7
2717.8,-28.9,-29.7
2717.9,-29.4,-29.7
2718.0,-29.4,-29.7
2718.1,-29.1,-29.6
2718.2,-29.7,-29.6
2718.3,-29.3,-29.6
2718.4,-28.8,-29.5
2718.5,-28.8,-29.5
2718.6,-28.3,-29.4
2718.7,-28.0,-29.3
2718.8,-28.1,-29.2
2718.9,-28.2,-29.2
2719.0,-28.9,-29.2
2719.1,-29.8,-29.3
2719.2,-30.8,-29.4
2719.3,-30.8,-29.4
2719.4,-30.4,-29.4
2719.5,-29.9,-29.3
2719.6,-29.1,-29.1
2719.7,-29.0,-29.0
2719.8,-28.6,-29.0
2719.9,-28.1,-29.0
2720.0,-28.1,-28.9
2720.1,-28.3,-28.9
2720.2,-28.6,-28.9
2720.3,-28.9,-28.9
2720.4,-29.7,-29.1
2720.5,-29.7,-29.1
2720.6,-29.6,-29.1
2720.7,-29.9,-29.1
2720.8,-29.6,-29.1
2720.9,-29.3,-29.1
2721.0,-29.4,-29.1
2721.1,-29.2,-29.1
2721.2,-28.8,-29.0
2721.3,-28.9,-29.0
2721.4,-28.8,-29.1
2721.5,-29.5,-29.2
2721.6,-30.4,-29.3
2721.7,-31.8,-29.5
2721.8,-32.7,-29.6
2721.9,-31.7,-29.6
2722.0,-31.5,-29.6
2722.1,-30.9,-29.6
2722.2,-30.3,-29.5
2722.3,-30.1,-29.5
2722.4,-29.5,-29.5
2722.5,-29.0,-29.5
2722.6,-28.9,-29.5
2722.7,-29.0,-29.5
2722.8,-29.2,-29.6
2722.9,-29.4,-29.7
2723.0,-30.4,-29.8
2723.1,-30.7,-29.9
2723.2,-30.9,-29.9
2723.3,-31.4,-30.0
2723.4,-31.1,-30.0
2723.5,-31.0,-30.0
2723.6,-30.8,-30.0
2723.7,-30.0,-30.0
2723.8,-29.4,-30.0
2723.9,-29.2,-30.0
2724.0,-29.4,-30.0
2724.1,-30.2,-30.2
2724.2,-31.3,-30.3
2724.3,-32.5,-30.5
2724.4,-32.4,-30.5
2724.5,-31.2,-30.4
2724.6,-30.7,-30.3
2724.7,-29.8,-30.2
2724.8,-29.4,-30.1
2724.9,-28.7,-30.0
2725.0,-27.6,-29.8
2725.1,-27.2,-29.6
2725.2,-26.9,-29.5
2725.3,-26.9,-29.4
2725.4,-26.6,-29.2
2725.5,-26.4,-29.1
2725.6,-26.7,-29.1
2725.7,-26.6,-29.0
2725.8,-26.7,-28.8
2725.9,-27.3,-28.7
2726.0,-26.6,-28.5
2726.1,-26.6,-28.4
2726.2,-25.7,-28.0
2726.3,-23.5,-27.4
2726.4,-22.6,-26.9
2726.5,-22.3,-26.7
2726.6,-22.2,-26.4
2726.7,-22.5,-26.1
2726.8,-22.9,-25.9
2726.9,-22.9,-25.8
2727.0,-22.7,-25.5
2727.1,-21.9,-25.0
2727.2,-21.3,-24.6
2727.3,-20.3,-24.2
2727.4,-20.4,-24.0
2727.5,-20.0,-23.6
2727.6,-18.9,-23.0
2727.7,-19.0,-22.7
2727.8,-18.6,-22.5
2727.9,-18.4,-22.1
2728.0,-18.8,-21.8
2728.1,-18.5,-21.6
2728.2,-18.5,-21.4
2728.3,-18.6,-21.1
2728.4,-18.3,-20.8
2728.5,-18.0,-20.6
2728.6,-17.8,-20.4
2728.7,-18.2,-20.2
2728.8,-17.9,-19.9
2728.9,-17.2,-19.6
2729.0,-17.2,-19.4
2729.1,-17.0,-19.3
2729.2,-17.0,-19.0
2729.3,-17.6,-18.9
2729.4,-17.2,-18.8
2729.5,-16.6,-18.5
2729.6,-17.1,-18.5
2729.7,-16.7,-18.3
2729.8,-16.0,-18.0
2729.9,-15.9,-17.8
2730.0,-15.8,-17.7
2730.1,-15.5,-17.5
2730.2,-15.1,-17.2
2730.3,-15.3,-17.1
2730.4,-14.7,-16.9
2730.5,-14.7,-16.8
2730.6,-14.6,-16.6
2730.7,-14.2,-16.4
2730.8,-14.5,-16.3
2730.9,-14.6,-16.3
2731.0,-15.2,-16.1
2731.1,-15.0,-16.0
2731.2,-15.1,-15.9
2731.3,-15.6,-15.9
2731.4,-15.3,-15.8
2731.5,-14.9,-15.6
2731.6,-14.6,-15.6
2731.7,-14.4,-15.5
2731.8,-14.4,-15.4
2731.9,-15.2,-15.4
2732.0,-15.5,-15.4
2732.1,-15.4,-15.3
2732.2,-16.2,-15.3
2732.3,-16.1,-15.3
2732.4,-15.4,-15.2
2732.5,-15.5,-15.2
2732.6,-15.8,-15.2
2732.7,-15.5,-15.1
2732.8,-15.5,-15.1
2732.9,-15.7,-15.2
2733.0,-15.3,-15.1
2733.1,-15.7,-15.2
2733.2,-16.3,-15.3
2733.3,-16.5,-15.3
2733.4,-17.2,-15.4
2733.5,-17.7,-15.5
2733.6,-18.2,-15.7
2733.7,-18.0,-15.7
2733.8,-18.1,-15.8
2733.9,-18.8,-15.9
2734.0,-19.0,-16.1
2734.1,-19.4,-16.2
2734.2,-19.4,-16.3
2734.3,-19.4,-16.3
2734.4,-19.5,-16.5
2734.5,-20.1,-16.8
2734.6,-20.6,-17.0
2734.7,-21.2,-17.1
2734.8,-20.9,-17.3
2734.9,-21.0,-17.5
2735.0,-21.2,-17.6
2735.1,-20.8,-17.7
2735.2,-21.6,-17.9
2735.3,-21.7,-18.1
2735.4,-21.6,-18.4
2735.5,-21.9,-18.6
2735.6,-22.2,-18.7
2735.7,-22.5,-19.0
2735.8,-23.1,-19.4
2735.9,-24.1,-19.7
2736.0,-24.6,-20.0
2736.1,-24.9,-20.3
2736.2,-25.3,-20.6
2736.3,-25.2,-20.8
2736.4,-25.7,-21.1
2736.5,-26.9,-21.3
2736.6,-27.6,-21.6
2736.7,-27.8,-22.0
2736.8,-27.7,-22.2
2736.9,-28.4,-22.4
2737.0,-28.0,-22.6
2737.1,-28.7,-23.0
2737.2,-29.1,-23.3
2737.3,-29.1,-23.6
2737.4,-30.6,-23.9
2737.5,-31.1,-24.2
2737.6,-31.3,-24.5
2737.7,-29.9,-24.5
2737.8,-28.8,-25.0
2737.9,-27.9,-25.3
2738.0,-27.5,-25.5
2738.1,-27.3,-25.8
2738.2,-28.0,-26.1
2738.3,-28.0,-26.4
2738.4,-28.2,-26.8
2738.5,-29.3,-27.1
2738.6,-29.5,-27.4
2738.7,-30.8,-27.9
2738.8,-31.9,-28.2
2738.9,-33.6,-28.3
2739.0,-34.6,-28.6
2739.1,-35.3,-29.1
2739.2,-33.9,-29.3
2739.3,-31.2,-29.3
2739.4,-30.6,-29.4
2739.5,-30.7,-29.7
2739.6,-31.7,-29.9
2739.7,-35.4,-30.1
2739.8,-37.6,-30.3
2739.9,-38.7,-30.4
2740.0,-37.5,-30.7
2740.1,-35.2,-30.7
2740.2,-34.5,-30.8
2740.3,-33.6,-30.9
2740.4,-33.3,-31.0
2740.5,-33.7,-31.0
2740.6,-34.4,-31.1
2740.7,-35.1,-31.5
2740.8,-36.2,-31.9
2740.9,-37.9,-32.2
2741.0,-37.6,-32.5
2741.1,-37.8,-33.2
2741.2,-38.5,-33.4
2741.3,-38.7,-33.9
2741.4,-39.2,-34.2
2741.5,-39.5,-34.6
2741.6,-37.6,-34.8
2741.7,-36.9,-34.9
2741.8,-36.9,-35.0
2741.9,-35.8,-35.0
2742.0,-36.4,-35.0
2742.1,-37.0,-35.0
2742.2,-37.4,-35.4
2742.3,-39.2,-36.3
2742.4,-40.7,-36.7
2742.5,-38.3,-36.6
2742.6,-38.2,-36.6
2742.7,-38.5,-36.7
2742.8,-37.9,-36.7
2742.9,-39.7,-36.7
2743.0,-39.0,-36.8
2743.1,-38.5,-37.1
2743.2,-39.1,-37.4
2743.3,-40.0,-37.7
2743.4,-41.4,-38.0
2743.5,-42.8,-38.4
2743.6,-41.5,-38.4
2743.7,-38.1,-38.2
2743.8,-37.4,-38.2
2743.9,-36.7,-38.2
2744.0,-36.8,-38.3
2744.1,-39.2,-38.4
2744.2,-40.0,-38.4
2744.3,-41.8,-38.5
2744.4,-43.6,-38.6
2744.5,-43.6,-38.7
2744.6,-45.1,-39.0
2744.7,-45.1,-39.3
2744.8,-44.8,-39.4
2744.9,-45.4,-39.8
2745.0,-45.4,-40.1
2745.1,-46.5,-40.2
2745.2,-47.3,-40.3
2745.3,-46.2,-40.4
2745.4,-46.5,-40.5
2745.5,-45.7,-41.0
2745.6,-45.5,-41.1
2745.7,-46.0,-41.2
2745.8,-46.0,-41.5
2745.9,-45.6,-41.7
2746.0,-45.7,-42.0
2746.1,-46.1,-42.2
2746.2,-46.4,-42.4
2746.3,-48.0,-42.4
2746.4,-48.2,-42.5
2746.5,-48.1,-42.6
2746.6,-48.1,-42.9
2746.7,-47.8,-44.1
2746.8,-44.1,-44.4
2746.9,-40.4,-44.1
2747.0,-39.7,-44.2
2747.1,-39.6,-44.3
2747.2,-38.8,-43.9
2747.3,-39.4,-43.5
2747.4,-38.6,-43.0
2747.5,-37.6,-42.6
2747.6,-38.9,-42.7
2747.7,-40.2,-42.7
2747.8,-42.7,-42.8
2747.9,-48.4,-42.8
2748.0,-47.9,-42.8
2748.1,-38.6,-41.6
2748.2,-38.1,-41.5
2748.3,-37.4,-41.3
2748.4,-37.4,-41.3
2748.5,-39.1,-40.9
2748.6,-36.7,-40.2
2748.7,-37.2,-40.2
2748.8,-37.2,-40.2
2748.9,-38.9,-40.2
2749.0,-43.0,-40.0
2749.1,-43.2,-40.1
2749.2,-43.6,-40.1
2749.3,-40.7,-39.8
2749.4,-40.2,-39.6
2749.5,-39.4,-39.5
2749.6,-39.0,-39.4
2749.7,-40.4,-39.4
2749.8,-42.6,-39.5
2749.9,-43.4,-39.7
2750.0,-44.4,-39.8
2750.1,-44.9,-39.8
2750.2,-45.2,-40.1
2750.3,-47.0,-40.3
2750.4,-47.7,-40.6
2750.5,-47.9,-40.8
2750.6,-48.1,-40.8
2750.7,-47.9,-40.8
2750.8,-48.2,-40.8
2750.9,-48.3,-40.8
2751.0,-48.8,-40.8
2751.1,-48.6,-41.8
2751.2,-48.7,-42.0
2751.3,-49.1,-42.2
2751.4,-48.8,-42.2
2751.5,-49.4,-42.9
2751.6,-50.1,-44.3
2751.7,-49.1,-44.4
2751.8,-49.6,-44.4
2751.9,-49.7,-44.5
2752.0,-49.0,-45.0
2752.1,-50.6,-45.0
2752.2,-49.6,-45.0
2752.3,-49.2,-45.9
2752.4,-50.0,-46.9
2752.5,-48.8,-47.4
2752.6,-49.4,-47.9
2752.7,-49.6,-48.1
2752.8,-49.0,-48.3
2752.9,-50.0,-48.8
2753.0,-49.5,-48.9
2753.1,-49.4,-49.0
2753.2,-49.7,-49.1
2753.3,-49.0,-49.1
2753.4,-49.6,-49.2
2753.5,-49.1,-49.2
2753.6,-45.3,-48.5
2753.7,-44.6,-48.3
2753.8,-40.5,-46.6
2753.9,-39.3,-45.9
2754.0,-37.4,-44.4
2754.1,-37.1,-44.1
2754.2,-38.5,-44.1
2754.3,-39.5,-44.1
2754.4,-44.9,-44.1
2754.5,-48.1,-44.1
2754.6,-47.6,-44.0
2754.7,-47.9,-44.0
2754.8,-47.5,-44.0
2754.9,-47.1,-43.9
2755.0,-47.1,-43.9
2755.1,-46.9,-43.9
2755.2,-47.4,-43.9
2755.3,-47.5,-43.8
2755.4,-47.6,-43.8
2755.5,-47.9,-43.8
2755.6,-47.8,-43.8
2755.7,-45.9,-43.6
2755.8,-39.3,-42.5
2755.9,-34.5,-40.6
2756.0,-34.0,-40.3
2756.1,-34.1,-40.3
2756.2,-35.3,-40.3
2756.3,-40.1,-40.0
2756.4,-40.4,-39.8
2756.5,-39.1,-39.7
2756.6,-38.2,-39.6
2756.7,-38.9,-39.5
2756.8,-40.3,-39.8
2756.9,-41.7,-39.9
2757.0,-44.0,-40.4
2757.1,-46.9,-40.5
2757.2,-46.7,-40.5
2757.3,-47.5,-40.5
2757.4,-48.4,-40.5
2757.5,-48.1,-40.5
2757.6,-48.9,-40.5
2757.7,-48.9,-40.5
2757.8,-47.5,-40.5
2757.9,-36.5,-39.3
2758.0,-35.6,-39.1
2758.1,-35.0,-38.9
2758.2,-34.1,-38.6
2758.3,-37.0,-38.5
2758.4,-37.6,-38.4
2758.5,-38.7,-38.4
2758.6,-42.5,-38.4
2758.7,-44.1,-38.5
2758.8,-45.0,-38.8
2758.9,-40.8,-39.7
2759.0,-37.7,-39.5
2759.1,-37.6,-39.5
2759.2,-37.7,-39.4
2759.3,-38.8,-39.5
2759.4,-42.6,-39.7
2759.5,-42.3,-39.8
2759.6,-43.1,-39.9
2759.7,-44.6,-40.1
2759.8,-45.9,-40.0
2759.9,-46.6,-40.1
2760.0,-47.3,-40.1
2760.1,-40.7,-39.7
2760.2,-34.5,-38.4
2760.3,-33.4,-38.0
2760.4,-33.2,-37.9
2760.5,-33.5,-37.8
2760.6,-33.5,-37.0
2760.7,-33.4,-36.6
2760.8,-32.5,-36.3
2760.9,-31.3,-36.3
2761.0,-32.5,-36.2
2761.1,-31.3,-35.6
2761.2,-31.5,-35.6
2761.3,-32.5,-35.5
2761.4,-32.2,-35.3
2761.5,-35.0,-35.3
2761.6,-35.8,-35.2
2761.7,-37.0,-35.2
2761.8,-42.0,-35.2
2761.9,-42.6,-35.3
2762.0,-47.4,-35.5
2762.1,-48.5,-35.5
2762.2,-46.9,-35.5
2762.3,-45.8,-35.5
2762.4,-40.2,-35.4
2762.5,-36.7,-35.2
2762.6,-36.3,-35.1
2762.7,-36.0,-35.1
2762.8,-36.1,-35.0
2762.9,-37.1,-34.9
2763.0,-37.5,-34.9
2763.1,-36.7,-34.9
2763.2,-37.4,-35.3
2763.3,-38.9,-35.5
2763.4,-38.2,-35.5
2763.5,-40.1,-35.5
2763.6,-40.0,-36.1
2763.7,-40.1,-36.3
2763.8,-41.7,-36.6
2763.9,-41.5,-37.2
2764.0,-42.3,-37.4
2764.1,-42.6,-38.5
2764.2,-42.1,-38.8
2764.3,-42.6,-39.1
2764.4,-43.4,-39.7
2764.5,-43.8,-39.8
2764.6,-44.4,-40.0
2764.7,-43.8,-39.9
2764.8,-43.9,-39.9
2764.9,-44.3,-39.9
2765.0,-44.8,-39.9
2765.1,-46.4,-39.9
2765.2,-48.6,-39.9
2765.3,-48.9,-39.9
2765.4,-48.2,-40.3
2765.5,-48.5,-41.2
2765.6,-47.8,-41.4
2765.7,-47.3,-41.5
2765.8,-46.0,-42.0
2765.9,-41.6,-42.2
2766.0,-40.9,-42.2
2766.1,-40.7,-42.8
2766.2,-40.7,-43.0
2766.3,-43.6,-43.1
2766.4,-44.6,-43.5
2766.5,-45.0,-43.6
2766.6,-45.5,-43.9
2766.7,-44.8,-44.0
2766.8,-43.2,-43.7
2766.9,-40.0,-43.2
2767.0,-39.4,-43.2
2767.1,-39.4,-43.2
2767.2,-39.8,-43.2
2767.3,-41.0,-42.9
2767.4,-41.9,-42.9
2767.5,-39.2,-42.3
2767.6,-38.1,-41.9
2767.7,-38.1,-41.8
2767.8,-37.5,-41.6
2767.9,-38.9,-41.5
2768.0,-39.3,-41.2
2768.1,-39.0,-41.0
2768.2,-39.5,-40.9
2768.3,-38.4,-40.6
2768.4,-39.4,-40.5
2768.5,-41.1,-40.5
2768.6,-41.9,-40.5
2768.7,-47.4,-40.6
2768.8,-49.6,-40.6
2768.9,-49.6,-40.9
2769.0,-49.7,-41.0
2769.1,-48.7,-41.1
2769.2,-48.9,-41.1
2769.3,-48.4,-41.1
2769.4,-48.2,-41.2
2769.5,-48.4,-41.2
2769.6,-47.1,-41.2
2769.7,-46.6,-41.2
2769.8,-44.8,-41.3
2769.9,-42.4,-41.5
2770.0,-42.8,-41.7
2770.1,-43.0,-41.7
2770.2,-44.2,-41.8
2770.3,-49.2,-42.1
2770.4,-48.1,-42.1
2770.5,-48.6,-42.8
2770.6,-48.2,-43.3
2770.7,-47.4,-43.6
2770.8,-47.9,-44.0
2770.9,-47.4,-44.2
2771.0,-47.5,-44.7
2771.1,-47.6,-45.4
2771.2,-47.3,-45.6
2771.3,-47.4,-46.7
2771.4,-47.3,-46.8
2771.5,-47.4,-46.8
2771.6,-47.4,-46.8
2771.7,-47.1,-46.6
2771.8,-47.1,-46.6
2771.9,-43.1,-45.9
2772.0,-41.7,-45.4
2772.1,-40.9,-45.1
2772.2,-40.5,-45.0
2772.3,-41.0,-44.6
2772.4,-40.9,-44.3
2772.5,-40.3,-43.9
2772.6,-40.7,-43.9
2772.7,-41.8,-43.9
2772.8,-43.6,-44.1
2772.9,-41.5,-43.7
2773.0,-40.2,-43.3
2773.1,-39.5,-43.1
2773.2,-39.4,-43.1
2773.3,-42.0,-43.0
2773.4,-42.0,-42.8
2773.5,-42.2,-42.6
2773.6,-41.6,-42.5
2773.7,-40.7,-42.3
2773.8,-40.5,-42.0
2773.9,-40.6,-41.9
2774.0,-40.0,-41.7
2774.1,-39.7,-41.5
2774.2,-41.0,-41.5
2774.3,-41.6,-41.5
2774.4,-42.1,-41.4
2774.5,-44.0,-41.3
2774.6,-44.2,-41.3
2774.7,-44.7,-41.4
2774.8,-48.3,-41.4
2774.9,-46.6,-41.6
2775.0,-40.7,-41.2
2775.1,-38.0,-40.8
2775.2,-36.3,-40.4
2775.3,-35.3,-40.1
2775.4,-35.1,-39.7
2775.5,-35.0,-39.5
2775.6,-35.2,-39.2
2775.7,-35.6,-39.0
2775.8,-35.0,-38.5
2775.9,-36.1,-38.7
2776.0,-36.6,-38.6
2776.1,-37.0,-38.6
2776.2,-36.8,-38.1
2776.3,-36.4,-38.0
2776.4,-36.7,-38.0
2776.5,-37.1,-38.1
2776.6,-41.8,-38.1
2776.7,-43.9,-38.2
2776.8,-46.9,-38.3
2776.9,-46.9,-38.3
2777.0,-44.4,-38.4
2777.1,-40.7,-38.3
2777.2,-37.4,-37.9
2777.3,-37.4,-37.9
2777.4,-37.7,-38.0
2777.5,-38.6,-37.9
2777.6,-42.7,-37.9
2777.7,-43.0,-37.8
2777.8,-42.8,-37.8
2777.9,-44.9,-37.9
2778.0,-46.6,-38.1
2778.1,-47.1,-38.4
2778.2,-47.8,-38.7
2778.3,-47.5,-39.0
2778.4,-48.0,-39.3
2778.5,-47.9,-39.7
2778.6,-47.8,-40.1
2778.7,-48.1,-40.4
2778.8,-47.8,-41.2
2778.9,-48.3,-41.2
2779.0,-48.6,-41.5
2779.1,-46.7,-41.7
2779.2,-46.9,-42.9
2779.3,-46.6,-43.2
2779.4,-46.7,-43.5
2779.5,-49.6,-43.6
2779.6,-49.5,-43.6
2779.7,-50.3,-43.6
2779.8,-49.6,-43.6
2779.9,-48.4,-43.7
2780.0,-38.2,-42.3
2780.1,-35.4,-41.5
2780.2,-34.7,-41.9
2780.3,-34.3,-41.7
2780.4,-35.5,-41.3
2780.5,-35.1,-40.3
2780.6,-33.2,-39.1
2780.7,-32.3,-38.5
2780.8,-32.1,-38.2
2780.9,-32.9,-38.0
2781.0,-34.3,-37.7
2781.1,-33.9,-37.2
2781.2,-34.3,-37.0
2781.3,-34.8,-37.0
2781.4,-36.1,-37.0
2781.5,-39.2,-36.9
2781.6,-39.6,-36.8
2781.7,-39.3,-36.7
2781.8,-38.4,-36.6
2781.9,-38.1,-36.5
2782.0,-38.7,-36.4
2782.1,-39.1,-36.5
2782.2,-39.3,-36.4
2782.3,-37.7,-36.1
2782.4,-37.8,-36.1
2782.5,-35.8,-35.9
2782.6,-33.0,-35.3
2782.7,-33.8,-35.3
2782.8,-33.3,-35.1
2782.9,-34.2,-35.1
2783.0,-39.2,-35.4
2783.1,-39.6,-35.6
2783.2,-42.2,-35.7
2783.3,-41.8,-35.7
2783.4,-42.3,-35.8
2783.5,-41.4,-36.1
2783.6,-39.8,-36.6
2783.7,-39.9,-36.9
2783.8,-39.8,-37.2
2783.9,-38.9,-37.2
2784.0,-39.5,-37.4
2784.1,-37.4,-37.7
2784.2,-37.5,-37.8
2784.3,-38.7,-37.8
2784.4,-39.5,-37.8
2784.5,-45.5,-38.0
2784.6,-46.5,-38.1
2784.7,-46.5,-38.1
2784.8,-46.5,-38.3
2784.9,-47.0,-38.5
2785.0,-46.8,-38.5
2785.1,-47.2,-38.6
2785.2,-47.3,-38.7
2785.3,-47.0,-39.1
2785.4,-47.5,-39.2
2785.5,-47.5,-39.7
2785.6,-48.0,-41.5
2785.7,-48.6,-41.7
2785.8,-48.6,-42.2
2785.9,-49.1,-42.3
2786.0,-49.4,-42.5
2786.1,-49.2,-42.6
2786.2,-49.0,-42.7
2786.3,-44.6,-42.6
2786.4,-43.2,-42.6
2786.5,-39.7,-42.2
2786.6,-37.0,-41.8
2786.7,-36.5,-41.5
2786.8,-36.5,-41.5
2786.9,-37.8,-41.9
2787.0,-41.2,-42.1
2787.1,-44.7,-43.0
2787.2,-46.8,-43.0
2787.3,-46.5,-43.0
2787.4,-45.7,-43.0
2787.5,-39.3,-42.1
2787.6,-37.0,-41.3
2787.7,-36.9,-41.3
2787.8,-36.3,-41.0
2787.9,-37.8,-40.9
2788.0,-40.3,-40.8
2788.1,-38.5,-40.4
2788.2,-39.2,-40.4
2788.3,-39.9,-40.3
2788.4,-39.8,-40.2
2788.5,-42.8,-40.2
2788.6,-43.9,-40.2
2788.7,-43.5,-40.1
2788.8,-44.8,-40.1
2788.9,-44.8,-40.1
2789.0,-44.4,-40.1
2789.1,-45.8,-40.0
2789.2,-44.7,-40.0
2789.3,-45.0,-40.1
2789.4,-45.6,-40.2
2789.5,-44.6,-40.5
2789.6,-45.6,-41.1
2789.7,-45.1,-41.4
2789.8,-44.6,-41.5
2789.9,-45.1,-41.5
2790.0,-44.4,-41.4
2790.1,-44.7,-41.4
2790.2,-44.8,-41.4
2790.3,-44.5,-41.4
2790.4,-45.1,-41.4
2790.5,-39.5,-41.5
2790.6,-36.4,-41.2
2790.7,-34.2,-40.2
2790.8,-32.9,-39.6
2790.9,-33.0,-39.4
2791.0,-33.8,-39.2
2791.1,-35.0,-39.3
2791.2,-37.2,-39.3
2791.3,-39.0,-39.2
2791.4,-40.5,-39.3
2791.5,-43.4,-39.3
2791.6,-44.2,-39.3
2791.7,-45.0,-39.3
2791.8,-44.7,-39.3
2791.9,-44.4,-39.3
2792.0,-44.1,-39.3
2792.1,-43.4,-39.2
2792.2,-43.2,-39.2
2792.3,-42.6,-39.2
2792.4,-41.9,-39.1
2792.5,-41.7,-39.1
2792.6,-40.9,-39.0
2792.7,-40.6,-38.9
2792.8,-40.5,-38.8
2792.9,-39.6,-38.7
2793.0,-39.7,-38.6
2793.1,-39.2,-38.5
2793.2,-38.7,-38.4
2793.3,-39.1,-38.3
2793.4,-37.9,-38.1
2793.5,-37.5,-38.3
2793.6,-37.0,-38.5
2793.7,-35.9,-38.8
2793.8,-36.3,-39.3
2793.9,-35.6,-39.2
2794.0,-34.9,-38.9
2794.1,-34.8,-38.8
2794.2,-33.8,-38.3
2794.3,-34.0,-38.1
2794.4,-34.2,-37.8
2794.5,-33.5,-37.3
2794.6,-33.5,-37.0
2794.7,-32.7,-36.5
2794.8,-32.5,-36.3
2794.9,-32.9,-36.0
2795.0,-32.8,-35.7
2795.1,-32.8,-35.4
2795.2,-32.5,-35.2
2795.3,-32.3,-35.0
2795.4,-32.6,-34.8
2795.5,-32.7,-34.6
2795.6,-32.4,-34.3
2795.7,-32.2,-34.1
2795.8,-32.1,-34.0
2795.9,-32.5,-33.9
2796.0,-33.0,-33.7
2796.1,-32.7,-33.5
2796.2,-32.0,-33.3
2796.3,-31.8,-33.2
2796.4,-31.8,-33.1
2796.5,-32.1,-33.0
2796.6,-32.4,-32.9
2796.7,-31.5,-32.7
2796.8,-31.2,-32.5
2796.9,-31.2,-32.5
2797.0,-31.3,-32.4
2797.1,-31.6,-32.3
2797.2,-30.3,-32.0
2797.3,-29.5,-31.8
2797.4,-29.2,-31.7
2797.5,-29.1,-31.6
2797.6,-29.1,-31.4
2797.7,-28.0,-30.9
2797.8,-26.9,-30.6
2797.9,-26.7,-30.4
2798.0,-26.9,-30.3
2798.1,-27.2,-30.0
2798.2,-26.6,-29.6
2798.3,-25.3,-29.1
2798.4,-25.1,-29.0
2798.5,-25.4,-28.8
2798.6,-26.2,-28.7
2798.7,-26.5,-28.4
2798.8,-25.3,-28.0
2798.9,-24.9,-27.8
2799.0,-25.0,-27.7
2799.1,-25.9,-27.6
2799.2,-26.7,-27.5
2799.3,-25.9,-27.2
2799.4,-25.5,-27.0
2799.5,-25.4,-26.9
2799.6,-26.1,-26.9
2799.7,-27.0,-26.8
2799.8,-26.3,-26.6
2799.9,-25.7,-26.4
2800.0,-25.5,-26.4
2800.1,-26.1,-26.3
2800.2,-27.4,-26.4
2800.3,-27.3,-26.2
2800.4,-26.5,-26.1
2800.5,-26.2,-26.1
2800.6,-26.2,-26.1
2800.7,-27.2,-26.2
2800.8,-28.0,-26.2
2800.9,-27.3,-26.1
2801.0,-26.9,-26.1
2801.1,-26.9,-26.1
2801.2,-27.6,-26.3
2801.3,-28.5,-26.5
2801.4,-28.0,-26.4
2801.5,-27.3,-26.4
2801.6,-27.2,-26.4
2801.7,-27.6,-26.6
2801.8,-28.6,-26.9
2801.9,-28.4,-26.9
2802.0,-27.7,-26.8
2802.1,-27.5,-26.9
2802.2,-27.8,-27.0
2802.3,-28.7,-27.2
2802.4,-29.3,-27.3
2802.5,-28.4,-27.3
2802.6,-28.3,-27.3
2802.7,-28.5,-27.4
2802.8,-29.1,-27.7
2802.9,-29.9,-27.8
2803.0,-29.0,-27.8
2803.1,-28.5,-27.8
2803.2,-28.6,-27.8
2803.3,-29.0,-28.0
2803.4,-29.6,-28.2
2803.5,-28.9,-28.2
2803.6,-28.3,-28.2
2803.7,-28.4,-28.2
2803.8,-28.9,-28.3
2803.9,-29.9,-28.5
2804.0,-29.5,-28.5
2804.1,-28.3,-28.4
2804.2,-28.1,-28.4
2804.3,-28.2,-28.5
2804.4,-28.9,-28.7
2804.5,-28.8,-28.7
2804.6,-27.5,-28.5
2804.7,-27.2,-28.4
2804.8,-27.3,-28.5
2804.9,-28.0,-28.6
2805.0,-28.7,-28.6
2805.1,-27.8,-28.5
2805.2,-27.4,-28.4
2805.3,-27.4,-28.4
2805.4,-28.1,-28.5
2805.5,-29.2,-28.5
2805.6,-28.5,-28.4
2805.7,-28.0,-28.3
2805.8,-27.8,-28.3
2805.9,-28.3,-28.4
2806.0,-29.7,-28.5
2806.1,-29.8,-28.5
2806.2,-29.4,-28.4
2806.3,-29.0,-28.4
2806.4,-29.3,-28.4
2806.5,-30.3,-28.6
2806.6,-30.4,-28.6
2806.7,-29.5,-28.5
2806.8,-28.8,-28.4
2806.9,-28.8,-28.5
2807.0,-29.4,-28.6
2807.1,-30.3,-28.7
2807.2,-30.0,-28.7
2807.3,-29.3,-28.6
2807.4,-29.2,-28.7
2807.5,-29.6,-28.8
2807.6,-30.7,-29.1
2807.7,-30.9,-29.1
2807.8,-30.4,-29.1
2807.9,-30.3,-29.1
2808.0,-30.5,-29.3
2808.1,-31.2,-29.5
2808.2,-31.1,-29.6
2808.3,-29.9,-29.5
2808.4,-29.5,-29.5
2808.5,-29.5,-29.6
2808.6,-29.8,-29.8
2808.7,-29.9,-29.8
2808.8,-29.0,-29.7
2808.9,-28.4,-29.6
2809.0,-28.4,-29.6
2809.1,-28.9,-29.7
2809.2,-29.1,-29.7
2809.3,-28.4,-29.5
2809.4,-27.7,-29.3
2809.5,-27.7,-29.3
2809.6,-28.4,-29.4
2809.7,-29.1,-29.5
2809.8,-28.9,-29.4
2809.9,-28.3,-29.2
2810.0,-28.1,-29.2
2810.1,-28.6,-29.2
2810.2,-29.6,-29.3
2810.3,-29.7,-29.3
2810.4,-29.0,-29.2
2810.5,-28.8,-29.1
2810.6,-29.0,-29.1
2810.7,-29.7,-29.2
2810.8,-29.9,-29.1
2810.9,-29.1,-29.0
2811.0,-28.8,-28.9
2811.1,-28.8,-28.9
2811.2,-29.5,-29.0
2811.3,-30.3,-29.0
2811.4,-29.3,-28.9
2811.5,-28.8,-28.8
2811.6,-28.7,-28.8
2811.7,-29.2,-28.9
2811.8,-30.3,-29.1
2811.9,-29.7,-29.0
2812.0,-29.0,-28.9
2812.1,-28.8,-28.9
2812.2,-29.1,-29.1
2812.3,-30.4,-29.2
2812.4,-30.7,-29.3
2812.5,-29.8,-29.2
2812.6,-29.4,-29.2
2812.7,-29.5,-29.3
2812.8,-30.4,-29.5
2812.9,-31.2,-29.6
2813.0,-30.3,-29.5
2813.1,-29.9,-29.5
2813.2,-30.0,-29.5
2813.3,-30.6,-29.7
2813.4,-31.9,-29.8
2813.5,-31.7,-29.8
2813.6,-31.1,-29.8
2813.7,-31.0,-29.8
2813.8,-31.3,-30.0
2813.9,-32.1,-30.2
2814.0,-31.7,-30.2
2814.1,-30.8,-30.1
2814.2,-30.7,-30.1
2814.3,-30.8,-30.2
2814.4,-31.2,-30.4
2814.5,-31.0,-30.4
2814.6,-29.7,-30.3
2814.7,-29.4,-30.3
2814.8,-29.5,-30.3
2814.9,-30.3,-30.5
2815.0,-30.7,-30.6
2815.1,-29.5,-30.4
2815.2,-29.0,-30.3
2815.3,-29.0,-30.3
2815.4,-29.6,-30.4
2815.5,-30.2,-30.5
2815.6,-29.2,-30.2
2815.7,-28.4,-30.1
2815.8,-28.3,-30.1
2815.9,-28.9,-30.1
2816.0,-30.0,-30.2
2816.1,-29.8,-30.1
2816.2,-28.8,-29.9
2816.3,-28.6,-29.8
2816.4,-28.9,-29.8
2816.5,-29.8,-29.9
2816.6,-30.1,-29.8
2816.7,-29.1,-29.6
2816.8,-28.6,-29.5
2816.9,-28.6,-29.5
2817.0,-29.4,-29.5
2817.1,-30.2,-29.5
2817.2,-29.6,-29.4
2817.3,-29.1,-29.3
2817.4,-29.0,-29.3
2817.5,-29.4,-29.4
2817.6,-30.4,-29.5
2817.7,-30.0,-29.3
2817.8,-29.0,-29.2
2817.9,-28.8,-29.2
2818.0,-29.0,-29.3
2818.1,-29.8,-29.4
2818.2,-29.8,-29.3
2818.3,-28.9,-29.2
2818.4,-28.6,-29.1
2818.5,-28.6,-29.2
2818.6,-29.3,-29.3
2818.7,-30.1,-29.4
2818.8,-29.5,-29.3
2818.9,-29.3,-29.2
2819.0,-29.6,-29.3
2819.1,-30.2,-29.4
2819.2,-31.0,-29.5
2819.3,-30.3,-29.4
2819.4,-29.5,-29.4
2819.5,-29.5,-29.4
2819.6,-29.9,-29.5
2819.7,-30.9,-29.7
2819.8,-30.4,-29.6
2819.9,-29.4,-29.5
2820.0,-29.4,-29.5
2820.1,-29.5,-29.6
2820.2,-30.3,-29.7
2820.3,-30.5,-29.7
2820.4,-29.2,-29.5
2820.5,-28.7,-29.5
2820.6,-28.6,-29.4
2820.7,-28.8,-29.5
2820.8,-29.0,-29.5
2820.9,-28.3,-29.4
2821.0,-28.0,-29.3
2821.1,-27.9,-29.2
2821.2,-28.5,-29.3
2821.3,-28.9,-29.4
2821.4,-28.2,-29.2
2821.5,-28.0,-29.1
2821.6,-27.7,-29.1
2821.7,-28.0,-29.1
2821.8,-28.4,-29.1
2821.9,-27.4,-28.9
2822.0,-26.9,-28.7
2822.1,-26.6,-28.6
2822.2,-26.9,-28.5
2822.3,-28.0,-28.6
2822.4,-27.8,-28.4
2822.5,-27.0,-28.2
2822.6,-26.7,-28.1
2822.7,-26.7,-28.1
2822.8,-27.6,-28.1
2822.9,-28.2,-28.1
2823.0,-27.5,-27.9
2823.1,-26.9,-27.7
2823.2,-26.8,-27.7
2823.3,-27.4,-27.7
2823.4,-28.3,-27.8
2823.5,-27.7,-27.6
2823.6,-27.1,-27.5
2823.7,-26.6,-27.4
2823.8,-26.8,-27.5
2823.9,-27.9,-27.6
2824.0,-28.1,-27.5
2824.1,-28.2,-27.5
2824.2,-28.2,-27.5
2824.3,-28.4,-27.5
2824.4,-29.4,-27.6
2824.5,-30.2,-27.7
2824.6,-30.0,-27.7
2824.7,-29.8,-27.7
2824.8,-29.9,-27.8
2824.9,-30.3,-28.0
2825.0,-30.7,-28.1
2825.1,-30.0,-28.1
2825.2,-29.4,-28.1
2825.3,-29.4,-28.2
2825.4,-29.5,-28.3
2825.5,-30.1,-28.5
2825.6,-29.6,-28.5
2825.7,-28.8,-28.5
2825.8,-28.6,-28.5
2825.9,-28.7,-28.6
2826.0,-29.2,-28.8
2826.1,-29.2,-28.8
2826.2,-28.3,-28.7
2826.3,-28.3,-28.7
2826.4,-28.4,-28.8
2826.5,-29.0,-29.0
2826.6,-29.6,-29.1
2826.7,-28.9,-29.1
2826.8,-28.5,-29.1
2826.9,-28.4,-29.1
2827.0,-28.7,-29.2
2827.1,-29.2,-29.3
2827.2,-28.8,-29.2
2827.3,-28.5,-29.1
2827.4,-28.5,-29.1
2827.5,-28.8,-29.1
2827.6,-29.4,-29.1
2827.7,-29.0,-29.0
2827.8,-28.4,-28.9
2827.9,-28.1,-28.8
2828.0,-28.1,-28.8
2828.1,-28.6,-28.8
2828.2,-28.8,-28.8
2828.3,-28.3,-28.7
2828.4,-28.3,-28.6
2828.5,-28.4,-28.7
2828.6,-29.1,-28.8
2828.7,-29.8,-28.8
2828.8,-29.3,-28.7
2828.9,-29.0,-28.7
2829.0,-28.8,-28.7
2829.1,-29.1,-28.8
2829.2,-30.1,-28.9
2829.3,-30.5,-28.9
2829.4,-30.5,-28.9
2829.5,-30.6,-29.0
2829.6,-30.8,-29.1
2829.7,-31.5,-29.2
2829.8,-31.9,-29.3
2829.9,-31.9,-29.3
2830.0,-31.9,-29.4
2830.1,-32.1,-29.5
2830.2,-32.6,-29.7
2830.3,-33.0,-29.8
2830.4,-33.1,-29.9
2830.5,-33.1,-30.0
2830.6,-33.4,-30.1
2830.7,-33.8,-30.3
2830.8,-34.0,-30.5
2830.9,-34.0,-30.7
2831.0,-33.9,-30.8
2831.1,-33.7,-31.0
2831.2,-33.9,-31.2
2831.3,-33.9,-31.5
2831.4,-33.7,-31.6
2831.5,-33.6,-31.7
2831.6,-32.5,-31.7
2831.7,-32.6,-31.9
2831.8,-32.6,-32.2
2831.9,-32.6,-32.4
2832.0,-33.7,-32.6
2832.1,-33.6,-32.7
2832.2,-33.6,-32.7
2832.3,-33.7,-32.9
2832.4,-33.8,-33.1
2832.5,-34.1,-33.2
2832.6,-34.1,-33.3
2832.7,-34.3,-33.3
2832.8,-34.6,-33.5
2832.9,-34.7,-33.6
2833.0,-35.2,-33.7
2833.1,-35.4,-33.8
2833.2,-35.5,-33.8
2833.3,-36.1,-34.0
2833.4,-36.3,-34.1
2833.5,-36.7,-34.2
2833.6,-37.3,-34.2
2833.7,-37.4,-34.3
2833.8,-38.0,-34.4
2833.9,-38.4,-34.6
2834.0,-38.6,-34.7
2834.1,-39.0,-34.8
2834.2,-35.5,-34.6
2834.3,-33.8,-34.5
2834.4,-33.3,-34.6
2834.5,-30.9,-34.2
2834.6,-30.3,-34.1
2834.7,-28.3,-33.2
2834.8,-28.4,-33.3
2834.9,-29.6,-33.4
2835.0,-31.0,-33.6
2835.1,-41.6,-33.7
2835.2,-43.5,-33.8
2835.3,-43.9,-34.0
2835.4,-41.5,-34.0
2835.5,-40.2,-34.1
2835.6,-39.0,-34.2
2835.7,-39.0,-34.3
2835.8,-40.8,-34.4
2835.9,-43.0,-34.6
2836.0,-49.3,-34.7
2836.1,-51.7,-34.8
2836.2,-52.1,-34.9
2836.3,-52.6,-35.0
2836.4,-45.8,-35.0
2836.5,-41.4,-35.0
2836.6,-39.7,-35.0
2836.7,-31.4,-34.1
2836.8,-30.9,-34.0
2836.9,-31.1,-34.0
2837.0,-31.2,-34.0
2837.1,-38.2,-34.1
2837.2,-43.2,-34.3
2837.3,-43.5,-34.6
2837.4,-43.5,-34.7
2837.5,-41.6,-35.3
2837.6,-40.7,-35.9
2837.7,-40.2,-37.9
2837.8,-40.3,-38.0
2837.9,-40.8,-37.9
2838.0,-41.6,-38.0
2838.1,-40.9,-37.9
2838.2,-41.9,-37.9
2838.3,-42.5,-37.9
2838.4,-41.7,-38.0
2838.5,-41.0,-38.0
2838.6,-39.6,-38.0
2838.7,-40.0,-38.0
2838.8,-40.9,-38.0
2838.9,-44.1,-38.0
2839.0,-50.2,-38.0
2839.1,-54.6,-38.0
2839.2,-54.8,-38.0
2839.3,-54.8,-38.0
2839.4,-56.4,-38.1
2839.5,-56.2,-38.3
2839.6,-56.0,-38.4
2839.7,-55.5,-42.1
2839.8,-47.3,-43.0
2839.9,-40.1,-42.3
2840.0,-39.6,-42.4
2840.1,-39.0,-42.3
2840.2,-39.4,-42.3
2840.3,-43.1,-42.2
2840.4,-42.2,-42.2
2840.5,-41.7,-42.3
2840.6,-41.5,-42.4
2840.7,-42.1,-42.6
2840.8,-44.1,-42.8
2840.9,-48.2,-43.1
2841.0,-51.8,-43.1
2841.1,-54.9,-43.5
2841.2,-55.9,-43.5
2841.3,-56.2,-43.7
2841.4,-56.7,-44.0
2841.5,-56.9,-44.6
2841.6,-57.0,-45.2
2841.7,-51.6,-45.2
2841.8,-47.8,-45.0
2841.9,-39.0,-43.4
2842.0,-36.0,-42.0
2842.1,-35.8,-41.9
2842.2,-35.0,-41.4
2842.3,-34.5,-40.3
2842.4,-35.6,-40.1
2842.5,-35.0,-39.7
2842.6,-35.3,-39.5
2842.7,-37.1,-39.3
2842.8,-37.3,-39.2
2842.9,-38.6,-39.5
2843.0,-38.8,-39.4
2843.1,-39.6,-39.3
2843.2,-41.1,-39.4
2843.3,-41.5,-39.4
2843.4,-44.1,-39.5
2843.5,-45.1,-39.5
2843.6,-44.0,-39.5
2843.7,-42.0,-39.4
2843.8,-41.2,-39.3
2843.9,-41.9,-39.3
2844.0,-42.9,-39.3
2844.1,-41.9,-39.1
2844.2,-40.8,-38.9
2844.3,-39.4,-38.8
2844.4,-38.6,-38.7
2844.5,-39.4,-38.6
2844.6,-40.9,-38.6
2844.7,-43.3,-38.6
2844.8,-46.3,-38.6
2844.9,-49.0,-39.1
2845.0,-49.8,-39.7
2845.1,-49.9,-39.8
2845.2,-50.4,-40.2
2845.3,-50.9,-41.2
2845.4,-50.9,-41.5
2845.5,-50.4,-42.0
2845.6,-49.9,-42.3
2845.7,-49.5,-42.8
2845.8,-49.2,-43.2
2845.9,-48.9,-43.3
2846.0,-44.3,-43.4
2846.1,-39.5,-42.8
2846.2,-36.3,-41.7
2846.3,-35.8,-41.4
2846.4,-36.0,-41.3
2846.5,-37.0,-41.2
2846.6,-40.5,-41.3
2846.7,-41.0,-41.2
2846.8,-40.5,-41.2
2846.9,-40.8,-41.1
2847.0,-41.0,-41.0
2847.1,-42.0,-41.3
2847.2,-42.5,-41.5
2847.3,-43.8,-41.7
2847.4,-43.2,-41.8
2847.5,-41.2,-41.6
2847.6,-38.5,-41.0
2847.7,-38.3,-40.9
2847.8,-38.5,-40.9
2847.9,-39.4,-40.8
2848.0,-43.0,-40.7
2848.1,-43.8,-40.7
2848.2,-44.7,-40.7
2848.3,-46.0,-40.7
2848.4,-49.0,-40.7
2848.5,-49.7,-40.7
2848.6,-49.6,-40.7
2848.7,-49.5,-40.7
2848.8,-49.5,-40.7
2848.9,-49.6,-40.7
2849.0,-49.7,-40.9
2849.1,-49.5,-41.4
2849.2,-49.1,-42.5
2849.3,-44.8,-42.6
2849.4,-40.2,-42.1
2849.5,-38.8,-42.0
2849.6,-37.8,-41.8
2849.7,-37.8,-41.8
2849.8,-39.7,-41.9
2849.9,-41.6,-42.1
2850.0,-44.8,-42.2
2850.1,-47.8,-42.2
2850.2,-43.3,-42.0
2850.3,-40.6,-41.7
2850.4,-39.2,-41.6
2850.5,-38.9,-41.8
2850.6,-40.1,-42.4
2850.7,-40.5,-42.2
2850.8,-38.0,-41.4
2850.9,-37.1,-41.1
2851.0,-36.9,-41.1
2851.1,-37.6,-41.1
2851.2,-41.6,-41.1
2851.3,-46.7,-41.1
2851.4,-49.1,-41.1
2851.5,-46.2,-41.0
2851.6,-45.0,-41.0
2851.7,-44.9,-41.0
2851.8,-45.7,-41.0
2851.9,-48.7,-41.0
2852.0,-51.6,-41.0
2852.1,-52.2,-41.0
2852.2,-51.9,-41.0
2852.3,-51.5,-41.2
2852.4,-50.7,-41.7
2852.5,-41.4,-41.5
2852.6,-40.6,-41.7
2852.7,-40.1,-41.8
2852.8,-39.9,-41.7
2852.9,-43.8,-41.7
2853.0,-45.7,-41.7
2853.1,-48.1,-41.8
2853.2,-50.5,-42.1
2853.3,-52.5,-42.5
2853.4,-52.8,-42.8
2853.5,-52.4,-43.0
2853.6,-52.3,-43.0
2853.7,-52.3,-43.4
2853.8,-52.4,-45.0
2853.9,-52.9,-46.0
2854.0,-53.1,-46.4
2854.1,-52.8,-46.4
2854.2,-41.6,-45.0
2854.3,-39.7,-44.3
2854.4,-39.3,-44.3
2854.5,-39.3,-44.5
2854.6,-42.6,-44.6
2854.7,-48.1,-44.6
2854.8,-51.6,-44.6
2854.9,-52.7,-44.6
2855.0,-52.8,-44.6
2855.1,-53.0,-44.6
2855.2,-53.0,-44.7
2855.3,-53.0,-44.7
2855.4,-53.0,-44.7
2855.5,-52.7,-46.0
2855.6,-52.5,-46.3
2855.7,-52.8,-46.6
2855.8,-53.5,-46.8
2855.9,-54.0,-46.9
2856.0,-54.2,-46.9
2856.1,-53.9,-47.0
2856.2,-54.0,-47.0
2856.3,-53.7,-47.0
2856.4,-53.9,-47.0
2856.5,-54.3,-47.0
2856.6,-54.4,-47.0
2856.7,-54.8,-47.0
2856.8,-54.6,-47.0
2856.9,-54.4,-47.1
2857.0,-54.3,-47.1
2857.1,-54.5,-47.1
2857.2,-55.0,-49.6
2857.3,-55.6,-52.5
2857.4,-56.0,-53.5
2857.5,-56.2,-53.8
2857.6,-56.1,-54.0
2857.7,-56.2,-54.1
2857.8,-56.1,-54.2
2857.9,-56.0,-54.3
2858.0,-56.1,-54.4
2858.1,-55.9,-54.5
2858.2,-55.8,-54.5
2858.3,-55.8,-54.6
2858.4,-55.9,-54.8
2858.5,-56.0,-55.0
2858.6,-56.2,-55.1
2858.7,-56.2,-55.1
2858.8,-56.2,-55.2
2858.9,-56.0,-55.3
2859.0,-56.0,-55.4
2859.1,-55.9,-55.4
2859.2,-55.8,-55.5
2859.3,-55.9,-55.6
2859.4,-55.8,-55.6
2859.5,-55.4,-55.6
2859.6,-54.5,-55.5
2859.7,-53.7,-55.4
2859.8,-52.9,-55.3
2859.9,-52.9,-55.3
2860.0,-53.2,-55.3
2860.1,-53.6,-55.3
2860.2,-54.5,-55.2
2860.3,-54.7,-55.2
2860.4,-55.0,-55.2
2860.5,-55.1,-55.1
2860.6,-55.2,-55.1
2860.7,-54.9,-55.0
2860.8,-48.2,-53.3
2860.9,-39.8,-47.7
2861.0,-39.2,-47.2
2861.1,-38.8,-46.9
2861.2,-36.4,-44.6
2861.3,-37.8,-44.2
2861.4,-37.9,-43.9
2861.5,-38.1,-43.9
2861.6,-39.7,-43.1
2861.7,-40.4,-43.0
2861.8,-39.4,-42.6
2861.9,-39.2,-42.5
2862.0,-40.3,-42.2
2862.1,-40.2,-42.0
2862.2,-40.7,-41.8
2862.3,-40.7,-41.7
2862.4,-39.9,-41.3
2862.5,-40.0,-41.2
2862.6,-40.3,-41.1
2862.7,-40.6,-41.0
2862.8,-43.8,-41.0
2862.9,-42.4,-40.8
2863.0,-43.1,-40.7
2863.1,-43.0,-40.7
2863.2,-42.9,-40.7
2863.3,-43.7,-40.6
2863.4,-42.4,-40.4
2863.5,-42.7,-40.4
2863.6,-43.2,-40.4
2863.7,-44.8,-40.4
2863.8,-54.8,-40.5
2863.9,-55.5,-41.1
2864.0,-55.4,-41.2
2864.1,-55.4,-41.3
2864.2,-55.6,-42.2
2864.3,-55.6,-42.5
2864.4,-55.4,-42.7
2864.5,-54.9,-42.7
2864.6,-49.1,-43.3
2864.7,-44.9,-43.2
2864.8,-42.1,-43.3
2864.9,-36.8,-41.8
2865.0,-35.8,-41.5
2865.1,-36.0,-41.6
2865.2,-35.5,-41.4
2865.3,-36.8,-40.9
2865.4,-37.6,-41.0
2865.5,-36.0,-40.5
2865.6,-36.7,-40.5
2865.7,-37.1,-40.2
2865.8,-36.4,-39.8
2865.9,-38.3,-39.9
2866.0,-38.9,-40.0
2866.1,-41.4,-40.0
2866.2,-49.8,-40.0
2866.3,-53.4,-40.1
2866.4,-53.9,-40.3
2866.5,-54.2,-40.3
2866.6,-54.4,-40.3
2866.7,-54.8,-40.3
2866.8,-54.7,-40.3
2866.9,-54.7,-40.3
2867.0,-54.3,-40.3
2867.1,-54.2,-40.3
2867.2,-54.3,-40.3
2867.3,-54.3,-40.3
2867.4,-54.5,-40.3
2867.5,-54.3,-40.3
2867.6,-51.4,-40.3
2867.7,-40.8,-40.0
2867.8,-37.1,-39.5
2867.9,-36.9,-40.3
2868.0,-36.9,-40.7
2868.1,-38.9,-40.8
2868.2,-48.3,-41.2
2868.3,-53.1,-41.8
2868.4,-54.8,-42.1
2868.5,-54.9,-43.0
2868.6,-55.1,-43.2
2868.7,-55.1,-44.0
2868.8,-55.0,-45.0
2868.9,-53.3,-45.1
2869.0,-45.3,-44.6
2869.1,-42.7,-44.3
2869.2,-37.4,-42.6
2869.3,-36.2,-42.0
2869.4,-36.0,-41.7
2869.5,-35.2,-41.1
2869.6,-36.3,-40.7
2869.7,-37.5,-40.7
2869.8,-36.1,-40.0
2869.9,-37.1,-39.9
2870.0,-38.8,-39.9
2870.1,-38.4,-39.8
2870.2,-41.7,-39.7
2870.3,-43.0,-39.6
2870.4,-42.4,-39.6
2870.5,-42.3,-39.5
2870.6,-44.6,-39.5
2870.7,-44.5,-39.9
2870.8,-45.5,-40.6
2870.9,-44.9,-40.5
2871.0,-44.3,-40.5
2871.1,-44.5,-40.5
2871.2,-45.0,-40.5
2871.3,-48.3,-40.5
2871.4,-52.8,-40.5
2871.5,-53.8,-40.5
2871.6,-53.6,-40.5
2871.7,-53.2,-40.4
2871.8,-52.8,-40.4
2871.9,-52.6,-40.5
2872.0,-52.7,-40.6
2872.1,-53.0,-40.8
2872.2,-53.5,-41.8
2872.3,-53.8,-42.3
2872.4,-53.6,-42.7
2872.5,-53.3,-43.5
2872.6,-52.0,-44.5
2872.7,-43.6,-43.9
2872.8,-41.1,-45.0
2872.9,-39.7,-44.9
2873.0,-36.8,-43.4
2873.1,-35.7,-42.4
2873.2,-36.1,-42.6
2873.3,-36.1,-42.3
2873.4,-35.5,-41.2
2873.5,-32.0,-38.7
2873.6,-31.4,-38.4
2873.7,-31.1,-38.1
2873.8,-31.7,-37.9
2873.9,-36.5,-38.0
2874.0,-38.6,-38.0
2874.1,-41.9,-37.9
2874.2,-43.5,-37.9
2874.3,-43.9,-37.9
2874.4,-43.3,-37.8
2874.5,-43.9,-37.8
2874.6,-45.2,-37.8
2874.7,-44.3,-37.8
2874.8,-39.9,-37.5
2874.9,-39.2,-37.4
2875.0,-38.5,-37.3
2875.1,-36.2,-37.0
2875.2,-36.6,-36.9
2875.3,-36.2,-36.7
2875.4,-36.5,-36.7
2875.5,-38.6,-36.6
2875.6,-40.3,-36.6
2875.7,-40.5,-36.6
2875.8,-39.4,-36.6
2875.9,-40.4,-36.7
2876.0,-40.7,-37.0
2876.1,-43.4,-37.2
2876.2,-49.0,-37.3
2876.3,-50.0,-37.4
2876.4,-50.1,-37.8
2876.5,-49.9,-39.8
2876.6,-50.2,-40.3
2876.7,-50.2,-40.9
2876.8,-50.3,-41.1
2876.9,-50.3,-41.2
2877.0,-50.4,-41.2
2877.1,-50.5,-41.3
2877.2,-50.0,-41.4
2877.3,-50.3,-41.4
2877.4,-49.9,-41.5
2877.5,-49.7,-41.5
2877.6,-49.6,-41.6
2877.7,-49.2,-41.6
2877.8,-49.1,-42.3
2877.9,-49.0,-42.5
2878.0,-48.8,-42.8
2878.1,-48.9,-44.2
2878.2,-49.0,-45.0
2878.3,-49.1,-45.9
2878.4,-49.0,-46.0
2878.5,-48.7,-46.6
2878.6,-48.8,-46.8
2878.7,-48.6,-48.0
2878.8,-48.7,-49.4
2878.9,-48.7,-49.5
2879.0,-48.4,-49.4
2879.1,-48.2,-49.3
2879.2,-48.4,-49.3
2879.3,-48.3,-49.2
2879.4,-48.4,-49.1
2879.5,-48.5,-49.1
2879.6,-48.2,-49.0
2879.7,-48.2,-49.0
2879.8,-48.4,-48.9
2879.9,-48.7,-48.9
2880.0,-49.0,-48.9
2880.1,-49.4,-48.9
2880.2,-49.5,-48.8
2880.3,-49.4,-48.8
2880.4,-49.6,-48.8
2880.5,-49.5,-48.8
2880.6,-49.6,-48.8
2880.7,-49.7,-48.9
2880.8,-49.5,-48.9
2880.9,-49.6,-48.9
2881.0,-49.4,-48.9
2881.1,-46.4,-48.4
2881.2,-41.6,-46.9
2881.3,-38.3,-45.1
2881.4,-38.1,-44.9
2881.5,-37.8,-44.6
2881.6,-38.7,-44.3
2881.7,-40.7,-43.9
2881.8,-39.4,-43.4
2881.9,-40.1,-43.4
2882.0,-40.1,-43.2
2882.1,-41.1,-43.1
2882.2,-44.3,-43.1
2882.3,-44.9,-43.1
2882.4,-47.4,-43.2
2882.5,-50.3,-43.2
2882.6,-51.0,-43.2
2882.7,-51.2,-43.2
2882.8,-51.1,-43.2
2882.9,-50.9,-43.3
2883.0,-50.8,-43.3
2883.1,-50.6,-43.3
2883.2,-50.6,-43.3
2883.3,-50.8,-43.3
2883.4,-50.9,-43.3
2883.5,-50.7,-43.3
2883.6,-50.4,-43.3
2883.7,-50.1,-43.3
2883.8,-49.6,-43.3
2883.9,-49.7,-43.3
2884.0,-49.9,-43.3
2884.1,-50.3,-43.5
2884.2,-50.9,-44.1
2884.3,-51.1,-45.5
2884.4,-50.7,-45.7
2884.5,-44.4,-45.6
2884.6,-43.5,-45.8
2884.7,-42.9,-46.3
2884.8,-42.1,-47.1
2884.9,-43.8,-47.0
2885.0,-44.2,-47.3
2885.1,-44.7,-47.5
2885.2,-46.1,-47.5
2885.3,-45.8,-47.2
2885.4,-46.7,-47.2
2885.5,-47.3,-47.2
2885.6,-47.8,-47.2
2885.7,-50.6,-47.2
2885.8,-50.7,-47.2
2885.9,-50.1,-47.1
2886.0,-49.4,-47.1
2886.1,-49.3,-47.1
2886.2,-49.4,-47.1
2886.3,-49.6,-47.0
2886.4,-49.8,-47.0
2886.5,-49.3,-47.0
2886.6,-48.3,-46.9
2886.7,-47.4,-46.8
2886.8,-46.4,-46.7
2886.9,-45.7,-46.5
2887.0,-45.4,-46.4
2887.1,-44.7,-46.2
2887.2,-44.7,-46.0
2887.3,-44.7,-45.9
2887.4,-44.7,-45.8
2887.5,-45.3,-46.3
2887.6,-45.0,-46.4
2887.7,-44.7,-46.3
2887.8,-44.0,-46.3
2887.9,-43.6,-46.3
2888.0,-43.4,-46.2
2888.1,-43.4,-46.0
2888.2,-43.6,-45.9
2888.3,-43.1,-45.7
2888.4,-42.1,-45.3
2888.5,-40.8,-44.7
2888.6,-39.9,-44.3
2888.7,-39.6,-44.0
2888.8,-39.6,-43.7
2888.9,-40.2,-43.5
2889.0,-40.6,-43.2
2889.1,-40.4,-42.9
2889.2,-40.2,-42.7
2889.3,-40.3,-42.5
2889.4,-40.4,-42.4
2889.5,-40.8,-42.2
2889.6,-41.0,-42.0
2889.7,-41.0,-41.9
2889.8,-41.0,-41.8
2889.9,-41.0,-41.7
2890.0,-41.2,-41.6
2890.1,-41.4,-41.6
2890.2,-41.6,-41.5
2890.3,-41.9,-41.5
2890.4,-41.7,-41.4
2890.5,-41.1,-41.2
2890.6,-40.8,-41.1
2890.7,-40.7,-41.1
2890.8,-40.8,-41.0
2890.9,-41.4,-41.0
2891.0,-41.8,-41.0
2891.1,-42.4,-41.0
2891.2,-42.8,-41.0
2891.3,-43.3,-41.0
2891.4,-43.9,-41.1
2891.5,-44.3,-41.3
2891.6,-44.9,-41.5
2891.7,-44.9,-41.6
2891.8,-44.6,-41.7
2891.9,-44.2,-41.8
2892.0,-43.8,-41.9
2892.1,-43.0,-42.0
2892.2,-42.3,-42.1
2892.3,-41.8,-42.1
2892.4,-41.4,-42.1
2892.5,-40.9,-42.0
2892.6,-40.3,-41.9
2892.7,-39.8,-41.8
2892.8,-39.5,-41.8
2892.9,-39.5,-41.7
2893.0,-39.4,-41.6
2893.1,-38.9,-41.4
2893.2,-38.0,-41.1
2893.3,-37.4,-40.8
2893.4,-36.9,-40.6
2893.5,-36.2,-40.2
2893.6,-35.4,-39.8
2893.7,-34.7,-39.3
2893.8,-34.2,-38.9
2893.9,-34.3,-38.7
2894.0,-34.7,-38.5
2894.1,-34.9,-38.2
2894.2,-34.4,-37.7
2894.3,-33.1,-37.1
2894.4,-31.6,-36.4
2894.5,-30.5,-35.7
2894.6,-30.0,-35.3
2894.7,-29.8,-34.8
2894.8,-30.0,-34.5
2894.9,-29.7,-33.9
2895.0,-28.9,-33.4
2895.1,-28.1,-32.8
2895.2,-27.0,-32.1
2895.3,-26.4,-31.5
2895.4,-25.9,-31.0
2895.5,-25.1,-30.3
2895.6,-24.4,-29.6
2895.7,-23.8,-29.0
2895.8,-23.4,-28.6
2895.9,-22.9,-28.0
2896.0,-22.6,-27.4
2896.1,-22.4,-27.0
2896.2,-22.5,-26.7
2896.3,-22.4,-26.3
2896.4,-22.5,-26.0
2896.5,-22.1,-25.6
2896.6,-21.4,-25.2
2896.7,-21.1,-24.8
2896.8,-20.7,-24.4
2896.9,-20.8,-24.2
2897.0,-21.1,-23.9
2897.1,-21.5,-23.7
2897.2,-21.2,-23.4
2897.3,-21.2,-23.2
2897.4,-21.0,-23.0
2897.5,-20.9,-22.8
2897.6,-21.3,-22.7
2897.7,-21.2,-22.5
2897.8,-21.3,-22.3
2897.9,-21.2,-22.2
2898.0,-21.3,-22.1
2898.1,-21.8,-22.0
2898.2,-22.5,-22.0
2898.3,-23.5,-22.0
2898.4,-24.8,-22.0
2898.5,-25.6,-22.0
2898.6,-25.9,-22.1
2898.7,-26.4,-22.2
2898.8,-26.6,-22.2
2898.9,-27.1,-22.3
2899.0,-27.5,-22.4
2899.1,-27.7,-22.6
2899.2,-28.4,-22.6
2899.3,-28.4,-22.8
2899.4,-28.4,-22.9
2899.5,-28.2,-23.1
2899.6,-27.5,-23.3
2899.7,-26.6,-23.4
2899.8,-26.1,-23.6
2899.9,-25.3,-23.7
2900.0,-24.5,-23.8
2900.1,-24.5,-23.9
2900.2,-23.9,-24.1
2900.3,-23.9,-24.2
2900.4,-24.2,-24.4
2900.5,-23.9,-24.5
2900.6,-24.1,-24.7
2900.7,-23.7,-24.8
2900.8,-23.3,-24.9
2900.9,-22.8,-24.9
2901.0,-21.7,-24.8
2901.1,-21.2,-24.6
2901.2,-21.1,-24.5
2901.3,-21.1,-24.3
2901.4,-21.1,-24.1
2901.5,-21.0,-23.8
2901.6,-21.0,-23.7
2901.7,-20.9,-23.5
2901.8,-20.8,-23.3
2901.9,-20.7,-23.0
2902.0,-20.4,-22.8
2902.1,-20.2,-22.6
2902.2,-20.5,-22.4
2902.3,-20.5,-22.2
2902.4,-20.6,-22.1
2902.5,-20.9,-21.9
2902.6,-20.9,-21.8
2902.7,-20.9,-21.7
2902.8,-20.5,-21.5
2902.9,-20.0,-21.4
2903.0,-19.8,-21.2
2903.1,-19.3,-21.0
2903.2,-19.2,-20.9
2903.3,-19.3,-20.8
2903.4,-19.3,-20.7
2903.5,-19.7,-20.6
2903.6,-19.9,-20.5
2903.7,-20.2,-20.4
2903.8,-20.6,-20.4
2903.9,-20.7,-20.4
2904.0,-20.6,-20.3
2904.1,-20.4,-20.4
2904.2,-20.4,-20.3
2904.3,-20.9,-20.3
2904.4,-21.4,-20.4
2904.5,-21.8,-20.4
2904.6,-22.1,-20.5
2904.7,-22.1,-20.5
2904.8,-22.1,-20.5
2904.9,-21.9,-20.6
2905.0,-21.9,-20.6
2905.1,-21.9,-20.7
2905.2,-22.0,-20.7
2905.3,-22.0,-20.7
2905.4,-22.2,-20.8
2905.5,-22.6,-20.9
2905.6,-23.1,-20.9
2905.7,-23.5,-21.0
2905.8,-23.7,-21.1
2905.9,-23.8,-21.3
2906.0,-24.0,-21.4
2906.1,-24.2,-21.6
2906.2,-24.2,-21.8
2906.3,-24.2,-21.9
2906.4,-24.2,-22.1
2906.5,-24.3,-22.3
2906.6,-24.3,-22.4
2906.7,-24.8,-22.5
2906.8,-25.3,-22.7
2906.9,-25.7,-22.9
2907.0,-26.3,-23.1
2907.1,-26.3,-23.3
2907.2,-26.5,-23.5
2907.3,-26.8,-23.6
2907.4,-26.9,-23.8
2907.5,-27.2,-23.9
2907.6,-27.0,-24.0
2907.7,-26.8,-24.2
2907.8,-26.9,-24.4
2907.9,-26.8,-24.6
2908.0,-27.2,-24.8
2908.1,-27.6,-25.0
2908.2,-28.1,-25.2
2908.3,-28.9,-25.5
2908.4,-28.8,-25.7
2908.5,-28.8,-25.8
2908.6,-29.1,-26.0
2908.7,-28.8,-26.2
2908.8,-29.1,-26.4
2908.9,-29.2,-26.5
2909.0,-29.2,-26.7
2909.1,-29.6,-26.9
2909.2,-29.9,-27.1
2909.3,-30.2,-27.4
2909.4,-30.6,-27.6
2909.5,-30.6,-27.8
2909.6,-30.7,-28.1
2909.7,-30.4,-28.2
2909.8,-30.3,-28.3
2909.9,-30.3,-28.4
2910.0,-29.5,-28.5
2910.1,-29.1,-28.6
2910.2,-28.6,-28.7
2910.3,-28.5,-28.7
2910.4,-28.9,-28.9
2910.5,-29.0,-28.9
2910.6,-29.5,-29.1
2910.7,-29.7,-29.2
2910.8,-29.4,-29.3
2910.9,-29.8,-29.4
2911.0,-29.6,-29.5
2911.1,-29.8,-29.5
2911.2,-30.6,-29.6
2911.3,-30.7,-29.7
2911.4,-31.8,-29.8
2911.5,-32.5,-29.9
2911.6,-32.8,-30.0
2911.7,-32.1,-30.0
2911.8,-29.9,-29.9
2911.9,-28.8,-29.9
2912.0,-28.1,-29.8
2912.1,-28.2,-29.8
2912.2,-28.4,-29.7
2912.3,-28.9,-29.7
2912.4,-29.1,-29.6
2912.5,-28.3,-29.5
2912.6,-28.5,-29.4
2912.7,-28.1,-29.3
2912.8,-26.8,-29.1
2912.9,-27.6,-29.1
2913.0,-28.3,-29.2
2913.1,-29.2,-29.3
2913.2,-30.9,-29.3
2913.3,-30.7,-29.4
2913.4,-30.5,-29.4
2913.5,-30.8,-29.6
2913.6,-32.6,-29.6
2913.7,-32.6,-29.6
2913.8,-32.0,-29.7
2913.9,-30.7,-29.7
2914.0,-30.7,-29.7
2914.1,-31.4,-29.8
2914.2,-31.4,-29.8
2914.3,-32.4,-29.8
2914.4,-31.7,-29.7
2914.5,-31.2,-29.7
2914.6,-31.8,-29.7
2914.7,-32.0,-29.8
2914.8,-32.8,-30.0
2914.9,-32.5,-30.1
2915.0,-32.8,-30.3
2915.1,-33.0,-30.4
2915.2,-32.3,-30.6
2915.3,-32.5,-30.6
2915.4,-31.7,-30.6
2915.5,-31.1,-30.9
2915.6,-32.1,-31.1
2915.7,-31.9,-31.3
2915.8,-29.8,-31.4
2915.9,-30.3,-31.5
2916.0,-29.5,-31.4
2916.1,-30.2,-31.4
2916.2,-33.0,-31.7
2916.3,-32.3,-31.7
2916.4,-31.4,-31.5
2916.5,-30.7,-31.4
2916.6,-31.3,-31.5
2916.7,-31.9,-31.6
2916.8,-34.7,-31.8
2916.9,-34.9,-31.9
2917.0,-32.9,-31.8
2917.1,-31.8,-31.7
2917.2,-31.2,-31.7
2917.3,-30.8,-31.6
2917.4,-31.5,-31.7
2917.5,-32.2,-31.8
2917.6,-31.3,-31.7
2917.7,-31.9,-31.6
2917.8,-31.9,-31.6
2917.9,-32.1,-31.8
2918.0,-34.4,-31.8
2918.1,-35.1,-31.8
2918.2,-36.4,-31.9
2918.3,-36.3,-32.1
2918.4,-35.4,-32.2
2918.5,-34.1,-32.2
2918.6,-32.8,-32.0
2918.7,-33.0,-32.2
2918.8,-33.3,-32.8
2918.9,-34.8,-32.8
2919.0,-37.4,-33.0
2919.1,-36.7,-33.0
2919.2,-37.1,-33.1
2919.3,-37.5,-33.3
2919.4,-35.3,-33.5
2919.5,-31.6,-33.2
2919.6,-28.4,-32.3
2919.7,-26.9,-31.8
2919.8,-27.1,-31.8
2919.9,-28.2,-31.9
2920.0,-31.2,-32.1
2920.1,-37.4,-32.2
2920.2,-36.8,-32.3
2920.3,-35.3,-32.4
2920.4,-33.5,-32.4
2920.5,-33.2,-32.4
2920.6,-32.2,-32.5
2920.7,-32.3,-32.5
2920.8,-32.2,-32.4
2920.9,-32.2,-32.4
2921.0,-33.3,-32.4
2921.1,-31.8,-32.1
2921.2,-32.0,-32.0
2921.3,-32.2,-32.0
2921.4,-32.4,-32.1
2921.5,-34.8,-32.2
2921.6,-36.1,-32.3
2921.7,-33.4,-32.1
2921.8,-30.9,-31.8
2921.9,-29.9,-31.6
2922.0,-28.8,-31.3
2922.1,-28.8,-31.1
2922.2,-28.8,-30.9
2922.3,-29.1,-30.8
2922.4,-30.5,-30.8
2922.5,-31.4,-31.1
2922.6,-30.8,-31.3
2922.7,-30.3,-31.6
2922.8,-30.4,-31.6
2922.9,-30.7,-31.6
2923.0,-33.7,-31.6
2923.1,-37.4,-31.6
2923.2,-37.9,-31.7
2923.3,-38.2,-31.8
2923.4,-39.5,-31.9
2923.5,-39.3,-31.9
2923.6,-38.2,-32.1
2923.7,-33.5,-31.9
2923.8,-31.7,-31.8
2923.9,-27.8,-31.1
2924.0,-26.8,-30.8
2924.1,-26.5,-30.7
2924.2,-26.9,-30.7
2924.3,-29.4,-30.7
2924.4,-31.5,-30.7
2924.5,-35.2,-30.7
2924.6,-35.8,-30.7
2924.7,-34.9,-30.8
2924.8,-34.2,-31.0
2924.9,-34.5,-31.2
2925.0,-34.3,-31.4
2925.1,-35.8,-31.6
2925.2,-38.0,-31.9
2925.3,-38.8,-32.1
2925.4,-41.7,-32.1
2925.5,-44.3,-32.2
2925.6,-44.6,-32.7
2925.7,-44.8,-33.0
2925.8,-43.4,-33.1
2925.9,-40.6,-33.1
2926.0,-39.6,-33.1
2926.1,-39.2,-33.1
2926.2,-37.3,-33.0
2926.3,-35.4,-32.9
2926.4,-35.7,-32.9
2926.5,-35.4,-32.9
2926.6,-36.7,-33.0
2926.7,-41.7,-33.4
2926.8,-42.1,-33.7
2926.9,-44.6,-35.3
2927.0,-45.2,-36.3
2927.1,-45.0,-37.7
2927.2,-45.0,-38.0
2927.3,-44.9,-38.3
2927.4,-44.5,-38.5
2927.5,-44.0,-38.7
2927.6,-34.4,-37.6
2927.7,-31.6,-37.0
2927.8,-30.9,-37.0
2927.9,-28.3,-35.4
2928.0,-25.8,-33.3
2928.1,-26.4,-33.3
2928.2,-26.5,-33.2
2928.3,-28.1,-33.2
2928.4,-38.5,-33.2
2928.5,-39.8,-33.2
2928.6,-39.1,-33.1
2928.7,-35.6,-32.9
2928.8,-33.3,-32.7
2928.9,-32.0,-32.6
2929.0,-31.0,-32.4
2929.1,-31.3,-32.3
2929.2,-31.2,-32.1
2929.3,-30.6,-32.0
2929.4,-31.1,-31.9
2929.5,-31.6,-31.9
2929.6,-32.8,-31.8
2929.7,-35.4,-31.8
2929.8,-37.2,-31.8
2929.9,-36.9,-31.7
2930.0,-36.2,-31.7
2930.1,-36.2,-31.6
2930.2,-35.9,-31.6
2930.3,-35.8,-31.5
2930.4,-36.1,-31.5
2930.5,-35.0,-31.4
2930.6,-34.8,-31.6
2930.7,-34.1,-31.8
2930.8,-32.7,-31.7
2930.9,-31.6,-32.1
2931.0,-29.5,-33.1
2931.1,-29.0,-32.8
2931.2,-29.0,-32.6
2931.3,-29.1,-32.4
2931.4,-30.7,-32.3
2931.5,-27.3,-31.2
2931.6,-26.4,-30.8
2931.7,-26.0,-30.6
2931.8,-25.9,-30.6
2931.9,-28.3,-30.6
2932.0,-29.1,-30.5
2932.1,-29.8,-30.4
2932.2,-27.4,-29.9
2932.3,-25.8,-29.6
2932.4,-25.7,-29.4
2932.5,-25.6,-29.3
2932.6,-26.9,-29.1
2932.7,-28.0,-28.9
2932.8,-28.4,-28.8
2932.9,-27.8,-28.6
2933.0,-27.5,-28.5
2933.1,-27.5,-28.3
2933.2,-27.5,-28.2
2933.3,-28.3,-28.1
2933.4,-28.9,-28.1
2933.5,-29.7,-28.0
2933.6,-28.9,-27.8
2933.7,-28.4,-27.8
2933.8,-28.2,-27.7
2933.9,-27.8,-27.7
2934.0,-28.6,-27.7
2934.1,-28.7,-27.7
2934.2,-28.7,-27.7
2934.3,-29.1,-27.7
2934.4,-28.3,-27.5
2934.5,-27.9,-27.8
2934.6,-26.9,-27.8
2934.7,-26.3,-27.7
2934.8,-26.1,-27.6
2934.9,-26.0,-27.4
2935.0,-26.4,-27.4
2935.1,-24.5,-27.0
2935.2,-23.6,-26.8
2935.3,-22.4,-26.5
2935.4,-21.8,-26.3
2935.5,-21.9,-26.0
2935.6,-22.0,-25.8
2935.7,-22.4,-25.6
2935.8,-21.9,-25.2
2935.9,-21.5,-24.9
2936.0,-20.7,-24.5
2936.1,-20.6,-24.3
2936.2,-20.5,-24.0
2936.3,-20.7,-23.8
2936.4,-21.3,-23.6
2936.5,-20.8,-23.3
2936.6,-20.5,-23.0
2936.7,-20.1,-22.8
2936.8,-20.0,-22.6
2936.9,-20.0,-22.4
2937.0,-20.4,-22.2
2937.1,-20.6,-22.0
2937.2,-20.5,-21.9
2937.3,-20.0,-21.6
2937.4,-19.5,-21.4
2937.5,-19.5,-21.2
2937.6,-19.3,-21.1
2937.7,-19.7,-20.9
2937.8,-20.1,-20.8
2937.9,-20.4,-20.7
2938.0,-20.0,-20.5
2938.1,-19.9,-20.5
2938.2,-19.9,-20.4
2938.3,-19.6,-20.4
2938.4,-20.4,-20.4
2938.5,-20.8,-20.4
2938.6,-21.1,-20.4
2938.7,-20.6,-20.2
2938.8,-19.8,-20.1
2938.9,-19.2,-20.1
2939.0,-19.1,-20.1
2939.1,-19.9,-20.1
2939.2,-20.3,-20.1
2939.3,-20.5,-20.1
2939.4,-20.2,-20.0
2939.5,-20.0,-20.0
2939.6,-20.1,-20.1
2939.7,-20.7,-20.1
2939.8,-21.2,-20.1
2939.9,-22.0,-20.2
2940.0,-22.5,-20.3
2940.1,-22.6,-20.3
2940.2,-22.1,-20.3
2940.3,-21.6,-20.4
2940.4,-21.7,-20.5
2940.5,-21.8,-20.6
2940.6,-22.7,-20.7
2940.7,-23.3,-20.8
2940.8,-23.5,-20.9
2940.9,-22.3,-20.8
2941.0,-22.0,-21.0
2941.1,-22.1,-21.1
2941.2,-21.8,-21.2
2941.3,-23.1,-21.3
2941.4,-24.2,-21.4
2941.5,-24.9,-21.5
2941.6,-25.0,-21.5
2941.7,-25.2,-21.8
2941.8,-25.4,-22.1
2941.9,-25.7,-22.3
2942.0,-28.0,-22.5
2942.1,-29.4,-22.7
2942.2,-29.0,-22.9
2942.3,-27.5,-23.1
2942.4,-26.3,-23.3
2942.5,-25.8,-23.5
2942.6,-25.3,-23.7
2942.7,-26.2,-23.9
2942.8,-27.1,-24.1
2942.9,-25.6,-24.0
2943.0,-23.6,-23.9
2943.1,-22.4,-23.9
2943.2,-22.0,-24.0
2943.3,-22.2,-24.2
2943.4,-23.1,-24.2
2943.5,-23.7,-24.2
2943.6,-24.2,-24.3
2943.7,-24.6,-24.4
2943.8,-24.8,-24.3
2943.9,-25.5,-24.7
2944.0,-25.4,-24.8
2944.1,-25.9,-25.0
2944.2,-26.7,-25.1
2944.3,-26.8,-25.2
2944.4,-27.3,-25.2
2944.5,-26.6,-25.2
2944.6,-26.7,-25.3
2944.7,-26.9,-25.4
2944.8,-27.0,-25.4
2944.9,-28.2,-25.4
2945.0,-29.0,-25.4
2945.1,-28.8,-25.3
2945.2,-27.6,-25.3
2945.3,-25.9,-25.2
2945.4,-24.9,-25.2
2945.5,-24.7,-25.2
2945.6,-25.3,-25.3
2945.7,-26.9,-25.3
2945.8,-27.5,-25.2
2945.9,-27.4,-25.4
2946.0,-26.7,-25.7
2946.1,-26.4,-26.0
2946.2,-26.9,-26.2
2946.3,-28.0,-26.4
2946.4,-28.9,-26.6
2946.5,-29.0,-26.8
2946.6,-29.6,-26.9
2946.7,-28.7,-26.9
2946.8,-26.5,-26.9
2946.9,-26.4,-26.9
2947.0,-26.2,-27.0
2947.1,-26.7,-27.1
2947.2,-29.3,-27.2
2947.3,-29.9,-27.2
2947.4,-29.2,-27.2
2947.5,-28.8,-27.3
2947.6,-28.6,-27.4
2947.7,-28.2,-27.4
2947.8,-29.0,-27.4
2947.9,-29.3,-27.4
2948.0,-29.6,-27.4
2948.1,-29.6,-27.5
2948.2,-28.9,-27.6
2948.3,-28.1,-27.8
2948.4,-27.7,-28.0
2948.5,-27.7,-28.1
2948.6,-28.3,-28.1
2948.7,-28.6,-28.0
2948.8,-29.1,-28.2
2948.9,-28.9,-28.3
2949.0,-28.6,-28.4
2949.1,-28.8,-28.4
2949.2,-27.7,-28.3
2949.3,-27.1,-28.1
2949.4,-27.1,-28.1
2949.5,-27.2,-28.2
2949.6,-28.0,-28.1
2949.7,-29.0,-28.2
2949.8,-29.4,-28.6
2949.9,-29.1,-28.6
2950.0,-29.2,-28.6
2950.1,-29.4,-28.6
2950.2,-28.4,-28.4
2950.3,-27.2,-28.2
2950.4,-27.3,-28.3
2950.5,-27.1,-28.3
2950.6,-27.2,-28.3
2950.7,-28.3,-28.3
2950.8,-28.0,-28.2
2950.9,-28.0,-28.2
2951.0,-27.8,-28.0
2951.1,-27.6,-28.0
2951.2,-27.6,-28.0
2951.3,-27.3,-28.0
2951.4,-27.3,-28.0
2951.5,-27.5,-28.0
2951.6,-27.6,-27.9
2951.7,-27.8,-27.9
2951.8,-27.9,-27.8
2951.9,-27.1,-27.8
2952.0,-27.1,-27.7
2952.1,-26.7,-27.6
2952.2,-24.9,-27.3
2952.3,-23.4,-26.9
2952.4,-22.4,-26.6
2952.5,-22.3,-26.5
2952.6,-23.2,-26.4
2952.7,-24.6,-26.3
2952.8,-26.0,-26.2
2952.9,-25.4,-26.1
2953.0,-25.1,-26.0
2953.1,-25.1,-25.9
2953.2,-24.8,-25.8
2953.3,-24.8,-25.8
2953.4,-24.3,-25.6
2953.5,-23.6,-25.4
2953.6,-23.1,-25.2
2953.7,-23.0,-25.0
2953.8,-23.0,-24.9
2953.9,-23.0,-24.7
2954.0,-22.8,-24.6
2954.1,-22.4,-24.4
2954.2,-22.0,-24.2
2954.3,-22.0,-24.0
2954.4,-22.0,-23.9
2954.5,-22.1,-23.7
2954.6,-22.2,-23.6
2954.7,-21.5,-23.3
2954.8,-21.3,-23.1
2954.9,-21.0,-23.0
2955.0,-20.9,-22.8
2955.1,-21.3,-22.7
2955.2,-21.3,-22.6
2955.3,-21.1,-22.6
2955.4,-20.9,-22.6
2955.5,-20.6,-22.4
2955.6,-20.8,-22.3
2955.7,-20.6,-22.1
2955.8,-20.8,-22.0
2955.9,-20.9,-21.9
2956.0,-20.6,-21.8
2956.1,-20.7,-21.6
2956.2,-20.0,-21.4
2956.3,-19.9,-21.3
2956.4,-19.7,-21.2
2956.5,-19.8,-21.1
2956.6,-20.3,-21.1
2956.7,-20.5,-21.0
2956.8,-20.2,-20.9
2956.9,-20.1,-20.8
2957.0,-19.9,-20.7
2957.1,-19.7,-20.7
2957.2,-19.7,-20.6
2957.3,-19.3,-20.4
2957.4,-19.2,-20.3
2957.5,-19.0,-20.3
2957.6,-19.2,-20.2
2957.7,-19.7,-20.2
2957.8,-19.9,-20.2
2957.9,-20.5,-20.2
2958.0,-21.2,-20.2
2958.1,-21.8,-20.3
2958.2,-22.8,-20.3
2958.3,-23.5,-20.4
2958.4,-24.3,-20.5
2958.5,-25.1,-20.6
2958.6,-26.1,-20.7
2958.7,-26.9,-20.8
2958.8,-27.4,-20.9
2958.9,-28.1,-21.1
2959.0,-28.4,-21.2
2959.1,-28.6,-21.4
2959.2,-29.0,-21.6
2959.3,-28.9,-21.8
2959.4,-29.3,-22.0
2959.5,-29.7,-22.2
2959.6,-29.7,-22.4
2959.7,-30.2,-22.6
2959.8,-30.3,-22.9
2959.9,-30.0,-23.1
2960.0,-28.7,-23.4
2960.1,-28.2,-23.6
2960.2,-28.3,-24.1
2960.3,-27.9,-24.5
2960.4,-28.8,-25.0
2960.5,-28.8,-25.5
2960.6,-28.7,-26.0
2960.7,-28.7,-26.4
2960.8,-29.1,-27.1
2960.9,-30.1,-27.6
2961.0,-30.6,-28.0
2961.1,-32.9,-28.4
2961.2,-33.9,-28.8
2961.3,-34.4,-29.1
2961.4,-34.7,-29.4
2961.5,-35.4,-29.7
2961.6,-35.4,-29.9
2961.7,-35.3,-30.1
2961.8,-35.9,-30.3
2961.9,-36.0,-30.4
2962.0,-36.7,-30.6
2962.1,-37.9,-30.8
2962.2,-37.6,-31.0
2962.3,-37.0,-31.2
2962.4,-36.9,-31.3
2962.5,-36.5,-31.5
2962.6,-36.5,-31.6
2962.7,-37.5,-31.8
2962.8,-36.7,-31.9
2962.9,-36.4,-32.2
2963.0,-36.0,-32.7
2963.1,-34.9,-33.0
2963.2,-35.1,-33.2
2963.3,-35.7,-33.7
2963.4,-36.3,-34.1
2963.5,-38.0,-34.6
2963.6,-39.1,-35.0
2963.7,-39.3,-35.8
2963.8,-39.9,-36.2
2963.9,-39.9,-36.4
2964.0,-40.2,-36.6
2964.1,-40.8,-36.9
2964.2,-40.7,-37.0
2964.3,-41.1,-37.2
2964.4,-41.1,-37.4
2964.5,-40.7,-37.5
2964.6,-40.9,-37.7
2964.7,-40.2,-37.8
2964.8,-39.6,-37.9
2964.9,-39.1,-38.0
2965.0,-38.7,-38.0
2965.1,-39.0,-38.0
2965.2,-39.4,-38.1
2965.3,-40.1,-38.3
2965.4,-40.7,-38.4
2965.5,-41.0,-38.5
2965.6,-41.3,-38.7
2965.7,-39.6,-38.6
2965.8,-38.4,-38.7
2965.9,-36.7,-38.6
2966.0,-34.9,-38.4
2966.1,-34.1,-38.3
2966.2,-34.4,-38.5
2966.3,-35.4,-38.6
2966.4,-37.7,-38.7
2966.5,-42.6,-38.8
2966.6,-43.9,-38.8
2966.7,-43.9,-38.9
2966.8,-43.9,-39.0
2966.9,-43.9,-39.0
2967.0,-44.1,-39.1
2967.1,-43.5,-39.1
2967.2,-40.7,-39.0
2967.3,-37.7,-38.6
2967.4,-34.9,-38.1
2967.5,-34.3,-37.9
2967.6,-34.8,-38.0
2967.7,-36.1,-38.0
2967.8,-40.5,-38.1
2967.9,-44.5,-38.2
2968.0,-45.1,-38.3
2968.1,-45.1,-38.4
2968.2,-44.8,-38.5
2968.3,-44.6,-38.5
2968.4,-44.4,-38.5
2968.5,-44.2,-38.6
2968.6,-44.2,-38.6
2968.7,-44.2,-38.8
2968.8,-44.2,-39.0
2968.9,-44.4,-39.4
2969.0,-44.5,-40.0
2969.1,-44.9,-40.8
2969.2,-45.3,-40.9
2969.3,-45.5,-40.9
2969.4,-45.8,-40.9
2969.5,-45.4,-40.9
2969.6,-45.2,-41.0
2969.7,-45.0,-41.0
2969.8,-44.7,-41.0
2969.9,-44.9,-41.0
2970.0,-44.7,-41.0
2970.1,-44.6,-41.1
2970.2,-44.6,-41.4
2970.3,-44.4,-42.1
2970.4,-44.6,-43.9
2970.5,-44.3,-44.7
2970.6,-44.2,-44.7
2970.7,-44.2,-44.7
2970.8,-44.3,-44.7
2970.9,-44.6,-44.7
2971.0,-44.5,-44.6
2971.1,-43.5,-44.4
2971.2,-43.3,-44.4
2971.3,-41.6,-44.1
2971.4,-41.6,-44.1
2971.5,-42.3,-44.1
2971.6,-42.3,-44.1
2971.7,-44.3,-44.1
2971.8,-44.3,-44.1
2971.9,-43.9,-44.0
2972.0,-43.9,-44.0
2972.1,-43.6,-44.0
2972.2,-43.2,-43.9
2972.3,-42.1,-43.6
2972.4,-42.2,-43.6
2972.5,-41.8,-43.4
2972.6,-42.0,-43.4
2972.7,-43.3,-43.4
2972.8,-42.9,-43.3
2972.9,-43.7,-43.3
2973.0,-44.0,-43.3
2973.1,-43.6,-43.3
2973.2,-44.1,-43.3
2973.3,-44.8,-43.3
2973.4,-44.9,-43.4
2973.5,-46.2,-43.4
2973.6,-46.9,-43.5
2973.7,-46.9,-43.6
2973.8,-47.4,-43.6
2973.9,-47.7,-43.7
2974.0,-47.8,-43.8
2974.1,-48.1,-44.0
2974.2,-48.5,-44.1
2974.3,-48.5,-44.5
2974.4,-48.4,-44.6
2974.5,-48.4,-44.7
2974.6,-48.2,-44.8
2974.7,-48.2,-44.9
2974.8,-48.1,-45.0
2974.9,-47.6,-45.1
2975.0,-47.1,-45.2
2975.1,-46.4,-45.3
2975.2,-45.9,-45.4
2975.3,-45.3,-45.7
2975.4,-45.1,-45.8
2975.5,-45.0,-46.0
2975.6,-44.8,-46.0
2975.7,-45.0,-46.1
2975.8,-45.2,-46.2
2975.9,-43.7,-46.0
2976.0,-43.0,-45.8
2976.1,-41.0,-45.3
2976.2,-40.2,-45.0
2976.3,-40.7,-44.9
2976.4,-41.0,-44.9
2976.5,-42.4,-44.7
2976.6,-43.2,-44.6
2976.7,-43.4,-44.5
2976.8,-43.2,-44.4
2976.9,-43.5,-44.3
2977.0,-43.7,-44.2
2977.1,-44.0,-44.1
2977.2,-44.5,-44.1
2977.3,-45.0,-44.0
2977.4,-45.8,-44.0
2977.5,-45.6,-43.9
2977.6,-45.0,-43.8
2977.7,-44.3,-43.7
2977.8,-43.7,-43.6
2977.9,-43.4,-43.5
2978.0,-40.5,-43.0
2978.1,-39.3,-42.6
2978.2,-38.1,-42.2
2978.3,-38.2,-42.2
2978.4,-39.6,-42.2
2978.5,-41.2,-42.1
2978.6,-44.1,-42.1
2978.7,-44.0,-42.1
2978.8,-43.9,-42.1
2978.9,-43.9,-42.1
2979.0,-43.6,-42.2
2979.1,-43.6,-42.4
2979.2,-43.6,-42.6
2979.3,-43.6,-42.6
2979.4,-44.0,-42.6
2979.5,-44.0,-42.6
2979.6,-41.4,-42.3
2979.7,-37.2,-41.3
2979.8,-35.1,-40.5
2979.9,-34.7,-40.3
2980.0,-34.9,-40.2
2980.1,-36.7,-40.1
2980.2,-40.0,-40.1
2980.3,-41.9,-40.1
2980.4,-43.2,-40.0
2980.5,-44.2,-40.0
2980.6,-44.4,-40.0
2980.7,-44.1,-40.0
2980.8,-43.8,-40.0
2980.9,-42.6,-40.0
2981.0,-41.5,-40.1
2981.1,-40.7,-40.2
2981.2,-40.3,-40.4
2981.3,-40.4,-40.3
2981.4,-40.8,-40.3
2981.5,-39.3,-40.0
2981.6,-38.7,-39.8
2981.7,-38.8,-39.8
2981.8,-39.0,-39.8
2981.9,-40.9,-39.8
2982.0,-42.9,-39.8
2982.1,-43.3,-39.8
2982.2,-43.3,-39.8
2982.3,-43.1,-39.8
2982.4,-42.1,-39.7
2982.5,-41.6,-39.6
2982.6,-41.3,-39.8
2982.7,-41.1,-40.4
2982.8,-41.0,-41.1
2982.9,-41.0,-41.3
2983.0,-41.1,-41.4
2983.1,-41.2,-41.4
2983.2,-41.6,-41.3
2983.3,-41.7,-41.3
2983.4,-41.7,-41.2
2983.5,-41.7,-41.2
2983.6,-41.9,-41.1
2983.7,-42.1,-41.1
2983.8,-41.5,-41.0
2983.9,-39.9,-40.8
2984.0,-40.0,-40.9
2984.1,-40.2,-41.0
2984.2,-40.8,-41.1
2984.3,-43.0,-41.1
2984.4,-43.1,-41.2
2984.5,-42.7,-41.5
2984.6,-42.5,-41.7
2984.7,-42.6,-41.8
2984.8,-42.7,-41.8
2984.9,-43.2,-41.8
2985.0,-44.0,-41.8
2985.1,-44.2,-41.8
2985.2,-44.4,-41.9
2985.3,-44.7,-41.9
2985.4,-44.3,-42.0
2985.5,-44.5,-42.1
2985.6,-44.5,-42.2
2985.7,-44.6,-42.3
2985.8,-45.1,-42.5
2985.9,-45.2,-42.6
2986.0,-45.6,-42.7
2986.1,-45.8,-42.8
2986.2,-46.1,-43.0
2986.3,-46.4,-43.1
2986.4,-46.4,-43.3
2986.5,-46.5,-43.4
2986.6,-46.3,-43.5
2986.7,-46.2,-43.6
2986.8,-46.2,-43.9
2986.9,-46.5,-44.5
2987.0,-46.8,-44.7
2987.1,-47.3,-44.8
2987.2,-46.3,-44.8
2987.3,-39.2,-43.5
2987.4,-36.7,-42.5
2987.5,-36.0,-42.3
2987.6,-33.1,-40.4
2987.7,-33.6,-40.2
2987.8,-34.1,-40.0
2987.9,-33.8,-39.6
2988.0,-37.1,-39.5
2988.1,-37.0,-39.3
2988.2,-34.3,-38.4
2988.3,-34.0,-38.0
2988.4,-34.1,-38.0
2988.5,-34.6,-38.0
2988.6,-38.9,-38.0
2988.7,-45.0,-38.0
2988.8,-48.2,-38.1
2988.9,-49.3,-38.1
2989.0,-49.7,-38.1
2989.1,-50.0,-38.1
2989.2,-49.9,-38.1
2989.3,-49.8,-38.1
2989.4,-49.5,-38.1
2989.5,-49.3,-38.1
2989.6,-49.5,-38.2
2989.7,-49.2,-38.2
2989.8,-49.4,-38.2
2989.9,-49.7,-38.2
2990.0,-50.0,-38.2
2990.1,-50.7,-38.2
2990.2,-50.6,-38.2
2990.3,-50.6,-38.6
2990.4,-50.5,-39.1
2990.5,-49.6,-39.2
2990.6,-49.3,-40.6
2990.7,-48.9,-40.9
2990.8,-48.7,-41.3
2990.9,-49.0,-41.8
2991.0,-49.2,-42.1
2991.1,-49.4,-42.5
2991.2,-49.4,-45.7
2991.3,-49.3,-48.6
2991.4,-48.4,-49.2
2991.5,-42.6,-47.7
2991.6,-39.5,-46.1
2991.7,-39.4,-46.0
2991.8,-39.1,-45.8
2991.9,-33.8,-41.5
2992.0,-33.9,-41.1
2992.1,-33.9,-41.1
2992.2,-34.0,-41.1
2992.3,-42.2,-41.1
2992.4,-47.3,-41.1
2992.5,-48.4,-41.1
2992.6,-49.7,-41.1
2992.7,-49.2,-41.1
2992.8,-48.2,-41.1
2992.9,-47.6,-41.0
2993.0,-47.4,-41.0
2993.1,-47.1,-41.0
2993.2,-47.3,-41.0
2993.3,-46.8,-41.0
2993.4,-45.7,-40.9
2993.5,-44.3,-40.8
2993.6,-43.2,-40.7
2993.7,-42.5,-40.7
2993.8,-42.0,-40.6
2993.9,-41.0,-40.4
2994.0,-39.8,-40.1
2994.1,-38.6,-39.9
2994.2,-37.9,-39.7
2994.3,-37.6,-39.5
2994.4,-37.6,-39.3
2994.5,-37.7,-39.3
2994.6,-37.3,-39.3
2994.7,-36.8,-39.0
2994.8,-36.4,-38.8
2994.9,-36.1,-40.2
2995.0,-36.4,-40.3
2995.1,-37.0,-40.1
2995.2,-36.4,-39.6
2995.3,-35.1,-38.9
2995.4,-33.6,-38.3
2995.5,-32.8,-37.8
2995.6,-32.7,-37.4
2995.7,-33.2,-37.2
2995.8,-34.1,-37.0
2995.9,-34.9,-36.8
2996.0,-35.4,-36.6
2996.1,-35.7,-36.5
2996.2,-35.9,-36.4
2996.3,-36.1,-36.2
2996.4,-35.5,-36.0
2996.5,-34.4,-35.7
2996.6,-33.5,-35.5
2996.7,-32.8,-35.2
2996.8,-32.6,-35.0
2996.9,-32.9,-34.9
2997.0,-33.1,-34.7
2997.1,-33.4,-34.7
2997.2,-33.5,-34.5
2997.3,-33.1,-34.4
2997.4,-32.9,-34.2
2997.5,-32.3,-34.0
2997.6,-31.6,-33.8
2997.7,-31.2,-33.6
2997.8,-31.0,-33.4
2997.9,-30.7,-33.2
2998.0,-30.8,-33.0
2998.1,-30.4,-32.7
2998.2,-30.0,-32.5
2998.3,-29.3,-32.3
2998.4,-28.7,-32.1
2998.5,-28.8,-31.9
2998.6,-28.6,-31.7
2998.7,-28.6,-31.5
2998.8,-27.9,-31.0
2998.9,-27.0,-30.6
2999.0,-26.9,-30.5
2999.1,-27.3,-30.3
2999.2,-27.7,-30.1
2999.3,-28.0,-29.8
2999.4,-27.8,-29.6
2999.5,-27.4,-29.5
2999.6,-27.5,-29.4
2999.7,-27.5,-29.2
2999.8,-27.3,-29.0
2999.9,-27.2,-28.8
3000.0,-27.1,-28.7
3000.1,-27.1,-28.5
3000.2,-26.8,-28.3
3000.3,-26.5,-28.1
3000.4,-26.7,-28.0
3000.5,-26.9,-27.9
3000.6,-27.0,-27.8
3000.7,-27.0,-27.7
3000.8,-26.6,-27.6
3000.9,-26.7,-27.5
3001.0,-26.7,-27.4
3001.1,-26.7,-27.3
3001.2,-27.0,-27.2
3001.3,-26.8,-27.2
3001.4,-26.8,-27.1
3001.5,-26.8,-27.1
3001.6,-26.6,-27.0
3001.7,-26.7,-27.0
3001.8,-27.1,-27.0
3001.9,-27.4,-27.1
3002.0,-27.6,-27.1
3002.1,-27.5,-27.0
3002.2,-26.9,-26.9
3002.3,-26.3,-26.9
3002.4,-25.7,-26.8
3002.5,-25.7,-26.8
3002.6,-26.1,-26.8
3002.7,-26.4,-26.7
3002.8,-27.0,-26.8
3002.9,-26.9,-26.7
3003.0,-26.3,-26.7
3003.1,-25.8,-26.6
3003.2,-25.7,-26.6
3003.3,-25.8,-26.6
3003.4,-26.1,-26.6
3003.5,-26.8,-26.6
3003.6,-26.8,-26.6
3003.7,-26.5,-26.5
3003.8,-26.4,-26.5
3003.9,-25.8,-26.4
3004.0,-25.4,-26.4
3004.1,-25.3,-26.3
3004.2,-25.0,-26.2
3004.3,-25.1,-26.2
3004.4,-25.2,-26.1
3004.5,-25.4,-26.1
3004.6,-25.7,-26.1
3004.7,-25.8,-26.1
3004.8,-26.0,-26.0
3004.9,-25.4,-25.9
3005.0,-24.6,-25.7
3005.1,-24.0,-25.6
3005.2,-23.6,-25.5
3005.3,-24.0,-25.5
3005.4,-24.4,-25.5
3005.5,-24.7,-25.4
3005.6,-24.8,-25.3
3005.7,-24.5,-25.3
3005.8,-24.3,-25.2
3005.9,-24.4,-25.1
3006.0,-24.5,-25.1
3006.1,-24.4,-25.1
3006.2,-24.0,-24.9
3006.3,-23.3,-24.8
3006.4,-22.7,-24.6
3006.5,-22.3,-24.4
3006.6,-22.5,-24.3
3006.7,-22.9,-24.3
3006.8,-23.4,-24.2
3006.9,-23.7,-24.2
3007.0,-23.7,-24.1
3007.1,-23.6,-24.1
3007.2,-23.5,-24.0
3007.3,-23.3,-23.9
3007.4,-23.1,-23.9
3007.5,-22.8,-23.7
3007.6,-22.4,-23.6
3007.7,-22.1,-23.5
3007.8,-21.7,-23.3
3007.9,-21.6,-23.2
3008.0,-21.9,-23.2
3008.1,-22.4,-23.2
3008.2,-22.7,-23.2
3008.3,-23.2,-23.1
3008.4,-23.2,-23.1
3008.5,-23.0,-23.0
3008.6,-22.9,-23.0
3008.7,-22.6,-22.9
3008.8,-22.6,-22.9
3008.9,-22.5,-22.8
3009.0,-22.5,-22.7
3009.1,-22.5,-22.7
3009.2,-22.3,-22.7
3009.3,-22.0,-22.6
3009.4,-21.6,-22.6
3009.5,-21.2,-22.5
3009.6,-20.8,-22.4
3009.7,-20.5,-22.3
3009.8,-20.5,-22.1
3009.9,-20.7,-22.1
3010.0,-21.1,-22.0
3010.1,-21.4,-22.0
3010.2,-21.7,-21.9
3010.3,-21.9,-21.9
3010.4,-21.8,-21.9
3010.5,-22.0,-21.9
3010.6,-22.4,-21.9
3010.7,-22.6,-22.0
3010.8,-22.9,-22.0
3010.9,-23.1,-22.1
3011.0,-23.1,-22.1
3011.1,-22.6,-22.0
3011.2,-22.2,-22.0
3011.3,-21.7,-21.9
3011.4,-20.9,-21.8
3011.5,-20.3,-21.6
3011.6,-19.8,-21.5
3011.7,-19.4,-21.4
3011.8,-19.4,-21.3
3011.9,-19.6,-21.2
3012.0,-19.8,-21.1
3012.1,-20.1,-21.1
3012.2,-20.3,-21.0
3012.3,-20.5,-21.0
3012.4,-20.9,-21.0
3012.5,-21.1,-21.1
3012.6,-21.0,-21.0
3012.7,-20.8,-21.0
3012.8,-20.4,-21.0
3012.9,-20.1,-21.0
3013.0,-20.0,-20.9
3013.1,-20.0,-20.8
3013.2,-20.3,-20.8
3013.3,-20.6,-20.8
3013.4,-21.2,-20.8
3013.5,-21.8,-20.8
3013.6,-22.2,-20.8
3013.7,-22.5,-20.8
3013.8,-22.4,-20.8
3013.9,-22.0,-20.7
3014.0,-21.6,-20.7
3014.1,-21.2,-20.7
3014.2,-20.9,-20.6
3014.3,-20.6,-20.6
3014.4,-20.3,-20.6
3014.5,-19.9,-20.6
3014.6,-19.4,-20.6
3014.7,-18.8,-20.5
3014.8,-18.3,-20.4
3014.9,-17.8,-20.2
3015.0,-17.6,-20.1
3015.1,-17.8,-20.1
3015.2,-18.1,-20.0
3015.3,-18.7,-20.0
3015.4,-19.4,-19.9
3015.5,-20.0,-19.9
3015.6,-20.7,-20.0
3015.7,-21.3,-20.0
3015.8,-21.8,-20.1
3015.9,-22.1,-20.2
3016.0,-22.3,-20.2
3016.1,-22.5,-20.3
3016.2,-22.7,-20.3
3016.3,-22.9,-20.4
3016.4,-23.0,-20.4
3016.5,-23.2,-20.4
3016.6,-23.4,-20.4
3016.7,-23.8,-20.5
3016.8,-24.2,-20.5
3016.9,-24.5,-20.6
3017.0,-24.8,-20.7
3017.1,-24.9,-20.7
3017.2,-25.1,-20.9
3017.3,-25.3,-21.0
3017.4,-25.4,-21.1
3017.5,-25.7,-21.3
3017.6,-25.9,-21.5
3017.7,-26.3,-21.8
3017.8,-26.8,-22.2
3017.9,-27.5,-22.6
3018.0,-28.3,-23.1
3018.1,-29.2,-23.5
3018.2,-30.2,-23.9
3018.3,-31.1,-24.2
3018.4,-32.0,-24.6
3018.5,-33.1,-24.9
3018.6,-34.3,-25.2
3018.7,-35.4,-25.5
3018.8,-36.2,-25.8
3018.9,-37.0,-26.2
3019.0,-34.7,-26.4
3019.1,-31.3,-26.7
3019.2,-29.4,-26.9
3019.3,-28.1,-27.1
3019.4,-28.1,-27.4
3019.5,-28.8,-27.7
3019.6,-29.6,-28.0
3019.7,-30.7,-28.2
3019.8,-30.5,-28.5
3019.9,-30.7,-28.8
3020.0,-31.2,-29.0
3020.1,-31.2,-29.3
3020.2,-31.5,-29.6
3020.3,-31.8,-29.9
3020.4,-30.7,-30.1
3020.5,-30.4,-30.3
3020.6,-31.0,-30.6
3020.7,-31.0,-30.9
3020.8,-31.7,-31.0
3020.9,-33.0,-31.2
3021.0,-33.4,-31.3
3021.1,-32.7,-31.4
3021.2,-31.9,-31.2
3021.3,-31.2,-31.2
3021.4,-31.4,-31.3
3021.5,-32.3,-31.3
3021.6,-35.9,-31.3
3021.7,-39.7,-31.4
3021.8,-40.0,-31.4
3021.9,-40.5,-31.4
3022.0,-40.4,-31.5
3022.1,-39.9,-31.9
3022.2,-39.4,-32.3
3022.3,-39.5,-32.7
3022.4,-36.2,-32.8
3022.5,-33.0,-32.7
3022.6,-31.8,-32.7
3022.7,-31.1,-32.8
3022.8,-30.4,-32.7
3022.9,-31.0,-32.7
3023.0,-32.0,-32.9
3023.1,-32.8,-33.0
3023.2,-35.8,-33.2
3023.3,-40.6,-33.4
3023.4,-40.9,-33.8
3023.5,-40.7,-34.1
3023.6,-40.8,-34.2
3023.7,-40.3,-34.4
3023.8,-40.4,-34.7
3023.9,-39.7,-34.8
3024.0,-39.3,-34.8
3024.1,-37.7,-35.0
3024.2,-36.1,-35.5
3024.3,-35.7,-35.7
3024.4,-31.4,-34.8
3024.5,-28.4,-33.7
3024.6,-26.2,-32.4
3024.7,-25.9,-32.2
3024.8,-26.7,-32.2
3024.9,-28.5,-32.2
3025.0,-34.0,-32.1
3025.1,-36.8,-32.1
3025.2,-36.6,-32.1
3025.3,-36.2,-32.1
3025.4,-36.6,-32.2
3025.5,-35.9,-32.4
3025.6,-36.0,-32.5
3025.7,-36.0,-32.6
3025.8,-28.6,-31.7
3025.9,-28.1,-31.7
3026.0,-28.1,-31.6
3026.1,-28.1,-31.6
3026.2,-33.5,-31.6
3026.3,-35.5,-31.5
3026.4,-36.0,-31.5
3026.5,-36.1,-31.5
3026.6,-35.8,-31.4
3026.7,-36.1,-31.4
3026.8,-35.6,-31.3
3026.9,-35.2,-31.3
3027.0,-35.1,-31.3
3027.1,-34.8,-31.3
3027.2,-35.3,-31.3
3027.3,-35.8,-31.3
3027.4,-36.1,-31.7
3027.5,-36.4,-32.3
3027.6,-35.5,-33.4
3027.7,-34.9,-33.6
3027.8,-34.4,-33.5
3027.9,-33.7,-33.4
3028.0,-33.8,-33.4
3028.1,-34.0,-33.3
3028.2,-34.1,-33.3
3028.3,-34.8,-33.3
3028.4,-34.7,-33.2
3028.5,-34.5,-33.2
3028.6,-34.2,-33.2
3028.7,-33.6,-33.1
3028.8,-34.0,-34.6
3028.9,-34.4,-35.0
3029.0,-34.8,-35.0
3029.1,-35.5,-34.9
3029.2,-34.8,-34.8
3029.3,-34.7,-34.9
3029.4,-33.9,-34.7
3029.5,-33.4,-34.6
3029.6,-34.0,-34.6
3029.7,-34.0,-34.6
3029.8,-35.0,-34.6
3029.9,-35.2,-34.6
3030.0,-33.1,-34.3
3030.1,-32.0,-34.1
3030.2,-30.8,-33.8
3030.3,-30.4,-33.6
3030.4,-31.1,-33.5
3030.5,-31.9,-33.6
3030.6,-33.1,-33.5
3030.7,-34.1,-33.5
3030.8,-33.9,-33.5
3030.9,-34.2,-33.6
3031.0,-34.5,-33.6
3031.1,-34.8,-33.6
3031.2,-35.4,-33.6
3031.3,-35.2,-33.7
3031.4,-36.1,-33.7
3031.5,-36.1,-33.7
3031.6,-36.6,-33.8
3031.7,-37.0,-34.0
3031.8,-36.3,-34.0
3031.9,-36.7,-34.0
3032.0,-36.4,-34.0
3032.1,-34.3,-33.9
3032.2,-34.3,-33.9
3032.3,-34.1,-33.9
3032.4,-34.0,-34.0
3032.5,-35.3,-34.1
3032.6,-35.2,-34.0
3032.7,-35.3,-34.0
3032.8,-34.6,-33.9
3032.9,-33.7,-33.9
3033.0,-33.2,-34.0
3033.1,-32.8,-34.2
3033.2,-32.6,-34.4
3033.3,-32.8,-34.5
3033.4,-32.8,-34.4
3033.5,-32.9,-34.4
3033.6,-33.3,-34.4
3033.7,-33.5,-34.4
3033.8,-33.8,-34.4
3033.9,-33.3,-34.2
3034.0,-33.0,-34.2
3034.1,-32.5,-34.1
3034.2,-32.3,-34.0
3034.3,-32.7,-33.9
3034.4,-32.9,-33.8
3034.5,-33.6,-33.8
3034.6,-33.6,-33.7
3034.7,-33.5,-33.6
3034.8,-33.7,-33.5
3034.9,-33.4,-33.5
3035.0,-33.3,-33.4
3035.1,-33.8,-33.5
3035.2,-33.6,-33.5
3035.3,-33.3,-33.4
3035.4,-31.7,-33.0
3035.5,-29.9,-32.6
3035.6,-29.6,-32.6
3035.7,-28.2,-32.0
3035.8,-28.6,-32.0
3035.9,-29.6,-32.0
3036.0,-29.6,-32.0
3036.1,-30.4,-31.7
3036.2,-30.4,-31.6
3036.3,-30.5,-31.7
3036.4,-31.0,-31.7
3036.5,-33.1,-31.7
3036.6,-34.8,-31.8
3036.7,-35.3,-31.8
3036.8,-35.8,-31.8
3036.9,-35.6,-31.9
3037.0,-35.6,-32.0
3037.1,-35.3,-32.0
3037.2,-35.7,-32.1
3037.3,-36.2,-32.2
3037.4,-36.3,-32.2
3037.5,-36.4,-32.2
3037.6,-36.1,-32.3
3037.7,-36.2,-32.4
3037.8,-36.0,-32.4
3037.9,-35.1,-32.4
3038.0,-33.7,-32.3
3038.1,-28.7,-31.5
3038.2,-26.8,-31.0
3038.3,-26.9,-31.0
3038.4,-26.5,-31.0
3038.5,-28.5,-31.2
3038.6,-31.8,-31.3
3038.7,-31.9,-31.7
3038.8,-34.7,-31.8
3038.9,-35.3,-31.9
3039.0,-35.4,-32.0
3039.1,-35.5,-32.3
3039.2,-35.5,-32.4
3039.3,-35.6,-32.5
3039.4,-35.5,-32.5
3039.5,-34.9,-32.5
3039.6,-34.5,-32.4
3039.7,-34.1,-32.4
3039.8,-33.9,-32.3
3039.9,-33.9,-32.3
3040.0,-33.7,-32.3
3040.1,-29.4,-31.6
3040.2,-26.6,-30.8
3040.3,-25.7,-30.4
3040.4,-25.4,-30.3
3040.5,-25.7,-29.9
3040.6,-27.8,-29.9
3040.7,-29.4,-29.9
3040.8,-30.3,-29.9
3040.9,-33.4,-29.8
3041.0,-32.4,-29.8
3041.1,-32.2,-30.3
3041.2,-31.5,-30.7
3041.3,-31.6,-30.7
3041.4,-32.2,-30.8
3041.5,-32.0,-30.8
3041.6,-32.5,-30.8
3041.7,-31.1,-30.6
3041.8,-27.7,-30.0
3041.9,-26.9,-29.7
3042.0,-26.6,-29.6
3042.1,-27.0,-29.6
3042.2,-29.2,-29.5
3042.3,-30.2,-29.4
3042.4,-31.1,-29.4
3042.5,-31.5,-29.4
3042.6,-32.0,-29.3
3042.7,-33.0,-29.3
3042.8,-32.2,-29.3
3042.9,-31.7,-29.2
3043.0,-31.1,-29.2
3043.1,-31.1,-29.5
3043.2,-31.0,-30.0
3043.3,-30.9,-30.2
3043.4,-31.3,-30.3
3043.5,-31.4,-30.7
3043.6,-31.3,-30.6
3043.7,-31.5,-30.5
3043.8,-31.1,-30.4
3043.9,-30.5,-30.4
3044.0,-30.2,-30.3
3044.1,-29.3,-30.2
3044.2,-28.9,-30.1
3044.3,-28.5,-30.0
3044.4,-27.9,-29.8
3044.5,-28.3,-29.7
3044.6,-28.2,-29.5
3044.7,-28.3,-29.6
3044.8,-28.5,-29.9
3044.9,-27.9,-29.9
3045.0,-27.6,-29.8
3045.1,-27.6,-29.7
3045.2,-26.4,-29.3
3045.3,-26.4,-29.2
3045.4,-26.0,-28.9
3045.5,-25.3,-28.6
3045.6,-25.8,-28.4
3045.7,-25.4,-28.2
3045.8,-25.7,-28.1
3045.9,-25.9,-27.9
3046.0,-25.3,-27.6
3046.1,-24.9,-27.3
3046.2,-23.5,-26.9
3046.3,-23.5,-26.7
3046.4,-23.6,-26.6
3046.5,-23.1,-26.2
3046.6,-23.6,-26.0
3046.7,-23.2,-25.7
3046.8,-22.5,-25.4
3046.9,-22.6,-25.2
3047.0,-22.8,-25.1
3047.1,-22.8,-24.9
3047.2,-23.4,-24.8
3047.3,-24.0,-24.7
3047.4,-24.3,-24.7
3047.5,-24.0,-24.5
3047.6,-23.5,-24.3
3047.7,-23.2,-24.2
3047.8,-23.0,-24.1
3047.9,-23.4,-24.0
3048.0,-22.9,-23.8
3048.1,-22.6,-23.7
3048.2,-22.5,-23.6
3048.3,-22.6,-23.6
3048.4,-23.2,-23.5
3048.5,-23.2,-23.4
3048.6,-22.4,-23.2
3048.7,-21.4,-23.1
3048.8,-20.9,-22.9
3048.9,-21.0,-22.8
3049.0,-21.5,-22.8
3049.1,-22.3,-22.8
3049.2,-23.1,-22.8
3049.3,-22.9,-22.7
3049.4,-22.3,-22.6
3049.5,-21.6,-22.5
3049.6,-21.5,-22.5
3049.7,-21.6,-22.5
3049.8,-21.6,-22.5
3049.9,-21.2,-22.3
3050.0,-21.0,-22.3
3050.1,-21.4,-22.3
3050.2,-21.5,-22.2
3050.3,-22.8,-22.2
3050.4,-22.9,-22.1
3050.5,-22.2,-22.1
3050.6,-22.2,-22.1
3050.7,-22.1,-22.1
3050.8,-22.4,-22.1
3050.9,-21.7,-21.9
3051.0,-21.3,-21.9
3051.1,-21.0,-21.9
3051.2,-19.8,-21.6
3051.3,-19.7,-21.5
3051.4,-20.0,-21.4
3051.5,-20.4,-21.5
3051.6,-21.5,-21.5
3051.7,-21.6,-21.5
3051.8,-19.6,-21.2
3051.9,-17.9,-20.9
3052.0,-17.1,-20.6
3052.1,-16.9,-20.5
3052.2,-17.8,-20.4
3052.3,-18.5,-20.3
3052.4,-18.9,-20.2
3052.5,-19.4,-20.2
3052.6,-19.1,-20.1
3052.7,-19.5,-20.0
3052.8,-20.2,-20.0
3052.9,-20.2,-20.1
3053.0,-20.5,-20.0
3053.1,-20.8,-20.0
3053.2,-21.0,-20.0
3053.3,-20.7,-19.9
3053.4,-20.4,-19.8
3053.5,-20.3,-19.8
3053.6,-20.2,-19.8
3053.7,-20.4,-19.7
3053.8,-20.5,-19.6
3053.9,-19.6,-19.5
3054.0,-18.8,-19.5
3054.1,-18.9,-19.5
3054.2,-18.4,-19.4
3054.3,-18.7,-19.4
3054.4,-19.5,-19.4
3054.5,-19.9,-19.4
3054.6,-21.3,-19.4
3054.7,-22.8,-19.5
3054.8,-23.2,-19.7
3054.9,-23.1,-20.0
3055.0,-23.1,-20.2
3055.1,-23.4,-20.4
3055.2,-23.9,-20.5
3055.3,-23.9,-20.6
3055.4,-23.6,-20.8
3055.5,-23.4,-20.8
3055.6,-22.8,-20.9
3055.7,-22.3,-21.0
3055.8,-22.1,-21.0
3055.9,-21.9,-21.1
3056.0,-21.4,-21.1
3056.1,-21.4,-21.1
3056.2,-21.4,-21.1
3056.3,-21.1,-21.1
3056.4,-21.0,-21.1
3056.5,-20.6,-21.1
3056.6,-20.7,-21.1
3056.7,-20.5,-21.1
3056.8,-20.5,-21.1
3056.9,-20.7,-21.3
3057.0,-20.5,-21.5
3057.1,-21.0,-21.5
3057.2,-21.4,-21.7
3057.3,-21.2,-21.8
3057.4,-20.6,-21.7
3057.5,-20.1,-21.5
3057.6,-18.7,-21.2
3057.7,-18.8,-21.2
3057.8,-18.8,-21.0
3057.9,-18.5,-20.8
3058.0,-19.5,-20.8
3058.1,-19.5,-20.7
3058.2,-19.7,-20.6
3058.3,-20.5,-20.5
3058.4,-21.0,-20.5
3058.5,-21.6,-20.5
3058.6,-22.4,-20.5
3058.7,-22.6,-20.5
3058.8,-22.2,-20.5
3058.9,-21.3,-20.5
3059.0,-20.3,-20.4
3059.1,-20.2,-20.4
3059.2,-20.4,-20.4
3059.3,-20.6,-20.4
3059.4,-20.6,-20.3
3059.5,-20.2,-20.3
3059.6,-19.8,-20.3
3059.7,-20.1,-20.3
3059.8,-20.6,-20.3
3059.9,-20.9,-20.4
3060.0,-19.9,-20.2
3060.1,-19.2,-20.1
3060.2,-18.6,-19.9
3060.3,-18.6,-20.0
3060.4,-19.2,-20.0
3060.5,-19.9,-20.1
3060.6,-19.6,-20.1
3060.7,-19.1,-20.0
3060.8,-19.0,-20.1
3060.9,-18.6,-20.1
3061.0,-19.4,-20.1
3061.1,-19.4,-20.0
3061.2,-19.3,-20.0
3061.3,-18.6,-19.8
3061.4,-17.6,-19.5
3061.5,-17.5,-19.4
3061.6,-16.9,-19.2
3061.7,-16.6,-19.0
3061.8,-16.8,-18.8
3061.9,-16.8,-18.8
3062.0,-17.4,-18.8
3062.1,-18.0,-18.7
3062.2,-18.2,-18.6
3062.3,-18.3,-18.5
3062.4,-18.5,-18.6
3062.5,-19.4,-18.6
3062.6,-20.0,-18.6
3062.7,-20.3,-18.6
3062.8,-20.4,-18.6
3062.9,-20.4,-18.6
3063.0,-20.8,-18.7
3063.1,-21.5,-18.8
3063.2,-22.0,-18.9
3063.3,-21.4,-18.8
3063.4,-20.5,-18.8
3063.5,-19.9,-18.8
3063.6,-19.5,-18.9
3063.7,-19.7,-18.9
3063.8,-20.1,-18.9
3063.9,-19.7,-18.9
3064.0,-19.1,-18.8
3064.1,-18.6,-18.8
3064.2,-18.3,-18.8
3064.3,-18.3,-18.9
3064.4,-18.5,-19.0
3064.5,-19.1,-19.1
3064.6,-19.4,-19.2
3064.7,-19.5,-19.4
3064.8,-18.7,-19.4
3064.9,-16.9,-19.1
3065.0,-16.9,-19.1
3065.1,-16.7,-19.1
3065.2,-16.6,-19.0
3065.3,-17.3,-18.9
3065.4,-16.5,-18.7
3065.5,-16.2,-18.6
3065.6,-16.7,-18.5
3065.7,-17.3,-18.5
3065.8,-18.4,-18.5
3065.9,-19.4,-18.5
3066.0,-19.8,-18.4
3066.1,-19.7,-18.4
3066.2,-19.3,-18.3
3066.3,-18.9,-18.3
3066.4,-18.9,-18.3
3066.5,-18.5,-18.2
3066.6,-18.8,-18.2
3066.7,-19.1,-18.2
3066.8,-19.3,-18.2
3066.9,-20.0,-18.2
3067.0,-20.1,-18.3
3067.1,-20.3,-18.4
3067.2,-20.4,-18.4
3067.3,-20.3,-18.5
3067.4,-20.7,-18.5
3067.5,-20.5,-18.5
3067.6,-20.8,-18.5
3067.7,-21.2,-18.6
3067.8,-20.7,-18.7
3067.9,-21.2,-19.1
3068.0,-21.5,-19.1
3068.1,-21.4,-19.2
3068.2,-21.7,-19.5
3068.3,-21.4,-19.6
3068.4,-20.9,-19.8
3068.5,-19.9,-20.0
3068.6,-19.3,-20.0
3068.7,-18.8,-19.9
3068.8,-18.6,-19.9
3068.9,-18.8,-19.9
3069.0,-18.9,-19.9
3069.1,-18.9,-19.8
3069.2,-18.7,-19.8
3069.3,-18.7,-19.8
3069.4,-18.8,-19.8
3069.5,-18.8,-19.8
3069.6,-18.3,-19.7
3069.7,-17.9,-19.6
3069.8,-17.4,-19.5
3069.9,-17.0,-19.3
3070.0,-16.9,-19.2
3070.1,-16.8,-19.0
3070.2,-17.0,-19.0
3070.3,-17.4,-18.9
3070.4,-18.0,-18.8
3070.5,-17.9,-18.7
3070.6,-18.2,-18.7
3070.7,-18.5,-18.6
3070.8,-18.5,-18.6
3070.9,-19.2,-18.5
3071.0,-19.5,-18.5
3071.1,-19.6,-18.5
3071.2,-20.2,-18.5
3071.3,-21.1,-18.5
3071.4,-21.9,-18.6
3071.5,-22.9,-18.7
3071.6,-23.8,-18.8
3071.7,-24.7,-18.9
3071.8,-24.0,-19.0
3071.9,-22.9,-19.0
3072.0,-21.8,-19.1
3072.1,-21.3,-19.2
3072.2,-21.4,-19.3
3072.3,-21.7,-19.4
3072.4,-22.0,-19.4
3072.5,-22.0,-19.5
3072.6,-22.1,-19.7
3072.7,-22.7,-19.9
3072.8,-23.4,-20.2
3072.9,-23.7,-20.5
3073.0,-24.0,-20.8
3073.1,-23.9,-21.0
3073.2,-23.7,-21.2
3073.3,-23.6,-21.5
3073.4,-23.7,-21.6
3073.5,-24.0,-22.0
3073.6,-24.2,-22.2
3073.7,-24.6,-22.4
3073.8,-24.9,-22.6
3073.9,-24.9,-22.9
3074.0,-25.2,-23.1
3074.1,-25.4,-23.3
3074.2,-25.6,-23.4
3074.3,-25.6,-23.5
3074.4,-25.5,-23.5
3074.5,-25.4,-23.6
3074.6,-25.5,-23.6
3074.7,-25.6,-23.6
3074.8,-25.9,-23.7
3074.9,-26.0,-23.9
3075.0,-26.1,-24.2
3075.1,-26.0,-24.3
3075.2,-25.8,-24.4
3075.3,-26.0,-24.6
3075.4,-25.8,-24.8
3075.5,-25.9,-24.9
3075.6,-26.0,-25.0
3075.7,-25.8,-25.1
3075.8,-25.6,-25.1
3075.9,-25.3,-25.2
3076.0,-25.4,-25.2
3076.1,-25.5,-25.3
3076.2,-25.9,-25.4
3076.3,-26.0,-25.5
3076.4,-26.1,-25.6
3076.5,-26.1,-25.7
3076.6,-26.2,-25.7
3076.7,-26.7,-25.8
3076.8,-26.6,-25.9
3076.9,-26.6,-25.9
3077.0,-26.6,-25.9
3077.1,-26.4,-25.9
3077.2,-26.8,-26.0
3077.3,-27.3,-26.1
3077.4,-27.5,-26.2
3077.5,-27.9,-26.2
3077.6,-27.7,-26.3
3077.7,-27.7,-26.3
3077.8,-27.8,-26.4
3077.9,-28.1,-26.5
3078.0,-28.5,-26.5
3078.1,-28.9,-26.7
3078.2,-29.5,-26.8
3078.3,-29.6,-26.8
3078.4,-29.6,-27.0
3078.5,-29.6,-27.1
3078.6,-29.6,-27.2
3078.7,-29.9,-27.3
3078.8,-30.2,-27.5
3078.9,-30.7,-27.7
3079.0,-30.7,-27.8
3079.1,-30.4,-28.0
3079.2,-30.4,-28.1
3079.3,-30.0,-28.3
3079.4,-29.7,-28.4
3079.5,-29.6,-28.5
3079.6,-29.3,-28.6
3079.7,-29.1,-28.6
3079.8,-29.3,-28.8
3079.9,-29.0,-28.9
3080.0,-29.3,-29.0
3080.1,-29.7,-29.2
3080.2,-29.4,-29.2
3080.3,-29.5,-29.3
3080.4,-29.3,-29.3
3080.5,-28.7,-29.3
3080.6,-28.5,-29.3
3080.7,-28.6,-29.4
3080.8,-28.7,-29.5
3080.9,-29.0,-29.5
3081.0,-29.8,-29.5
3081.1,-30.2,-29.6
3081.2,-29.8,-29.5
3081.3,-30.0,-29.5
3081.4,-30.0,-29.6
3081.5,-29.6,-29.6
3081.6,-30.1,-29.6
3081.7,-29.9,-29.5
3081.8,-29.3,-29.5
3081.9,-29.3,-29.4
3082.0,-28.9,-29.4
3082.1,-29.0,-29.3
3082.2,-29.3,-29.3
3082.3,-29.4,-29.4
3082.4,-29.8,-29.4
3082.5,-29.3,-29.3
3082.6,-29.2,-29.3
3082.7,-28.8,-29.3
3082.8,-28.6,-29.3
3082.9,-29.0,-29.3
3083.0,-29.3,-29.3
3083.1,-29.2,-29.2
3083.2,-29.4,-29.3
3083.3,-29.0,-29.2
3083.4,-28.7,-29.2
3083.5,-28.5,-29.2
3083.6,-28.0,-29.2
3083.7,-27.6,-29.1
3083.8,-27.6,-29.0
3083.9,-27.7,-29.0
3084.0,-27.9,-28.9
3084.1,-28.5,-28.9
3084.2,-28.0,-28.8
3084.3,-28.1,-28.8
3084.4,-28.4,-28.7
3084.5,-27.7,-28.6
3084.6,-28.3,-28.6
3084.7,-27.9,-28.5
3084.8,-27.3,-28.4
3084.9,-27.6,-28.4
3085.0,-27.6,-28.4
3085.1,-28.0,-28.4
3085.2,-27.9,-28.3
3085.3,-28.2,-28.2
3085.4,-28.0,-28.2
3085.5,-27.8,-28.2
3085.6,-27.9,-28.1
3085.7,-27.1,-28.0
3085.8,-26.4,-27.9
3085.9,-25.5,-27.6
3086.0,-25.2,-27.5
3086.1,-25.1,-27.4
3086.2,-25.3,-27.3
3086.3,-25.9,-27.2
3086.4,-26.0,-27.1
3086.5,-26.3,-27.1
3086.6,-26.7,-27.1
3086.7,-26.8,-27.1
3086.8,-27.1,-27.0
3086.9,-26.9,-27.0
3087.0,-26.6,-26.9
3087.1,-26.0,-26.8
3087.2,-25.3,-26.6
3087.3,-24.3,-26.4
3087.4,-23.5,-26.2
3087.5,-23.7,-26.1
3087.6,-24.1,-26.1
3087.7,-25.0,-26.0
3087.8,-25.2,-25.9
3087.9,-25.3,-25.8
3088.0,-25.2,-25.8
3088.1,-25.1,-25.7
3088.2,-25.1,-25.6
3088.3,-24.4,-25.4
3088.4,-23.8,-25.2
3088.5,-23.7,-25.2
3088.6,-23.4,-25.0
3088.7,-23.0,-24.8
3088.8,-22.7,-24.7
3088.9,-22.2,-24.6
3089.0,-21.9,-24.4
3089.1,-22.0,-24.3
3089.2,-22.2,-24.2
3089.3,-22.2,-24.0
3089.4,-22.5,-23.9
3089.5,-22.6,-23.8
3089.6,-22.5,-23.7
3089.7,-22.2,-23.5
3089.8,-21.8,-23.3
3089.9,-21.5,-23.2
3090.0,-21.4,-23.1
3090.1,-21.8,-23.0
3090.2,-22.2,-23.0
3090.3,-22.7,-23.0
3090.4,-22.7,-22.9
3090.5,-22.6,-22.9
3090.6,-22.1,-22.7
3090.7,-21.9,-22.6
3090.8,-22.1,-22.6
3090.9,-21.3,-22.4
3091.0,-20.9,-22.2
3091.1,-20.9,-22.1
3091.2,-20.9,-22.1
3091.3,-20.7,-21.9
3091.4,-20.2,-21.7
3091.5,-19.5,-21.5
3091.6,-19.3,-21.5
3091.7,-19.9,-21.5
3091.8,-20.3,-21.4
3091.9,-19.8,-21.2
3092.0,-18.8,-20.9
3092.1,-18.1,-20.8
3092.2,-18.2,-20.7
3092.3,-18.8,-20.7
3092.4,-19.5,-20.6
3092.5,-19.3,-20.4
3092.6,-18.1,-20.1
3092.7,-17.1,-19.8
3092.8,-16.5,-19.6
3092.9,-16.6,-19.5
3093.0,-17.3,-19.5
3093.1,-18.2,-19.4
3093.2,-16.3,-18.8
3093.3,-15.6,-18.5
3093.4,-14.4,-18.1
3093.5,-14.0,-17.9
3093.6,-14.0,-17.5
3093.7,-13.4,-17.1
3093.8,-13.3,-16.8
3093.9,-13.0,-16.6
3094.0,-12.3,-16.1
3094.1,-12.6,-15.9
3094.2,-13.2,-15.8
3094.3,-13.6,-15.8
3094.4,-16.0,-15.8
3094.5,-17.3,-15.8
3094.6,-18.8,-15.8
3094.7,-20.6,-15.8
3094.8,-22.8,-15.9
3094.9,-25.4,-15.9
3095.0,-27.7,-16.0
3095.1,-29.1,-16.1
3095.2,-29.8,-16.2
3095.3,-32.2,-16.2
3095.4,-34.1,-16.3
3095.5,-34.1,-16.4
3095.6,-35.3,-16.6
3095.7,-35.7,-16.7
3095.8,-36.4,-16.9
3095.9,-38.7,-17.0
3096.0,-40.0,-17.1
3096.1,-41.3,-17.2
3096.2,-41.3,-17.6
3096.3,-42.7,-17.9
3096.4,-42.1,-18.3
3096.5,-42.4,-18.6
3096.6,-42.8,-19.2
3096.7,-42.9,-19.9
3096.8,-44.8,-20.7
3096.9,-45.3,-21.4
3097.0,-47.9,-23.7
3097.1,-48.1,-25.2
3097.2,-49.3,-26.8
3097.3,-50.0,-28.5
3097.4,-49.6,-30.4
3097.5,-49.8,-32.8
3097.6,-50.0,-34.8
3097.7,-50.0,-36.0
3097.8,-50.9,-36.8
3097.9,-52.5,-38.5
3098.0,-53.2,-39.8
3098.1,-53.8,-40.6
3098.2,-55.0,-41.6
3098.3,-54.8,-42.2
3098.4,-54.8,-42.8
3098.5,-53.8,-44.3
3098.6,-53.2,-45.2
3098.7,-53.1,-45.9
3098.8,-53.0,-46.4
3098.9,-54.2,-47.1
3099.0,-55.0,-47.6
3099.1,-56.1,-48.0
3099.2,-56.2,-48.7
3099.3,-56.1,-49.0
3099.4,-56.6,-50.2
3099.5,-56.3,-50.6
3099.6,-56.0,-51.7
3099.7,-55.2,-52.1
3099.8,-55.2,-52.6
3099.9,-55.4,-52.9
3100.0,-57.1,-53.2
3100.1,-58.5,-53.6
3100.2,-58.5,-53.9
3100.3,-58.9,-54.0
3100.4,-44.5,-50.9
3100.5,-40.4,-48.2
3100.6,-38.9,-47.0
3100.7,-37.9,-46.2
3100.8,-38.5,-45.9
3100.9,-39.8,-45.5
3101.0,-41.4,-45.4
3101.1,-42.6,-45.1
3101.2,-42.9,-44.9
3101.3,-43.7,-44.7
3101.4,-43.7,-44.7
3101.5,-45.7,-44.7
3101.6,-48.1,-44.7
3101.7,-52.4,-44.7
3101.8,-62.0,-44.7
3101.9,-61.9,-44.7
3102.0,-62.3,-44.8
3102.1,-62.4,-44.8
3102.2,-62.4,-44.8
3102.3,-63.1,-44.8
3102.4,-63.6,-44.8
3102.5,-64.0,-44.8
3102.6,-64.6,-44.8
3102.7,-64.3,-44.8
3102.8,-64.2,-44.8
3102.9,-64.4,-44.8
3103.0,-64.7,-44.8
3103.1,-65.1,-44.8
3103.2,-65.3,-44.9
3103.3,-65.3,-44.9
3103.4,-65.0,-45.5
3103.5,-65.2,-46.8
3103.6,-65.1,-48.1
3103.7,-65.2,-49.5
3103.8,-65.1,-50.3
3103.9,-65.2,-51.7
3104.0,-64.9,-52.2
3104.1,-51.3,-53.2
3104.2,-46.5,-52.7
3104.3,-46.3,-53.8
3104.4,-43.4,-51.9
3104.5,-36.6,-45.2
3104.6,-36.4,-44.7
3104.7,-36.0,-44.3
3104.8,-35.4,-43.5
3104.9,-39.0,-43.3
3105.0,-40.1,-43.3
3105.1,-40.8,-43.2
3105.2,-40.8,-42.6
3105.3,-38.8,-41.9
3105.4,-38.0,-41.7
3105.5,-37.3,-41.4
3105.6,-38.1,-41.2
3105.7,-38.2,-40.7
3105.8,-38.1,-40.5
3105.9,-38.2,-40.3
3106.0,-37.3,-40.0
3106.1,-38.4,-39.8
3106.2,-39.5,-39.8
3106.3,-40.7,-39.8
3106.4,-44.8,-39.8
3106.5,-48.6,-39.8
3106.6,-49.2,-39.8
3106.7,-49.4,-39.8
3106.8,-57.2,-39.8
3106.9,-56.8,-39.8
3107.0,-56.7,-39.8
3107.1,-56.9,-39.8
3107.2,-56.5,-39.9
3107.3,-56.6,-39.9
3107.4,-56.0,-40.0
3107.5,-55.4,-41.2
3107.6,-55.3,-41.4
3107.7,-54.9,-41.6
3107.8,-54.8,-42.0
3107.9,-54.3,-42.2
3108.0,-48.0,-42.1
3108.1,-42.1,-41.8
3108.2,-37.3,-41.2
3108.3,-36.9,-41.6
3108.4,-36.4,-41.5
3108.5,-36.6,-41.5
3108.6,-39.3,-41.5
3108.7,-39.1,-41.8
3108.8,-39.4,-41.8
3108.9,-40.4,-42.0
3109.0,-38.0,-41.7
3109.1,-38.0,-41.7
3109.2,-38.5,-41.6
3109.3,-38.1,-41.4
3109.4,-41.4,-41.4
3109.5,-42.4,-41.3
3109.6,-40.0,-40.9
3109.7,-39.2,-40.6
3109.8,-39.4,-40.6
3109.9,-39.6,-40.6
3110.0,-42.9,-40.6
3110.1,-46.0,-40.5
3110.2,-40.5,-40.0
3110.3,-39.8,-39.9
3110.4,-39.3,-39.9
3110.5,-39.6,-39.8
3110.6,-43.7,-39.8
3110.7,-45.1,-39.8
3110.8,-46.5,-39.8
3110.9,-46.6,-39.7
3111.0,-46.6,-39.8
3111.1,-47.2,-40.0
3111.2,-48.1,-40.8
3111.3,-49.1,-40.9
3111.4,-49.3,-41.2
3111.5,-49.0,-41.4
3111.6,-49.0,-41.6
3111.7,-48.9,-41.8
3111.8,-48.6,-42.0
3111.9,-48.7,-42.1
3112.0,-48.4,-43.0
3112.1,-48.4,-43.3
3112.2,-48.4,-43.4
3112.3,-48.5,-43.7
3112.4,-48.4,-43.8
3112.5,-48.1,-43.8
3112.6,-47.8,-44.7
3112.7,-47.6,-45.3
3112.8,-47.5,-45.4
3112.9,-47.6,-45.3
3113.0,-47.8,-45.3
3113.1,-48.0,-45.5
3113.2,-47.9,-47.1
3113.3,-48.0,-47.6
3113.4,-47.8,-47.9
3113.5,-47.5,-48.0
3113.6,-47.7,-47.9
3113.7,-47.5,-48.0
3113.8,-47.6,-48.1
3113.9,-47.6,-48.2
3114.0,-47.7,-48.1
3114.1,-47.9,-48.1
3114.2,-48.3,-48.1
3114.3,-48.2,-48.0
3114.4,-48.4,-48.0
3114.5,-48.4,-48.0
3114.6,-48.2,-48.0
3114.7,-48.4,-48.0
3114.8,-48.3,-48.0
3114.9,-48.5,-48.0
3115.0,-48.6,-48.0
3115.1,-48.9,-48.1
3115.2,-49.4,-48.1
3115.3,-49.6,-48.1
3115.4,-50.0,-48.2
3115.5,-50.5,-48.3
3115.6,-51.1,-48.4
3115.7,-51.7,-48.5
3115.8,-52.1,-48.7
3115.9,-52.5,-48.8
3116.0,-52.7,-48.9
3116.1,-53.2,-49.0
3116.2,-53.1,-49.2
3116.3,-52.7,-49.3
3116.4,-52.0,-49.4
3116.5,-51.6,-49.6
3116.6,-51.5,-49.7
3116.7,-51.7,-49.9
3116.8,-52.4,-50.0
3116.9,-53.1,-50.2
3117.0,-53.7,-50.4
3117.1,-54.0,-50.6
3117.2,-54.0,-50.7
3117.3,-54.0,-51.0
3117.4,-54.4,-51.2
3117.5,-54.7,-51.4
3117.6,-54.8,-51.6
3117.7,-54.5,-51.9
3117.8,-54.4,-52.1
3117.9,-54.1,-52.4
3118.0,-54.2,-52.6
3118.1,-54.3,-52.8
3118.2,-54.3,-53.0
3118.3,-54.4,-53.1
3118.4,-54.4,-53.3
3118.5,-54.3,-53.4
3118.6,-54.1,-53.4
3118.7,-53.8,-53.5
3118.8,-53.9,-53.6
3118.9,-54.3,-53.6
3119.0,-54.6,-53.7
3119.1,-54.9,-53.7
3119.2,-54.4,-53.7
3119.3,-54.1,-53.8
3119.4,-54.0,-54.0
3119.5,-54.0,-54.1
3119.6,-54.5,-54.2
3119.7,-54.6,-54.3
3119.8,-54.7,-54.3
3119.9,-54.8,-54.3
3120.0,-54.5,-54.3
3120.1,-54.6,-54.4
3120.2,-54.2,-54.4
3120.3,-54.0,-54.3
3120.4,-54.4,-54.3
3120.5,-54.1,-54.3
3120.6,-54.3,-54.3
3120.7,-54.6,-54.4
3120.8,-54.5,-54.4
3120.9,-54.6,-54.3
3121.0,-54.8,-54.4
3121.1,-54.7,-54.4
3121.2,-54.9,-54.4
3121.3,-55.2,-54.4
3121.4,-54.9,-54.4
3121.5,-54.9,-54.5
3121.6,-54.7,-54.5
3121.7,-54.8,-54.6
3121.8,-54.8,-54.6
3121.9,-54.8,-54.5
3122.0,-54.7,-54.5
3122.1,-54.8,-54.6
3122.2,-55.1,-54.6
3122.3,-54.7,-54.6
3122.4,-53.6,-54.5
3122.5,-53.3,-54.4
3122.6,-53.1,-54.4
3122.7,-53.0,-54.4
3122.8,-54.0,-54.4
3122.9,-54.3,-54.4
3123.0,-54.4,-54.4
3123.1,-54.5,-54.4
3123.2,-53.0,-54.2
3123.3,-51.3,-53.8
3123.4,-50.6,-53.7
3123.5,-50.2,-53.6
3123.6,-50.5,-53.4
3123.7,-51.2,-53.3
3123.8,-51.7,-53.2
3123.9,-52.0,-53.2
3124.0,-52.2,-53.1
3124.1,-52.5,-53.1
3124.2,-52.6,-53.0
3124.3,-52.7,-52.9
3124.4,-52.3,-52.8
3124.5,-51.8,-52.7
3124.6,-51.2,-52.5
3124.7,-51.1,-52.4
3124.8,-51.2,-52.3
3124.9,-51.5,-52.3
3125.0,-52.2,-52.3
3125.1,-52.9,-52.3
3125.2,-53.7,-52.2
3125.3,-54.1,-52.2
3125.4,-54.1,-52.3
3125.5,-53.8,-52.3
3125.6,-53.9,-52.3
3125.7,-53.8,-52.3
3125.8,-54.3,-52.3
3125.9,-54.9,-52.4
3126.0,-55.1,-52.4
3126.1,-55.1,-52.4
3126.2,-54.6,-52.5
3126.3,-54.3,-52.8
3126.4,-54.5,-52.9
3126.5,-54.5,-53.0
3126.6,-54.6,-53.1
3126.7,-54.6,-53.2
3126.8,-38.5,-46.4
3126.9,-31.1,-39.7
3127.0,-30.3,-38.9
3127.1,-29.4,-38.0
3127.2,-29.1,-37.3
3127.3,-31.5,-37.0
3127.4,-31.7,-36.6
3127.5,-32.6,-36.4
3127.6,-34.7,-36.4
3127.7,-36.4,-36.4
3127.8,-38.0,-36.2
3127.9,-39.3,-36.1
3128.0,-38.0,-36.0
3128.1,-37.1,-35.9
3128.2,-38.2,-35.9
3128.3,-37.7,-35.8
3128.4,-38.0,-35.7
3128.5,-39.2,-35.7
3128.6,-39.1,-35.6
3128.7,-38.5,-35.5
3128.8,-38.6,-35.4
3128.9,-38.3,-35.4
3129.0,-38.9,-35.4
3129.1,-39.9,-35.3
3129.2,-39.8,-35.2
3129.3,-38.1,-35.1
3129.4,-37.2,-35.0
3129.5,-37.9,-35.0
3129.6,-38.0,-34.9
3129.7,-38.6,-34.8
3129.8,-40.1,-35.1
3129.9,-40.9,-36.4
3130.0,-43.5,-36.9
3130.1,-54.1,-37.5
3130.2,-54.3,-38.3
3130.3,-54.5,-38.8
3130.4,-54.6,-39.4
3130.5,-48.2,-39.8
3130.6,-46.6,-39.8
3130.7,-46.2,-39.8
3130.8,-46.0,-40.2
3130.9,-48.7,-40.4
3131.0,-51.6,-40.7
3131.1,-53.0,-41.0
3131.2,-53.7,-41.2
3131.3,-53.9,-41.6
3131.4,-54.1,-41.9
3131.5,-53.9,-42.0
3131.6,-53.8,-42.2
3131.7,-53.8,-42.9
3131.8,-53.2,-43.4
3131.9,-53.1,-43.5
3132.0,-53.0,-43.5
3132.1,-53.0,-44.2
3132.2,-53.7,-44.8
3132.3,-51.7,-46.0
3132.4,-49.9,-46.9
3132.5,-46.8,-47.1
3132.6,-45.1,-48.0
3132.7,-45.1,-49.7
3132.8,-43.8,-48.9
3132.9,-44.4,-48.7
3133.0,-45.3,-48.6
3133.1,-40.5,-46.6
3133.2,-36.2,-43.5
3133.3,-32.4,-40.5
3133.4,-29.5,-37.9
3133.5,-29.7,-37.9
3133.6,-30.3,-37.8
3133.7,-32.0,-37.7
3133.8,-40.6,-37.7
3133.9,-41.3,-37.7
3134.0,-42.1,-37.7
3134.1,-48.8,-37.6
3134.2,-51.5,-37.6
3134.3,-52.9,-37.6
3134.4,-53.1,-37.6
3134.5,-53.4,-37.6
3134.6,-53.5,-37.6
3134.7,-53.9,-37.6
3134.8,-54.3,-37.7
3134.9,-54.2,-37.7
3135.0,-54.1,-37.7
3135.1,-54.2,-37.7
3135.2,-54.0,-37.7
3135.3,-54.2,-37.7
3135.4,-54.3,-37.7
3135.5,-54.0,-37.7
3135.6,-54.2,-37.7
3135.7,-53.9,-37.8
3135.8,-53.8,-37.8
3135.9,-53.8,-37.8
3136.0,-51.8,-37.8
3136.1,-51.4,-38.0
3136.2,-51.2,-38.7
3136.3,-51.2,-40.5
3136.4,-52.7,-47.9
3136.5,-53.5,-48.5
3136.6,-54.2,-49.1
3136.7,-54.4,-52.4
3136.8,-54.7,-53.1
3136.9,-54.6,-53.4
3137.0,-54.1,-53.4
3137.1,-51.8,-53.2
3137.2,-50.9,-53.0
3137.3,-50.8,-53.0
3137.4,-50.7,-53.0
3137.5,-52.1,-53.0
3137.6,-52.9,-53.0
3137.7,-47.1,-51.5
3137.8,-44.8,-50.5
3137.9,-38.8,-46.6
3138.0,-37.4,-45.4
3138.1,-34.8,-43.0
3138.2,-34.7,-42.7
3138.3,-36.0,-42.6
3138.4,-36.9,-42.5
3138.5,-43.5,-42.5
3138.6,-47.8,-42.5
3138.7,-49.7,-42.6
3138.8,-54.3,-42.6
3138.9,-54.5,-42.6
3139.0,-54.5,-42.6
3139.1,-53.5,-42.6
3139.2,-53.1,-42.6
3139.3,-53.1,-42.6
3139.4,-53.2,-42.6
3139.5,-54.4,-42.6
3139.6,-55.1,-42.6
3139.7,-54.8,-42.6
3139.8,-54.3,-42.6
3139.9,-53.2,-42.6
3140.0,-52.0,-42.6
3140.1,-51.9,-42.6
3140.2,-46.0,-42.4
3140.3,-44.3,-42.3
3140.4,-42.4,-42.1
3140.5,-38.2,-41.3
3140.6,-38.0,-41.1
3140.7,-38.1,-41.1
3140.8,-37.5,-40.9
3140.9,-39.6,-41.5
3141.0,-40.4,-41.8
3141.1,-39.8,-43.2
3141.2,-41.6,-43.5
3141.3,-41.9,-43.3
3141.4,-39.3,-42.7
3141.5,-38.2,-42.1
3141.6,-38.0,-41.9
3141.7,-37.9,-41.7
3141.8,-39.9,-41.7
3141.9,-42.7,-41.6
3142.0,-44.2,-41.6
3142.1,-48.0,-41.6
3142.2,-49.1,-41.6
3142.3,-54.5,-41.7
3142.4,-55.0,-41.6
3142.5,-54.8,-41.6
3142.6,-54.8,-41.6
3142.7,-54.7,-41.6
3142.8,-55.3,-41.7
3142.9,-55.3,-41.7
3143.0,-55.5,-41.7
3143.1,-55.7,-41.7
3143.2,-55.7,-41.8
3143.3,-55.5,-42.0
3143.4,-55.2,-42.2
3143.5,-54.8,-43.2
3143.6,-54.9,-43.5
3143.7,-55.0,-43.6
3143.8,-54.8,-44.2
3143.9,-49.1,-44.5
3144.0,-46.5,-44.5
3144.1,-46.2,-44.9
3144.2,-46.1,-45.0
3144.3,-48.0,-45.4
3144.4,-52.1,-46.9
3144.5,-53.4,-48.9
3144.6,-53.3,-49.6
3144.7,-52.9,-51.0
3144.8,-52.9,-51.2
3144.9,-45.8,-50.3
3145.0,-42.4,-48.7
3145.1,-41.1,-47.9
3145.2,-40.2,-47.3
3145.3,-41.3,-47.3
3145.4,-43.5,-47.2
3145.5,-46.0,-47.2
3145.6,-48.5,-47.0
3145.7,-47.9,-46.9
3145.8,-47.7,-46.8
3145.9,-47.7,-46.7
3146.0,-49.2,-46.7
3146.1,-50.2,-46.7
3146.2,-51.5,-46.7
3146.3,-53.1,-46.7
3146.4,-53.1,-46.7
3146.5,-52.9,-46.7
3146.6,-53.3,-46.7
3146.7,-53.3,-46.6
3146.8,-53.3,-46.6
3146.9,-53.2,-46.9
3147.0,-53.4,-47.2
3147.1,-53.5,-47.2
3147.2,-53.6,-47.2
3147.3,-54.1,-47.2
3147.4,-54.1,-47.2
3147.5,-54.3,-47.2
3147.6,-54.0,-47.3
3147.7,-53.8,-47.3
3147.8,-53.8,-47.3
3147.9,-54.1,-48.0
3148.0,-54.2,-49.3
3148.1,-54.1,-50.5
3148.2,-48.9,-51.1
3148.3,-48.8,-51.1
3148.4,-48.2,-51.1
3148.5,-44.1,-49.7
3148.6,-36.7,-44.6
3148.7,-32.3,-40.7
3148.8,-32.1,-40.6
3148.9,-32.2,-40.5
3149.0,-32.9,-40.0
3149.1,-38.5,-39.9
3149.2,-39.2,-39.9
3149.3,-39.6,-39.9
3149.4,-48.0,-39.9
3149.5,-53.5,-39.9
3149.6,-54.4,-39.9
3149.7,-54.5,-39.9
3149.8,-54.8,-39.9
3149.9,-54.5,-39.9
3150.0,-54.4,-39.9
3150.1,-54.5,-39.9
3150.2,-54.1,-39.9
3150.3,-54.4,-39.9
3150.4,-54.4,-39.9
3150.5,-54.4,-39.9
3150.6,-54.7,-39.9
3150.7,-54.6,-39.9
3150.8,-54.9,-39.9
3150.9,-54.6,-39.9
3151.0,-47.2,-39.8
3151.1,-43.9,-39.7
3151.2,-43.3,-39.7
3151.3,-43.1,-39.7
3151.4,-44.8,-39.7
3151.5,-49.5,-39.9
3151.6,-53.1,-41.1
3151.7,-54.9,-45.5
3151.8,-55.1,-46.0
3151.9,-54.9,-46.2
3152.0,-54.7,-49.5
3152.1,-54.6,-50.2
3152.2,-54.7,-50.2
3152.3,-54.7,-50.2
3152.4,-54.5,-50.2
3152.5,-54.2,-50.2
3152.6,-54.2,-50.2
3152.7,-54.0,-50.2
3152.8,-54.1,-50.2
3152.9,-54.3,-50.2
3153.0,-54.3,-50.2
3153.1,-54.7,-50.2
3153.2,-54.8,-50.2
3153.3,-54.5,-50.2
3153.4,-54.4,-50.2
3153.5,-54.3,-50.2
3153.6,-54.2,-50.2
3153.7,-54.5,-50.2
3153.8,-54.5,-50.2
3153.9,-54.5,-50.2
3154.0,-54.6,-51.3
3154.1,-54.2,-53.4
3154.2,-54.0,-54.2
3154.3,-54.0,-54.4
3154.4,-53.9,-54.4
3154.5,-54.5,-54.5
3154.6,-54.7,-54.4
3154.7,-54.8,-54.4
3154.8,-54.7,-54.4
3154.9,-54.4,-54.4
3155.0,-54.7,-54.4
3155.1,-54.6,-54.4
3155.2,-54.8,-54.4
3155.3,-54.7,-54.4
3155.4,-54.5,-54.4
3155.5,-54.7,-54.5
3155.6,-53.3,-54.3
3155.7,-41.2,-48.8
3155.8,-39.0,-47.0
3155.9,-38.8,-46.8
3156.0,-37.5,-45.7
3156.1,-37.9,-44.6
3156.2,-37.2,-43.5
3156.3,-36.5,-43.0
3156.4,-36.7,-42.6
3156.5,-37.6,-42.5
3156.6,-39.4,-42.2
3156.7,-40.3,-42.1
3156.8,-41.0,-41.9
3156.9,-39.8,-41.5
3157.0,-40.8,-41.5
3157.1,-41.2,-41.5
3157.2,-41.0,-41.3
3157.3,-41.9,-41.1
3157.4,-41.2,-41.0
3157.5,-41.0,-40.9
3157.6,-42.1,-40.8
3157.7,-44.3,-40.8
3157.8,-46.0,-40.8
3157.9,-49.9,-40.8
3158.0,-54.8,-40.8
3158.1,-55.0,-40.8
3158.2,-55.0,-40.8
3158.3,-54.9,-40.8
3158.4,-54.9,-40.8
3158.5,-55.1,-40.8
3158.6,-54.9,-40.8
3158.7,-54.8,-41.4
3158.8,-54.9,-41.8
3158.9,-54.7,-41.8
3159.0,-54.5,-42.3
3159.1,-54.0,-42.9
3159.2,-47.7,-43.7
3159.3,-45.4,-44.0
3159.4,-44.2,-44.4
3159.5,-43.4,-44.6
3159.6,-44.1,-44.8
3159.7,-44.8,-45.0
3159.8,-45.1,-45.3
3159.9,-45.0,-46.0
3160.0,-44.5,-45.7
3160.1,-44.1,-45.7
3160.2,-43.6,-46.1
3160.3,-43.6,-46.5
3160.4,-43.6,-46.5
3160.5,-43.2,-46.5
3160.6,-43.0,-46.3
3160.7,-41.9,-45.8
3160.8,-40.0,-44.9
3160.9,-39.1,-44.3
3161.0,-38.3,-43.7
3161.1,-37.8,-43.2
3161.2,-37.9,-42.7
3161.3,-37.8,-42.3
3161.4,-37.8,-41.9
3161.5,-38.0,-41.6
3161.6,-38.2,-41.4
3161.7,-38.1,-41.0
3161.8,-38.3,-40.8
3161.9,-38.4,-40.6
3162.0,-38.6,-40.4
3162.1,-38.8,-40.2
3162.2,-38.5,-40.0
3162.3,-37.6,-39.7
3162.4,-36.9,-39.5
3162.5,-36.6,-39.2
3162.6,-36.4,-39.0
3162.7,-36.4,-38.8
3162.8,-35.9,-38.4
3162.9,-35.5,-38.2
3163.0,-35.0,-37.9
3163.1,-34.9,-37.7
3163.2,-35.2,-37.5
3163.3,-35.5,-37.3
3163.4,-35.9,-37.2
3163.5,-35.7,-37.0
3163.6,-34.9,-36.7
3163.7,-34.2,-36.4
3163.8,-33.6,-36.3
3163.9,-33.2,-36.1
3164.0,-33.4,-35.9
3164.1,-33.5,-35.8
3164.2,-33.5,-35.6
3164.3,-33.4,-35.4
3164.4,-33.3,-35.3
3164.5,-33.0,-35.1
3164.6,-32.9,-34.9
3164.7,-32.9,-34.7
3164.8,-32.5,-34.5
3164.9,-32.0,-34.3
3165.0,-31.2,-33.9
3165.1,-30.2,-33.5
3165.2,-29.6,-33.2
3165.3,-29.4,-33.0
3165.4,-29.6,-32.8
3165.5,-29.7,-32.5
3165.6,-29.5,-32.2
3165.7,-29.1,-32.0
3165.8,-28.6,-31.7
3165.9,-28.5,-31.5
3166.0,-28.2,-31.2
3166.1,-28.0,-30.9
3166.2,-27.7,-30.6
3166.3,-27.5,-30.4
3166.4,-27.9,-30.3
3166.5,-27.8,-30.0
3166.6,-27.5,-29.8
3166.7,-27.0,-29.5
3166.8,-26.5,-29.3
3166.9,-26.3,-29.1
3167.0,-26.3,-28.8
3167.1,-26.2,-28.6
3167.2,-26.5,-28.5
3167.3,-27.0,-28.4
3167.4,-27.6,-28.3
3167.5,-28.1,-28.2
3167.6,-28.5,-28.1
3167.7,-28.7,-28.1
3167.8,-29.1,-28.0
3167.9,-29.2,-28.0
3168.0,-28.8,-27.9
3168.1,-28.5,-27.9
3168.2,-28.7,-28.0
3168.3,-29.3,-28.0
3168.4,-29.5,-27.9
3168.5,-29.3,-27.9
3168.6,-28.9,-27.9
3168.7,-28.5,-27.9
3168.8,-28.8,-28.0
3168.9,-29.5,-28.0
3169.0,-30.0,-28.1
3169.1,-30.6,-28.2
3169.2,-30.9,-28.3
3169.3,-31.4,-28.4
3169.4,-31.8,-28.4
3169.5,-32.0,-28.6
3169.6,-32.3,-28.8
3169.7,-32.8,-29.0
3169.8,-33.1,-29.2
3169.9,-33.8,-29.5
3170.0,-34.3,-29.8
3170.1,-34.8,-30.1
3170.2,-35.0,-30.3
3170.3,-35.1,-30.4
3170.4,-35.3,-30.6
3170.5,-35.8,-30.9
3170.6,-36.5,-31.1
3170.7,-37.1,-31.2
3170.8,-37.4,-31.4
3170.9,-37.4,-31.7
3171.0,-37.9,-32.0
3171.1,-38.1,-32.3
3171.2,-38.4,-32.5
3171.3,-39.0,-32.7
3171.4,-39.2,-33.0
3171.5,-39.7,-33.5
3171.6,-39.9,-33.9
3171.7,-39.6,-34.3
3171.8,-39.2,-34.7
3171.9,-34.1,-34.6
3172.0,-32.7,-34.7
3172.1,-29.7,-34.1
3172.2,-28.9,-33.9
3172.3,-29.0,-33.8
3172.4,-29.4,-33.9
3172.5,-31.6,-34.0
3172.6,-32.9,-34.0
3172.7,-35.5,-34.2
3172.8,-30.8,-33.4
3172.9,-30.5,-33.3
3173.0,-30.5,-33.3
3173.1,-30.2,-33.3
3173.2,-32.5,-33.1
3173.3,-33.1,-33.1
3173.4,-33.4,-33.1
3173.5,-33.7,-33.1
3173.6,-35.6,-33.1
3173.7,-35.4,-33.0
3173.8,-34.4,-32.9
3173.9,-34.0,-32.9
3174.0,-34.0,-32.8
3174.1,-34.0,-32.7
3174.2,-32.0,-32.4
3174.3,-29.9,-32.0
3174.4,-27.5,-31.3
3174.5,-27.1,-31.1
3174.6,-27.0,-30.8
3174.7,-26.8,-30.4
3174.8,-26.2,-29.8
3174.9,-25.6,-29.6
3175.0,-25.6,-29.5
3175.1,-26.3,-29.7
3175.2,-28.3,-29.7
3175.3,-29.1,-29.6
3175.4,-29.1,-29.5
3175.5,-27.3,-29.1
3175.6,-26.8,-28.9
3175.7,-26.1,-28.6
3175.8,-25.0,-28.4
3175.9,-24.4,-28.0
3176.0,-23.8,-27.6
3176.1,-24.0,-27.5
3176.2,-24.8,-27.4
3176.3,-25.6,-27.2
3176.4,-25.1,-26.8
3176.5,-24.2,-26.5
3176.6,-23.5,-26.3
3176.7,-23.5,-26.1
3176.8,-24.5,-26.0
3176.9,-25.9,-26.0
3177.0,-26.6,-25.9
3177.1,-26.9,-25.7
3177.2,-27.2,-25.7
3177.3,-27.6,-25.8
3177.4,-29.0,-26.0
3177.5,-31.5,-26.0
3177.6,-32.6,-26.1
3177.7,-33.2,-26.2
3177.8,-33.9,-26.5
3177.9,-34.8,-26.6
3178.0,-36.2,-26.7
3178.1,-37.3,-26.7
3178.2,-37.8,-26.8
3178.3,-36.9,-26.9
3178.4,-35.8,-27.0
3178.5,-34.1,-27.2
3178.6,-31.2,-27.2
3178.7,-31.3,-27.4
3178.8,-31.4,-27.7
3178.9,-32.3,-28.2
3179.0,-37.4,-28.6
3179.1,-38.6,-28.8
3179.2,-41.4,-29.0
3179.3,-42.6,-29.4
3179.4,-41.8,-30.1
3179.5,-41.7,-30.9
3179.6,-41.6,-31.7
3179.7,-41.8,-32.5
3179.8,-42.3,-32.9
3179.9,-42.4,-33.3
3180.0,-40.8,-34.0
3180.1,-37.7,-35.0
3180.2,-34.6,-35.1
3180.3,-34.2,-35.4
3180.4,-32.7,-35.3
3180.5,-32.6,-35.3
3180.6,-32.4,-35.1
3180.7,-31.6,-35.0
3180.8,-31.1,-34.6
3180.9,-30.5,-34.3
3181.0,-31.6,-34.3
3181.1,-32.6,-34.4
3181.2,-35.6,-34.4
3181.3,-43.9,-34.6
3181.4,-44.8,-34.7
3181.5,-44.3,-35.0
3181.6,-43.9,-35.8
3181.7,-43.7,-35.9
3181.8,-43.8,-36.1
3181.9,-40.4,-36.0
3182.0,-40.1,-36.0
3182.1,-40.2,-36.0
3182.2,-40.2,-36.0
3182.3,-43.8,-36.0
3182.4,-45.3,-36.1
3182.5,-45.6,-36.1
3182.6,-45.3,-36.1
3182.7,-44.5,-36.1
3182.8,-43.3,-36.1
3182.9,-42.9,-36.1
3183.0,-42.1,-36.1
3183.1,-40.5,-36.3
3183.2,-38.7,-36.6
3183.3,-36.1,-36.4
3183.4,-34.8,-36.6
3183.5,-34.4,-36.8
3183.6,-34.8,-37.3
3183.7,-36.7,-37.8
3183.8,-39.3,-38.9
3183.9,-42.3,-40.0
3184.0,-42.5,-40.0
3184.1,-40.5,-39.8
3184.2,-38.6,-39.5
3184.3,-37.9,-39.4
3184.4,-37.8,-39.3
3184.5,-38.3,-39.2
3184.6,-39.4,-39.2
3184.7,-39.8,-39.1
3184.8,-38.4,-38.8
3184.9,-37.2,-38.8
3185.0,-31.6,-37.0
3185.1,-30.3,-36.3
3185.2,-30.2,-36.1
3185.3,-29.5,-35.6
3185.4,-32.0,-35.5
3185.5,-34.0,-35.5
3185.6,-34.7,-35.4
3185.7,-38.3,-35.4
3185.8,-38.9,-35.3
3185.9,-38.1,-35.2
3186.0,-37.0,-35.2
3186.1,-36.6,-35.1
3186.2,-36.5,-35.2
3186.3,-36.2,-35.3
3186.4,-36.1,-35.3
3186.5,-36.3,-35.4
3186.6,-35.5,-35.3
3186.7,-35.1,-35.1
3186.8,-34.4,-34.9
3186.9,-32.8,-34.5
3187.0,-31.1,-34.0
3187.1,-29.5,-33.5
3187.2,-28.2,-32.9
3187.3,-26.9,-32.2
3187.4,-26.0,-31.5
3187.5,-25.1,-30.7
3187.6,-23.9,-29.8
3187.7,-23.3,-29.2
3187.8,-23.3,-28.8
3187.9,-23.7,-28.6
3188.0,-24.0,-28.3
3188.1,-23.3,-27.7
3188.2,-22.0,-27.0
3188.3,-21.1,-26.4
3188.4,-20.2,-25.8
3188.5,-19.8,-25.2
3188.6,-19.6,-24.7
3188.7,-19.8,-24.4
3188.8,-19.9,-24.0
3188.9,-19.8,-23.6
3189.0,-19.5,-23.1
3189.1,-19.0,-22.7
3189.2,-19.0,-22.5
3189.3,-19.5,-22.3
3189.4,-19.6,-22.0
3189.5,-19.6,-21.7
3189.6,-19.1,-21.4
3189.7,-17.7,-20.9
3189.8,-16.9,-20.5
3189.9,-16.1,-20.0
3190.0,-15.8,-19.7
3190.1,-16.4,-19.6
3190.2,-17.2,-19.5
3190.3,-18.1,-19.3
3190.4,-17.8,-19.0
3190.5,-16.8,-18.7
3190.6,-16.8,-18.7
3190.7,-17.4,-18.7
3190.8,-18.6,-18.6
3190.9,-19.8,-18.5
3191.0,-20.1,-18.5
3191.1,-20.0,-18.5
3191.2,-20.1,-18.5
3191.3,-21.4,-18.5
3191.4,-22.1,-18.6
3191.5,-22.8,-18.7
3191.6,-23.2,-18.7
3191.7,-23.0,-18.7
3191.8,-22.9,-18.8
3191.9,-22.8,-18.9
3192.0,-23.4,-19.0
3192.1,-23.7,-19.1
3192.2,-23.8,-19.2
3192.3,-23.9,-19.2
3192.4,-24.2,-19.4
3192.5,-24.5,-19.5
3192.6,-24.4,-19.6
3192.7,-24.1,-19.9
3192.8,-24.2,-20.3
3192.9,-24.5,-20.7
3193.0,-25.1,-21.1
3193.1,-25.6,-21.3
3193.2,-25.8,-21.4
3193.3,-25.9,-21.7
3193.4,-26.1,-22.3
3193.5,-26.7,-23.0
3193.6,-27.0,-23.3
3193.7,-27.3,-23.4
3193.8,-27.8,-23.7
3193.9,-28.1,-24.2
3194.0,-29.0,-24.4
3194.1,-29.8,-24.7
3194.2,-30.0,-25.1
3194.3,-30.6,-25.3
3194.4,-31.1,-25.4
3194.5,-31.4,-25.6
3194.6,-32.4,-25.9
3194.7,-33.1,-26.3
3194.8,-33.7,-26.5
3194.9,-34.1,-26.7
3195.0,-34.0,-27.0
3195.1,-34.2,-27.3
3195.2,-33.8,-27.6
3195.3,-32.7,-27.8
3195.4,-31.4,-28.0
3195.5,-29.4,-28.2
3195.6,-28.1,-28.3
3195.7,-26.7,-28.5
3195.8,-25.4,-28.4
3195.9,-24.5,-28.2
3196.0,-23.3,-27.8
3196.1,-22.2,-27.3
3196.2,-21.3,-26.8
3196.3,-20.6,-26.3
3196.4,-19.8,-25.6
3196.5,-18.9,-24.8
3196.6,-18.3,-24.2
3196.7,-18.1,-23.8
3196.8,-18.5,-23.6
3196.9,-19.1,-23.3
3197.0,-18.5,-22.6
3197.1,-17.1,-21.8
3197.2,-16.7,-21.5
3197.3,-17.0,-21.4
3197.4,-18.2,-21.3
3197.5,-20.8,-21.2
3197.6,-22.6,-21.1
3197.7,-23.2,-21.0
3197.8,-23.4,-21.0
3197.9,-24.4,-20.9
3198.0,-25.6,-20.9
3198.1,-26.8,-20.9
3198.2,-28.8,-20.9
3198.3,-31.3,-20.9
3198.4,-32.7,-20.9
3198.5,-33.2,-21.0
3198.6,-34.3,-21.0
3198.7,-36.4,-21.1
3198.8,-38.6,-21.1
3198.9,-40.4,-21.2
3199.0,-41.2,-21.4
3199.1,-41.7,-21.5
3199.2,-41.9,-21.7
3199.3,-40.8,-22.0
3199.4,-40.9,-22.3
3199.5,-38.7,-22.7
3199.6,-38.9,-23.2
3199.7,-40.1,-23.6
3199.8,-40.5,-23.9
3199.9,-46.6,-24.3
3200.0,-49.2,-25.4
3200.1,-50.2,-27.6
3200.2,-50.7,-29.2
3200.3,-51.6,-29.9
3200.4,-51.4,-30.6
3200.5,-51.4,-31.9
3200.6,-52.0,-33.2
3200.7,-52.4,-34.2
3200.8,-53.5,-35.8
3200.9,-54.5,-37.9
3201.0,-54.9,-39.2
3201.1,-43.7,-39.7
3201.2,-39.3,-40.0
3201.3,-35.0,-39.8
3201.4,-34.4,-40.2
3201.5,-34.5,-40.4
3201.6,-34.4,-40.0
3201.7,-37.4,-40.1
3201.8,-38.0,-40.1
3201.9,-38.9,-40.2
3202.0,-44.2,-40.3
3202.1,-47.1,-40.4
3202.2,-55.4,-40.5
3202.3,-56.1,-40.7
3202.4,-54.6,-40.8
3202.5,-53.3,-41.3
3202.6,-53.3,-41.3
3202.7,-53.5,-41.4
3202.8,-54.6,-41.4
3202.9,-55.1,-41.4
3203.0,-37.8,-40.3
3203.1,-35.9,-39.8
3203.2,-35.6,-39.7
3203.3,-35.0,-39.4
3203.4,-36.7,-39.1
3203.5,-38.5,-39.1
3203.6,-39.1,-39.1
3203.7,-40.8,-39.1
3203.8,-46.2,-39.1
3203.9,-47.5,-39.0
3204.0,-45.8,-39.0
3204.1,-44.8,-39.1
3204.2,-44.7,-39.5
3204.3,-44.4,-40.6
3204.4,-36.3,-39.6
3204.5,-36.1,-39.6
3204.6,-36.1,-40.1
3204.7,-36.2,-40.2
3204.8,-42.8,-40.2
3204.9,-41.1,-39.9
3205.0,-38.8,-39.6
3205.1,-35.2,-38.8
3205.2,-35.1,-38.6
3205.3,-35.3,-38.5
3205.4,-35.5,-38.4
3205.5,-39.2,-38.3
3205.6,-40.3,-38.3
3205.7,-42.2,-38.3
3205.8,-46.3,-38.3
3205.9,-51.5,-38.3
3206.0,-56.6,-39.0
3206.1,-56.5,-39.4
3206.2,-55.9,-39.5
3206.3,-55.7,-39.7
3206.4,-48.5,-40.0
3206.5,-43.6,-39.9
3206.6,-40.0,-39.6
3206.7,-39.3,-39.5
3206.8,-39.3,-39.5
3206.9,-40.5,-39.5
3207.0,-44.2,-39.6
3207.1,-46.8,-39.6
3207.2,-47.3,-39.6
3207.3,-45.1,-39.5
3207.4,-45.4,-40.8
3207.5,-45.5,-40.9
3207.6,-47.4,-40.9
3207.7,-53.0,-41.0
3207.8,-55.4,-41.2
3207.9,-56.8,-41.5
3208.0,-56.7,-42.0
3208.1,-56.5,-44.0
3208.2,-56.3,-44.5
3208.3,-56.2,-45.0
3208.4,-55.9,-45.8
3208.5,-54.7,-46.1
3208.6,-49.1,-46.0
3208.7,-46.7,-45.8
3208.8,-46.2,-45.8
3208.9,-46.2,-45.7
3209.0,-47.9,-45.7
3209.1,-51.2,-45.7
3209.2,-52.8,-45.7
3209.3,-53.1,-45.7
3209.4,-54.0,-45.9
3209.5,-50.6,-46.5
3209.6,-49.4,-48.2
3209.7,-47.6,-48.7
3209.8,-46.2,-48.9
3209.9,-46.8,-48.8
3210.0,-47.0,-49.0
3210.1,-45.9,-48.5
3210.2,-45.8,-48.6
3210.3,-45.9,-49.1
3210.4,-46.2,-49.2
3210.5,-49.1,-49.2
3210.6,-52.1,-49.1
3210.7,-45.2,-48.1
3210.8,-40.3,-46.2
3210.9,-40.2,-46.1
3211.0,-36.2,-43.6
3211.1,-34.7,-42.2
3211.2,-35.1,-41.9
3211.3,-33.9,-41.0
3211.4,-34.4,-40.4
3211.5,-36.0,-40.3
3211.6,-36.5,-40.3
3211.7,-39.2,-40.4
3211.8,-46.9,-40.4
3211.9,-48.1,-40.3
3212.0,-48.2,-40.3
3212.1,-48.3,-40.3
3212.2,-48.3,-40.3
3212.3,-52.8,-40.3
3212.4,-55.6,-40.3
3212.5,-56.0,-40.3
3212.6,-55.1,-40.4
3212.7,-53.8,-40.4
3212.8,-53.0,-40.4
3212.9,-53.0,-40.4
3213.0,-53.8,-40.5
3213.1,-55.0,-40.5
3213.2,-56.1,-40.6
3213.3,-55.9,-40.6
3213.4,-55.8,-40.6
3213.5,-55.9,-40.6
3213.6,-56.0,-40.6
3213.7,-56.5,-40.8
3213.8,-56.3,-41.3
3213.9,-55.9,-41.3
3214.0,-55.8,-42.6
3214.1,-55.2,-44.2
3214.2,-55.0,-44.6
3214.3,-55.3,-46.9
3214.4,-55.1,-51.6
3214.5,-54.9,-53.0
3214.6,-54.5,-53.2
3214.7,-53.1,-53.1
3214.8,-52.1,-53.0
3214.9,-48.9,-53.3
3215.0,-41.8,-49.3
3215.1,-36.6,-44.9
3215.2,-35.7,-44.1
3215.3,-33.5,-42.0
3215.4,-31.5,-39.7
3215.5,-32.3,-39.6
3215.6,-32.6,-39.5
3215.7,-34.3,-39.5
3215.8,-40.8,-39.3
3215.9,-38.2,-38.9
3216.0,-36.5,-38.5
3216.1,-35.7,-38.3
3216.2,-35.7,-38.2
3216.3,-37.4,-38.1
3216.4,-39.8,-38.1
3216.5,-41.3,-38.0
3216.6,-39.0,-37.7
3216.7,-38.9,-37.7
3216.8,-38.8,-37.6
3216.9,-39.5,-37.6
3217.0,-44.7,-37.6
3217.1,-42.0,-37.5
3217.2,-42.1,-37.5
3217.3,-42.1,-37.4
3217.4,-42.4,-37.4
3217.5,-46.1,-37.4
3217.6,-46.9,-37.4
3217.7,-47.9,-37.4
3217.8,-48.6,-37.4
3217.9,-53.3,-37.4
3218.0,-54.5,-37.6
3218.1,-55.3,-38.2
3218.2,-55.8,-38.3
3218.3,-55.6,-39.1
3218.4,-55.3,-41.0
3218.5,-53.4,-41.3
3218.6,-51.2,-41.3
3218.7,-50.5,-41.4
3218.8,-49.7,-41.6
3218.9,-47.0,-42.4
3219.0,-47.4,-43.3
3219.1,-46.8,-44.0
3219.2,-47.0,-44.5
3219.3,-42.3,-43.9
3219.4,-40.9,-43.6
3219.5,-39.2,-43.4
3219.6,-37.7,-43.9
3219.7,-38.7,-43.8
3219.8,-38.4,-43.4
3219.9,-39.6,-43.4
3220.0,-41.6,-43.4
3220.1,-42.5,-43.9
3220.2,-46.5,-44.0
3220.3,-48.2,-44.0
3220.4,-51.6,-44.1
3220.5,-51.4,-44.2
3220.6,-44.8,-43.8
3220.7,-36.8,-41.8
3220.8,-34.6,-40.8
3220.9,-34.3,-40.6
3221.0,-34.6,-40.6
3221.1,-37.7,-40.6
3221.2,-44.8,-40.6
3221.3,-50.5,-40.6
3221.4,-53.9,-40.6
3221.5,-44.5,-40.4
3221.6,-39.1,-39.9
3221.7,-36.1,-39.2
3221.8,-34.7,-38.8
3221.9,-34.9,-38.8
3222.0,-35.7,-38.6
3222.1,-37.9,-38.6
3222.2,-41.4,-38.6
3222.3,-39.3,-38.5
3222.4,-40.6,-38.6
3222.5,-38.4,-38.5
3222.6,-38.1,-38.6
3222.7,-39.3,-38.6
3222.8,-38.2,-38.6
3222.9,-39.5,-38.5
3223.0,-38.6,-38.3
3223.1,-35.9,-37.8
3223.2,-36.1,-37.8
3223.3,-36.7,-37.8
3223.4,-37.8,-37.8
3223.5,-45.9,-37.8
3223.6,-54.2,-37.9
3223.7,-54.8,-38.5
3223.8,-54.8,-39.1
3223.9,-55.0,-39.3
3224.0,-55.1,-39.3
3224.1,-43.7,-39.1
3224.2,-43.6,-39.1
3224.3,-42.3,-39.0
3224.4,-40.8,-38.9
3224.5,-42.5,-39.0
3224.6,-42.3,-39.4
3224.7,-42.8,-40.0
3224.8,-44.9,-40.6
3224.9,-46.8,-40.7
3225.0,-46.4,-40.9
3225.1,-46.9,-40.9
3225.2,-47.0,-40.9
3225.3,-44.6,-41.3
3225.4,-45.1,-41.3
3225.5,-45.2,-41.8
3225.6,-45.3,-42.0
3225.7,-46.2,-42.1
3225.8,-46.1,-42.4
3225.9,-45.2,-42.6
3226.0,-44.5,-43.0
3226.1,-45.7,-45.1
3226.2,-46.2,-45.5
3226.3,-48.4,-45.5
3226.4,-52.6,-45.5
3226.5,-53.6,-45.5
3226.6,-53.4,-45.5
3226.7,-53.3,-45.5
3226.8,-53.2,-45.5
3226.9,-52.2,-45.4
3227.0,-51.4,-45.4
3227.1,-50.9,-46.3
3227.2,-51.1,-46.3
3227.3,-52.0,-46.7
3227.4,-53.1,-47.4
3227.5,-54.4,-47.8
3227.6,-54.2,-47.9
3227.7,-54.5,-48.2
3227.8,-54.3,-48.4
3227.9,-54.0,-48.4
3228.0,-49.7,-48.4
3228.1,-48.7,-48.5
3228.2,-45.7,-48.1
3228.3,-39.1,-45.8
3228.4,-38.9,-45.6
3228.5,-36.9,-44.3
3228.6,-37.1,-44.3
3228.7,-39.2,-44.1
3228.8,-39.0,-43.9
3228.9,-42.4,-43.9
3229.0,-42.4,-43.9
3229.1,-43.6,-43.9
3229.2,-45.4,-43.8
3229.3,-44.9,-43.6
3229.4,-44.1,-43.5
3229.5,-43.7,-43.4
3229.6,-44.2,-43.3
3229.7,-45.7,-43.3
3229.8,-47.9,-43.3
3229.9,-51.1,-43.4
3230.0,-45.0,-43.0
3230.1,-40.2,-42.4
3230.2,-39.0,-42.1
3230.3,-38.6,-42.0
3230.4,-39.5,-41.9
3230.5,-43.1,-41.9
3230.6,-47.2,-41.9
3230.7,-51.5,-41.9
3230.8,-52.3,-41.9
3230.9,-52.7,-41.9
3231.0,-53.2,-42.0
3231.1,-52.6,-42.0
3231.2,-51.8,-42.1
3231.3,-51.8,-43.1
3231.4,-52.0,-43.3
3231.5,-53.0,-44.3
3231.6,-53.9,-44.4
3231.7,-54.0,-44.8
3231.8,-53.9,-45.1
3231.9,-53.7,-45.3
3232.0,-53.6,-45.4
3232.1,-52.8,-45.5
3232.2,-52.3,-45.6
3232.3,-52.5,-45.8
3232.4,-52.3,-46.1
3232.5,-53.0,-46.3
3232.6,-53.6,-46.3
3232.7,-53.5,-46.4
3232.8,-53.5,-46.4
3232.9,-53.7,-46.4
3233.0,-53.6,-47.1
3233.1,-52.9,-49.6
3233.2,-52.0,-51.5
3233.3,-51.5,-52.6
3233.4,-51.8,-52.7
3233.5,-52.2,-52.8
3233.6,-51.4,-52.6
3233.7,-51.3,-52.6
3233.8,-50.3,-52.4
3233.9,-46.6,-51.3
3234.0,-44.0,-49.9
3234.1,-42.8,-49.3
3234.2,-41.4,-48.3
3234.3,-42.1,-48.3
3234.4,-43.5,-48.2
3234.5,-45.0,-48.1
3234.6,-50.3,-48.1
3234.7,-50.4,-48.1
3234.8,-52.7,-48.1
3234.9,-53.3,-48.1
3235.0,-53.6,-48.1
3235.1,-53.5,-48.1
3235.2,-52.5,-48.1
3235.3,-51.7,-48.1
3235.4,-51.3,-48.1
3235.5,-45.7,-47.4
3235.6,-40.8,-45.9
3235.7,-37.5,-44.1
3235.8,-36.0,-43.1
3235.9,-36.1,-43.0
3236.0,-35.3,-41.9
3236.1,-34.2,-40.5
3236.2,-34.7,-40.3
3236.3,-34.8,-40.3
3236.4,-36.5,-40.3
3236.5,-43.7,-40.3
3236.6,-50.3,-40.3
3236.7,-53.3,-40.3
3236.8,-53.6,-40.3
3236.9,-53.6,-40.4
3237.0,-53.1,-40.5
3237.1,-53.1,-40.6
3237.2,-44.1,-40.5
3237.3,-42.4,-40.4
3237.4,-40.7,-40.3
3237.5,-38.3,-39.9
3237.6,-37.6,-39.6
3237.7,-37.1,-39.4
3237.8,-35.6,-38.9
3237.9,-34.9,-38.4
3238.0,-34.7,-38.1
3238.1,-34.5,-37.9
3238.2,-34.8,-37.6
3238.3,-35.6,-37.4
3238.4,-36.7,-37.4
3238.5,-38.1,-37.5
3238.6,-41.4,-37.6
3238.7,-47.2,-38.0
3238.8,-53.0,-38.3
3238.9,-53.1,-38.3
3239.0,-53.2,-38.7
3239.1,-53.0,-39.6
3239.2,-52.7,-39.8
3239.3,-51.7,-39.8
3239.4,-49.9,-39.8
3239.5,-48.0,-39.8
3239.6,-47.4,-39.7
3239.7,-45.9,-39.7
3239.8,-44.6,-39.6
3239.9,-45.1,-39.6
3240.0,-45.6,-39.6
3240.1,-47.1,-39.6
3240.2,-51.0,-39.8
3240.3,-52.4,-39.9
3240.4,-52.2,-40.1
3240.5,-52.4,-40.4
3240.6,-52.7,-40.8
3240.7,-49.7,-41.1
3240.8,-49.7,-42.0
3240.9,-49.6,-43.2
3241.0,-49.6,-44.2
3241.1,-52.7,-45.1
3241.2,-53.0,-47.0
3241.3,-52.3,-48.9
3241.4,-51.5,-49.6
3241.5,-50.9,-49.5
3241.6,-51.0,-49.5
3241.7,-51.8,-49.5
3241.8,-52.7,-49.5
3241.9,-53.3,-49.5
3242.0,-52.2,-49.4
3242.1,-50.9,-49.4
3242.2,-50.7,-49.4
3242.3,-50.6,-49.4
3242.4,-50.3,-49.5
3242.5,-50.5,-49.7
3242.6,-49.8,-49.8
3242.7,-49.3,-50.2
3242.8,-49.5,-50.9
3242.9,-49.5,-51.0
3243.0,-49.5,-50.8
3243.1,-49.1,-50.6
3243.2,-47.7,-50.3
3243.3,-45.7,-49.6
3243.4,-42.7,-48.3
3243.5,-39.1,-46.1
3243.6,-35.4,-43.3
3243.7,-33.0,-41.2
3243.8,-31.4,-39.6
3243.9,-30.1,-38.1
3244.0,-28.9,-36.6
3244.1,-27.6,-35.1
3244.2,-26.8,-34.1
3244.3,-25.9,-33.1
3244.4,-25.2,-32.1
3244.5,-24.3,-30.9
3244.6,-22.9,-29.7
3244.7,-22.0,-28.8
3244.8,-21.6,-28.1
3244.9,-21.8,-27.7
3245.0,-22.7,-27.5
3245.1,-23.1,-27.0
3245.2,-23.1,-26.6
3245.3,-22.3,-26.1
3245.4,-21.4,-25.6
3245.5,-21.2,-25.2
3245.6,-21.1,-24.9
3245.7,-21.0,-24.5
3245.8,-21.2,-24.3
3245.9,-21.5,-24.1
3246.0,-21.6,-23.8
3246.1,-22.0,-23.6
3246.2,-22.4,-23.5
3246.3,-22.6,-23.3
3246.4,-22.9,-23.1
3246.5,-21.9,-22.8
3246.6,-21.3,-22.6
3246.7,-20.8,-22.4
3246.8,-20.8,-22.3
3246.9,-21.1,-22.2
3247.0,-21.0,-22.0
3247.1,-20.4,-21.7
3247.2,-19.4,-21.5
3247.3,-19.0,-21.3
3247.4,-19.0,-21.2
3247.5,-19.4,-21.1
3247.6,-20.1,-21.1
3247.7,-20.8,-21.1
3247.8,-21.1,-21.1
3247.9,-21.2,-21.0
3248.0,-21.3,-21.0
3248.1,-21.4,-21.0
3248.2,-21.7,-21.0
3248.3,-21.9,-21.0
3248.4,-22.6,-21.1
3248.5,-23.4,-21.2
3248.6,-24.1,-21.3
3248.7,-24.9,-21.4
3248.8,-24.9,-21.4
3248.9,-24.1,-21.4
3249.0,-22.3,-21.4
3249.1,-21.1,-21.2
3249.2,-20.3,-21.2
3249.3,-19.8,-21.0
3249.4,-20.1,-21.0
3249.5,-20.9,-21.1
3249.6,-21.6,-21.2
3249.7,-21.6,-21.1
3249.8,-20.7,-21.0
3249.9,-19.9,-20.9
3250.0,-19.6,-21.0
3250.1,-19.9,-21.1
3250.2,-20.9,-21.2
3250.3,-21.7,-21.4
3250.4,-21.9,-21.4
3250.5,-21.3,-21.4
3250.6,-20.6,-21.3
3250.7,-20.3,-21.3
3250.8,-19.9,-21.2
3250.9,-19.9,-21.2
3251.0,-19.8,-21.1
3251.1,-19.5,-21.0
3251.2,-18.9,-20.8
3251.3,-18.8,-20.7
3251.4,-18.0,-20.4
3251.5,-17.8,-20.2
3251.6,-18.3,-20.1
3251.7,-18.0,-19.9
3251.8,-18.3,-19.7
3251.9,-17.6,-19.5
3252.0,-17.0,-19.3
3252.1,-17.0,-19.3
3252.2,-17.1,-19.2
3252.3,-17.2,-19.0
3252.4,-17.3,-18.9
3252.5,-17.5,-18.8
3252.6,-17.2,-18.6
3252.7,-17.4,-18.5
3252.8,-17.3,-18.5
3252.9,-17.3,-18.5
3253.0,-17.8,-18.4
3253.1,-17.9,-18.3
3253.2,-18.0,-18.2
3253.3,-17.7,-18.1
3253.4,-17.1,-17.9
3253.5,-16.9,-17.8
3253.6,-17.1,-17.8
3253.7,-17.7,-17.8
3253.8,-18.4,-17.8
3253.9,-19.6,-17.8
3254.0,-19.5,-17.8
3254.1,-18.9,-17.7
3254.2,-19.3,-17.8
3254.3,-19.4,-17.9
3254.4,-20.0,-18.0
3254.5,-20.6,-18.0
3254.6,-20.9,-18.0
3254.7,-20.1,-18.1
3254.8,-19.2,-18.1
3254.9,-19.1,-18.2
3255.0,-18.9,-18.3
3255.1,-19.4,-18.4
3255.2,-20.5,-18.5
3255.3,-21.5,-18.7
3255.4,-21.1,-18.7
3255.5,-20.0,-18.7
3255.6,-19.5,-18.8
3255.7,-19.2,-19.0
3255.8,-19.6,-19.1
3255.9,-20.6,-19.2
3256.0,-21.0,-19.2
3256.1,-20.8,-19.3
3256.2,-20.7,-19.4
3256.3,-21.0,-19.6
3256.4,-21.5,-19.9
3256.5,-22.5,-20.1
3256.6,-23.9,-20.3
3256.7,-24.5,-20.4
3256.8,-25.2,-20.6
3256.9,-23.6,-20.6
3257.0,-22.5,-20.7
3257.1,-22.0,-20.8
3257.2,-21.3,-20.9
3257.3,-21.6,-20.9
3257.4,-22.0,-20.9
3257.5,-22.2,-21.0
3257.6,-20.8,-20.9
3257.7,-20.0,-20.8
3257.8,-19.3,-20.9
3257.9,-19.0,-21.0
3258.0,-19.5,-21.0
3258.1,-20.2,-21.0
3258.2,-20.2,-20.9
3258.3,-18.5,-20.5
3258.4,-17.3,-20.3
3258.5,-16.8,-20.3
3258.6,-16.1,-20.0
3258.7,-16.6,-19.9
3258.8,-17.4,-19.9
3258.9,-17.8,-19.8
3259.0,-18.1,-19.6
3259.1,-17.2,-19.4
3259.2,-17.0,-19.2
3259.3,-16.7,-19.1
3259.4,-17.3,-19.0
3259.5,-18.6,-19.0
3259.6,-19.3,-18.9
3259.7,-19.1,-18.7
3259.8,-18.3,-18.5
3259.9,-17.9,-18.5
3260.0,-17.8,-18.4
3260.1,-18.1,-18.3
3260.2,-18.8,-18.3
3260.3,-19.4,-18.3
3260.4,-19.0,-18.2
3260.5,-18.4,-18.0
3260.6,-17.9,-18.0
3260.7,-17.4,-18.0
3260.8,-17.6,-18.0
3260.9,-18.3,-17.9
3261.0,-18.1,-17.8
3261.1,-18.2,-17.8
3261.2,-17.4,-17.7
3261.3,-16.8,-17.7
3261.4,-16.9,-17.8
3261.5,-16.8,-17.8
3261.6,-17.4,-17.9
3261.7,-18.0,-17.9
3261.8,-18.4,-17.9
3261.9,-17.9,-17.8
3262.0,-18.0,-17.9
3262.1,-17.7,-18.0
3262.2,-17.7,-18.0
3262.3,-18.8,-18.1
3262.4,-19.1,-18.1
3262.5,-20.2,-18.1
3262.6,-19.6,-18.1
3262.7,-18.6,-18.0
3262.8,-18.2,-18.1
3262.9,-17.8,-18.1
3263.0,-18.5,-18.1
3263.1,-19.7,-18.2
3263.2,-20.6,-18.3
3263.3,-19.1,-18.1
3263.4,-18.3,-18.1
3263.5,-17.9,-18.2
3263.6,-17.8,-18.2
3263.7,-19.0,-18.3
3263.8,-19.7,-18.3
3263.9,-20.3,-18.4
3264.0,-19.1,-18.4
3264.1,-18.3,-18.3
3264.2,-18.1,-18.4
3264.3,-17.7,-18.5
3264.4,-17.8,-18.5
3264.5,-18.3,-18.5
3264.6,-18.7,-18.6
3264.7,-18.8,-18.7
3264.8,-20.0,-18.7
3264.9,-20.8,-18.9
3265.0,-21.5,-19.0
3265.1,-20.7,-19.0
3265.2,-20.8,-19.1
3265.3,-20.2,-19.1
3265.4,-19.7,-19.1
3265.5,-21.1,-19.1
3265.6,-21.8,-19.3
3265.7,-23.4,-19.5
3265.8,-22.9,-19.6
3265.9,-21.8,-19.6
3266.0,-21.7,-19.7
3266.1,-21.0,-19.7
3266.2,-21.1,-19.6
3266.3,-21.4,-19.9
3266.4,-21.4,-20.1
3266.5,-21.0,-20.1
3266.6,-21.2,-20.2
3266.7,-21.6,-20.2
3266.8,-21.5,-20.3
3266.9,-22.0,-20.3
3267.0,-22.7,-20.6
3267.1,-23.3,-20.9
3267.2,-23.2,-21.0
3267.3,-22.6,-21.1
3267.4,-22.5,-21.4
3267.5,-22.1,-21.6
3267.6,-22.2,-21.6
3267.7,-23.0,-21.7
3267.8,-23.6,-21.9
3267.9,-23.6,-21.9
3268.0,-23.3,-21.8
3268.1,-23.2,-22.1
3268.2,-22.9,-22.2
3268.3,-23.1,-22.3
3268.4,-23.8,-22.4
3268.5,-24.9,-22.5
3268.6,-25.2,-22.5
3268.7,-24.7,-22.4
3268.8,-25.1,-22.7
3268.9,-25.1,-22.9
3269.0,-25.1,-22.9
3269.1,-25.1,-23.0
3269.2,-25.0,-23.2
3269.3,-24.6,-23.3
3269.4,-24.3,-23.3
3269.5,-24.8,-23.5
3269.6,-25.1,-23.7
3269.7,-25.2,-23.8
3269.8,-26.0,-23.9
3269.9,-26.8,-24.1
3270.0,-27.5,-24.3
3270.1,-27.2,-24.3
3270.2,-27.1,-24.4
3270.3,-26.3,-24.6
3270.4,-25.3,-24.7
3270.5,-25.0,-24.7
3270.6,-25.2,-24.9
3270.7,-25.1,-25.0
3270.8,-25.2,-24.9
3270.9,-26.0,-25.1
3271.0,-26.1,-25.3
3271.1,-27.0,-25.5
3271.2,-27.2,-25.6
3271.3,-27.1,-25.7
3271.4,-27.8,-25.8
3271.5,-27.3,-25.8
3271.6,-28.2,-25.9
3271.7,-27.4,-26.0
3271.8,-27.0,-26.1
3271.9,-27.1,-26.0
3272.0,-25.7,-26.0
3272.1,-26.1,-26.2
3272.2,-26.0,-26.2
3272.3,-25.9,-26.3
3272.4,-27.6,-26.5
3272.5,-27.2,-26.5
3272.6,-27.2,-26.5
3272.7,-27.6,-26.6
3272.8,-27.2,-26.7
3272.9,-28.2,-26.7
3273.0,-28.8,-26.6
3273.1,-29.1,-26.8
3273.2,-29.4,-26.9
3273.3,-29.3,-27.0
3273.4,-29.6,-27.2
3273.5,-25.9,-26.9
3273.6,-24.3,-26.7
3273.7,-22.9,-26.4
3273.8,-22.7,-26.5
3273.9,-23.5,-26.4
3274.0,-23.5,-26.1
3274.1,-23.4,-25.8
3274.2,-23.2,-25.8
3274.3,-23.7,-25.8
3274.4,-25.5,-25.9
3274.5,-28.8,-25.9
3274.6,-30.4,-25.9
3274.7,-30.3,-26.0
3274.8,-29.9,-26.1
3274.9,-30.0,-26.2
3275.0,-29.0,-26.3
3275.1,-28.5,-26.3
3275.2,-28.3,-26.3
3275.3,-25.8,-26.1
3275.4,-24.7,-25.9
3275.5,-24.7,-26.0
3275.6,-23.4,-25.7
3275.7,-22.7,-25.4
3275.8,-22.9,-25.2
3275.9,-23.1,-25.2
3276.0,-24.4,-25.3
3276.1,-27.7,-25.3
3276.2,-30.5,-25.3
3276.3,-29.8,-25.3
3276.4,-29.8,-25.3
3276.5,-29.6,-25.6
3276.6,-30.1,-25.8
3276.7,-30.6,-26.2
3276.8,-30.5,-26.2
3276.9,-30.8,-26.4
3277.0,-30.1,-26.7
3277.1,-30.1,-27.2
3277.2,-29.9,-27.3
3277.3,-29.8,-27.3
3277.4,-30.4,-27.3
3277.5,-29.9,-27.2
3277.6,-30.2,-27.3
3277.7,-30.0,-27.3
3277.8,-29.8,-27.3
3277.9,-30.5,-27.3
3278.0,-30.7,-27.4
3278.1,-30.9,-27.5
3278.2,-30.8,-27.5
3278.3,-30.4,-27.8
3278.4,-29.9,-28.2
3278.5,-29.5,-28.2
3278.6,-29.6,-28.8
3278.7,-29.6,-29.7
3278.8,-29.9,-30.2
3278.9,-30.1,-30.1
3279.0,-29.7,-30.0
3279.1,-29.4,-30.0
3279.2,-28.9,-30.0
3279.3,-28.9,-30.0
3279.4,-29.3,-30.0
3279.5,-29.0,-29.9
3279.6,-29.4,-29.9
3279.7,-28.9,-29.7
3279.8,-28.2,-29.6
3279.9,-28.4,-29.6
3280.0,-28.0,-29.5
3280.1,-28.3,-29.5
3280.2,-28.9,-29.5
3280.3,-28.7,-29.4
3280.4,-29.0,-29.4
3280.5,-28.8,-29.3
3280.6,-28.5,-29.3
3280.7,-28.4,-29.2
3280.8,-28.1,-29.1
3280.9,-28.5,-29.1
3281.0,-29.0,-29.1
3281.1,-29.8,-29.1
3281.2,-30.3,-29.1
3281.3,-30.2,-29.0
3281.4,-29.9,-29.1
3281.5,-29.7,-29.1
3281.6,-30.1,-29.1
3281.7,-30.3,-29.1
3281.8,-29.3,-29.0
3281.9,-26.4,-28.5
3282.0,-25.8,-28.5
3282.1,-25.9,-28.5
3282.2,-25.8,-28.4
3282.3,-27.4,-28.3
3282.4,-28.4,-28.3
3282.5,-28.4,-28.4
3282.6,-28.3,-28.3
3282.7,-28.0,-28.2
3282.8,-28.0,-28.3
3282.9,-28.5,-28.4
3283.0,-30.5,-28.6
3283.1,-37.3,-28.7
3283.2,-40.3,-28.8
3283.3,-40.3,-29.0
3283.4,-40.7,-29.1
3283.5,-40.8,-29.3
3283.6,-41.3,-29.4
3283.7,-42.3,-29.7
3283.8,-42.6,-29.8
3283.9,-42.9,-30.0
3284.0,-42.2,-30.1
3284.1,-39.5,-30.2
3284.2,-33.7,-30.1
3284.3,-33.3,-30.3
3284.4,-32.6,-30.4
3284.5,-31.3,-30.4
3284.6,-31.1,-30.3
3284.7,-31.1,-30.4
3284.8,-31.7,-30.7
3284.9,-33.6,-31.7
3285.0,-40.5,-32.2
3285.1,-44.7,-32.4
3285.2,-40.5,-32.9
3285.3,-37.8,-33.5
3285.4,-36.5,-33.6
3285.5,-32.6,-33.4
3285.6,-30.6,-33.6
3285.7,-30.7,-34.6
3285.8,-31.0,-34.8
3285.9,-33.3,-34.8
3286.0,-40.8,-34.8
3286.1,-45.6,-34.9
3286.2,-45.4,-34.9
3286.3,-45.2,-34.9
3286.4,-42.1,-34.9
3286.5,-35.0,-34.5
3286.6,-26.5,-32.1
3286.7,-26.5,-32.1
3286.8,-26.5,-32.1
3286.9,-27.0,-32.1
3287.0,-42.5,-32.1
3287.1,-45.2,-32.2
3287.2,-45.5,-32.5
3287.3,-45.7,-32.6
3287.4,-45.9,-32.7
3287.5,-46.1,-32.9
3287.6,-46.1,-33.3
3287.7,-46.2,-33.4
3287.8,-46.4,-33.4
3287.9,-46.9,-33.4
3288.0,-47.4,-33.4
3288.1,-47.7,-33.4
3288.2,-47.9,-33.5
3288.3,-48.0,-33.6
3288.4,-47.8,-33.7
3288.5,-46.3,-34.2
3288.6,-45.6,-34.8
3288.7,-45.4,-34.9
3288.8,-41.9,-34.8
3288.9,-35.1,-34.4
3289.0,-33.4,-34.2
3289.1,-32.7,-34.1
3289.2,-32.1,-33.9
3289.3,-34.3,-33.9
3289.4,-36.5,-33.9
3289.5,-38.4,-34.3
3289.6,-46.0,-39.5
3289.7,-48.0,-39.7
3289.8,-49.1,-39.7
3289.9,-49.0,-39.7
3290.0,-48.1,-39.7
3290.1,-47.1,-39.7
3290.2,-46.9,-39.8
3290.3,-46.9,-39.8
3290.4,-38.5,-39.1
3290.5,-34.8,-38.3
3290.6,-34.0,-38.1
3290.7,-33.4,-37.9
3290.8,-32.1,-37.0
3290.9,-31.9,-36.4
3291.0,-31.7,-36.2
3291.1,-31.2,-35.8
3291.2,-33.1,-35.8
3291.3,-35.8,-35.8
3291.4,-37.7,-35.8
3291.5,-47.7,-35.8
3291.6,-42.2,-35.7
3291.7,-39.4,-35.6
3291.8,-39.4,-35.7
3291.9,-39.4,-36.3
3292.0,-41.9,-36.7
3292.1,-51.0,-36.9
3292.2,-51.3,-37.2
3292.3,-51.4,-37.3
3292.4,-51.4,-37.3
3292.5,-51.6,-37.3
3292.6,-51.4,-37.3
3292.7,-51.5,-37.3
3292.8,-51.8,-37.3
3292.9,-52.2,-37.3
3293.0,-52.3,-37.3
3293.1,-52.4,-37.3
3293.2,-52.3,-37.4
3293.3,-40.0,-37.1
3293.4,-36.5,-37.1
3293.5,-32.1,-36.5
3293.6,-31.2,-36.4
3293.7,-31.0,-36.2
3293.8,-29.6,-35.9
3293.9,-27.6,-34.3
3294.0,-27.8,-34.4
3294.1,-28.1,-34.6
3294.2,-29.3,-34.6
3294.3,-33.4,-34.0
3294.4,-32.0,-33.7
3294.5,-30.8,-33.4
3294.6,-29.1,-33.0
3294.7,-27.6,-32.2
3294.8,-27.9,-32.0
3294.9,-28.2,-31.9
3295.0,-29.1,-31.8
3295.1,-33.0,-31.7
3295.2,-32.1,-31.5
3295.3,-30.0,-31.1
3295.4,-28.0,-30.6
3295.5,-27.8,-30.5
3295.6,-28.5,-30.5
3295.7,-30.6,-30.5
3295.8,-38.2,-30.5
3295.9,-51.2,-30.5
3296.0,-51.6,-30.5
3296.1,-51.3,-30.5
3296.2,-51.1,-30.5
3296.3,-50.6,-30.6
3296.4,-49.9,-30.6
3296.5,-43.4,-30.9
3296.6,-31.4,-30.5
3296.7,-28.9,-30.2
3296.8,-28.7,-30.5
3296.9,-28.0,-31.0
3297.0,-30.4,-31.0
3297.1,-34.6,-31.1
3297.2,-34.2,-31.0
3297.3,-35.4,-31.1
3297.4,-34.0,-31.2
3297.5,-33.7,-31.4
3297.6,-35.0,-31.7
3297.7,-38.0,-32.5
3297.8,-32.0,-32.0
3297.9,-30.6,-31.9
3298.0,-30.6,-32.1
3298.1,-30.6,-32.1
3298.2,-35.5,-32.4
3298.3,-46.1,-32.9
3298.4,-46.8,-33.8
3298.5,-48.8,-34.0
3298.6,-49.0,-34.0
3298.7,-48.6,-34.0
3298.8,-41.2,-33.9
3298.9,-37.5,-33.8
3299.0,-34.8,-33.6
3299.1,-32.1,-33.2
3299.2,-32.2,-33.2
3299.3,-33.1,-33.2
3299.4,-34.6,-33.2
3299.5,-42.2,-33.2
3299.6,-48.1,-34.1
3299.7,-48.1,-35.0
3299.8,-48.0,-35.2
3299.9,-47.9,-35.7
3300.0,-46.8,-35.7
3300.1,-42.7,-35.6
3300.2,-42.5,-35.8
3300.3,-26.9,-33.0
3300.4,-26.2,-32.7
3300.5,-25.7,-32.4
3300.6,-25.3,-32.1
3300.7,-30.0,-32.1
3300.8,-29.5,-32.2
3300.9,-30.8,-32.4
3301.0,-31.5,-32.3
3301.1,-31.4,-32.3
3301.2,-32.2,-31.9
3301.3,-32.3,-31.9
3301.4,-33.4,-31.9
3301.5,-33.9,-31.9
3301.6,-43.5,-31.9
3301.7,-49.2,-31.9
3301.8,-49.3,-31.9
3301.9,-49.5,-32.0
3302.0,-48.6,-32.2
3302.1,-46.8,-32.5
3302.2,-34.0,-32.1
3302.3,-31.8,-31.9
3302.4,-31.8,-31.9
3302.5,-31.9,-31.9
3302.6,-35.8,-31.9
3302.7,-49.0,-31.9
3302.8,-49.6,-31.9
3302.9,-49.0,-31.9
3303.0,-48.7,-31.9
3303.1,-48.2,-31.9
3303.2,-48.0,-31.9
3303.3,-47.8,-34.2
3303.4,-47.5,-34.8
3303.5,-47.3,-35.5
3303.6,-47.0,-36.0
3303.7,-46.7,-36.1
3303.8,-46.4,-37.4
3303.9,-45.6,-37.5
3304.0,-45.2,-37.9
3304.1,-45.1,-38.1
3304.2,-44.2,-39.7
3304.3,-43.5,-39.8
3304.4,-43.1,-39.7
3304.5,-42.0,-39.6
3304.6,-39.6,-39.3
3304.7,-38.0,-39.0
3304.8,-36.4,-38.7
3304.9,-35.2,-38.3
3305.0,-33.9,-37.7
3305.1,-32.4,-37.0
3305.2,-30.5,-37.0
3305.3,-28.9,-36.3
3305.4,-26.5,-34.2
3305.5,-25.1,-32.8
3305.6,-23.8,-31.4
3305.7,-22.8,-30.3
3305.8,-22.7,-29.6
3305.9,-22.4,-28.9
3306.0,-22.8,-28.5
3306.1,-23.2,-28.1
3306.2,-23.3,-27.7
3306.3,-23.3,-27.2
3306.4,-23.2,-26.9
3306.5,-22.6,-26.4
3306.6,-22.3,-26.0
3306.7,-22.6,-25.8
3306.8,-22.5,-25.5
3306.9,-22.9,-25.3
3307.0,-23.5,-25.1
3307.1,-23.9,-25.0
3307.2,-24.4,-24.8
3307.3,-23.2,-24.4
3307.4,-22.0,-24.1
3307.5,-21.2,-23.8
3307.6,-20.8,-23.6
3307.7,-20.2,-23.1
3307.8,-18.2,-22.3
3307.9,-17.3,-21.8
3308.0,-16.6,-21.4
3308.1,-16.5,-21.1
3308.2,-17.5,-20.9
3308.3,-18.0,-20.7
3308.4,-18.6,-20.6
3308.5,-19.3,-20.5
3308.6,-19.7,-20.4
3308.7,-19.9,-20.3
3308.8,-20.1,-20.3
3308.9,-20.2,-20.3
3309.0,-20.5,-20.2
3309.1,-21.8,-20.2
3309.2,-22.6,-20.2
3309.3,-23.4,-20.3
3309.4,-24.5,-20.3
3309.5,-24.8,-20.4
3309.6,-22.4,-20.2
3309.7,-21.0,-20.1
3309.8,-20.1,-20.1
3309.9,-19.6,-20.0
3310.0,-20.1,-19.9
3310.1,-20.8,-19.9
3310.2,-21.4,-19.8
3310.3,-22.1,-19.9
3310.4,-23.2,-20.0
3310.5,-24.0,-20.1
3310.6,-24.1,-20.1
3310.7,-24.2,-20.3
3310.8,-24.2,-20.7
3310.9,-23.8,-21.0
3311.0,-22.9,-21.2
3311.1,-22.2,-21.4
3311.2,-21.8,-21.6
3311.3,-21.8,-21.8
3311.4,-22.7,-21.9
3311.5,-23.8,-22.0
3311.6,-24.9,-22.2
3311.7,-26.3,-22.5
3311.8,-27.9,-22.7
3311.9,-29.3,-22.9
3312.0,-30.5,-23.1
3312.1,-31.5,-23.2
3312.2,-33.2,-23.3
3312.3,-34.4,-23.4
3312.4,-35.8,-23.5
3312.5,-37.1,-23.6
3312.6,-37.7,-24.1
3312.7,-38.4,-24.6
3312.8,-38.5,-24.9
3312.9,-38.6,-25.3
3313.0,-38.1,-25.8
3313.1,-37.2,-26.2
3313.2,-36.5,-26.4
3313.3,-36.1,-26.7
3313.4,-36.2,-26.9
3313.5,-36.7,-27.2
3313.6,-36.7,-27.5
3313.7,-37.2,-27.8
3313.8,-37.1,-28.1
3313.9,-36.0,-28.5
3314.0,-34.8,-29.4
3314.1,-33.4,-30.4
3314.2,-31.0,-31.1
3314.3,-29.8,-31.8
3314.4,-29.6,-32.5
3314.5,-29.7,-33.1
3314.6,-31.3,-33.5
3314.7,-33.4,-33.8
3314.8,-34.6,-34.1
3314.9,-34.5,-34.2
3315.0,-34.3,-34.2
3315.1,-34.5,-34.3
3315.2,-35.1,-34.3
3315.3,-36.3,-34.4
3315.4,-36.9,-34.3
3315.5,-36.5,-34.3
3315.6,-36.3,-34.2
3315.7,-36.4,-34.2
3315.8,-36.8,-34.2
3315.9,-37.1,-34.2
3316.0,-37.0,-34.2
3316.1,-36.9,-34.2
3316.2,-37.0,-34.3
3316.3,-37.7,-34.3
3316.4,-38.7,-34.3
3316.5,-39.6,-34.4
3316.6,-40.5,-34.5
3316.7,-41.2,-34.5
3316.8,-41.5,-34.5
3316.9,-41.8,-34.7
3317.0,-42.2,-34.9
3317.1,-42.4,-35.2
3317.2,-42.9,-36.0
3317.3,-43.5,-36.8
3317.4,-43.8,-37.4
3317.5,-44.7,-37.8
3317.6,-45.0,-38.0
3317.7,-44.3,-38.2
3317.8,-43.7,-38.5
3317.9,-43.4,-39.0
3318.0,-43.7,-39.4
3318.1,-44.4,-39.6
3318.2,-45.5,-39.8
3318.3,-46.8,-40.1
3318.4,-48.0,-40.4
3318.5,-48.9,-41.0
3318.6,-49.3,-41.3
3318.7,-49.5,-41.6
3318.8,-50.2,-42.0
3318.9,-51.2,-42.5
3319.0,-52.1,-43.2
3319.1,-49.2,-43.6
3319.2,-47.3,-44.0
3319.3,-43.1,-44.0
3319.4,-39.9,-43.6
3319.5,-37.6,-42.9
3319.6,-36.0,-42.1
3319.7,-35.0,-41.5
3319.8,-35.5,-41.4
3319.9,-36.8,-41.5
3320.0,-38.9,-41.5
3320.1,-43.9,-41.6
3320.2,-46.2,-41.7
3320.3,-47.3,-41.7
3320.4,-47.2,-41.7
3320.5,-41.6,-41.3
3320.6,-41.0,-41.3
3320.7,-38.8,-41.0
3320.8,-38.0,-40.8
3320.9,-39.4,-40.8
3321.0,-39.7,-40.8
3321.1,-41.6,-40.7
3321.2,-42.7,-40.7
3321.3,-42.6,-40.6
3321.4,-42.5,-40.5
3321.5,-42.1,-40.4
3321.6,-40.5,-40.2
3321.7,-40.7,-40.1
3321.8,-40.0,-40.0
3321.9,-39.9,-39.9
3322.0,-41.8,-39.8
3322.1,-41.1,-39.7
3322.2,-42.0,-39.7
3322.3,-42.1,-39.8
3322.4,-40.8,-39.9
3322.5,-39.7,-40.1
3322.6,-39.5,-40.5
3322.7,-40.3,-41.2
3322.8,-41.7,-41.4
3322.9,-46.1,-41.4
3323.0,-51.5,-41.4
3323.1,-51.4,-41.5
3323.2,-52.7,-41.5
3323.3,-55.1,-41.5
3323.4,-55.1,-41.6
3323.5,-47.6,-41.9
3323.6,-38.1,-40.9
3323.7,-37.4,-41.1
3323.8,-37.2,-41.3
3323.9,-37.5,-41.4
3324.0,-43.6,-41.4
3324.1,-45.8,-41.5
3324.2,-45.4,-41.5
3324.3,-40.3,-41.1
3324.4,-39.7,-41.0
3324.5,-40.1,-41.2
3324.6,-40.6,-41.5
3324.7,-43.3,-41.4
3324.8,-41.1,-41.2
3324.9,-39.3,-41.0
3325.0,-38.8,-41.0
3325.1,-39.5,-41.1
3325.2,-41.6,-41.2
3325.3,-44.3,-41.2
3325.4,-36.1,-40.0
3325.5,-35.7,-40.1
3325.6,-35.8,-40.1
3325.7,-35.7,-40.1
3325.8,-43.5,-40.1
3325.9,-47.5,-40.1
3326.0,-48.3,-40.1
3326.1,-54.6,-40.1
3326.2,-56.0,-40.1
3326.3,-56.3,-40.1
3326.4,-56.2,-40.1
3326.5,-56.2,-40.2
3326.6,-56.1,-41.1
3326.7,-41.1,-40.8
3326.8,-38.4,-40.4
3326.9,-35.2,-39.5
3327.0,-30.1,-36.9
3327.1,-28.9,-36.0
3327.2,-29.0,-35.9
3327.3,-29.5,-36.0
3327.4,-33.4,-36.0
3327.5,-37.5,-35.8
3327.6,-37.8,-35.8
3327.7,-37.5,-35.7
3327.8,-37.4,-35.8
3327.9,-38.2,-35.8
3328.0,-37.2,-35.6
3328.1,-38.5,-35.6
3328.2,-38.8,-35.7
3328.3,-40.3,-35.6
3328.4,-43.8,-36.1
3328.5,-42.2,-36.1
3328.6,-40.0,-36.0
3328.7,-39.7,-36.0
3328.8,-39.8,-36.0
3328.9,-40.5,-35.9
3329.0,-42.9,-35.9
3329.1,-46.0,-35.9
3329.2,-45.3,-35.9
3329.3,-41.4,-35.8
3329.4,-36.5,-35.5
3329.5,-35.2,-35.3
3329.6,-34.5,-35.2
3329.7,-33.5,-35.0
3329.8,-34.3,-35.0
3329.9,-34.4,-35.2
3330.0,-35.2,-36.7
3330.1,-37.0,-37.7
3330.2,-38.5,-37.8
3330.3,-40.7,-37.9
3330.4,-40.5,-37.8
3330.5,-42.9,-38.2
3330.6,-44.1,-38.3
3330.7,-42.8,-38.3
3330.8,-42.6,-38.3
3330.9,-41.3,-38.5
3331.0,-41.5,-38.8
3331.1,-43.4,-38.7
3331.2,-43.7,-38.7
3331.3,-46.2,-38.8
3331.4,-46.6,-38.8
3331.5,-49.5,-38.9
3331.6,-54.3,-39.1
3331.7,-56.2,-39.2
3331.8,-56.4,-39.3
3331.9,-55.9,-39.3
3332.0,-55.7,-39.4
3332.1,-55.4,-39.4
3332.2,-54.9,-39.5
3332.3,-55.1,-39.7
3332.4,-54.8,-40.6
3332.5,-54.9,-41.2
3332.6,-55.2,-41.7
3332.7,-55.1,-43.2
3332.8,-55.0,-44.3
3332.9,-54.8,-45.6
3333.0,-54.9,-45.7
3333.1,-55.3,-46.7
3333.2,-56.0,-47.2
3333.3,-56.6,-47.9
3333.4,-56.2,-48.1
3333.5,-56.3,-48.2
3333.6,-55.7,-48.4
3333.7,-55.1,-50.1
3333.8,-54.9,-50.8
3333.9,-53.9,-52.4
3334.0,-53.3,-52.5
3334.1,-53.5,-53.8
3334.2,-53.4,-54.8
3334.3,-53.5,-55.0
3334.4,-52.8,-54.7
3334.5,-51.7,-54.4
3334.6,-51.4,-54.2
3334.7,-51.4,-54.2
3334.8,-51.6,-54.0
3334.9,-52.0,-53.8
3335.0,-50.6,-53.4
3335.1,-49.6,-53.1
3335.2,-48.9,-52.8
3335.3,-42.7,-49.6
3335.4,-42.6,-49.4
3335.5,-41.7,-48.7
3335.6,-41.2,-48.3
3335.7,-43.2,-47.7
3335.8,-41.9,-47.1
3335.9,-42.1,-46.7
3336.0,-42.1,-46.4
3336.1,-42.8,-46.3
3336.2,-42.9,-45.8
3336.3,-43.8,-45.8
3336.4,-44.4,-45.6
3336.5,-43.9,-45.4
3336.6,-45.9,-45.4
3336.7,-45.2,-45.2
3336.8,-45.4,-45.1
3336.9,-46.0,-45.0
3337.0,-44.7,-44.8
3337.1,-44.9,-44.7
3337.2,-44.2,-44.5
3337.3,-44.2,-44.4
3337.4,-43.2,-44.1
3337.5,-43.3,-44.1
3337.6,-43.5,-44.0
3337.7,-43.3,-43.8
3337.8,-42.8,-43.5
3337.9,-42.4,-43.4
3338.0,-42.1,-43.3
3338.1,-42.1,-43.2
3338.2,-43.0,-43.0
3338.3,-43.6,-43.5
3338.4,-43.5,-43.4
3338.5,-42.2,-43.3
3338.6,-41.7,-43.1
3338.7,-41.2,-43.1
3338.8,-41.6,-43.3
3338.9,-43.0,-43.4
3339.0,-44.8,-43.5
3339.1,-38.6,-42.2
3339.2,-38.4,-42.3
3339.3,-38.5,-42.3
3339.4,-38.6,-42.3
3339.5,-46.5,-42.4
3339.6,-49.6,-42.4
3339.7,-50.4,-42.5
3339.8,-52.9,-42.6
3339.9,-53.1,-42.6
3340.0,-53.0,-42.8
3340.1,-51.7,-42.8
3340.2,-41.8,-42.3
3340.3,-39.6,-41.9
3340.4,-39.6,-42.1
3340.5,-39.6,-42.2
3340.6,-42.8,-42.2
3340.7,-50.2,-42.3
3340.8,-51.5,-42.6
3340.9,-52.4,-42.7
3341.0,-53.9,-42.8
3341.1,-50.1,-42.8
3341.2,-39.0,-41.8
3341.3,-38.1,-41.6
3341.4,-38.1,-41.7
3341.5,-36.5,-41.3
3341.6,-39.4,-41.4
3341.7,-37.9,-41.0
3341.8,-37.2,-40.8
3341.9,-37.9,-40.5
3342.0,-37.1,-40.3
3342.1,-38.3,-40.9
3342.2,-38.3,-40.8
3342.3,-37.7,-40.3
3342.4,-37.6,-40.1
3342.5,-38.1,-40.0
3342.6,-37.3,-39.7
3342.7,-38.8,-39.6
3342.8,-39.0,-39.4
3342.9,-38.2,-39.3
3343.0,-40.5,-39.3
3343.1,-40.4,-39.2
3343.2,-40.5,-39.3
3343.3,-41.4,-39.4
3343.4,-39.6,-39.3
3343.5,-39.8,-39.2
3343.6,-40.6,-39.1
3343.7,-39.9,-39.0
3343.8,-41.8,-39.0
3343.9,-42.6,-39.0
3344.0,-43.6,-39.0
3344.1,-47.8,-39.0
3344.2,-48.3,-39.5
3344.3,-49.2,-39.7
3344.4,-51.2,-39.7
3344.5,-54.0,-40.1
3344.6,-55.2,-40.2
3344.7,-55.4,-40.6
3344.8,-55.0,-40.8
3344.9,-54.4,-41.2
3345.0,-54.0,-41.5
3345.1,-54.1,-41.7
3345.2,-54.7,-42.0
3345.3,-51.8,-42.7
3345.4,-47.5,-43.0
3345.5,-47.1,-43.1
3345.6,-47.1,-43.9
3345.7,-48.1,-44.1
3345.8,-54.4,-44.7
3345.9,-56.8,-45.3
3346.0,-56.8,-45.3
3346.1,-56.4,-45.7
3346.2,-56.4,-46.5
3346.3,-56.1,-47.0
3346.4,-48.4,-47.8
3346.5,-46.6,-48.0
3346.6,-46.4,-48.6
3346.7,-45.3,-49.8
3346.8,-35.1,-43.1
3346.9,-32.4,-40.7
3347.0,-32.3,-40.6
3347.1,-32.3,-40.6
3347.2,-35.3,-40.6
3347.3,-41.5,-40.3
3347.4,-41.0,-40.2
3347.5,-40.8,-40.1
3347.6,-40.3,-40.1
3347.7,-44.0,-40.1
3347.8,-45.7,-40.0
3347.9,-43.2,-39.9
3348.0,-44.0,-39.9
3348.1,-44.1,-39.9
3348.2,-44.4,-39.8
3348.3,-46.2,-39.8
3348.4,-46.8,-39.8
3348.5,-46.8,-39.8
3348.6,-48.3,-39.9
3348.7,-57.0,-39.9
3348.8,-58.3,-39.9
3348.9,-57.4,-39.9
3349.0,-57.3,-39.9
3349.1,-57.0,-39.9
3349.2,-57.2,-39.9
3349.3,-57.6,-39.9
3349.4,-57.2,-39.9
3349.5,-57.2,-40.0
3349.6,-57.5,-40.0
3349.7,-58.1,-40.0
3349.8,-58.8,-42.2
3349.9,-58.8,-46.3
3350.0,-58.6,-46.6
3350.1,-58.4,-46.7
3350.2,-57.8,-46.7
3350.3,-52.0,-48.3
3350.4,-48.8,-48.9
3350.5,-44.9,-48.3
3350.6,-40.5,-46.8
3350.7,-39.9,-46.3
3350.8,-39.1,-45.9
3350.9,-39.6,-46.3
3351.0,-40.0,-45.4
3351.1,-39.5,-44.8
3351.2,-39.7,-44.6
3351.3,-39.8,-44.7
3351.4,-42.3,-44.7
3351.5,-44.8,-44.6
3351.6,-47.0,-44.5
3351.7,-45.6,-44.3
3351.8,-44.5,-44.1
3351.9,-44.7,-44.1
3352.0,-45.3,-44.1
3352.1,-47.5,-44.0
3352.2,-50.6,-44.0
3352.3,-50.1,-44.0
3352.4,-40.4,-42.9
3352.5,-40.4,-42.9
3352.6,-40.4,-42.9
3352.7,-40.6,-42.9
3352.8,-57.2,-42.9
3352.9,-57.9,-42.9
3353.0,-48.5,-42.8
3353.1,-42.7,-42.3
3353.2,-42.0,-42.3
3353.3,-41.9,-42.3
3353.4,-42.9,-42.4
3353.5,-49.2,-42.5
3353.6,-46.5,-43.0
3353.7,-41.5,-42.6
3353.8,-39.6,-42.5
3353.9,-38.7,-42.3
3354.0,-39.1,-42.7
3354.1,-39.1,-42.5
3354.2,-40.2,-42.6
3354.3,-41.1,-42.6
3354.4,-40.8,-42.5
3354.5,-44.0,-42.4
3354.6,-40.6,-41.9
3354.7,-39.1,-41.7
3354.8,-39.3,-41.7
3354.9,-39.3,-41.6
3355.0,-41.9,-41.6
3355.1,-44.9,-41.5
3355.2,-44.1,-41.4
3355.3,-42.6,-41.3
3355.4,-42.9,-42.0
3355.5,-43.4,-41.9
3355.6,-43.0,-41.8
3355.7,-44.5,-41.7
3355.8,-42.9,-41.6
3355.9,-42.2,-41.4
3356.0,-43.2,-41.5
3356.1,-43.5,-41.8
3356.2,-44.2,-41.8
3356.3,-42.2,-41.5
3356.4,-41.7,-41.4
3356.5,-40.7,-41.2
3356.6,-40.5,-41.2
3356.7,-42.6,-41.6
3356.8,-42.6,-41.8
3356.9,-44.0,-42.0
3357.0,-44.0,-41.9
3357.1,-37.7,-41.2
3357.2,-36.2,-40.7
3357.3,-35.8,-40.5
3357.4,-35.6,-40.5
3357.5,-38.4,-40.5
3357.6,-40.8,-40.7
3357.7,-39.8,-40.6
3357.8,-39.9,-40.6
3357.9,-38.3,-40.3
3358.0,-38.6,-40.3
3358.1,-40.4,-40.3
3358.2,-39.9,-40.2
3358.3,-38.8,-39.8
3358.4,-37.6,-39.6
3358.5,-37.0,-39.4
3358.6,-37.1,-39.4
3358.7,-38.1,-39.2
3358.8,-39.0,-39.2
3358.9,-40.1,-39.2
3359.0,-41.4,-39.2
3359.1,-39.6,-38.9
3359.2,-38.4,-38.7
3359.3,-34.7,-38.0
3359.4,-31.6,-36.9
3359.5,-31.0,-36.5
3359.6,-31.3,-36.5
3359.7,-32.3,-36.4
3359.8,-33.7,-36.0
3359.9,-31.8,-35.2
3360.0,-30.2,-34.6
3360.1,-30.3,-34.8
3360.2,-31.1,-34.9
3360.3,-33.9,-34.9
3360.4,-38.7,-34.9
3360.5,-39.0,-34.8
3360.6,-38.3,-34.8
3360.7,-38.8,-34.8
3360.8,-40.6,-34.9
3360.9,-41.2,-35.0
3361.0,-45.9,-35.0
3361.1,-59.1,-35.0
3361.2,-59.5,-35.1
3361.3,-53.8,-35.2
3361.4,-46.1,-35.3
3361.5,-40.0,-35.2
3361.6,-39.9,-35.2
3361.7,-40.0,-35.3
3361.8,-41.0,-35.4
3361.9,-54.5,-35.4
3362.0,-56.6,-35.4
3362.1,-56.2,-35.5
3362.2,-50.0,-35.6
3362.3,-45.4,-36.1
3362.4,-40.6,-36.8
3362.5,-39.4,-37.2
3362.6,-38.0,-37.1
3362.7,-35.4,-36.8
3362.8,-34.1,-36.9
3362.9,-32.5,-37.6
3363.0,-32.9,-38.7
3363.1,-33.7,-38.6
3363.2,-35.1,-38.5
3363.3,-38.8,-38.6
3363.4,-38.1,-38.6
3363.5,-38.6,-38.5
3363.6,-40.3,-38.7
3363.7,-41.3,-38.8
3363.8,-43.7,-38.8
3363.9,-57.7,-38.8
3364.0,-58.5,-38.8
3364.1,-46.5,-38.7
3364.2,-39.1,-38.3
3364.3,-35.9,-37.8
3364.4,-35.5,-37.8
3364.5,-35.8,-38.1
3364.6,-37.9,-38.1
3364.7,-45.3,-38.1
3364.8,-51.5,-38.1
3364.9,-55.3,-38.1
3365.0,-58.3,-38.1
3365.1,-58.5,-38.1
3365.2,-59.0,-38.1
3365.3,-59.5,-38.2
3365.4,-58.9,-38.4
3365.5,-56.5,-38.5
3365.6,-56.1,-38.7
3365.7,-56.0,-39.4
3365.8,-55.9,-40.3
3365.9,-57.4,-41.8
3366.0,-57.3,-41.8
3366.1,-56.9,-42.4
3366.2,-56.2,-42.9
3366.3,-56.5,-43.1
3366.4,-56.8,-43.5
3366.5,-57.0,-44.0
3366.6,-57.3,-44.0
3366.7,-56.2,-44.0
3366.8,-54.5,-44.0
3366.9,-54.3,-44.0
3367.0,-54.6,-44.0
3367.1,-55.3,-44.3
3367.2,-57.2,-46.3
3367.3,-57.8,-52.4
3367.4,-56.3,-55.4
3367.5,-56.0,-56.3
3367.6,-54.6,-56.4
3367.7,-50.9,-55.3
3367.8,-48.8,-54.3
3367.9,-46.3,-52.9
3368.0,-45.5,-52.3
3368.1,-45.1,-51.6
3368.2,-45.2,-51.2
3368.3,-46.2,-50.9
3368.4,-46.6,-50.6
3368.5,-47.1,-50.4
3368.6,-46.0,-49.8
3368.7,-45.2,-49.2
3368.8,-43.9,-48.6
3368.9,-42.7,-47.9
3369.0,-42.2,-47.4
3369.1,-41.9,-46.9
3369.2,-42.1,-46.6
3369.3,-42.5,-46.3
3369.4,-42.3,-45.9
3369.5,-42.0,-45.5
3369.6,-41.3,-45.0
3369.7,-40.0,-44.4
3369.8,-39.4,-43.9
3369.9,-37.9,-43.1
3370.0,-36.8,-42.3
3370.1,-36.6,-41.9
3370.2,-36.9,-41.7
3370.3,-37.9,-41.5
3370.4,-39.2,-41.3
3370.5,-40.2,-41.1
3370.6,-39.4,-40.8
3370.7,-38.5,-40.5
3370.8,-37.6,-40.2
3370.9,-37.4,-40.1
3371.0,-37.5,-39.9
3371.1,-37.5,-39.7
3371.2,-37.7,-39.4
3371.3,-37.2,-39.2
3371.4,-36.2,-38.8
3371.5,-36.0,-38.6
3371.6,-36.2,-38.5
3371.7,-36.3,-38.3
3371.8,-36.9,-38.1
3371.9,-36.8,-38.0
3372.0,-36.3,-37.8
3372.1,-35.8,-37.6
3372.2,-35.2,-37.3
3372.3,-34.7,-37.1
3372.4,-34.4,-36.8
3372.5,-34.3,-36.7
3372.6,-34.4,-36.5
3372.7,-34.4,-36.3
3372.8,-34.2,-36.2
3372.9,-33.4,-35.9
3373.0,-32.9,-35.8
3373.1,-33.0,-35.7
3373.2,-33.1,-35.5
3373.3,-33.7,-35.4
3373.4,-34.0,-35.2
3373.5,-33.8,-35.1
3373.6,-32.5,-34.7
3373.7,-31.2,-34.3
3373.8,-30.3,-34.0
3373.9,-29.1,-33.5
3374.0,-28.2,-32.9
3374.1,-27.4,-32.3
3374.2,-26.5,-31.7
3374.3,-26.3,-31.3
3374.4,-26.6,-31.1
3374.5,-27.2,-30.9
3374.6,-27.2,-30.5
3374.7,-26.1,-29.8
3374.8,-24.5,-29.1
3374.9,-23.4,-28.5
3375.0,-22.3,-27.8
3375.1,-21.9,-27.3
3375.2,-21.9,-26.9
3375.3,-22.3,-26.7
3375.4,-22.4,-26.3
3375.5,-22.5,-25.9
3375.6,-22.2,-25.5
3375.7,-21.5,-25.2
3375.8,-21.4,-24.9
3375.9,-21.7,-24.7
3376.0,-20.4,-24.0
3376.1,-19.9,-23.7
3376.2,-18.6,-23.0
3376.3,-16.9,-22.1
3376.4,-16.0,-21.4
3376.5,-14.8,-20.6
3376.6,-14.6,-20.2
3376.7,-15.1,-20.0
3376.8,-16.1,-19.8
3376.9,-17.0,-19.5
3377.0,-16.6,-19.1
3377.1,-15.8,-18.7
3377.2,-15.7,-18.7
3377.3,-16.4,-18.6
3377.4,-17.7,-18.4
3377.5,-18.5,-18.2
3377.6,-18.6,-18.2
3377.7,-18.5,-18.1
3377.8,-18.9,-18.1
3377.9,-20.4,-18.1
3378.0,-20.7,-18.1
3378.1,-20.3,-18.0
3378.2,-19.5,-17.9
3378.3,-18.9,-17.8
3378.4,-18.7,-17.8
3378.5,-19.0,-17.8
3378.6,-19.9,-17.8
3378.7,-20.5,-17.8
3378.8,-21.1,-17.8
3378.9,-21.8,-17.8
3379.0,-22.2,-17.9
3379.1,-21.7,-17.9
3379.2,-21.1,-18.0
3379.3,-20.2,-18.2
3379.4,-19.5,-18.4
3379.5,-19.8,-18.8
3379.6,-20.3,-19.0
3379.7,-20.8,-19.1
3379.8,-21.4,-19.1
3379.9,-21.7,-19.4
3380.0,-21.9,-19.8
3380.1,-22.5,-20.2
3380.2,-23.4,-20.4
3380.3,-24.3,-20.5
3380.4,-25.3,-20.7
3380.5,-26.2,-21.0
3380.6,-26.3,-21.1
3380.7,-26.6,-21.3
3380.8,-27.3,-21.5
3380.9,-28.4,-21.6
3381.0,-29.4,-21.7
3381.1,-27.9,-21.9
3381.2,-27.5,-22.3
3381.3,-27.5,-22.6
3381.4,-27.9,-22.9
3381.5,-28.0,-23.1
3381.6,-26.6,-23.2
3381.7,-26.5,-23.4
3381.8,-26.9,-23.6
3381.9,-28.7,-23.8
3382.0,-32.9,-23.9
3382.1,-35.5,-24.3
3382.2,-35.6,-24.7
3382.3,-35.5,-25.3
3382.4,-35.0,-25.9
3382.5,-34.8,-26.3
3382.6,-34.8,-26.6
3382.7,-34.8,-27.2
3382.8,-34.7,-27.8
3382.9,-33.5,-28.2
3383.0,-33.6,-28.7
3383.1,-33.4,-29.2
3383.2,-34.5,-29.5
3383.3,-37.6,-29.8
3383.4,-36.5,-30.0
3383.5,-37.5,-30.4
3383.6,-37.0,-30.9
3383.7,-37.1,-31.1
3383.8,-39.8,-31.2
3383.9,-40.9,-31.4
3384.0,-42.0,-31.7
3384.1,-41.5,-32.4
3384.2,-40.8,-32.7
3384.3,-40.6,-33.0
3384.4,-37.9,-33.2
3384.5,-35.6,-34.0
3384.6,-35.3,-35.4
3384.7,-35.0,-36.1
3384.8,-36.1,-36.2
3384.9,-37.3,-36.1
3385.0,-37.7,-36.2
3385.1,-38.1,-36.4
3385.2,-37.7,-36.4
3385.3,-39.3,-36.5
3385.4,-39.3,-36.7
3385.5,-37.8,-36.8
3385.6,-37.2,-36.8
3385.7,-37.6,-36.9
3385.8,-37.8,-37.2
3385.9,-38.4,-37.7
3386.0,-39.0,-37.8
3386.1,-37.1,-37.8
3386.2,-36.2,-37.6
3386.3,-36.3,-37.5
3386.4,-36.9,-37.9
3386.5,-36.3,-37.6
3386.6,-37.4,-37.7
3386.7,-37.8,-37.6
3386.8,-36.5,-37.5
3386.9,-39.2,-37.5
3387.0,-38.4,-37.4
3387.1,-38.0,-37.3
3387.2,-39.5,-37.4
3387.3,-39.4,-37.4
3387.4,-38.1,-37.4
3387.5,-38.4,-37.8
3387.6,-37.7,-37.8
3387.7,-37.8,-37.9
3387.8,-39.4,-37.8
3387.9,-39.2,-38.0
3388.0,-40.4,-38.1
3388.1,-40.6,-38.1
3388.2,-41.9,-38.2
3388.3,-45.6,-38.3
3388.4,-46.5,-38.4
3388.5,-46.7,-38.7
3388.6,-46.8,-38.9
3388.7,-44.9,-38.9
3388.8,-40.1,-38.7
3388.9,-38.1,-38.7
3389.0,-36.0,-38.4
3389.1,-35.0,-38.4
3389.2,-30.9,-36.8
3389.3,-30.7,-36.6
3389.4,-31.1,-36.6
3389.5,-31.4,-36.8
3389.6,-38.0,-36.8
3389.7,-41.9,-36.9
3389.8,-42.8,-37.0
3389.9,-43.7,-37.0
3390.0,-36.7,-36.6
3390.1,-32.1,-35.8
3390.2,-31.9,-35.7
3390.3,-31.8,-35.7
3390.4,-31.9,-35.5
3390.5,-33.8,-35.2
3390.6,-34.0,-35.2
3390.7,-34.1,-35.2
3390.8,-36.1,-35.2
3390.9,-40.0,-35.3
3391.0,-40.5,-35.2
3391.1,-40.6,-35.2
3391.2,-41.1,-35.2
3391.3,-41.8,-35.2
3391.4,-40.9,-35.1
3391.5,-41.3,-35.1
3391.6,-41.4,-35.1
3391.7,-41.7,-35.1
3391.8,-44.5,-35.2
3391.9,-43.9,-35.3
3392.0,-37.6,-35.3
3392.1,-35.9,-35.2
3392.2,-34.1,-36.2
3392.3,-32.3,-35.9
3392.4,-33.3,-35.9
3392.5,-33.1,-35.7
3392.6,-33.8,-35.6
3392.7,-34.3,-35.3
3392.8,-33.2,-35.0
3392.9,-34.2,-35.0
3393.0,-33.9,-35.2
3393.1,-35.2,-35.9
3393.2,-37.0,-36.0
3393.3,-37.2,-36.0
3393.4,-39.2,-36.3
3393.5,-41.9,-36.8
3393.6,-43.4,-36.9
3393.7,-45.0,-36.9
3393.8,-46.0,-36.9
3393.9,-45.8,-37.0
3394.0,-45.8,-37.0
3394.1,-45.2,-37.1
3394.2,-44.7,-37.1
3394.3,-43.7,-37.1
3394.4,-41.3,-37.1
3394.5,-41.3,-37.1
3394.6,-39.2,-36.9
3394.7,-39.2,-36.9
3394.8,-40.5,-36.9
3394.9,-40.4,-36.9
3395.0,-43.6,-37.3
3395.1,-44.3,-37.6
3395.2,-42.5,-38.0
3395.3,-42.0,-38.7
3395.4,-41.6,-38.8
3395.5,-40.7,-39.2
3395.6,-41.4,-39.4
3395.7,-40.4,-40.2
3395.8,-38.0,-40.4
3395.9,-37.9,-40.4
3396.0,-38.1,-40.9
3396.1,-39.1,-41.4
3396.2,-43.2,-41.5
3396.3,-46.3,-41.6
3396.4,-46.2,-41.7
3396.5,-44.1,-41.6
3396.6,-41.2,-41.3
3396.7,-39.8,-41.0
3396.8,-37.2,-40.5
3396.9,-36.4,-40.2
3397.0,-35.6,-39.7
3397.1,-35.0,-39.3
3397.2,-36.1,-39.3
3397.3,-37.1,-39.3
3397.4,-39.5,-39.5
3397.5,-43.7,-39.5
3397.6,-43.8,-39.7
3397.7,-43.9,-39.7
3397.8,-43.9,-39.7
3397.9,-43.9,-39.8
3398.0,-45.2,-39.8
3398.1,-45.2,-39.8
3398.2,-45.1,-39.9
3398.3,-45.2,-39.9
3398.4,-45.4,-40.0
3398.5,-46.1,-40.1
3398.6,-46.6,-40.2
3398.7,-46.9,-40.4
3398.8,-47.3,-40.9
3398.9,-47.1,-41.1
3399.0,-47.5,-41.1
3399.1,-44.4,-41.0
3399.2,-43.5,-40.9
3399.3,-43.6,-40.9
3399.4,-43.6,-40.9
3399.5,-46.1,-41.1
3399.6,-47.9,-41.4
3399.7,-47.8,-41.6
3399.8,-47.7,-42.4
3399.9,-47.9,-43.0
3400.0,-46.9,-44.0
3400.1,-44.9,-45.0
3400.2,-43.9,-45.1
3400.3,-39.1,-43.9
3400.4,-38.9,-43.8
3400.5,-39.2,-43.8
3400.6,-39.6,-44.0
3400.7,-45.1,-44.0
3400.8,-46.3,-44.1
3400.9,-45.2,-44.0
3401.0,-43.7,-43.8
3401.1,-43.8,-43.9
3401.2,-43.7,-43.9
3401.3,-44.6,-43.9
3401.4,-46.0,-43.9
3401.5,-45.8,-43.8
3401.6,-45.0,-43.8
3401.7,-42.4,-43.4
3401.8,-39.8,-42.8
3401.9,-39.8,-42.8
3402.0,-39.0,-42.5
3402.1,-39.8,-42.6
3402.2,-42.5,-42.7
3402.3,-42.6,-42.7
3402.4,-46.0,-42.7
3402.5,-47.4,-42.7
3402.6,-45.9,-42.6
3402.7,-42.0,-42.2
3402.8,-41.7,-42.2
3402.9,-41.6,-42.1
3403.0,-42.1,-42.2
3403.1,-46.0,-42.3
3403.2,-46.9,-42.4
3403.3,-47.0,-43.2
3403.4,-47.0,-43.3
3403.5,-46.6,-43.3
3403.6,-46.5,-43.3
3403.7,-46.7,-43.4
3403.8,-46.9,-43.4
3403.9,-47.5,-43.5
3404.0,-47.6,-43.6
3404.1,-47.5,-43.7
3404.2,-47.2,-43.7
3404.3,-46.8,-43.7
3404.4,-47.0,-43.7
3404.5,-46.8,-43.7
3404.6,-46.9,-43.8
3404.7,-47.1,-44.2
3404.8,-47.1,-45.1
3404.9,-46.9,-45.1
3405.0,-46.4,-45.6
3405.1,-45.7,-45.6
3405.2,-45.2,-45.6
3405.3,-44.8,-45.5
3405.4,-44.9,-45.4
3405.5,-45.1,-45.4
3405.6,-45.1,-45.5
3405.7,-45.6,-46.3
3405.8,-45.5,-46.3
3405.9,-45.3,-46.2
3406.0,-39.1,-44.4
3406.1,-36.9,-43.2
3406.2,-36.8,-43.2
3406.3,-36.8,-43.1
3406.4,-39.1,-43.0
3406.5,-43.5,-43.0
3406.6,-42.0,-42.7
3406.7,-41.5,-42.5
3406.8,-42.1,-42.5
3406.9,-41.7,-42.4
3407.0,-43.8,-42.4
3407.1,-45.6,-42.4
3407.2,-45.6,-42.4
3407.3,-47.0,-42.4
3407.4,-47.1,-42.4
3407.5,-47.0,-42.4
3407.6,-46.7,-42.4
3407.7,-47.0,-42.4
3407.8,-47.0,-42.4
3407.9,-46.9,-42.4
3408.0,-47.1,-42.5
3408.1,-47.1,-42.5
3408.2,-47.4,-42.6
3408.3,-47.6,-42.6
3408.4,-47.7,-42.6
3408.5,-48.0,-42.7
3408.6,-47.4,-42.7
3408.7,-47.4,-42.7
3408.8,-47.0,-42.7
3408.9,-46.6,-42.8
3409.0,-47.0,-44.0
3409.1,-47.1,-45.4
3409.2,-47.4,-45.5
3409.3,-47.7,-45.7
3409.4,-47.7,-45.9
3409.5,-47.8,-46.0
3409.6,-47.9,-46.6
3409.7,-47.3,-47.0
3409.8,-46.9,-46.9
3409.9,-46.3,-47.1
3410.0,-46.0,-47.1
3410.1,-46.4,-47.1
3410.2,-46.9,-47.2
3410.3,-47.6,-47.2
3410.4,-47.2,-47.1
3410.5,-42.1,-46.0
3410.6,-37.6,-44.0
3410.7,-36.2,-43.1
3410.8,-33.2,-40.9
3410.9,-32.8,-40.3
3411.0,-33.8,-40.3
3411.1,-34.5,-40.3
3411.2,-39.4,-40.3
3411.3,-46.3,-40.3
3411.4,-46.0,-40.3
3411.5,-45.6,-40.2
3411.6,-45.2,-40.2
3411.7,-45.2,-40.2
3411.8,-45.5,-40.2
3411.9,-46.3,-40.2
3412.0,-47.0,-40.2
3412.1,-47.2,-40.2
3412.2,-47.0,-40.2
3412.3,-46.6,-40.2
3412.4,-46.3,-40.2
3412.5,-46.3,-40.2
3412.6,-46.2,-40.2
3412.7,-46.1,-40.2
3412.8,-45.7,-40.1
3412.9,-45.1,-40.1
3413.0,-45.0,-40.1
3413.1,-45.2,-40.1
3413.2,-45.7,-40.1
3413.3,-46.4,-40.1
3413.4,-46.6,-40.1
3413.5,-46.1,-40.3
3413.6,-45.5,-41.1
3413.7,-44.7,-41.6
3413.8,-44.4,-44.1
3413.9,-44.9,-45.8
3414.0,-45.2,-45.8
3414.1,-45.6,-45.8
3414.2,-45.9,-45.7
3414.3,-45.4,-45.7
3414.4,-45.4,-45.7
3414.5,-45.0,-45.7
3414.6,-44.7,-45.7
3414.7,-44.7,-45.6
3414.8,-44.6,-45.6
3414.9,-45.0,-45.5
3415.0,-45.4,-45.5
3415.1,-45.2,-45.4
3415.2,-44.8,-45.3
3415.3,-44.5,-45.2
3415.4,-44.1,-45.2
3415.5,-44.5,-45.1
3415.6,-44.9,-45.1
3415.7,-45.1,-45.1
3415.8,-45.2,-45.1
3415.9,-45.2,-45.2
3416.0,-45.0,-45.1
3416.1,-45.3,-45.1
3416.2,-45.7,-45.1
3416.3,-45.8,-45.1
3416.4,-46.0,-45.1
3416.5,-45.8,-45.1
3416.6,-45.6,-45.1
3416.7,-45.6,-45.2
3416.8,-45.6,-45.2
3416.9,-45.5,-45.2
3417.0,-44.9,-45.1
3417.1,-45.0,-45.1
3417.2,-45.1,-45.1
3417.3,-45.4,-45.2
3417.4,-45.8,-45.1
3417.5,-45.7,-45.2
3417.6,-45.5,-45.2
3417.7,-45.9,-45.3
3417.8,-46.8,-45.4
3417.9,-46.9,-45.4
3418.0,-47.5,-45.5
3418.1,-47.4,-45.6
3418.2,-44.3,-45.3
3418.3,-44.1,-45.4
3418.4,-43.7,-45.4
3418.5,-43.1,-45.3
3418.6,-44.3,-45.2
3418.7,-44.2,-45.3
3418.8,-44.6,-45.3
3418.9,-45.2,-45.3
3419.0,-45.8,-45.3
3419.1,-45.8,-45.3
3419.2,-45.5,-45.3
3419.3,-45.6,-45.3
3419.4,-45.6,-45.3
3419.5,-45.8,-45.3
3419.6,-46.0,-45.3
3419.7,-46.3,-45.4
3419.8,-46.8,-45.4
3419.9,-47.0,-45.5
3420.0,-47.4,-45.6
3420.1,-47.5,-45.6
3420.2,-47.2,-45.7
3420.3,-47.1,-45.7
3420.4,-46.8,-45.7
3420.5,-46.9,-45.8
3420.6,-47.4,-45.9
3420.7,-48.1,-45.9
3420.8,-47.8,-45.8
3420.9,-47.0,-45.8
3421.0,-41.0,-44.7
3421.1,-38.8,-43.9
3421.2,-38.4,-44.0
3421.3,-38.3,-43.9
3421.4,-39.5,-43.6
3421.5,-41.7,-43.6
3421.6,-40.3,-43.2
3421.7,-39.1,-42.8
3421.8,-38.5,-42.4
3421.9,-38.1,-42.2
3422.0,-38.1,-41.9
3422.1,-38.2,-41.6
3422.2,-39.3,-41.6
3422.3,-39.3,-41.4
3422.4,-38.3,-40.9
3422.5,-38.5,-40.7
3422.6,-37.3,-40.4
3422.7,-36.2,-40.0
3422.8,-35.2,-39.3
3422.9,-34.2,-38.8
3423.0,-34.2,-38.6
3423.1,-33.8,-38.1
3423.2,-34.6,-37.9
3423.3,-35.3,-37.7
3423.4,-35.3,-37.6
3423.5,-36.4,-37.4
3423.6,-36.5,-37.2
3423.7,-37.0,-37.1
3423.8,-37.5,-37.1
3423.9,-34.5,-36.5
3424.0,-34.7,-36.5
3424.1,-34.4,-36.5
3424.2,-34.5,-36.5
3424.3,-35.2,-36.1
3424.4,-33.3,-35.7
3424.5,-33.3,-35.6
3424.6,-33.3,-35.6
3424.7,-32.1,-35.0
3424.8,-32.1,-34.7
3424.9,-32.2,-34.7
3425.0,-32.3,-34.8
3425.1,-35.3,-34.8
3425.2,-37.6,-34.6
3425.3,-37.1,-34.6
3425.4,-35.4,-34.5
3425.5,-34.3,-34.4
3425.6,-34.6,-34.4
3425.7,-34.0,-34.3
3425.8,-34.6,-34.5
3425.9,-35.6,-34.6
3426.0,-36.0,-34.6
3426.1,-37.0,-34.7
3426.2,-37.7,-34.8
3426.3,-38.0,-34.8
3426.4,-37.9,-34.8
3426.5,-37.7,-34.8
3426.6,-37.5,-34.8
3426.7,-36.8,-34.8
3426.8,-35.2,-34.6
3426.9,-34.1,-34.7
3427.0,-33.6,-34.7
3427.1,-33.1,-34.6
3427.2,-33.0,-34.4
3427.3,-33.4,-34.5
3427.4,-33.1,-34.6
3427.5,-32.7,-34.5
3427.6,-33.3,-34.4
3427.7,-33.5,-34.8
3427.8,-33.7,-35.0
3427.9,-33.3,-34.7
3428.0,-31.4,-34.2
3428.1,-30.6,-33.8
3428.2,-29.8,-33.6
3428.3,-29.5,-33.3
3428.4,-29.4,-33.0
3428.5,-29.8,-33.0
3428.6,-30.0,-32.8
3428.7,-30.6,-32.8
3428.8,-31.7,-32.7
3428.9,-31.8,-32.6
3429.0,-32.3,-32.5
3429.1,-32.3,-32.4
3429.2,-32.2,-32.2
3429.3,-31.2,-32.0
3429.4,-30.2,-31.7
3429.5,-29.5,-31.5
3429.6,-29.5,-31.4
3429.7,-29.5,-31.2
3429.8,-30.0,-31.1
3429.9,-30.9,-31.2
3430.0,-31.1,-31.1
3430.1,-31.9,-31.1
3430.2,-32.7,-31.1
3430.3,-32.4,-31.1
3430.4,-31.8,-31.0
3430.5,-31.3,-30.9
3430.6,-30.9,-30.9
3430.7,-30.3,-30.8
3430.8,-29.2,-30.5
3430.9,-28.9,-30.4
3431.0,-29.0,-30.5
3431.1,-29.1,-30.5
3431.2,-30.1,-30.5
3431.3,-31.0,-30.6
3431.4,-31.2,-30.8
3431.5,-31.5,-30.7
3431.6,-31.8,-30.7
3431.7,-32.0,-30.8
3431.8,-31.7,-30.8
3431.9,-30.1,-30.5
3432.0,-28.6,-30.2
3432.1,-28.2,-30.2
3432.2,-27.9,-30.1
3432.3,-27.9,-30.0
3432.4,-28.5,-30.0
3432.5,-28.6,-30.0
3432.6,-28.6,-30.0
3432.7,-29.5,-30.0
3432.8,-30.2,-30.0
3432.9,-30.3,-30.0
3433.0,-30.2,-29.9
3433.1,-29.4,-29.7
3433.2,-27.3,-29.3
3433.3,-26.5,-29.1
3433.4,-26.1,-28.9
3433.5,-25.4,-28.7
3433.6,-25.9,-28.5
3433.7,-25.8,-28.4
3433.8,-25.8,-28.3
3433.9,-26.2,-28.2
3434.0,-26.2,-28.1
3434.1,-26.2,-27.9
3434.2,-25.9,-27.8
3434.3,-25.2,-27.5
3434.4,-24.0,-27.0
3434.5,-23.3,-26.7
3434.6,-22.6,-26.3
3434.7,-22.5,-26.1
3434.8,-22.5,-25.8
3434.9,-22.4,-25.6
3435.0,-22.5,-25.4
3435.1,-22.5,-25.2
3435.2,-22.4,-24.9
3435.3,-22.5,-24.8
3435.4,-20.3,-24.1
3435.5,-19.3,-23.6
3435.6,-18.0,-22.9
3435.7,-17.6,-22.6
3435.8,-18.1,-22.3
3435.9,-18.0,-22.0
3436.0,-19.3,-21.8
3436.1,-19.7,-21.7
3436.2,-20.3,-21.6
3436.3,-21.2,-21.5
3436.4,-21.2,-21.4
3436.5,-20.9,-21.3
3436.6,-20.5,-21.1
3436.7,-20.5,-21.0
3436.8,-20.4,-20.9
3436.9,-20.1,-20.7
3437.0,-20.2,-20.6
3437.1,-20.1,-20.5
3437.2,-20.0,-20.4
3437.3,-20.1,-20.3
3437.4,-20.2,-20.3
3437.5,-20.3,-20.2
3437.6,-20.5,-20.2
3437.7,-20.1,-20.0
3437.8,-20.1,-20.0
3437.9,-20.1,-20.0
3438.0,-20.0,-19.9
3438.1,-20.3,-19.8
3438.2,-20.4,-19.8
3438.3,-20.8,-19.8
3438.4,-20.7,-20.0
3438.5,-20.8,-20.0
3438.6,-20.9,-20.3
3438.7,-20.1,-20.3
3438.8,-19.7,-20.3
3438.9,-19.6,-20.3
3439.0,-19.6,-20.3
3439.1,-19.6,-20.2
3439.2,-19.6,-20.2
3439.3,-19.6,-20.1
3439.4,-19.5,-20.1
3439.5,-19.6,-20.1
3439.6,-19.8,-20.1
3439.7,-19.7,-20.0
3439.8,-19.4,-20.0
3439.9,-19.4,-20.0
3440.0,-19.7,-20.0
3440.1,-19.8,-20.0
3440.2,-20.0,-20.0
3440.3,-20.4,-20.0
3440.4,-20.2,-20.0
3440.5,-20.5,-20.0
3440.6,-20.6,-20.0
3440.7,-20.5,-20.1
3440.8,-20.5,-20.1
3440.9,-20.3,-20.1
3441.0,-19.7,-20.0
3441.1,-19.7,-20.0
3441.2,-19.5,-19.9
3441.3,-18.9,-19.8
3441.4,-18.7,-19.7
3441.5,-18.1,-19.6
3441.6,-17.8,-19.5
3441.7,-18.2,-19.5
3441.8,-18.7,-19.5
3441.9,-18.7,-19.4
3442.0,-18.6,-19.3
3442.1,-18.6,-19.3
3442.2,-17.9,-19.3
3442.3,-17.8,-19.2
3442.4,-18.0,-19.1
3442.5,-17.8,-19.1
3442.6,-18.3,-19.1
3442.7,-19.1,-19.1
3442.8,-19.7,-19.1
3442.9,-20.4,-19.2
3443.0,-20.5,-19.2
3443.1,-19.6,-19.1
3443.2,-18.9,-19.0
3443.3,-18.0,-18.9
3443.4,-17.6,-18.8
3443.5,-17.6,-18.7
3443.6,-17.9,-18.7
3443.7,-18.6,-18.6
3443.8,-18.9,-18.6
3443.9,-19.4,-18.6
3444.0,-19.2,-18.6
3444.1,-18.9,-18.6
3444.2,-18.6,-18.5
3444.3,-18.3,-18.5
3444.4,-18.7,-18.6
3444.5,-19.1,-18.7
3444.6,-19.9,-18.8
3444.7,-20.6,-18.8
3444.8,-21.1,-18.8
3444.9,-20.1,-18.9
3445.0,-19.4,-18.9
3445.1,-18.9,-18.9
3445.2,-18.4,-18.9
3445.3,-18.8,-19.0
3445.4,-19.1,-19.0
3445.5,-19.3,-19.1
3445.6,-19.5,-19.1
3445.7,-20.1,-19.1
3445.8,-19.9,-19.1
3445.9,-19.7,-19.0
3446.0,-20.0,-19.0
3446.1,-19.5,-19.1
3446.2,-19.6,-19.2
3446.3,-20.2,-19.3
3446.4,-20.7,-19.4
3446.5,-21.3,-19.6
3446.6,-22.2,-19.7
3446.7,-21.7,-19.7
3446.8,-21.4,-19.7
3446.9,-21.2,-19.8
3447.0,-21.4,-19.9
3447.1,-22.2,-20.1
3447.2,-23.1,-20.3
3447.3,-23.4,-20.4
3447.4,-23.7,-20.5
3447.5,-24.0,-20.6
3447.6,-23.5,-20.6
3447.7,-23.6,-20.7
3447.8,-23.6,-20.7
3447.9,-23.6,-21.0
3448.0,-24.5,-21.2
3448.1,-25.5,-21.4
3448.2,-26.5,-21.7
3448.3,-27.2,-21.9
3448.4,-27.6,-22.1
3448.5,-27.3,-22.3
3448.6,-27.0,-22.6
3448.7,-27.0,-22.7
3448.8,-27.4,-23.0
3448.9,-28.4,-23.3
3449.0,-29.4,-23.6
3449.1,-29.8,-23.9
3449.2,-30.0,-24.3
3449.3,-30.6,-24.5
3449.4,-30.1,-24.7
3449.5,-30.1,-24.9
3449.6,-30.3,-25.2
3449.7,-30.4,-25.6
3449.8,-31.0,-26.0
3449.9,-31.9,-26.4
3450.0,-33.1,-26.7
3450.1,-34.3,-27.0
3450.2,-34.2,-27.2
3450.3,-33.6,-27.6
3450.4,-32.9,-27.9
3450.5,-32.2,-28.1
3450.6,-32.7,-28.6
3450.7,-33.1,-29.1
3450.8,-32.2,-29.5
3450.9,-30.9,-29.7
3451.0,-30.4,-29.9
3451.1,-30.3,-30.1
3451.2,-31.0,-30.3
3451.3,-32.2,-30.4
3451.4,-31.7,-30.6
3451.5,-31.8,-30.9
3451.6,-31.5,-31.2
3451.7,-31.8,-31.4
3451.8,-32.5,-31.5
3451.9,-32.2,-31.6
3452.0,-32.3,-31.6
3452.1,-32.0,-31.7
3452.2,-32.0,-31.8
3452.3,-31.1,-31.7
3452.4,-28.1,-31.2
3452.5,-28.2,-31.3
3452.6,-28.5,-31.4
3452.7,-29.2,-31.4
3452.8,-34.2,-31.5
3452.9,-34.9,-31.5
3453.0,-34.9,-31.5
3453.1,-35.4,-31.5
3453.2,-35.3,-31.6
3453.3,-34.4,-31.6
3453.4,-32.5,-31.5
3453.5,-28.7,-30.9
3453.6,-26.6,-30.4
3453.7,-26.4,-30.3
3453.8,-25.8,-30.1
3453.9,-26.7,-30.1
3454.0,-28.5,-30.1
3454.1,-28.5,-30.0
3454.2,-29.8,-29.9
3454.3,-31.2,-30.0
3454.4,-31.7,-30.1
3454.5,-32.8,-30.1
3454.6,-35.1,-30.2
3454.7,-34.9,-30.2
3454.8,-35.8,-30.3
3454.9,-35.4,-30.3
3455.0,-35.1,-30.3
3455.1,-35.4,-30.4
3455.2,-35.5,-30.5
3455.3,-36.7,-30.7
3455.4,-36.8,-31.3
3455.5,-37.6,-31.4
3455.6,-37.9,-31.4
3455.7,-37.3,-31.4
3455.8,-37.0,-31.4
3455.9,-36.5,-31.4
3456.0,-36.9,-31.5
3456.1,-37.3,-31.5
3456.2,-37.8,-31.5
3456.3,-38.6,-31.6
3456.4,-38.6,-31.8
3456.5,-36.9,-32.5
3456.6,-35.8,-33.5
3456.7,-34.8,-33.7
3456.8,-34.3,-34.5
3456.9,-34.5,-35.0
3457.0,-35.0,-35.2
3457.1,-35.1,-35.5
3457.2,-35.4,-35.9
3457.3,-35.3,-35.9
3457.4,-34.3,-35.9
3457.5,-33.5,-35.7
3457.6,-32.6,-35.4
3457.7,-32.3,-35.3
3457.8,-32.7,-35.3
3457.9,-33.0,-35.3
3458.0,-33.6,-35.2
3458.1,-34.1,-35.2
3458.2,-33.9,-35.0
3458.3,-31.9,-34.5
3458.4,-31.2,-34.2
3458.5,-30.6,-34.0
3458.6,-30.4,-33.8
3458.7,-31.6,-33.8
3458.8,-32.5,-33.7
3458.9,-32.9,-33.6
3459.0,-33.0,-33.4
3459.1,-32.2,-33.2
3459.2,-31.3,-33.0
3459.3,-30.6,-32.7
3459.4,-29.8,-32.4
3459.5,-29.0,-32.1
3459.6,-28.6,-31.8
3459.7,-28.5,-31.7
3459.8,-28.6,-31.5
3459.9,-29.1,-31.3
3460.0,-30.1,-31.3
3460.1,-30.4,-31.2
3460.2,-30.9,-31.1
3460.3,-31.5,-31.0
3460.4,-31.4,-31.0
3460.5,-30.7,-30.9
3460.6,-29.9,-30.7
3460.7,-30.1,-30.7
3460.8,-29.9,-30.7
3460.9,-30.4,-30.6
3461.0,-31.1,-30.5
3461.1,-31.1,-30.5
3461.2,-31.2,-30.5
3461.3,-32.0,-30.6
3461.4,-33.1,-30.7
3461.5,-33.6,-30.8
3461.6,-33.7,-30.8
3461.7,-33.8,-30.8
3461.8,-33.6,-30.8
3461.9,-32.7,-30.7
3462.0,-32.4,-30.7
3462.1,-32.2,-30.8
3462.2,-32.2,-30.9
3462.3,-32.6,-31.0
3462.4,-32.0,-31.0
3462.5,-31.6,-31.2
3462.6,-31.8,-31.4
3462.7,-32.2,-31.6
3462.8,-33.8,-31.8
3462.9,-35.4,-32.0
3463.0,-33.6,-31.9
3463.1,-30.7,-31.7
3463.2,-29.2,-31.5
3463.3,-28.5,-31.4
3463.4,-27.7,-31.1
3463.5,-28.3,-31.1
3463.6,-29.4,-31.4
3463.7,-30.4,-31.5
3463.8,-33.2,-31.5
3463.9,-35.9,-31.7
3464.0,-36.4,-31.9
3464.1,-35.9,-31.9
3464.2,-34.1,-31.8
3464.3,-31.2,-31.6
3464.4,-29.7,-31.4
3464.5,-29.3,-31.3
3464.6,-29.4,-31.2
3464.7,-30.8,-31.2
3464.8,-32.7,-31.3
3464.9,-33.6,-31.4
3465.0,-34.6,-31.4
3465.1,-35.2,-31.5
3465.2,-35.3,-31.5
3465.3,-36.0,-31.6
3465.4,-36.7,-31.8
3465.5,-36.7,-31.9
3465.6,-35.8,-31.9
3465.7,-34.5,-31.8
3465.8,-33.8,-31.8
3465.9,-32.8,-31.7
3466.0,-32.4,-31.8
3466.1,-32.2,-32.0
3466.2,-32.5,-32.3
3466.3,-32.9,-32.5
3466.4,-33.7,-33.0
3466.5,-35.0,-33.3
3466.6,-35.4,-33.3
3466.7,-35.7,-33.3
3466.8,-34.3,-33.2
3466.9,-33.4,-33.0
3467.0,-32.3,-32.9
3467.1,-31.7,-32.8
3467.2,-31.9,-32.9
3467.3,-32.6,-33.3
3467.4,-33.2,-33.6
3467.5,-34.0,-33.7
3467.6,-35.1,-33.9
3467.7,-35.2,-34.0
3467.8,-35.9,-34.0
3467.9,-37.0,-34.1
3468.0,-36.4,-34.1
3468.1,-34.3,-33.9
3468.2,-32.3,-33.6
3468.3,-31.5,-33.4
3468.4,-31.0,-33.3
3468.5,-31.4,-33.2
3468.6,-32.6,-33.2
3468.7,-33.8,-33.4
3468.8,-34.7,-33.4
3468.9,-35.8,-33.6
3469.0,-36.9,-33.7
3469.1,-37.1,-33.9
3469.2,-37.8,-34.0
3469.3,-38.6,-34.1
3469.4,-38.8,-34.1
3469.5,-38.6,-34.2
3469.6,-37.2,-34.1
3469.7,-36.2,-34.1
3469.8,-36.2,-34.3
3469.9,-36.3,-34.5
3470.0,-35.4,-34.6
3470.1,-33.5,-34.5
3470.2,-33.0,-34.5
3470.3,-30.0,-33.8
3470.4,-29.3,-33.6
3470.5,-30.1,-33.6
3470.6,-30.4,-33.6
3470.7,-33.4,-33.6
3470.8,-37.1,-33.6
3470.9,-36.9,-33.6
3471.0,-34.7,-33.5
3471.1,-33.5,-33.5
3471.2,-32.2,-33.6
3471.3,-31.8,-33.7
3471.4,-31.8,-33.6
3471.5,-32.1,-33.7
3471.6,-32.0,-33.5
3471.7,-30.1,-33.0
3471.8,-28.4,-32.4
3471.9,-27.2,-31.9
3472.0,-26.9,-31.6
3472.1,-26.8,-31.2
3472.2,-27.2,-30.9
3472.3,-27.6,-30.6
3472.4,-26.7,-30.2
3472.5,-25.9,-29.7
3472.6,-25.4,-29.3
3472.7,-25.1,-29.0
3472.8,-25.1,-28.7
3472.9,-25.5,-28.5
3473.0,-25.8,-28.3
3473.1,-26.2,-28.2
3473.2,-25.3,-27.8
3473.3,-24.9,-27.7
3473.4,-24.6,-27.5
3473.5,-24.3,-27.3
3473.6,-24.9,-27.0
3473.7,-24.7,-26.8
3473.8,-24.6,-26.5
3473.9,-23.6,-26.1
3474.0,-23.0,-25.8
3474.1,-22.9,-25.7
3474.2,-22.9,-25.5
3474.3,-23.6,-25.3
3474.4,-24.4,-25.2
3474.5,-24.9,-25.1
3474.6,-24.3,-24.9
3474.7,-23.5,-24.7
3474.8,-23.0,-24.6
3474.9,-22.7,-24.5
3475.0,-23.1,-24.4
3475.1,-23.8,-24.3
3475.2,-24.0,-24.3
3475.3,-23.9,-24.1
3475.4,-23.6,-24.1
3475.5,-23.5,-24.1
3475.6,-23.5,-24.0
3475.7,-23.9,-24.0
3475.8,-24.3,-24.0
3475.9,-24.2,-23.9
3476.0,-24.5,-23.9
3476.1,-24.0,-23.8
3476.2,-23.4,-23.8
3476.3,-23.4,-23.7
3476.4,-23.5,-23.7
3476.5,-24.0,-23.8
3476.6,-25.2,-23.8
3476.7,-26.1,-23.8
3476.8,-24.9,-23.8
3476.9,-23.7,-23.8
3477.0,-23.2,-23.8
3477.1,-23.0,-23.9
3477.2,-23.7,-23.9
3477.3,-24.8,-23.9
3477.4,-25.8,-24.0
3477.5,-25.3,-23.9
3477.6,-24.9,-24.0
3477.7,-24.8,-24.1
3477.8,-24.8,-24.2
3477.9,-25.9,-24.3
3478.0,-27.0,-24.4
3478.1,-28.1,-24.5
3478.2,-27.4,-24.6
3478.3,-27.0,-24.7
3478.4,-26.5,-24.8
3478.5,-25.9,-24.8
3478.6,-26.4,-24.9
3478.7,-27.0,-25.0
3478.8,-28.0,-25.2
3478.9,-29.4,-25.3
3479.0,-29.7,-25.4
3479.1,-30.3,-25.6
3479.2,-30.4,-25.9
3479.3,-30.5,-26.1
3479.4,-30.0,-26.2
3479.5,-29.0,-26.2
3479.6,-28.8,-26.3
3479.7,-28.7,-26.4
3479.8,-29.3,-26.7
3479.9,-30.4,-27.1
3480.0,-30.3,-27.4
3480.1,-30.0,-27.5
3480.2,-29.7,-27.7
3480.3,-29.2,-27.8
3480.4,-29.4,-27.9
3480.5,-30.0,-28.2
3480.6,-30.6,-28.6
3480.7,-31.1,-28.8
3480.8,-31.3,-28.9
3480.9,-31.1,-29.0
3481.0,-30.9,-29.1
3481.1,-30.9,-29.1
3481.2,-31.1,-29.4
3481.3,-32.0,-29.6
3481.4,-32.9,-30.0
3481.5,-33.9,-30.3
3481.6,-34.9,-30.5
3481.7,-34.7,-30.6
3481.8,-34.9,-30.8
3481.9,-34.8,-30.9
3482.0,-35.2,-31.0
3482.1,-35.9,-31.1
3482.2,-35.5,-31.2
3482.3,-36.6,-31.4
3482.4,-37.3,-31.7
3482.5,-37.9,-32.0
3482.6,-38.9,-32.2
3482.7,-37.4,-32.4
3482.8,-34.8,-32.5
3482.9,-34.4,-32.6
3483.0,-33.9,-32.8
3483.1,-34.1,-33.1
3483.2,-35.4,-33.4
3483.3,-35.6,-33.6
3483.4,-36.2,-33.9
3483.5,-36.3,-34.1
3483.6,-36.3,-34.2
3483.7,-36.7,-34.5
3483.8,-37.3,-34.8
3483.9,-38.0,-35.1
3484.0,-38.5,-35.4
3484.1,-38.9,-35.8
3484.2,-39.1,-36.1
3484.3,-38.4,-36.2
3484.4,-38.3,-36.2
3484.5,-37.8,-36.3
3484.6,-38.1,-36.5
3484.7,-39.5,-36.7
3484.8,-40.7,-36.8
3484.9,-42.6,-37.0
3485.0,-42.7,-37.2
3485.1,-42.3,-37.3
3485.2,-42.9,-37.5
3485.3,-41.4,-37.5
3485.4,-41.8,-37.5
3485.5,-42.4,-37.7
3485.6,-43.5,-37.8
3485.7,-50.4,-38.1
3485.8,-52.8,-38.8
3485.9,-53.7,-39.1
3486.0,-53.8,-39.5
3486.1,-53.9,-39.9
3486.2,-53.8,-40.2
3486.3,-53.8,-40.6
3486.4,-54.4,-41.0
3486.5,-54.7,-41.4
3486.6,-55.3,-41.9
3486.7,-55.9,-42.3
3486.8,-55.9,-42.6
3486.9,-44.4,-42.5
3487.0,-42.6,-42.8
3487.1,-36.5,-41.5
3487.2,-35.9,-41.4
3487.3,-36.4,-41.7
3487.4,-34.3,-40.8
3487.5,-36.7,-41.1
3487.6,-37.4,-41.2
3487.7,-37.6,-41.2
3487.8,-48.1,-41.4
3487.9,-51.5,-41.5
3488.0,-50.1,-41.5
3488.1,-49.5,-41.6
3488.2,-49.5,-41.7
3488.3,-49.9,-42.0
3488.4,-50.5,-42.0
3488.5,-43.5,-41.7
3488.6,-39.7,-41.2
3488.7,-36.8,-40.5
3488.8,-36.0,-40.2
3488.9,-36.6,-40.2
3489.0,-37.6,-40.1
3489.1,-39.9,-39.9
3489.2,-41.5,-39.8
3489.3,-41.4,-39.8
3489.4,-42.5,-39.8
3489.5,-46.4,-39.8
3489.6,-47.9,-39.7
3489.7,-51.2,-39.7
3489.8,-52.0,-39.7
3489.9,-52.2,-39.9
3490.0,-53.1,-40.0
3490.1,-53.3,-41.1
3490.2,-53.3,-41.4
3490.3,-53.4,-41.4
3490.4,-53.7,-43.0
3490.5,-51.7,-43.1
3490.6,-46.7,-42.9
3490.7,-42.2,-42.5
3490.8,-38.9,-41.8
3490.9,-38.6,-41.7
3491.0,-39.0,-41.8
3491.1,-40.6,-41.8
3491.2,-47.4,-41.8
3491.3,-52.2,-41.8
3491.4,-53.2,-41.8
3491.5,-53.7,-42.1
3491.6,-55.4,-42.8
3491.7,-56.6,-44.1
3491.8,-56.8,-44.8
3491.9,-56.9,-44.9
3492.0,-56.9,-45.3
3492.1,-57.0,-46.0
3492.2,-57.3,-46.2
3492.3,-54.6,-46.4
3492.4,-47.5,-46.1
3492.5,-40.8,-44.8
3492.6,-37.1,-43.2
3492.7,-36.8,-43.0
3492.8,-36.9,-42.9
3492.9,-38.5,-42.9
3493.0,-45.4,-42.9
3493.1,-48.2,-42.9
3493.2,-50.9,-42.9
3493.3,-47.4,-42.8
3493.4,-42.4,-42.4
3493.5,-42.2,-42.4
3493.6,-42.3,-42.5
3493.7,-43.1,-42.9
3493.8,-50.3,-43.8
3493.9,-52.3,-43.9
3494.0,-55.2,-44.0
3494.1,-57.6,-44.0
3494.2,-58.2,-44.0
3494.3,-58.1,-44.0
3494.4,-57.8,-44.0
3494.5,-58.0,-44.0
3494.6,-57.9,-44.0
3494.7,-58.1,-44.0
3494.8,-58.6,-44.0
3494.9,-58.7,-44.0
3495.0,-58.6,-44.0
3495.1,-58.4,-44.0
3495.2,-58.3,-44.0
3495.3,-58.3,-44.1
3495.4,-58.3,-44.3
3495.5,-58.3,-45.4
3495.6,-58.3,-48.7
3495.7,-58.2,-49.3
3495.8,-58.4,-49.9
3495.9,-58.3,-50.0
3496.0,-58.0,-50.0
3496.1,-58.1,-50.0
3496.2,-57.7,-50.3
3496.3,-57.5,-51.1
3496.4,-57.7,-55.9
3496.5,-57.5,-56.7
3496.6,-52.0,-56.3
3496.7,-40.9,-49.2
3496.8,-39.4,-47.8
3496.9,-38.2,-46.6
3497.0,-36.9,-45.3
3497.1,-37.6,-44.6
3497.2,-37.2,-43.8
3497.3,-36.9,-43.1
3497.4,-36.5,-42.3
3497.5,-35.2,-41.3
3497.6,-35.8,-41.1
3497.7,-36.7,-41.1
3497.8,-34.5,-39.8
3497.9,-33.1,-38.6
3498.0,-31.0,-37.4
3498.1,-30.0,-36.8
3498.2,-29.8,-36.1
3498.3,-30.9,-36.1
3498.4,-32.6,-35.9
3498.5,-30.1,-34.7
3498.6,-31.1,-34.6
3498.7,-30.8,-34.5
3498.8,-30.8,-34.4
3498.9,-36.3,-34.3
3499.0,-36.1,-34.2
3499.1,-37.1,-34.2
3499.2,-37.4,-34.1
3499.3,-37.1,-34.0
3499.4,-38.4,-34.0
3499.5,-38.6,-34.0
3499.6,-39.9,-34.0
3499.7,-41.5,-34.0
3499.8,-41.3,-34.0
3499.9,-41.1,-34.1
3500.0,-39.9,-34.1
3500.1,-39.3,-34.1
3500.2,-39.8,-34.2
3500.3,-41.0,-34.3
3500.4,-43.2,-34.4
3500.5,-41.5,-34.5
3500.6,-39.5,-34.4
3500.7,-39.4,-34.4
3500.8,-38.8,-34.7
3500.9,-41.2,-35.2
3501.0,-45.2,-35.8
3501.1,-45.5,-36.3
3501.2,-48.0,-37.0
3501.3,-43.0,-37.0
3501.4,-40.5,-37.0
3501.5,-40.2,-39.4
3501.6,-40.4,-39.7
3501.7,-42.7,-40.1
3501.8,-41.6,-40.1
3501.9,-34.4,-38.8
3502.0,-30.9,-37.4
3502.1,-29.0,-36.2
3502.2,-28.7,-36.0
3502.3,-29.3,-35.8
3502.4,-30.9,-35.7
3502.5,-31.7,-35.1
3502.6,-31.7,-34.8
3502.7,-32.7,-34.9
3502.8,-33.3,-34.9
3502.9,-35.9,-34.8
3503.0,-38.6,-34.8
3503.1,-36.4,-34.7
3503.2,-34.6,-34.5
3503.3,-35.6,-34.4
3503.4,-35.7,-34.4
3503.5,-37.4,-34.5
3503.6,-41.7,-34.6
3503.7,-39.4,-34.4
3503.8,-35.1,-34.1
3503.9,-34.2,-34.0
3504.0,-34.3,-34.0
3504.1,-35.1,-34.0
3504.2,-40.1,-34.0
3504.3,-43.8,-34.0
3504.4,-44.0,-34.1
3504.5,-43.1,-34.1
3504.6,-41.0,-34.0
3504.7,-40.2,-34.0
3504.8,-40.1,-34.0
3504.9,-40.8,-34.5
3505.0,-43.1,-35.3
3505.1,-46.6,-36.3
3505.2,-48.0,-36.6
3505.3,-47.4,-37.0
3505.4,-47.9,-37.2
3505.5,-48.9,-38.3
3505.6,-45.8,-38.8
3505.7,-45.8,-38.8
3505.8,-45.8,-38.9
3505.9,-45.7,-39.3
3506.0,-38.5,-38.8
3506.1,-35.5,-38.6
3506.2,-33.7,-38.5
3506.3,-32.7,-38.2
3506.4,-32.6,-37.7
3506.5,-31.6,-36.9
3506.6,-32.0,-36.7
3506.7,-32.4,-36.7
3506.8,-32.4,-36.9
3506.9,-34.8,-37.0
3507.0,-35.6,-37.0
3507.1,-36.2,-36.9
3507.2,-39.1,-36.8
3507.3,-39.1,-36.8
3507.4,-38.8,-36.7
3507.5,-38.2,-36.6
3507.6,-36.0,-36.4
3507.7,-35.9,-36.3
3507.8,-35.3,-36.2
3507.9,-35.6,-36.1
3508.0,-38.1,-36.1
3508.1,-39.3,-36.1
3508.2,-42.1,-36.1
3508.3,-44.3,-36.1
3508.4,-44.6,-36.1
3508.5,-46.1,-36.1
3508.6,-42.3,-36.0
3508.7,-39.9,-35.9
3508.8,-37.6,-35.8
3508.9,-36.5,-35.6
3509.0,-35.6,-35.7
3509.1,-35.9,-36.0
3509.2,-37.3,-36.3
3509.3,-38.8,-36.6
3509.4,-43.2,-37.0
3509.5,-35.5,-37.0
3509.6,-34.5,-37.0
3509.7,-34.5,-37.2
3509.8,-34.5,-37.6
3509.9,-39.1,-37.7
3510.0,-42.5,-37.7
3510.1,-41.1,-37.8
3510.2,-40.2,-37.7
3510.3,-41.8,-37.9
3510.4,-42.1,-38.0
3510.5,-44.3,-38.2
3510.6,-42.4,-38.4
3510.7,-40.2,-38.5
3510.8,-38.8,-38.6
3510.9,-34.9,-38.0
3511.0,-35.4,-37.9
3511.1,-33.7,-37.4
3511.2,-33.5,-37.2
3511.3,-35.9,-37.3
3511.4,-36.3,-37.3
3511.5,-42.4,-37.3
3511.6,-44.5,-37.3
3511.7,-42.3,-37.4
3511.8,-41.9,-37.6
3511.9,-38.6,-37.5
3512.0,-38.6,-37.8
3512.1,-37.9,-37.7
3512.2,-38.1,-37.7
3512.3,-38.4,-37.5
3512.4,-37.8,-37.4
3512.5,-39.1,-38.3
3512.6,-38.1,-38.4
3512.7,-37.3,-38.1
3512.8,-37.8,-38.0
3512.9,-36.9,-38.0
3513.0,-37.2,-37.9
3513.1,-39.7,-38.0
3513.2,-36.6,-37.6
3513.3,-37.1,-37.5
3513.4,-37.4,-37.5
3513.5,-36.2,-37.3
3513.6,-39.4,-37.4
3513.7,-39.6,-37.5
3513.8,-39.6,-37.6
3513.9,-40.4,-38.1
3514.0,-40.9,-38.1
3514.1,-41.3,-38.8
3514.2,-40.6,-39.0
3514.3,-43.8,-39.0
3514.4,-44.6,-39.0
3514.5,-44.9,-39.0
3514.6,-50.9,-39.1
3514.7,-51.9,-39.2
3514.8,-38.5,-38.6
3514.9,-38.1,-38.9
3515.0,-37.3,-38.9
3515.1,-37.0,-39.0
3515.2,-41.2,-39.0
3515.3,-41.5,-39.2
3515.4,-44.3,-39.5
3515.5,-46.4,-39.5
3515.6,-49.4,-39.7
3515.7,-56.4,-40.2
3515.8,-56.9,-40.4
3515.9,-57.5,-40.7
3516.0,-57.5,-40.9
3516.1,-57.2,-40.9
3516.2,-54.8,-42.1
3516.3,-44.7,-42.0
3516.4,-42.0,-41.8
3516.5,-40.4,-42.2
3516.6,-39.9,-42.2
3516.7,-41.0,-42.3
3516.8,-41.7,-42.2
3516.9,-41.9,-42.4
3517.0,-42.0,-42.4
3517.1,-41.6,-42.3
3517.2,-42.5,-42.5
3517.3,-44.9,-42.5
3517.4,-39.7,-41.7
3517.5,-36.8,-40.8
3517.6,-36.5,-40.7
3517.7,-36.4,-40.7
3517.8,-38.2,-41.7
3517.9,-44.8,-41.8
3518.0,-46.0,-42.0
3518.1,-46.7,-42.1
3518.2,-46.5,-42.1
3518.3,-45.9,-42.2
3518.4,-48.3,-42.2
3518.5,-49.2,-42.2
3518.6,-51.2,-42.2
3518.7,-55.7,-42.2
3518.8,-56.6,-42.2
3518.9,-56.5,-42.2
3519.0,-56.7,-42.2
3519.1,-56.7,-42.2
3519.2,-56.8,-42.2
3519.3,-56.8,-42.5
3519.4,-57.4,-42.8
3519.5,-58.0,-43.1
3519.6,-57.8,-43.3
3519.7,-57.7,-43.4
3519.8,-57.2,-43.6
3519.9,-56.9,-43.9
3520.0,-56.9,-44.1
3520.1,-57.0,-44.3
3520.2,-57.1,-44.4
3520.3,-57.6,-44.4
3520.4,-57.8,-46.0
3520.5,-57.3,-50.3
3520.6,-57.5,-51.7
3520.7,-57.4,-52.3
3520.8,-57.5,-52.7
3520.9,-58.2,-52.9
3521.0,-58.5,-54.5
3521.1,-58.4,-54.9
3521.2,-58.0,-55.8
3521.3,-57.6,-57.1
3521.4,-57.5,-57.3
3521.5,-57.4,-57.3
3521.6,-57.4,-57.4
3521.7,-57.6,-57.4
3521.8,-57.5,-57.5
3521.9,-57.6,-57.5
3522.0,-57.8,-57.5
3522.1,-57.7,-57.6
3522.2,-57.9,-57.6
3522.3,-57.9,-57.6
3522.4,-57.9,-57.6
3522.5,-58.2,-57.6
3522.6,-58.2,-57.7
3522.7,-58.1,-57.6
3522.8,-58.0,-57.7
3522.9,-57.9,-57.7
3523.0,-57.5,-57.7
3523.1,-57.6,-57.7
3523.2,-50.5,-55.8
3523.3,-42.2,-50.3
3523.4,-41.5,-49.7
3523.5,-41.2,-49.4
3523.6,-41.7,-49.4
3523.7,-47.7,-49.4
3523.8,-51.8,-49.4
3523.9,-56.3,-49.4
3524.0,-55.8,-49.4
3524.1,-54.8,-49.3
3524.2,-54.4,-49.3
3524.3,-54.9,-49.3
3524.4,-55.1,-49.3
3524.5,-55.8,-49.3
3524.6,-53.6,-49.2
3524.7,-48.9,-48.8
3524.8,-45.5,-48.2
3524.9,-43.2,-47.5
3525.0,-41.7,-46.8
3525.1,-40.8,-46.2
3525.2,-40.0,-45.5
3525.3,-38.8,-44.5
3525.4,-37.1,-43.3
3525.5,-36.3,-42.6
3525.6,-35.9,-42.0
3525.7,-35.8,-41.5
3525.8,-36.1,-41.0
3525.9,-35.2,-40.2
3526.0,-33.8,-39.3
3526.1,-32.9,-38.6
3526.2,-32.4,-38.1
3526.3,-32.2,-37.8
3526.4,-32.0,-37.2
3526.5,-31.9,-36.7
3526.6,-32.1,-36.4
3526.7,-32.0,-36.1
3526.8,-32.3,-35.7
3526.9,-32.6,-35.4
3527.0,-33.1,-35.3
3527.1,-34.1,-35.2
3527.2,-35.2,-35.1
3527.3,-35.6,-34.9
3527.4,-34.8,-34.7
3527.5,-33.8,-34.5
3527.6,-33.2,-34.3
3527.7,-32.9,-34.1
3527.8,-32.5,-33.9
3527.9,-32.4,-33.7
3528.0,-32.5,-33.6
3528.1,-32.3,-33.4
3528.2,-32.1,-33.2
3528.3,-32.1,-33.1
3528.4,-32.1,-33.1
3528.5,-32.4,-33.0
3528.6,-32.8,-32.9
3528.7,-33.1,-32.8
3528.8,-33.3,-32.8
3528.9,-33.2,-32.8
3529.0,-33.0,-32.8
3529.1,-33.0,-32.9
3529.2,-32.6,-32.8
3529.3,-32.8,-32.9
3529.4,-33.0,-33.0
3529.5,-33.3,-33.0
3529.6,-33.9,-33.1
3529.7,-34.1,-33.1
3529.8,-34.1,-33.2
3529.9,-33.6,-33.2
3530.0,-33.1,-33.1
3530.1,-32.8,-33.0
3530.2,-32.9,-32.9
3530.3,-33.0,-32.9
3530.4,-33.1,-32.9
3530.5,-32.8,-32.9
3530.6,-32.4,-32.8
3530.7,-32.1,-32.8
3530.8,-32.2,-32.8
3530.9,-32.2,-32.8
3531.0,-32.1,-32.8
3531.1,-31.9,-32.7
3531.2,-31.1,-32.7
3531.3,-30.9,-32.6
3531.4,-31.0,-32.6
3531.5,-30.9,-32.5
3531.6,-30.8,-32.3
3531.7,-30.4,-32.2
3531.8,-29.6,-32.0
3531.9,-28.4,-31.6
3532.0,-27.2,-31.1
3532.1,-26.5,-30.8
3532.2,-26.5,-30.6
3532.3,-26.9,-30.5
3532.4,-28.0,-30.4
3532.5,-28.9,-30.3
3532.6,-29.0,-30.1
3532.7,-29.3,-30.0
3532.8,-29.6,-30.0
3532.9,-30.0,-29.9
3533.0,-30.5,-29.9
3533.1,-30.8,-29.8
3533.2,-30.7,-29.8
3533.3,-30.8,-29.7
3533.4,-31.2,-29.7
3533.5,-31.6,-29.7
3533.6,-31.6,-29.7
3533.7,-31.5,-29.7
3533.8,-31.6,-29.7
3533.9,-31.5,-29.7
3534.0,-31.6,-29.7
3534.1,-31.8,-29.7
3534.2,-31.9,-29.7
3534.3,-32.0,-29.8
3534.4,-32.0,-29.8
3534.5,-31.9,-29.8
3534.6,-31.9,-29.9
3534.7,-31.8,-29.9
3534.8,-32.2,-30.0
3534.9,-32.5,-30.3
3535.0,-32.2,-30.6
3535.1,-32.2,-31.0
3535.2,-32.3,-31.2
3535.3,-32.3,-31.3
3535.4,-32.1,-31.3
3535.5,-32.0,-31.5
3535.6,-32.0,-31.6
3535.7,-32.4,-31.8
3535.8,-33.2,-31.9
3535.9,-34.2,-32.0
3536.0,-35.0,-32.2
3536.1,-34.9,-32.3
3536.2,-34.9,-32.4
3536.3,-35.0,-32.5
3536.4,-34.9,-32.6
3536.5,-34.3,-32.6
3536.6,-34.4,-32.7
3536.7,-34.4,-32.9
3536.8,-34.2,-32.9
3536.9,-34.4,-33.0
3537.0,-34.6,-33.1
3537.1,-34.6,-33.2
3537.2,-34.2,-33.2
3537.3,-34.4,-33.3
3537.4,-34.4,-33.4
3537.5,-34.2,-33.6
3537.6,-34.6,-33.6
3537.7,-35.1,-33.7
3537.8,-35.3,-33.8
3537.9,-35.0,-33.9
3538.0,-34.9,-34.0
3538.1,-34.7,-34.1
3538.2,-33.3,-34.0
3538.3,-33.2,-34.1
3538.4,-33.4,-34.2
3538.5,-33.4,-34.4
3538.6,-34.1,-34.4
3538.7,-33.6,-34.3
3538.8,-32.5,-34.1
3538.9,-30.7,-33.7
3539.0,-30.3,-33.5
3539.1,-30.0,-33.4
3539.2,-30.1,-33.2
3539.3,-31.0,-33.1
3539.4,-30.4,-32.8
3539.5,-29.9,-32.6
3539.6,-29.4,-32.4
3539.7,-28.8,-32.1
3539.8,-28.8,-31.9
3539.9,-28.8,-31.7
3540.0,-28.9,-31.5
3540.1,-28.8,-31.2
3540.2,-28.3,-31.0
3540.3,-27.8,-30.7
3540.4,-28.2,-30.6
3540.5,-28.9,-30.6
3540.6,-30.1,-30.5
3540.7,-31.7,-30.5
3540.8,-31.5,-30.4
3540.9,-31.3,-30.3
3541.0,-30.7,-30.2
3541.1,-30.5,-30.1
3541.2,-30.8,-30.2
3541.3,-31.3,-30.2
3541.4,-32.4,-30.1
3541.5,-32.6,-30.1
3541.6,-30.8,-29.9
3541.7,-29.0,-29.7
3541.8,-27.5,-29.5
3541.9,-26.7,-29.4
3542.0,-26.9,-29.3
3542.1,-27.5,-29.3
3542.2,-28.7,-29.3
3542.3,-29.8,-29.3
3542.4,-30.0,-29.3
3542.5,-30.1,-29.3
3542.6,-30.2,-29.4
3542.7,-29.8,-29.4
3542.8,-29.6,-29.4
3542.9,-29.2,-29.4
3543.0,-28.9,-29.4
3543.1,-28.8,-29.4
3543.2,-29.1,-29.5
3543.3,-29.4,-29.6
3543.4,-30.2,-29.7
3543.5,-31.3,-29.7
3543.6,-32.4,-29.7
3543.7,-33.1,-29.7
3543.8,-33.0,-29.8
3543.9,-33.4,-29.8
3544.0,-34.0,-30.0
3544.1,-34.7,-30.0
3544.2,-34.5,-30.0
3544.3,-34.1,-30.0
3544.4,-33.7,-30.0
3544.5,-33.9,-30.1
3544.6,-34.4,-30.3
3544.7,-33.4,-30.5
3544.8,-32.0,-30.8
3544.9,-29.5,-30.8
3545.0,-28.3,-30.7
3545.1,-28.3,-30.7
3545.2,-28.7,-30.8
3545.3,-30.1,-30.8
3545.4,-31.7,-30.9
3545.5,-31.3,-30.9
3545.6,-30.5,-30.8
3545.7,-29.7,-30.8
3545.8,-29.2,-30.9
3545.9,-29.1,-30.9
3546.0,-29.3,-30.9
3546.1,-29.7,-31.0
3546.2,-30.3,-31.1
3546.3,-30.9,-31.1
3546.4,-31.2,-31.1
3546.5,-31.6,-31.0
3546.6,-31.4,-31.0
3546.7,-31.7,-31.0
3546.8,-32.5,-31.0
3546.9,-33.9,-31.0
3547.0,-35.3,-31.1
3547.1,-36.0,-31.0
3547.2,-35.0,-31.0
3547.3,-34.0,-31.0
3547.4,-33.6,-31.0
3547.5,-33.7,-31.0
3547.6,-34.3,-31.0
3547.7,-34.4,-31.1
3547.8,-33.2,-31.2
3547.9,-31.1,-31.3
3548.0,-30.1,-31.4
3548.1,-30.3,-31.5
3548.2,-30.8,-31.6
3548.3,-32.7,-31.6
3548.4,-33.2,-31.6
3548.5,-31.5,-31.6
3548.6,-29.9,-31.5
3548.7,-28.4,-31.3
3548.8,-28.0,-31.3
3548.9,-28.0,-31.3
3549.0,-28.6,-31.3
3549.1,-29.7,-31.3
3549.2,-29.2,-31.1
3549.3,-28.8,-30.9
3549.4,-28.6,-30.8
3549.5,-28.8,-30.9
3549.6,-30.3,-30.9
3549.7,-32.2,-31.0
3549.8,-33.3,-30.9
3549.9,-33.5,-30.8
3550.0,-32.6,-30.7
3550.1,-32.5,-30.7
3550.2,-33.1,-30.8
3550.3,-32.4,-30.7
3550.4,-32.9,-30.7
3550.5,-32.4,-30.6
3550.6,-31.4,-30.5
3550.7,-31.4,-30.5
3550.8,-31.3,-30.5
3550.9,-31.3,-30.7
3551.0,-31.9,-30.7
3551.1,-31.7,-30.7
3551.2,-31.0,-30.5
3551.3,-30.8,-30.5
3551.4,-27.9,-30.0
3551.5,-27.1,-29.9
3551.6,-27.0,-30.0
3551.7,-26.6,-30.0
3551.8,-28.0,-30.0
3551.9,-28.3,-29.9
3552.0,-27.9,-29.8
3552.1,-27.9,-29.7
3552.2,-28.0,-29.8
3552.3,-28.5,-29.9
3552.4,-29.0,-29.9
3552.5,-29.5,-29.8
3552.6,-30.0,-29.8
3552.7,-30.4,-29.7
3552.8,-30.7,-29.7
3552.9,-31.0,-29.6
3553.0,-31.3,-29.7
3553.1,-30.3,-29.5
3553.2,-29.1,-29.3
3553.3,-29.3,-29.3
3553.4,-29.3,-29.3
3553.5,-30.5,-29.3
3553.6,-33.1,-29.4
3553.7,-32.9,-29.4
3553.8,-33.1,-29.4
3553.9,-32.2,-29.4
3554.0,-30.7,-29.3
3554.1,-29.6,-29.2
3554.2,-29.0,-29.2
3554.3,-28.8,-29.2
3554.4,-29.2,-29.5
3554.5,-29.8,-29.7
3554.6,-29.3,-29.6
3554.7,-27.7,-29.4
3554.8,-27.1,-29.3
3554.9,-26.7,-29.4
3555.0,-27.1,-29.4
3555.1,-28.7,-29.5
3555.2,-29.7,-29.6
3555.3,-30.7,-29.6
3555.4,-31.0,-29.7
3555.5,-31.6,-29.8
3555.6,-31.6,-29.8
3555.7,-32.5,-29.8
3555.8,-32.0,-29.8
3555.9,-28.9,-29.5
3556.0,-28.3,-29.4
3556.1,-27.8,-29.4
3556.2,-27.9,-29.6
3556.3,-29.7,-29.5
3556.4,-30.0,-29.5
3556.5,-30.0,-29.4
3556.6,-29.6,-29.3
3556.7,-29.0,-29.2
3556.8,-29.1,-29.1
3556.9,-29.1,-29.1
3557.0,-29.7,-29.2
3557.1,-30.0,-29.2
3557.2,-30.3,-29.3
3557.3,-30.2,-29.3
3557.4,-28.9,-29.1
3557.5,-28.3,-29.0
3557.6,-28.0,-29.1
3557.7,-28.1,-29.3
3557.8,-28.7,-29.4
3557.9,-28.7,-29.4
3558.0,-28.3,-29.3
3558.1,-27.8,-29.2
3558.2,-27.9,-29.2
3558.3,-28.5,-29.1
3558.4,-29.6,-29.2
3558.5,-31.3,-29.2
3558.6,-32.6,-29.2
3558.7,-32.8,-29.2
3558.8,-32.0,-29.2
3558.9,-31.1,-29.4
3559.0,-30.3,-29.5
3559.1,-30.0,-29.5
3559.2,-29.9,-29.5
3559.3,-29.8,-29.4
3559.4,-29.6,-29.4
3559.5,-29.3,-29.4
3559.6,-28.7,-29.3
3559.7,-28.3,-29.3
3559.8,-28.4,-29.3
3559.9,-28.6,-29.3
3560.0,-28.6,-29.2
3560.1,-28.6,-29.1
3560.2,-28.4,-29.1
3560.3,-27.4,-28.9
3560.4,-26.6,-28.8
3560.5,-26.1,-28.7
3560.6,-25.8,-28.6
3560.7,-25.9,-28.5
3560.8,-25.7,-28.2
3560.9,-25.4,-28.1
3561.0,-24.8,-27.9
3561.1,-24.1,-27.7
3561.2,-23.6,-27.3
3561.3,-23.0,-26.9
3561.4,-22.6,-26.6
3561.5,-22.9,-26.4
3561.6,-23.7,-26.3
3561.7,-24.7,-26.2
3561.8,-26.2,-26.1
3561.9,-27.8,-26.1
3562.0,-29.1,-26.2
3562.1,-31.5,-26.2
3562.2,-34.0,-26.3
3562.3,-36.7,-26.4
3562.4,-39.9,-26.4
3562.5,-41.9,-26.5
3562.6,-43.0,-26.6
3562.7,-44.7,-26.7
3562.8,-46.3,-26.8
3562.9,-48.6,-26.9
3563.0,-50.8,-27.0
3563.1,-52.1,-27.1
3563.2,-53.3,-27.2
3563.3,-53.9,-27.4
3563.4,-55.1,-27.7
3563.5,-54.6,-27.9
3563.6,-54.2,-28.1
3563.7,-53.8,-28.3
3563.8,-53.2,-28.7
3563.9,-52.7,-29.1
3564.0,-51.5,-29.6
3564.1,-51.4,-30.2
3564.2,-51.0,-31.2
3564.3,-50.8,-32.5
3564.4,-50.4,-34.2
3564.5,-50.2,-35.8
3564.6,-50.5,-37.3
3564.7,-50.5,-39.7
3564.8,-51.8,-41.9
3564.9,-52.1,-44.2
3565.0,-50.3,-46.6
3565.1,-50.5,-48.1
3565.2,-50.2,-48.9
3565.3,-43.1,-48.0
3565.4,-41.9,-47.8
3565.5,-41.7,-48.0
3565.6,-41.7,-48.2
3565.7,-40.2,-46.2
3565.8,-41.0,-46.2
3565.9,-41.2,-46.2
3566.0,-41.2,-46.2
3566.1,-51.0,-46.2
3566.2,-53.2,-46.2
3566.3,-53.7,-46.2
3566.4,-53.2,-46.1
3566.5,-53.3,-46.1
3566.6,-53.4,-46.1
3566.7,-53.4,-46.1
3566.8,-54.1,-46.2
3566.9,-52.9,-46.1
3567.0,-52.4,-46.2
3567.1,-52.4,-46.2
3567.2,-52.2,-46.2
3567.3,-53.4,-46.2
3567.4,-53.5,-46.3
3567.5,-49.3,-46.1
3567.6,-49.0,-46.1
3567.7,-49.0,-46.1
3567.8,-49.2,-46.1
3567.9,-53.0,-46.1
3568.0,-53.9,-46.2
3568.1,-53.9,-46.3
3568.2,-53.5,-46.3
3568.3,-54.0,-47.4
3568.4,-53.7,-48.0
3568.5,-53.4,-48.2
3568.6,-53.7,-48.2
3568.7,-54.0,-52.2
3568.8,-42.9,-49.2
3568.9,-42.9,-49.3
3569.0,-43.0,-49.3
3569.1,-42.9,-49.3
3569.2,-40.9,-46.5
3569.3,-31.7,-40.0
3569.4,-31.2,-39.5
3569.5,-31.2,-39.5
3569.6,-31.7,-39.5
3569.7,-40.7,-39.5
3569.8,-51.5,-39.5
3569.9,-54.0,-39.5
3570.0,-54.0,-39.5
3570.1,-54.3,-39.5
3570.2,-54.9,-39.5
3570.3,-55.5,-39.5
3570.4,-55.6,-39.5
3570.5,-55.5,-39.6
3570.6,-55.2,-39.6
3570.7,-55.3,-39.6
3570.8,-55.5,-39.6
3570.9,-55.4,-39.6
3571.0,-55.8,-39.6
3571.1,-55.4,-39.6
3571.2,-55.7,-39.6
3571.3,-55.6,-39.6
3571.4,-49.2,-39.5
3571.5,-42.2,-39.3
3571.6,-40.9,-39.2
3571.7,-39.4,-39.0
3571.8,-38.1,-39.0
3571.9,-38.2,-38.8
3572.0,-37.6,-38.6
3572.1,-37.0,-38.4
3572.2,-36.8,-38.5
3572.3,-36.6,-41.5
3572.4,-36.0,-41.6
3572.5,-35.9,-41.1
3572.6,-36.1,-40.7
3572.7,-36.4,-40.5
3572.8,-37.2,-40.3
3572.9,-37.6,-40.0
3573.0,-37.5,-39.7
3573.1,-37.2,-39.4
3573.2,-36.8,-39.2
3573.3,-36.8,-38.9
3573.4,-36.8,-38.7
3573.5,-36.6,-38.4
3573.6,-36.7,-38.2
3573.7,-36.7,-38.1
3573.8,-37.0,-37.9
3573.9,-37.6,-37.8
3574.0,-37.9,-37.7
3574.1,-38.2,-37.5
3574.2,-38.2,-37.4
3574.3,-38.2,-37.3
3574.4,-38.0,-37.2
3574.5,-37.5,-37.2
3574.6,-37.2,-37.1
3574.7,-32.4,-36.1
3574.8,-28.4,-34.4
3574.9,-27.8,-34.1
3575.0,-27.4,-33.8
3575.1,-27.2,-33.2
3575.2,-28.6,-32.8
3575.3,-26.4,-31.7
3575.4,-24.5,-30.7
3575.5,-24.0,-30.1
3575.6,-24.1,-30.0
3575.7,-25.2,-29.8
3575.8,-27.9,-29.8
3575.9,-31.3,-29.8
3576.0,-33.3,-29.8
3576.1,-36.4,-29.8
3576.2,-36.7,-29.8
3576.3,-37.2,-29.8
3576.4,-37.5,-29.8
3576.5,-38.0,-29.8
3576.6,-38.8,-29.9
3576.7,-39.6,-29.9
3576.8,-39.4,-29.9
3576.9,-39.4,-29.9
3577.0,-39.4,-29.9
3577.1,-39.5,-29.9
3577.2,-38.1,-29.9
3577.3,-37.9,-29.9
3577.4,-37.1,-29.9
3577.5,-36.4,-29.9
3577.6,-36.8,-29.9
3577.7,-36.9,-30.1
3577.8,-36.6,-30.6
3577.9,-36.7,-30.7
3578.0,-35.8,-30.8
3578.1,-34.9,-31.1
3578.2,-35.0,-31.4
3578.3,-35.3,-32.4
3578.4,-35.6,-34.1
3578.5,-36.3,-35.7
3578.6,-36.1,-36.2
3578.7,-35.7,-36.9
3578.8,-36.4,-36.9
3578.9,-36.6,-36.9
3579.0,-36.0,-36.8
3579.1,-35.8,-36.8
3579.2,-34.6,-36.5
3579.3,-34.6,-36.5
3579.4,-35.3,-36.5
3579.5,-35.4,-36.4
3579.6,-36.1,-36.2
3579.7,-34.8,-36.0
3579.8,-32.0,-35.3
3579.9,-31.8,-35.2
3580.0,-31.8,-35.1
3580.1,-32.4,-35.0
3580.2,-34.8,-35.0
3580.3,-33.1,-34.6
3580.4,-31.0,-34.1
3580.5,-30.4,-33.9
3580.6,-30.6,-33.9
3580.7,-31.6,-33.9
3580.8,-34.2,-33.9
3580.9,-35.6,-33.8
3581.0,-35.5,-33.9
3581.1,-35.3,-33.9
3581.2,-34.9,-33.8
3581.3,-34.3,-33.7
3581.4,-33.8,-33.7
3581.5,-33.3,-33.6
3581.6,-33.6,-33.6
3581.7,-33.9,-33.5
3581.8,-33.5,-33.4
3581.9,-33.6,-33.3
3582.0,-32.9,-33.3
3582.1,-32.6,-33.2
3582.2,-33.0,-33.2
3582.3,-33.4,-33.2
3582.4,-34.2,-33.2
3582.5,-33.8,-33.0
3582.6,-33.1,-32.9
3582.7,-32.8,-32.9
3582.8,-31.9,-33.1
3582.9,-32.1,-33.1
3583.0,-32.3,-33.0
3583.1,-32.6,-33.0
3583.2,-33.7,-33.0
3583.3,-34.7,-33.3
3583.4,-36.0,-33.7
3583.5,-35.5,-33.8
3583.6,-34.3,-33.6
3583.7,-34.3,-33.7
3583.8,-34.2,-33.7
3583.9,-35.0,-33.7
3584.0,-35.9,-33.7
3584.1,-34.2,-33.6
3584.2,-33.6,-33.5
3584.3,-33.3,-33.6
3584.4,-33.2,-33.6
3584.5,-33.8,-33.6
3584.6,-34.4,-33.7
3584.7,-34.5,-33.7
3584.8,-34.6,-33.7
3584.9,-34.5,-33.8
3585.0,-34.3,-33.8
3585.1,-34.0,-33.9
3585.2,-34.4,-33.9
3585.3,-35.1,-34.0
3585.4,-35.5,-34.0
3585.5,-35.9,-34.1
3585.6,-36.1,-34.3
3585.7,-36.4,-34.4
3585.8,-36.9,-34.7
3585.9,-37.7,-34.8
3586.0,-37.2,-34.9
3586.1,-37.5,-35.1
3586.2,-37.9,-35.1
3586.3,-38.0,-35.2
3586.4,-38.0,-35.1
3586.5,-37.2,-35.2
3586.6,-36.6,-35.4
3586.7,-36.7,-35.5
3586.8,-38.0,-35.5
3586.9,-39.4,-35.6
3587.0,-40.7,-35.8
3587.1,-41.5,-36.1
3587.2,-41.2,-36.4
3587.3,-40.9,-36.5
3587.4,-40.8,-36.8
3587.5,-40.9,-37.0
3587.6,-40.2,-37.1
3587.7,-38.9,-37.2
3587.8,-36.2,-37.1
3587.9,-35.6,-37.2
3588.0,-35.0,-37.3
3588.1,-35.0,-37.4
3588.2,-35.8,-37.4
3588.3,-36.3,-37.5
3588.4,-35.4,-37.3
3588.5,-34.6,-37.1
3588.6,-35.2,-37.2
3588.7,-35.3,-37.3
3588.8,-37.2,-37.3
3588.9,-40.5,-37.4
3589.0,-41.3,-37.6
3589.1,-41.2,-37.6
3589.2,-41.3,-37.6
3589.3,-40.8,-37.6
3589.4,-39.3,-37.7
3589.5,-39.2,-37.8
3589.6,-39.6,-38.0
3589.7,-40.4,-38.1
3589.8,-42.6,-38.1
3589.9,-43.7,-38.1
3590.0,-43.9,-38.1
3590.1,-43.9,-38.2
3590.2,-44.0,-38.2
3590.3,-44.1,-38.3
3590.4,-44.3,-38.3
3590.5,-44.3,-38.3
3590.6,-42.1,-38.3
3590.7,-40.3,-38.4
3590.8,-37.9,-38.6
3590.9,-36.3,-38.5
3591.0,-35.3,-38.4
3591.1,-35.3,-38.5
3591.2,-35.9,-38.6
3591.3,-36.7,-38.6
3591.4,-37.5,-38.9
3591.5,-37.4,-39.2
3591.6,-36.9,-39.1
3591.7,-37.1,-39.0
3591.8,-37.4,-38.9
3591.9,-37.5,-38.8
3592.0,-37.6,-38.6
3592.1,-37.2,-38.5
3592.2,-37.7,-38.5
3592.3,-38.5,-38.6
3592.4,-39.3,-38.6
3592.5,-40.2,-38.6
3592.6,-39.2,-38.5
3592.7,-38.6,-38.4
3592.8,-38.5,-38.3
3592.9,-38.7,-38.3
3593.0,-39.5,-38.2
3593.1,-39.9,-38.1
3593.2,-40.2,-38.1
3593.3,-40.3,-38.0
3593.4,-40.8,-38.0
3593.5,-41.9,-38.0
3593.6,-43.1,-38.1
3593.7,-43.0,-38.2
3593.8,-43.3,-38.5
3593.9,-43.0,-38.8
3594.0,-42.3,-39.1
3594.1,-42.1,-39.2
3594.2,-41.8,-39.3
3594.3,-41.8,-39.5
3594.4,-41.9,-39.7
3594.5,-42.1,-39.9
3594.6,-41.5,-40.0
3594.7,-40.9,-40.1
3594.8,-40.5,-40.2
3594.9,-40.2,-40.4
3595.0,-40.1,-40.5
3595.1,-40.1,-40.7
3595.2,-40.1,-40.7
3595.3,-40.0,-40.6
3595.4,-39.8,-40.6
3595.5,-39.8,-40.6
3595.6,-39.7,-40.8
3595.7,-38.8,-40.7
3595.8,-36.1,-39.9
3595.9,-34.3,-39.2
3596.0,-33.5,-38.9
3596.1,-32.9,-38.5
3596.2,-33.7,-38.4
3596.3,-35.4,-38.4
3596.4,-36.4,-38.3
3596.5,-38.0,-38.2
3596.6,-38.2,-38.0
3596.7,-37.4,-37.9
3596.8,-37.6,-37.9
3596.9,-38.8,-37.9
3597.0,-40.6,-37.9
3597.1,-43.1,-37.9
3597.2,-43.4,-37.9
3597.3,-41.4,-37.8
3597.4,-38.2,-37.6
3597.5,-37.2,-37.5
3597.6,-35.6,-37.2
3597.7,-35.6,-37.2
3597.8,-36.6,-37.2
3597.9,-35.9,-37.0
3598.0,-35.7,-36.8
3598.1,-35.6,-36.7
3598.2,-34.9,-36.5
3598.3,-34.5,-36.3
3598.4,-33.4,-35.9
3598.5,-32.3,-35.5
3598.6,-31.9,-35.3
3598.7,-32.5,-35.4
3598.8,-34.3,-35.6
3598.9,-36.8,-35.9
3599.0,-40.3,-36.1
3599.1,-40.3,-36.3
3599.2,-40.4,-36.4
3599.3,-40.1,-36.4
3599.4,-40.0,-36.4
3599.5,-40.0,-36.4
3599.6,-39.6,-36.5
3599.7,-39.3,-36.5
3599.8,-38.2,-36.4
3599.9,-33.8,-35.8
3600.0,-32.9,-35.5
3600.1,-33.1,-35.5
3600.2,-33.4,-35.5
3600.3,-37.5,-35.5
3600.4,-42.6,-35.7
3600.5,-43.0,-35.8
3600.6,-44.3,-36.0
3600.7,-45.8,-36.1
3600.8,-46.4,-36.1
3600.9,-46.5,-36.3
3601.0,-40.9,-36.5
3601.1,-36.1,-36.2
3601.2,-35.0,-36.2
3601.3,-33.8,-36.2
3601.4,-34.2,-36.7
3601.5,-36.1,-37.1
3601.6,-36.6,-37.3
3601.7,-38.6,-37.4
3601.8,-39.2,-37.4
3601.9,-38.6,-37.3
3602.0,-35.9,-36.9
3602.1,-35.9,-36.9
3602.2,-35.3,-36.8
3602.3,-35.4,-36.8
3602.4,-39.1,-36.8
3602.5,-39.5,-36.8
3602.6,-41.7,-36.9
3602.7,-44.3,-37.0
3602.8,-44.0,-37.1
3602.9,-44.0,-38.0
3603.0,-44.1,-38.5
3603.1,-44.3,-38.5
3603.2,-45.3,-38.6
3603.3,-45.5,-38.6
3603.4,-45.8,-38.6
3603.5,-45.5,-38.6
3603.6,-45.2,-38.6
3603.7,-45.5,-38.6
3603.8,-45.8,-38.6
3603.9,-46.0,-38.6
3604.0,-45.8,-38.9
3604.1,-34.4,-38.2
3604.2,-31.7,-37.3
3604.3,-28.1,-35.4
3604.4,-27.6,-35.1
3604.5,-28.4,-35.0
3604.6,-27.0,-33.7
3604.7,-28.6,-33.4
3604.8,-28.7,-33.2
3604.9,-27.9,-32.9
3605.0,-31.3,-33.1
3605.1,-31.5,-32.9
3605.2,-32.3,-32.9
3605.3,-33.8,-32.8
3605.4,-33.6,-32.8
3605.5,-35.4,-32.7
3605.6,-34.0,-32.5
3605.7,-31.4,-32.1
3605.8,-30.1,-31.8
3605.9,-29.3,-31.6
3606.0,-28.6,-31.3
3606.1,-28.9,-31.0
3606.2,-28.9,-30.8
3606.3,-28.2,-30.5
3606.4,-28.8,-30.4
3606.5,-29.5,-30.3
3606.6,-30.0,-30.2
3606.7,-30.6,-30.0
3606.8,-30.4,-29.9
3606.9,-29.6,-29.7
3607.0,-28.7,-29.5
3607.1,-27.0,-29.2
3607.2,-27.0,-29.2
3607.3,-27.6,-29.6
3607.4,-28.4,-29.6
3607.5,-31.6,-29.5
3607.6,-31.0,-29.8
3607.7,-28.8,-29.6
3607.8,-28.1,-29.5
3607.9,-28.3,-29.6
3608.0,-28.8,-29.5
3608.1,-30.5,-29.5
3608.2,-29.8,-29.3
3608.3,-28.9,-29.2
3608.4,-28.4,-29.0
3608.5,-28.0,-28.9
3608.6,-28.9,-28.9
3608.7,-29.2,-29.0
3608.8,-28.9,-28.9
3608.9,-28.6,-28.8
3609.0,-25.8,-28.4
3609.1,-25.4,-28.3
3609.2,-25.7,-28.3
3609.3,-26.1,-28.4
3609.4,-28.5,-28.3
3609.5,-28.2,-28.1
3609.6,-27.5,-28.0
3609.7,-26.2,-27.8
3609.8,-26.3,-27.8
3609.9,-27.1,-27.8
3610.0,-27.5,-27.9
3610.1,-28.7,-28.1
3610.2,-28.3,-28.0
3610.3,-27.3,-27.8
3610.4,-25.6,-27.4
3610.5,-25.2,-27.3
3610.6,-25.4,-27.3
3610.7,-24.5,-27.1
3610.8,-24.8,-26.9
3610.9,-24.8,-26.8
3611.0,-24.4,-26.6
3611.1,-25.7,-26.6
3611.2,-26.8,-26.6
3611.3,-26.6,-26.5
3611.4,-26.7,-26.4
3611.5,-26.0,-26.3
3611.6,-25.2,-26.2
3611.7,-25.9,-26.2
3611.8,-26.8,-26.2
3611.9,-28.2,-26.3
3612.0,-30.5,-26.6
3612.1,-29.8,-26.6
3612.2,-28.2,-26.5
3612.3,-27.5,-26.5
3612.4,-27.5,-26.5
3612.5,-28.3,-26.6
3612.6,-29.7,-26.7
3612.7,-30.2,-26.9
3612.8,-28.5,-26.8
3612.9,-27.7,-26.7
3613.0,-27.3,-26.7
3613.1,-27.6,-26.7
3613.2,-29.1,-26.8
3613.3,-30.0,-26.9
3613.4,-30.3,-27.2
3613.5,-29.4,-27.3
3613.6,-29.0,-27.3
3613.7,-29.2,-27.7
3613.8,-29.8,-27.9
3613.9,-31.0,-28.1
3614.0,-31.4,-28.3
3614.1,-30.8,-28.4
3614.2,-29.9,-28.4
3614.3,-29.9,-28.6
3614.4,-30.4,-28.8
3614.5,-31.3,-29.1
3614.6,-32.4,-29.5
3614.7,-32.3,-29.5
3614.8,-31.7,-29.5
3614.9,-31.4,-29.5
3615.0,-31.7,-29.6
3615.1,-32.1,-29.8
3615.2,-32.7,-30.1
3615.3,-30.9,-30.0
3615.4,-30.2,-30.0
3615.5,-30.0,-30.0
3615.6,-30.3,-30.1
3615.7,-32.8,-30.3
3615.8,-35.2,-30.7
3615.9,-37.3,-31.0
3616.0,-38.6,-31.3
3616.1,-39.0,-31.4
3616.2,-35.8,-31.4
3616.3,-35.6,-31.6
3616.4,-35.6,-31.8
3616.5,-35.7,-32.2
3616.6,-38.9,-32.5
3616.7,-39.8,-32.6
3616.8,-40.3,-32.8
3616.9,-40.8,-33.0
3617.0,-42.2,-33.2
3617.1,-43.1,-33.6
3617.2,-43.1,-34.0
3617.3,-40.2,-34.2
3617.4,-38.2,-34.3
3617.5,-36.5,-34.3
3617.6,-35.8,-34.5
3617.7,-36.1,-34.7
3617.8,-36.6,-35.0
3617.9,-37.7,-35.3
3618.0,-38.5,-35.5
3618.1,-38.8,-35.6
3618.2,-39.2,-35.8
3618.3,-39.3,-36.9
3618.4,-39.7,-37.6
3618.5,-40.1,-38.1
3618.6,-40.0,-38.3
3618.7,-39.5,-38.3
3618.8,-39.2,-38.3
3618.9,-38.6,-38.3
3619.0,-38.5,-38.3
3619.1,-38.4,-38.2
3619.2,-37.9,-38.7
3619.3,-36.4,-38.5
3619.4,-35.1,-38.1
3619.5,-34.3,-37.8
3619.6,-33.9,-37.7
3619.7,-34.4,-37.5
3619.8,-35.1,-37.4
3619.9,-36.2,-37.3
3620.0,-37.1,-37.2
3620.1,-37.9,-37.1
3620.2,-38.5,-37.1
3620.3,-38.8,-37.2
3620.4,-39.2,-37.3
3620.5,-39.6,-37.5
3620.6,-39.6,-37.6
3620.7,-38.6,-37.5
3620.8,-38.2,-37.5
3620.9,-37.7,-37.5
3621.0,-37.5,-37.5
3621.1,-38.0,-37.4
3621.2,-38.0,-37.4
3621.3,-37.3,-37.3
3621.4,-35.8,-37.0
3621.5,-34.8,-36.8
3621.6,-34.1,-36.6
3621.7,-34.0,-36.5
3621.8,-34.5,-36.4
3621.9,-35.0,-36.3
3622.0,-35.4,-36.2
3622.1,-35.6,-36.1
3622.2,-35.9,-36.1
3622.3,-36.2,-36.3
3622.4,-36.7,-36.4
3622.5,-37.2,-36.6
3622.6,-38.0,-36.8
3622.7,-38.1,-36.8
3622.8,-37.5,-36.8
3622.9,-36.7,-36.7
3623.0,-35.8,-36.6
3623.1,-35.6,-36.5
3623.2,-36.0,-36.5
3623.3,-36.5,-36.4
3623.4,-36.4,-36.3
3623.5,-35.7,-36.1
3623.6,-35.2,-36.0
3623.7,-34.8,-36.0
3623.8,-35.0,-35.9
3623.9,-35.6,-35.9
3624.0,-36.2,-35.9
3624.1,-35.8,-35.7
3624.2,-35.7,-35.7
3624.3,-35.4,-35.7
3624.4,-35.1,-35.8
3624.5,-35.9,-35.9
3624.6,-36.6,-36.0
3624.7,-37.5,-36.1
3624.8,-38.3,-36.2
3624.9,-39.1,-36.4
3625.0,-39.8,-36.5
3625.1,-40.8,-36.6
3625.2,-41.8,-36.7
3625.3,-42.0,-36.8
3625.4,-40.3,-36.8
3625.5,-37.9,-36.7
3625.6,-36.4,-36.6
3625.7,-35.5,-36.5
3625.8,-35.1,-36.5
3625.9,-35.4,-36.5
3626.0,-35.9,-36.6
3626.1,-36.5,-36.6
3626.2,-37.1,-36.6
3626.3,-37.8,-36.7
3626.4,-38.3,-36.8
3626.5,-38.9,-37.0
3626.6,-39.6,-37.2
3626.7,-40.4,-37.3
3626.8,-39.4,-37.4
3626.9,-38.9,-37.4
3627.0,-38.5,-37.5
3627.1,-38.3,-37.7
3627.2,-39.2,-37.9
3627.3,-40.1,-38.1
3627.4,-40.7,-38.3
3627.5,-38.6,-38.2
3627.6,-37.4,-38.0
3627.7,-36.4,-37.9
3627.8,-35.7,-37.8
3627.9,-36.2,-37.7
3628.0,-36.7,-37.7
3628.1,-37.5,-37.6
3628.2,-38.1,-37.5
3628.3,-38.7,-37.5
3628.4,-39.2,-37.6
3628.5,-39.7,-37.8
3628.6,-40.5,-38.0
3628.7,-41.4,-38.2
3628.8,-41.0,-38.4
3628.9,-39.3,-38.4
3629.0,-37.8,-38.4
3629.1,-36.8,-38.3
3629.2,-36.4,-38.3
3629.3,-36.8,-38.3
3629.4,-37.6,-38.3
3629.5,-37.3,-38.1
3629.6,-36.2,-37.8
3629.7,-35.3,-37.5
3629.8,-34.5,-37.4
3629.9,-34.5,-37.3
3630.0,-35.2,-37.2
3630.1,-36.0,-37.2
3630.2,-36.6,-37.1
3630.3,-37.0,-37.0
3630.4,-37.3,-37.0
3630.5,-37.6,-37.1
3630.6,-38.3,-37.2
3630.7,-39.4,-37.4
3630.8,-40.6,-37.5
3630.9,-38.6,-37.4
3631.0,-37.5,-37.3
3631.1,-36.2,-37.2
3631.2,-35.3,-37.1
3631.3,-35.8,-37.0
3631.4,-36.1,-36.9
3631.5,-36.6,-36.8
3631.6,-35.2,-36.5
3631.7,-33.9,-36.1
3631.8,-32.9,-35.8
3631.9,-32.3,-35.7
3632.0,-32.6,-35.6
3632.1,-33.2,-35.5
3632.2,-33.7,-35.4
3632.3,-33.3,-35.2
3632.4,-33.2,-35.0
3632.5,-32.9,-34.9
3632.6,-32.9,-34.9
3632.7,-33.8,-34.9
3632.8,-34.7,-35.0
3632.9,-35.4,-35.0
3633.0,-36.2,-35.0
3633.1,-36.6,-35.0
3633.2,-37.0,-35.1
3633.3,-38.3,-35.1
3633.4,-39.8,-35.2
3633.5,-41.4,-35.2
3633.6,-36.9,-35.0
3633.7,-34.8,-34.7
3633.8,-33.4,-34.5
3633.9,-32.4,-34.4
3634.0,-32.8,-34.4
3634.1,-33.4,-34.4
3634.2,-34.1,-34.4
3634.3,-34.8,-34.3
3634.4,-35.6,-34.3
3634.5,-36.3,-34.3
3634.6,-36.9,-34.5
3634.7,-37.7,-34.7
3634.8,-38.5,-35.0
3634.9,-38.4,-35.1
3635.0,-38.2,-35.2
3635.1,-38.1,-35.3
3635.2,-38.0,-35.5
3635.3,-38.8,-35.8
3635.4,-40.0,-36.0
3635.5,-39.3,-36.2
3635.6,-36.7,-36.1
3635.7,-35.0,-36.0
3635.8,-33.8,-35.8
3635.9,-33.4,-35.8
3636.0,-33.7,-35.7
3636.1,-34.3,-35.7
3636.2,-34.9,-35.6
3636.3,-35.4,-35.5
3636.4,-35.9,-35.4
3636.5,-36.4,-35.3
3636.6,-37.2,-35.6
3636.7,-38.1,-35.9
3636.8,-38.3,-36.1
3636.9,-37.2,-36.2
3637.0,-36.1,-36.2
3637.1,-35.1,-36.2
3637.2,-34.7,-36.2
3637.3,-35.0,-36.2
3637.4,-35.6,-36.2
3637.5,-35.5,-36.1
3637.6,-35.4,-36.0
3637.7,-35.2,-35.9
3637.8,-35.2,-35.8
3637.9,-36.0,-35.9
3638.0,-36.8,-35.9
3638.1,-37.6,-35.9
3638.2,-37.9,-35.8
3638.3,-38.2,-35.8
3638.4,-38.3,-35.8
3638.5,-38.6,-35.8
3638.6,-39.3,-36.1
3638.7,-40.2,-36.3
3638.8,-38.9,-36.5
3638.9,-37.6,-36.5
3639.0,-36.3,-36.5
3639.1,-35.4,-36.5
3639.2,-35.4,-36.5
3639.3,-35.7,-36.6
3639.4,-35.6,-36.5
3639.5,-34.8,-36.3
3639.6,-33.9,-36.0
3639.7,-33.2,-35.8
3639.8,-33.0,-35.7
3639.9,-33.5,-35.7
3640.0,-34.1,-35.7
3640.1,-34.0,-35.6
3640.2,-34.0,-35.5
3640.3,-34.0,-35.5
3640.4,-33.8,-35.4
3640.5,-34.6,-35.5
3640.6,-35.3,-35.5
3640.7,-36.4,-35.6
3640.8,-37.7,-35.7
3640.9,-39.0,-35.7
3641.0,-39.9,-35.7
3641.1,-40.1,-35.8
3641.2,-40.2,-35.8
3641.3,-39.8,-35.8
3641.4,-37.4,-35.7
3641.5,-35.8,-35.5
3641.6,-34.7,-35.4
3641.7,-34.1,-35.2
3641.8,-34.3,-35.2
3641.9,-34.6,-35.2
3642.0,-33.8,-35.0
3642.1,-33.3,-34.9
3642.2,-32.8,-34.7
3642.3,-32.3,-34.6
3642.4,-32.5,-34.5
3642.5,-32.8,-34.6
3642.6,-33.1,-34.6
3642.7,-33.3,-34.6
3642.8,-33.2,-34.6
3642.9,-33.0,-34.5
3643.0,-33.0,-34.4
3643.1,-33.3,-34.5
3643.2,-33.9,-34.5
3643.3,-33.4,-34.4
3643.4,-33.0,-34.3
3643.5,-32.1,-34.1
3643.6,-30.8,-33.7
3643.7,-30.3,-33.4
3643.8,-30.2,-33.2
3643.9,-30.1,-33.0
3644.0,-30.4,-32.8
3644.1,-30.8,-32.6
3644.2,-30.6,-32.4
3644.3,-30.7,-32.2
3644.4,-31.0,-32.1
3644.5,-31.3,-32.1
3644.6,-31.7,-32.0
3644.7,-31.7,-31.9
3644.8,-31.4,-31.8
3644.9,-31.1,-31.7
3645.0,-31.1,-31.7
3645.1,-31.6,-31.7
3645.2,-31.6,-31.7
3645.3,-31.6,-31.6
3645.4,-31.2,-31.5
3645.5,-30.6,-31.4
3645.6,-30.4,-31.3
3645.7,-30.2,-31.2
3645.8,-30.0,-31.1
3645.9,-30.0,-31.0
3646.0,-30.3,-31.0
3646.1,-30.5,-30.9
3646.2,-30.9,-30.8
3646.3,-31.1,-30.8
3646.4,-30.9,-30.8
3646.5,-30.7,-30.7
3646.6,-30.4,-30.8
3646.7,-30.0,-30.8
3646.8,-29.7,-30.7
3646.9,-29.5,-30.6
3647.0,-29.0,-30.5
3647.1,-28.4,-30.4
3647.2,-27.8,-30.2
3647.3,-27.4,-30.0
3647.4,-27.2,-29.9
3647.5,-27.3,-29.7
3647.6,-27.4,-29.6
3647.7,-27.2,-29.4
3647.8,-26.7,-29.1
3647.9,-25.9,-28.8
3648.0,-24.9,-28.4
3648.1,-24.1,-28.0
3648.2,-23.7,-27.7
3648.3,-23.5,-27.4
3648.4,-23.7,-27.2
3648.5,-22.6,-26.6
3648.6,-20.6,-25.6
3648.7,-17.1,-23.7
3648.8,-14.2,-21.7
3648.9,-13.1,-20.7
3649.0,-13.1,-20.4
3649.1,-14.1,-20.3
3649.2,-16.7,-20.2
3649.3,-20.3,-20.1
3649.4,-21.7,-20.0
3649.5,-22.1,-20.0
3649.6,-22.8,-19.9
3649.7,-23.3,-19.9
3649.8,-23.8,-19.9
3649.9,-23.9,-19.8
3650.0,-23.6,-19.8
3650.1,-23.0,-19.7
3650.2,-21.5,-19.6
3650.3,-20.1,-19.4
3650.4,-19.3,-19.2
3650.5,-18.8,-19.1
3650.6,-18.9,-19.0
3650.7,-19.1,-18.9
3650.8,-19.3,-18.8
3650.9,-19.3,-18.7
3651.0,-19.6,-18.7
3651.1,-19.8,-18.6
3651.2,-19.8,-18.5
3651.3,-19.7,-18.5
3651.4,-19.5,-18.4
3651.5,-19.0,-18.3
3651.6,-18.5,-18.3
3651.7,-18.1,-18.6
3651.8,-17.5,-19.3
3651.9,-17.1,-19.7
3652.0,-16.9,-19.6
3652.1,-16.9,-19.5
3652.2,-16.9,-19.3
3652.3,-16.7,-19.1
3652.4,-16.7,-18.9
3652.5,-16.5,-18.7
3652.6,-16.4,-18.5
3652.7,-16.5,-18.3
3652.8,-16.3,-18.1
3652.9,-15.9,-17.9
3653.0,-15.6,-17.7
3653.1,-15.4,-17.5
3653.2,-15.3,-17.3
3653.3,-15.2,-17.2
3653.4,-15.4,-17.1
3653.5,-15.6,-17.0
3653.6,-16.0,-17.0
3653.7,-16.4,-16.9
3653.8,-16.5,-16.8
3653.9,-16.3,-16.7
3654.0,-16.0,-16.6
3654.1,-15.7,-16.5
3654.2,-15.4,-16.3
3654.3,-15.3,-16.2
3654.4,-15.3,-16.1
3654.5,-15.6,-16.1
3654.6,-15.8,-16.0
3654.7,-15.9,-16.0
3654.8,-15.9,-16.0
3654.9,-15.8,-15.9
3655.0,-15.8,-15.9
3655.1,-15.9,-15.9
3655.2,-16.0,-15.9
3655.3,-16.1,-15.9
3655.4,-16.2,-15.9
3655.5,-16.3,-15.8
3655.6,-16.4,-15.8
3655.7,-16.5,-15.9
3655.8,-16.6,-15.9
3655.9,-16.5,-15.9
3656.0,-16.5,-16.0
3656.1,-16.5,-16.0
3656.2,-16.5,-16.1
3656.3,-16.7,-16.1
3656.4,-16.8,-16.2
3656.5,-17.0,-16.2
3656.6,-17.4,-16.2
3656.7,-17.6,-16.2
3656.8,-17.7,-16.3
3656.9,-17.6,-16.3
3657.0,-17.4,-16.4
3657.1,-17.3,-16.4
3657.2,-17.0,-16.5
3657.3,-17.1,-16.6
3657.4,-17.1,-16.6
3657.5,-17.3,-16.7
3657.6,-17.6,-16.7
3657.7,-17.8,-16.8
3657.8,-17.9,-16.9
3657.9,-17.7,-16.9
3658.0,-17.5,-17.0
3658.1,-17.5,-17.0
3658.2,-17.5,-17.1
3658.3,-17.8,-17.2
3658.4,-18.2,-17.2
3658.5,-18.0,-17.3
3658.6,-17.9,-17.3
3658.7,-17.8,-17.4
3658.8,-17.8,-17.4
3658.9,-17.9,-17.5
3659.0,-18.2,-17.6
3659.1,-18.7,-17.6
3659.2,-19.0,-17.7
3659.3,-19.1,-17.8
3659.4,-18.8,-17.8
3659.5,-18.2,-17.8
3659.6,-17.7,-17.8
3659.7,-17.3,-17.7
3659.8,-17.1,-17.7
3659.9,-17.1,-17.7
3660.0,-17.3,-17.7
3660.1,-17.4,-17.8
3660.2,-17.7,-17.8
3660.3,-18.2,-17.9
3660.4,-18.4,-17.9
3660.5,-18.6,-17.9
3660.6,-18.6,-18.0
3660.7,-18.1,-17.9
3660.8,-17.7,-17.9
3660.9,-17.4,-17.9
3661.0,-17.2,-17.9
3661.1,-17.1,-17.9
3661.2,-17.1,-17.8
3661.3,-16.9,-17.8
3661.4,-16.4,-17.6
3661.5,-15.7,-17.5
3661.6,-14.4,-17.2
3661.7,-13.5,-16.9
3661.8,-12.9,-16.6
3661.9,-12.4,-16.3
3662.0,-12.7,-16.1
3662.1,-13.3,-16.0
3662.2,-13.9,-15.9
3662.3,-15.1,-15.9
3662.4,-16.2,-15.9
3662.5,-16.7,-15.9
3662.6,-17.4,-15.9
3662.7,-18.0,-16.0
3662.8,-18.0,-16.0
3662.9,-18.1,-16.0
3663.0,-17.9,-16.0
3663.1,-18.0,-16.0
3663.2,-18.3,-16.0
3663.3,-18.9,-16.0
3663.4,-19.2,-16.0
3663.5,-19.2,-16.1
3663.6,-19.5,-16.1
3663.7,-19.4,-16.1
3663.8,-19.5,-16.2
3663.9,-19.6,-16.2
3664.0,-19.7,-16.3
3664.1,-19.6,-16.3
3664.2,-19.3,-16.4
3664.3,-19.0,-16.4
3664.4,-18.6,-16.5
3664.5,-18.2,-16.6
3664.6,-18.1,-16.9
3664.7,-18.1,-17.2
3664.8,-18.0,-17.5
3664.9,-18.1,-17.9
3665.0,-18.1,-18.2
3665.1,-18.1,-18.3
3665.2,-18.1,-18.4
3665.3,-18.0,-18.5
3665.4,-17.7,-18.5
3665.5,-17.4,-18.4
3665.6,-17.1,-18.4
3665.7,-16.9,-18.3
3665.8,-16.8,-18.3
3665.9,-16.7,-18.2
3666.0,-16.8,-18.2
3666.1,-17.1,-18.2
3666.2,-17.6,-18.2
3666.3,-18.1,-18.1
3666.4,-18.2,-18.1
3666.5,-18.0,-18.0
3666.6,-17.6,-17.9
3666.7,-17.3,-17.9
3666.8,-17.2,-17.8
3666.9,-17.4,-17.8
3667.0,-17.9,-17.7
3667.1,-18.3,-17.7
3667.2,-18.2,-17.7
3667.3,-17.8,-17.6
3667.4,-17.2,-17.6
3667.5,-16.8,-17.5
3667.6,-16.9,-17.5
3667.7,-17.0,-17.5
3667.8,-17.0,-17.4
3667.9,-17.2,-17.4
3668.0,-17.2,-17.4
3668.1,-16.7,-17.3
3668.2,-16.8,-17.3
3668.3,-16.8,-17.3
3668.4,-16.5,-17.2
3668.5,-16.4,-17.1
3668.6,-15.7,-17.0
3668.7,-15.3,-17.0
3668.8,-15.4,-17.0
3668.9,-15.6,-17.0
3669.0,-15.7,-16.9
3669.1,-15.7,-16.8
3669.2,-15.5,-16.7
3669.3,-15.1,-16.5
3669.4,-15.1,-16.4
3669.5,-15.1,-16.4
3669.6,-15.2,-16.4
3669.7,-15.7,-16.3
3669.8,-15.6,-16.2
3669.9,-15.6,-16.2
3670.0,-15.8,-16.1
3670.1,-16.0,-16.1
3670.2,-16.9,-16.1
3670.3,-17.3,-16.1
3670.4,-17.2,-16.1
3670.5,-16.7,-16.1
3670.6,-15.6,-15.9
3670.7,-14.7,-15.8
3670.8,-14.3,-15.7
3670.9,-14.1,-15.6
3671.0,-14.2,-15.5
3671.1,-14.6,-15.5
3671.2,-14.8,-15.5
3671.3,-15.3,-15.4
3671.4,-16.0,-15.5
3671.5,-16.5,-15.5
3671.6,-17.3,-15.6
3671.7,-18.1,-15.7
3671.8,-17.6,-15.7
3671.9,-17.6,-15.7
3672.0,-17.7,-15.8
3672.1,-17.5,-15.9
3672.2,-17.5,-15.9
3672.3,-17.1,-16.0
3672.4,-16.4,-16.0
3672.5,-16.0,-16.1
3672.6,-16.1,-16.1
3672.7,-16.7,-16.1
3672.8,-17.1,-16.2
3672.9,-17.3,-16.3
3673.0,-16.9,-16.2
3673.1,-15.9,-16.1
3673.2,-15.4,-16.0
3673.3,-15.0,-16.0
3673.4,-15.0,-15.9
3673.5,-15.3,-15.9
3673.6,-15.4,-16.0
3673.7,-15.5,-16.1
3673.8,-15.7,-16.2
3673.9,-16.1,-16.3
3674.0,-16.8,-16.4
3674.1,-17.3,-16.5
3674.2,-17.1,-16.5
3674.3,-16.3,-16.4
3674.4,-15.6,-16.3
3674.5,-15.0,-16.3
3674.6,-14.7,-16.1
3674.7,-14.8,-16.0
3674.8,-14.6,-15.9
3674.9,-14.5,-15.9
3675.0,-14.8,-15.8
3675.1,-14.8,-15.6
3675.2,-15.2,-15.7
3675.3,-15.7,-15.7
3675.4,-15.8,-15.7
3675.5,-16.2,-15.7
3675.6,-16.2,-15.7
3675.7,-15.9,-15.6
3675.8,-15.8,-15.5
3675.9,-15.2,-15.4
3676.0,-15.0,-15.4
3676.1,-15.0,-15.5
3676.2,-15.0,-15.5
3676.3,-15.3,-15.5
3676.4,-15.7,-15.5
3676.5,-15.9,-15.5
3676.6,-15.8,-15.5
3676.7,-16.1,-15.6
3676.8,-16.1,-15.6
3676.9,-15.9,-15.5
3677.0,-15.8,-15.4
3677.1,-15.5,-15.4
3677.2,-15.3,-15.4
3677.3,-15.5,-15.4
3677.4,-15.9,-15.5
3677.5,-16.4,-15.5
3677.6,-17.0,-15.6
3677.7,-17.3,-15.7
3677.8,-17.7,-15.9
3677.9,-17.9,-16.0
3678.0,-17.4,-16.0
3678.1,-17.3,-16.1
3678.2,-17.3,-16.1
3678.3,-16.1,-16.0
3678.4,-16.0,-16.0
3678.5,-15.8,-16.0
3678.6,-15.8,-16.1
3678.7,-16.9,-16.1
3678.8,-17.7,-16.2
3678.9,-18.4,-16.4
3679.0,-18.7,-16.5
3679.1,-18.9,-16.6
3679.2,-18.4,-16.7
3679.3,-18.1,-16.7
3679.4,-18.0,-16.8
3679.5,-17.8,-16.9
3679.6,-17.5,-16.9
3679.7,-17.4,-16.9
3679.8,-17.2,-17.0
3679.9,-17.1,-17.0
3680.0,-17.6,-17.1
3680.1,-17.6,-17.2
3680.2,-14.8,-16.8
3680.3,-14.5,-16.8
3680.4,-13.9,-16.7
3680.5,-13.7,-16.7
3680.6,-15.2,-16.6
3680.7,-15.2,-16.5
3680.8,-15.2,-16.4
3680.9,-15.3,-16.3
3681.0,-15.6,-16.3
3681.1,-15.7,-16.3
3681.2,-16.2,-16.2
3681.3,-16.5,-16.4
3681.4,-16.7,-16.4
3681.5,-17.1,-16.5
3681.6,-17.3,-16.4
3681.7,-17.0,-16.4
3681.8,-16.9,-16.3
3681.9,-16.9,-16.3
3682.0,-16.8,-16.2
3682.1,-15.9,-16.1
3682.2,-15.0,-15.9
3682.3,-14.7,-15.9
3682.4,-14.7,-15.8
3682.5,-15.8,-15.8
3682.6,-16.6,-15.8
3682.7,-17.0,-15.8
3682.8,-17.1,-15.8
3682.9,-16.2,-15.7
3683.0,-16.5,-15.7
3683.1,-16.4,-15.7
3683.2,-16.1,-16.0
3683.3,-16.3,-16.0
3683.4,-15.8,-16.0
3683.5,-15.6,-16.1
3683.6,-15.7,-16.1
3683.7,-15.7,-16.1
3683.8,-15.8,-16.1
3683.9,-15.6,-16.1
3684.0,-15.2,-16.1
3684.1,-15.0,-16.0
3684.2,-14.8,-15.9
3684.3,-14.7,-15.9
3684.4,-14.9,-15.8
3684.5,-15.1,-15.7
3684.6,-15.5,-15.7
3684.7,-16.1,-15.8
3684.8,-16.9,-15.8
3684.9,-17.8,-15.8
3685.0,-18.8,-15.9
3685.1,-19.4,-16.1
3685.2,-20.1,-16.3
3685.3,-20.0,-16.4
3685.4,-20.0,-16.4
3685.5,-20.0,-16.5
3685.6,-20.0,-16.6
3685.7,-20.0,-16.6
3685.8,-20.1,-16.7
3685.9,-20.2,-16.9
3686.0,-20.2,-17.0
3686.1,-20.8,-17.1
3686.2,-21.2,-17.2
3686.3,-21.7,-17.4
3686.4,-22.2,-17.6
3686.5,-21.8,-17.7
3686.6,-21.7,-17.9
3686.7,-21.6,-18.0
3686.8,-21.6,-18.3
3686.9,-21.6,-18.5
3687.0,-21.4,-18.8
3687.1,-20.9,-19.0
3687.2,-20.8,-19.4
3687.3,-21.2,-19.7
3687.4,-21.7,-20.1
3687.5,-22.4,-20.4
3687.6,-22.7,-20.7
3687.7,-22.3,-20.8
3687.8,-21.7,-21.0
3687.9,-21.5,-21.0
3688.0,-21.2,-21.1
3688.1,-21.1,-21.1
3688.2,-20.6,-21.0
3688.3,-19.9,-21.0
3688.4,-19.2,-20.9
3688.5,-19.0,-20.9
3688.6,-18.8,-20.8
3688.7,-19.5,-20.9
3688.8,-20.2,-21.0
3688.9,-20.4,-20.9
3689.0,-21.0,-20.9
3689.1,-20.8,-20.9
3689.2,-20.6,-20.9
3689.3,-20.6,-20.8
3689.4,-20.5,-20.7
3689.5,-20.6,-20.8
3689.6,-20.8,-20.8
3689.7,-20.9,-20.7
3689.8,-21.0,-20.7
3689.9,-21.2,-20.7
3690.0,-21.1,-20.7
3690.1,-20.8,-20.7
3690.2,-20.9,-20.7
3690.3,-20.8,-20.7
3690.4,-20.6,-20.6
3690.5,-20.5,-20.5
3690.6,-20.5,-20.4
3690.7,-20.4,-20.5
3690.8,-20.6,-20.5
3690.9,-21.1,-20.5
3691.0,-21.5,-20.5
3691.1,-15.5,-19.3
3691.2,-15.1,-19.2
3691.3,-14.9,-19.3
3691.4,-14.9,-19.3
3691.5,-19.6,-19.4
3691.6,-20.8,-19.5
3691.7,-21.1,-19.4
3691.8,-21.2,-19.4
3691.9,-21.4,-19.5
3692.0,-21.7,-19.5
3692.1,-22.3,-19.6
3692.2,-22.6,-19.6
3692.3,-22.9,-19.7
3692.4,-23.2,-19.7
3692.5,-23.4,-19.8
3692.6,-23.4,-19.8
3692.7,-23.6,-19.9
3692.8,-23.9,-20.0
3692.9,-24.0,-20.0
3693.0,-24.7,-20.1
3693.1,-25.1,-20.2
3693.2,-25.7,-20.3
3693.3,-26.5,-20.4
3693.4,-26.3,-20.4
3693.5,-26.4,-20.6
3693.6,-26.1,-20.7
3693.7,-26.3,-20.8
3693.8,-26.6,-20.9
3693.9,-26.7,-21.0
3694.0,-26.2,-21.0
3694.1,-26.2,-23.1
3694.2,-25.8,-23.6
3694.3,-25.2,-23.9
3694.4,-25.6,-24.0
3694.5,-25.0,-24.2
3694.6,-25.4,-24.4
3694.7,-25.3,-24.6
3694.8,-25.1,-24.7
3694.9,-25.4,-24.9
3695.0,-24.8,-25.0
3695.1,-25.7,-25.2
3695.2,-25.7,-25.2
3695.3,-25.0,-25.2
3695.4,-25.1,-25.3
3695.5,-24.5,-25.4
3695.6,-24.1,-25.4
3695.7,-24.1,-25.3
3695.8,-23.9,-25.3
3695.9,-23.6,-25.3
3696.0,-23.9,-25.3
3696.1,-24.0,-25.1
3696.2,-23.8,-25.0
3696.3,-24.0,-25.0
3696.4,-23.8,-24.9
3696.5,-24.3,-24.9
3696.6,-24.0,-24.7
3696.7,-23.9,-24.7
3696.8,-23.6,-24.5
3696.9,-22.9,-24.4
3697.0,-23.0,-24.3
3697.1,-22.4,-24.1
3697.2,-22.6,-24.1
3697.3,-22.5,-24.0
3697.4,-22.5,-23.9
3697.5,-22.9,-23.8
3697.6,-22.5,-23.7
3697.7,-23.2,-23.7
3697.8,-22.9,-23.6
3697.9,-23.0,-23.5
3698.0,-20.5,-23.0
3698.1,-20.1,-22.8
3698.2,-20.3,-22.8
3698.3,-19.8,-22.7
3698.4,-21.7,-22.6
3698.5,-21.9,-22.5
3698.6,-21.5,-22.5
3698.7,-22.2,-22.5
3698.8,-22.1,-22.4
3698.9,-22.0,-22.3
3699.0,-22.2,-22.3
3699.1,-21.8,-22.2
3699.2,-22.1,-22.2
3699.3,-21.8,-22.1
3699.4,-22.1,-22.1
3699.5,-22.4,-22.0
3699.6,-22.1,-22.0
3699.7,-22.5,-21.9
3699.8,-22.3,-21.9
3699.9,-22.5,-22.0
3700.0,-22.8,-22.0
3700.1,-22.5,-22.0
3700.2,-22.8,-21.9
3700.3,-22.2,-21.9
3700.4,-22.0,-21.9
3700.5,-22.0,-21.9
3700.6,-21.4,-21.8
3700.7,-21.6,-21.7
3700.8,-21.3,-21.7
3700.9,-21.2,-21.6
3701.0,-21.6,-22.0
3701.1,-21.5,-22.0
3701.2,-22.2,-22.0
3701.3,-21.9,-22.0
3701.4,-21.7,-22.0
3701.5,-21.7,-22.0
3701.6,-21.2,-22.0
3701.7,-21.6,-21.9
3701.8,-21.1,-21.8
3701.9,-21.1,-21.8
3702.0,-20.8,-21.8
3702.1,-20.5,-21.7
3702.2,-20.9,-21.7
3702.3,-20.4,-21.6
3702.4,-20.9,-21.6
3702.5,-20.5,-21.4
3702.6,-20.4,-21.4
3702.7,-20.4,-21.3
3702.8,-20.0,-21.2
3702.9,-20.5,-21.2
3703.0,-20.1,-21.1
3703.1,-20.0,-21.0
3703.2,-20.1,-20.9
3703.3,-19.6,-20.8
3703.4,-20.2,-20.8
3703.5,-20.2,-20.8
3703.6,-20.1,-20.7
3703.7,-20.4,-20.7
3703.8,-19.7,-20.6
3703.9,-19.9,-20.6
3704.0,-19.8,-20.5
3704.1,-19.5,-20.4
3704.2,-19.8,-20.3
3704.3,-19.3,-20.2
3704.4,-19.5,-20.2
3704.5,-19.4,-20.1
3704.6,-19.8,-20.1
3704.7,-20.3,-20.1
3704.8,-19.8,-20.1
3704.9,-20.2,-20.0
3705.0,-19.8,-20.0
3705.1,-19.8,-20.0
3705.2,-20.2,-20.0
3705.3,-19.4,-19.9
3705.4,-19.5,-19.8
3705.5,-18.6,-19.7
3705.6,-18.4,-19.7
3705.7,-18.5,-19.6
3705.8,-18.2,-19.6
3705.9,-18.9,-19.5
3706.0,-18.5,-19.4
3706.1,-18.6,-19.4
3706.2,-18.7,-19.4
3706.3,-18.6,-19.4
3706.4,-19.4,-19.3
3706.5,-18.8,-19.2
3706.6,-18.7,-19.2
3706.7,-18.5,-19.1
3706.8,-18.1,-19.1
3706.9,-18.7,-19.1
3707.0,-18.4,-19.0
3707.1,-18.5,-19.0
3707.2,-18.3,-18.9
3707.3,-18.0,-18.9
3707.4,-18.3,-18.8
3707.5,-18.3,-18.8
3707.6,-18.7,-18.8
3707.7,-19.0,-18.7
3707.8,-18.8,-18.7
3707.9,-18.7,-18.7
3708.0,-18.6,-18.6
3708.1,-18.3,-18.6
3708.2,-18.4,-18.5
3708.3,-18.4,-18.5
3708.4,-18.3,-18.5
3708.5,-18.3,-18.5
3708.6,-18.6,-18.5
3708.7,-18.4,-18.5
3708.8,-18.3,-18.5
3708.9,-18.6,-18.5
3709.0,-18.3,-18.5
3709.1,-18.2,-18.4
3709.2,-17.9,-18.4
3709.3,-17.9,-18.4
3709.4,-17.9,-18.3
3709.5,-18.3,-18.4
3709.6,-18.3,-18.4
3709.7,-18.2,-18.4
3709.8,-18.6,-18.4
3709.9,-18.3,-18.3
3710.0,-18.5,-18.4
3710.1,-18.5,-18.4
3710.2,-18.1,-18.4
3710.3,-18.4,-18.4
3710.4,-18.2,-18.4
3710.5,-18.0,-18.3
3710.6,-17.9,-18.3
3710.7,-17.7,-18.2
3710.8,-17.5,-18.2
3710.9,-17.4,-18.1
3711.0,-17.1,-18.0
3711.1,-17.0,-18.0
3711.2,-16.9,-18.0
3711.3,-16.9,-17.9
3711.4,-17.1,-17.9
3711.5,-16.9,-17.8
3711.6,-17.0,-17.8
3711.7,-17.2,-17.8
3711.8,-17.1,-17.7
3711.9,-16.8,-17.6
3712.0,-16.8,-17.5
3712.1,-16.7,-17.6
3712.2,-16.5,-17.5
3712.3,-16.5,-17.4
3712.4,-16.3,-17.3
3712.5,-16.3,-17.3
3712.6,-16.7,-17.3
3712.7,-16.4,-17.1
3712.8,-16.7,-17.1
3712.9,-16.4,-17.0
3713.0,-15.8,-16.9
3713.1,-16.5,-16.9
3713.2,-16.8,-16.9
3713.3,-16.7,-16.9
3713.4,-16.9,-16.8
3713.5,-16.9,-16.8
3713.6,-16.8,-16.8
3713.7,-16.8,-16.7
3713.8,-17.1,-16.7
3713.9,-17.2,-16.8
3714.0,-17.3,-16.8
3714.1,-17.3,-16.8
3714.2,-17.3,-16.8
3714.3,-17.3,-16.8
3714.4,-17.2,-16.8
3714.5,-17.1,-16.8
3714.6,-17.0,-16.8
3714.7,-16.9,-16.8
3714.8,-16.6,-16.8
3714.9,-16.6,-16.8
3715.0,-16.7,-16.8
3715.1,-16.6,-16.8
3715.2,-16.5,-16.7
3715.3,-16.4,-16.8
3715.4,-16.4,-16.8
3715.5,-16.3,-16.8
3715.6,-16.2,-16.7
3715.7,-16.3,-16.7
3715.8,-16.4,-16.7
3715.9,-16.4,-16.8
3716.0,-16.5,-16.8
3716.1,-16.5,-16.7
3716.2,-16.6,-16.7
3716.3,-16.8,-16.8
3716.4,-16.8,-16.8
3716.5,-16.9,-16.7
3716.6,-17.0,-16.7
3716.7,-17.1,-16.8
3716.8,-17.1,-16.8
3716.9,-17.3,-16.8
3717.0,-17.5,-16.8
3717.1,-17.4,-16.8
3717.2,-17.4,-16.8
3717.3,-17.4,-16.8
3717.4,-17.3,-16.8
3717.5,-17.3,-16.8
3717.6,-17.3,-16.8
3717.7,-17.5,-16.8
3717.8,-17.3,-16.9
3717.9,-17.8,-17.0
3718.0,-18.5,-17.0
3718.1,-18.1,-17.0
3718.2,-18.4,-17.1
3718.3,-18.0,-17.2
3718.4,-18.2,-17.3
3718.5,-18.7,-17.3
3718.6,-18.3,-17.4
3718.7,-18.7,-17.5
3718.8,-17.8,-17.5
3718.9,-17.8,-17.5
3719.0,-17.6,-17.6
3719.1,-17.4,-17.6
3719.2,-18.0,-17.7
3719.3,-17.5,-17.6
3719.4,-17.9,-17.7
3719.5,-17.6,-17.7
3719.6,-17.7,-17.8
3719.7,-18.1,-17.8
3719.8,-17.8,-17.8
3719.9,-18.3,-17.9
3720.0,-17.9,-17.8
3720.1,-18.3,-17.9
3720.2,-18.6,-18.0
3720.3,-17.9,-17.9
3720.4,-18.3,-18.0
3720.5,-17.7,-17.9
3720.6,-17.9,-18.0
3720.7,-18.2,-18.0
3720.8,-17.8,-18.0
3720.9,-17.9,-18.0
3721.0,-17.4,-17.9
3721.1,-17.7,-18.0
3721.2,-17.8,-17.9
3721.3,-17.7,-17.9
3721.4,-18.7,-18.0
3721.5,-18.4,-17.9
3721.6,-18.3,-17.9
3721.7,-18.7,-17.9
3721.8,-18.3,-18.0
3721.9,-18.9,-18.1
3722.0,-18.8,-18.1
3722.1,-18.7,-18.1
3722.2,-18.5,-18.1
3722.3,-17.7,-18.1
3722.4,-18.1,-18.1
3722.5,-17.9,-18.2
3722.6,-17.8,-18.1
3722.7,-18.3,-18.1
3722.8,-18.0,-18.2
3722.9,-18.2,-18.1
3723.0,-18.3,-18.2
3723.1,-18.5,-18.2
3723.2,-18.7,-18.2
3723.3,-18.3,-18.2
3723.4,-18.6,-18.2
3723.5,-18.1,-18.2
3723.6,-18.5,-18.2
3723.7,-18.5,-18.2
3723.8,-18.2,-18.3
3723.9,-18.6,-18.3
3724.0,-17.9,-18.3
3724.1,-18.5,-18.3
3724.2,-18.3,-18.3
3724.3,-18.1,-18.4
3724.4,-18.6,-18.3
3724.5,-18.1,-18.3
3724.6,-18.5,-18.4
3724.7,-18.2,-18.3
3724.8,-18.3,-18.3
3724.9,-18.6,-18.3
3725.0,-18.2,-18.3
3725.1,-18.6,-18.3
3725.2,-18.4,-18.3
3725.3,-18.4,-18.4
3725.4,-19.2,-18.4
3725.5,-18.1,-18.3
3725.6,-18.1,-18.3
3725.7,-17.5,-18.3
3725.8,-17.1,-18.3
3725.9,-17.5,-18.2
3726.0,-17.3,-18.2
3726.1,-17.7,-18.1
3726.2,-17.5,-18.1
3726.3,-17.7,-18.1
3726.4,-17.9,-18.1
3726.5,-17.9,-18.1
3726.6,-18.9,-18.2
3726.7,-18.8,-18.2
3726.8,-19.0,-18.2
3726.9,-19.7,-18.2
3727.0,-19.4,-18.3
3727.1,-20.1,-18.3
3727.2,-19.3,-18.3
3727.3,-19.1,-18.4
3727.4,-19.2,-18.4
3727.5,-18.5,-18.4
3727.6,-19.3,-18.4
3727.7,-18.6,-18.4
3727.8,-18.5,-18.4
3727.9,-18.5,-18.4
3728.0,-18.1,-18.4
3728.1,-18.4,-18.4
3728.2,-18.3,-18.4
3728.3,-19.3,-18.5
3728.4,-19.8,-18.5
3728.5,-19.8,-18.6
3728.6,-20.5,-18.7
3728.7,-19.8,-18.8
3728.8,-20.4,-18.9
3728.9,-20.4,-19.0
3729.0,-19.4,-19.0
3729.1,-19.6,-19.1
3729.2,-18.8,-19.1
3729.3,-19.1,-19.2
3729.4,-19.7,-19.3
3729.5,-19.8,-19.3
3729.6,-20.7,-19.3
3729.7,-17.5,-19.0
3729.8,-17.1,-18.9
3729.9,-17.1,-18.9
3730.0,-16.9,-18.9
3730.1,-19.5,-18.9
3730.2,-20.2,-19.0
3730.3,-20.2,-19.0
3730.4,-20.2,-19.0
3730.5,-20.2,-19.1
3730.6,-20.3,-19.1
3730.7,-20.1,-19.2
3730.8,-20.2,-19.3
3730.9,-20.0,-19.3
3731.0,-20.2,-19.4
3731.1,-20.0,-19.4
3731.2,-18.8,-19.3
3731.3,-18.9,-19.3
3731.4,-18.7,-19.3
3731.5,-18.8,-19.3
3731.6,-19.5,-19.2
3731.7,-19.6,-19.2
3731.8,-19.6,-19.2
3731.9,-19.7,-19.2
3732.0,-19.7,-19.3
3732.1,-19.6,-19.2
3732.2,-19.5,-19.3
3732.3,-19.2,-19.2
3732.4,-19.4,-19.2
3732.5,-19.6,-19.2
3732.6,-19.3,-19.1
3732.7,-19.1,-19.5
3732.8,-18.9,-19.6
3732.9,-18.4,-19.5
3733.0,-18.2,-19.4
3733.1,-18.5,-19.3
3733.2,-18.4,-19.3
3733.3,-18.3,-19.2
3733.4,-18.6,-19.2
3733.5,-18.5,-19.1
3733.6,-18.7,-19.1
3733.7,-19.0,-19.1
3733.8,-18.2,-18.9
3733.9,-18.1,-18.9
3734.0,-18.2,-18.9
3734.1,-18.3,-18.9
3734.2,-18.9,-18.9
3734.3,-19.1,-18.9
3734.4,-19.0,-18.9
3734.5,-19.3,-18.9
3734.6,-19.7,-18.9
3734.7,-19.6,-18.9
3734.8,-20.1,-18.9
3734.9,-19.5,-18.9
3735.0,-19.9,-19.0
3735.1,-20.7,-19.0
3735.2,-20.8,-19.1
3735.3,-21.0,-19.1
3735.4,-21.4,-19.1
3735.5,-21.6,-19.2
3735.6,-21.9,-19.3
3735.7,-22.2,-19.4
3735.8,-22.7,-19.5
3735.9,-22.8,-19.7
3736.0,-22.7,-19.8
3736.1,-23.0,-19.9
3736.2,-23.0,-20.0
3736.3,-22.9,-20.2
3736.4,-22.9,-20.4
3736.5,-23.3,-20.5
3736.6,-23.5,-20.6
3736.7,-23.5,-20.8
3736.8,-23.5,-21.1
3736.9,-23.9,-21.3
3737.0,-24.1,-21.4
3737.1,-24.2,-21.6
3737.2,-24.4,-21.8
3737.3,-24.6,-22.0
3737.4,-24.7,-22.2
3737.5,-24.6,-22.3
3737.6,-25.0,-22.6
3737.7,-25.3,-22.8
3737.8,-25.6,-23.0
3737.9,-26.1,-23.3
3738.0,-26.6,-23.5
3738.1,-27.1,-23.6
3738.2,-27.5,-23.8
3738.3,-28.0,-24.2
3738.4,-28.2,-24.3
3738.5,-25.1,-24.2
3738.6,-22.5,-23.9
3738.7,-21.1,-23.9
3738.8,-20.2,-23.7
3738.9,-20.3,-23.6
3739.0,-21.0,-23.6
3739.1,-20.9,-23.5
3739.2,-20.2,-23.2
3739.3,-19.9,-23.0
3739.4,-19.5,-22.9
3739.5,-19.5,-22.7
3739.6,-20.2,-22.6
3739.7,-20.4,-22.5
3739.8,-20.8,-22.4
3739.9,-21.4,-22.4
3740.0,-21.7,-22.3
3740.1,-22.4,-22.3
3740.2,-23.1,-22.3
3740.3,-24.2,-22.3
3740.4,-23.8,-22.2
3740.5,-23.1,-22.1
3740.6,-22.2,-22.0
3740.7,-21.5,-21.9
3740.8,-21.7,-21.9
3740.9,-22.1,-21.8
3741.0,-21.8,-21.6
3741.1,-21.4,-21.5
3741.2,-21.0,-21.4
3741.3,-20.8,-21.2
3741.4,-21.4,-21.2
3741.5,-22.0,-21.2
3741.6,-22.5,-21.4
3741.7,-23.0,-21.5
3741.8,-23.2,-21.6
3741.9,-23.6,-21.6
3742.0,-24.3,-21.7
3742.1,-24.8,-21.9
3742.2,-25.0,-22.1
3742.3,-24.8,-22.3
3742.4,-22.8,-22.2
3742.5,-21.6,-22.3
3742.6,-21.4,-22.3
3742.7,-21.5,-22.5
3742.8,-22.4,-22.5
3742.9,-23.7,-22.6
3743.0,-24.0,-22.6
3743.1,-23.6,-22.6
3743.2,-23.0,-22.5
3743.3,-21.7,-22.3
3743.4,-21.5,-22.3
3743.5,-21.8,-22.4
3743.6,-22.6,-22.5
3743.7,-24.6,-22.7
3743.8,-25.8,-22.8
3743.9,-26.4,-22.8
3744.0,-26.6,-23.0
3744.1,-26.2,-23.2
3744.2,-25.9,-23.4
3744.3,-25.9,-23.5
3744.4,-26.1,-23.6
3744.5,-26.6,-23.7
3744.6,-26.7,-23.8
3744.7,-25.1,-23.8
3744.8,-22.8,-23.6
3744.9,-21.4,-23.4
3745.0,-20.1,-23.1
3745.1,-19.9,-22.9
3745.2,-20.1,-22.8
3745.3,-20.1,-22.6
3745.4,-20.2,-22.6
3745.5,-19.9,-22.6
3745.6,-19.8,-22.4
3745.7,-19.9,-22.3
3745.8,-20.1,-22.2
3745.9,-19.8,-22.0
3746.0,-19.4,-21.7
3746.1,-18.9,-21.5
3746.2,-18.6,-21.4
3746.3,-18.4,-21.3
3746.4,-17.9,-21.0
3746.5,-17.9,-20.8
3746.6,-17.6,-20.5
3746.7,-17.4,-20.3
3746.8,-17.4,-20.0
3746.9,-17.4,-19.8
3747.0,-16.9,-19.5
3747.1,-16.7,-19.3
3747.2,-16.4,-19.0
3747.3,-15.9,-18.7
3747.4,-15.3,-18.3
3747.5,-14.4,-17.9
3747.6,-13.5,-17.4
3747.7,-12.8,-17.0
3747.8,-12.6,-16.7
3747.9,-12.7,-16.5
3748.0,-12.9,-16.2
3748.1,-13.3,-16.0
3748.2,-12.9,-15.7
3748.3,-12.5,-15.4
3748.4,-12.6,-15.2
3748.5,-12.7,-15.1
3748.6,-13.8,-15.1
3748.7,-15.3,-15.0
3748.8,-16.8,-15.0
3748.9,-18.2,-15.0
3749.0,-19.5,-15.1
3749.1,-20.7,-15.1
3749.2,-21.9,-15.2
3749.3,-23.2,-15.2
3749.4,-24.4,-15.3
3749.5,-25.9,-15.4
3749.6,-26.4,-15.5
3749.7,-27.6,-15.5
3749.8,-29.4,-15.7
3749.9,-29.9,-15.7
3750.0,-30.0,-15.9
3750.1,-28.3,-16.0
3750.2,-27.5,-16.1
3750.3,-27.8,-16.3
3750.4,-28.6,-16.6
3750.5,-31.3,-16.9
3750.6,-34.4,-17.3
3750.7,-35.9,-17.8
3750.8,-36.7,-18.3
3750.9,-37.2,-18.7
3751.0,-37.9,-19.3
3751.1,-38.6,-19.9
3751.2,-39.3,-20.9
3751.3,-40.0,-22.4
3751.4,-41.0,-23.6
3751.5,-41.8,-24.9
3751.6,-42.3,-26.1
3751.7,-42.8,-27.2
3751.8,-36.4,-28.1
3751.9,-36.4,-29.1
3752.0,-33.8,-29.9
3752.1,-32.3,-30.7
3752.2,-30.7,-30.9
3752.3,-30.1,-31.4
3752.4,-31.1,-32.0
3752.5,-32.3,-32.3
3752.6,-38.7,-32.8
3752.7,-40.1,-32.9
3752.8,-33.5,-32.7
3752.9,-33.0,-32.9
3753.0,-31.4,-33.1
3753.1,-31.9,-34.0
3753.2,-34.7,-34.6
3753.3,-34.7,-34.8
3753.4,-37.8,-34.8
3753.5,-38.1,-34.9
3753.6,-37.2,-34.9
3753.7,-38.7,-35.0
3753.8,-40.3,-35.0
3753.9,-41.0,-35.1
3754.0,-53.4,-35.2
3754.1,-53.5,-35.2
3754.2,-54.2,-35.3
3754.3,-48.8,-35.3
3754.4,-47.5,-35.3
3754.5,-45.8,-35.3
3754.6,-44.8,-35.3
3754.7,-45.7,-35.3
3754.8,-45.7,-35.7
3754.9,-47.5,-35.7
3755.0,-37.5,-35.8
3755.1,-36.9,-36.2
3755.2,-36.6,-37.4
3755.3,-36.3,-37.7
3755.4,-41.4,-37.7
3755.5,-38.7,-37.4
3755.6,-35.2,-36.9
3755.7,-31.7,-36.1
3755.8,-29.1,-35.7
3755.9,-27.6,-34.6
3756.0,-27.8,-34.8
3756.1,-28.7,-34.7
3756.2,-29.4,-34.2
3756.3,-32.5,-34.2
3756.4,-30.8,-33.7
3756.5,-29.9,-33.4
3756.6,-30.3,-33.2
3756.7,-29.7,-33.0
3756.8,-30.0,-32.7
3756.9,-30.8,-32.6
3757.0,-31.0,-32.3
3757.1,-31.4,-32.2
3757.2,-32.3,-32.1
3757.3,-31.9,-31.9
3757.4,-33.2,-31.9
3757.5,-32.8,-31.8
3757.6,-34.0,-31.8
3757.7,-35.8,-31.7
3757.8,-36.2,-31.7
3757.9,-37.9,-31.6
3758.0,-36.9,-31.7
3758.1,-35.4,-31.7
3758.2,-35.5,-31.6
3758.3,-36.1,-31.6
3758.4,-37.1,-31.6
3758.5,-40.2,-31.7
3758.6,-43.1,-31.9
3758.7,-44.4,-32.2
3758.8,-45.4,-32.8
3758.9,-45.5,-33.5
3759.0,-39.2,-33.5
3759.1,-33.1,-33.1
3759.2,-32.0,-33.4
3759.3,-31.6,-33.3
3759.4,-32.0,-33.8
3759.5,-35.7,-34.1
3759.6,-38.3,-34.5
3759.7,-41.0,-34.8
3759.8,-42.7,-35.3
3759.9,-45.6,-35.5
3760.0,-36.1,-35.6
3760.1,-29.2,-34.0
3760.2,-27.9,-33.7
3760.3,-27.6,-33.7
3760.4,-27.9,-33.7
3760.5,-31.3,-33.7
3760.6,-33.7,-33.6
3760.7,-33.4,-33.5
3760.8,-33.3,-33.4
3760.9,-33.9,-33.4
3761.0,-34.6,-33.4
3761.1,-36.0,-33.5
3761.2,-37.3,-33.5
3761.3,-37.2,-33.5
3761.4,-36.5,-33.4
3761.5,-36.6,-33.4
3761.6,-37.1,-33.3
3761.7,-38.0,-33.3
3761.8,-38.4,-33.3
3761.9,-38.6,-33.2
3762.0,-40.0,-33.3
3762.1,-40.5,-33.8
3762.2,-41.2,-34.0
3762.3,-42.9,-34.1
3762.4,-43.1,-34.1
3762.5,-37.5,-34.0
3762.6,-30.6,-33.0
3762.7,-27.4,-32.1
3762.8,-26.5,-31.7
3762.9,-26.7,-31.6
3763.0,-28.3,-31.8
3763.1,-31.1,-32.5
3763.2,-33.6,-32.9
3763.3,-34.2,-33.0
3763.4,-35.1,-33.1
3763.5,-34.8,-32.9
3763.6,-34.0,-32.9
3763.7,-33.4,-33.0
3763.8,-30.4,-32.6
3763.9,-28.7,-32.0
3764.0,-29.1,-32.0
3764.1,-29.3,-32.0
3764.2,-31.3,-32.1
3764.3,-38.4,-32.0
3764.4,-31.7,-31.6
3764.5,-28.7,-31.1
3764.6,-28.7,-31.1
3764.7,-28.8,-31.1
3764.8,-29.7,-30.9
3764.9,-32.2,-30.7
3765.0,-30.9,-30.6
3765.1,-30.7,-30.5
3765.2,-31.1,-30.4
3765.3,-32.2,-30.4
3765.4,-32.9,-30.3
3765.5,-33.6,-30.4
3765.6,-34.7,-30.8
3765.7,-33.9,-31.4
3765.8,-31.8,-31.4
3765.9,-31.6,-31.4
3766.0,-31.7,-31.4
3766.1,-32.4,-31.6
3766.2,-36.8,-31.6
3766.3,-36.9,-31.5
3766.4,-35.9,-31.4
3766.5,-35.1,-31.6
3766.6,-30.7,-31.2
3766.7,-29.6,-31.0
3766.8,-29.9,-31.3
3766.9,-30.1,-31.9
3767.0,-32.7,-31.8
3767.1,-35.3,-31.8
3767.2,-36.2,-31.7
3767.3,-35.9,-31.8
3767.4,-37.9,-32.3
3767.5,-38.7,-33.0
3767.6,-36.5,-32.8
3767.7,-32.4,-32.5
3767.8,-31.5,-32.7
3767.9,-31.6,-32.9
3768.0,-32.5,-33.1
3768.1,-36.9,-33.2
3768.2,-36.0,-33.3
3768.3,-31.3,-32.7
3768.4,-30.4,-32.7
3768.5,-30.4,-32.7
3768.6,-29.1,-32.3
3768.7,-30.8,-32.3
3768.8,-31.1,-32.5
3768.9,-30.4,-32.4
3769.0,-33.2,-32.5
3769.1,-31.5,-32.1
3769.2,-31.0,-32.0
3769.3,-30.9,-31.9
3769.4,-30.6,-31.9
3769.5,-31.7,-31.8
3769.6,-32.0,-32.2
3769.7,-31.8,-32.3
3769.8,-32.4,-32.3
3769.9,-33.7,-32.3
3770.0,-35.4,-32.4
3770.1,-41.6,-32.5
3770.2,-30.7,-31.8
3770.3,-28.8,-31.4
3770.4,-28.4,-31.3
3770.5,-27.7,-31.1
3770.6,-30.5,-31.2
3770.7,-33.6,-31.5
3770.8,-35.2,-31.6
3770.9,-41.9,-31.6
3771.0,-43.7,-31.6
3771.1,-47.4,-31.7
3771.2,-32.4,-31.3
3771.3,-31.3,-31.6
3771.4,-30.2,-31.6
3771.5,-27.9,-31.1
3771.6,-28.6,-31.2
3771.7,-28.8,-31.2
3771.8,-29.4,-31.3
3771.9,-33.0,-31.4
3772.0,-31.3,-31.0
3772.1,-31.1,-31.2
3772.2,-31.3,-31.3
3772.3,-30.8,-31.4
3772.4,-34.6,-31.4
3772.5,-36.9,-31.6
3772.6,-37.2,-31.7
3772.7,-33.9,-31.6
3772.8,-31.2,-31.3
3772.9,-31.2,-31.3
3773.0,-30.0,-31.1
3773.1,-31.5,-31.1
3773.2,-33.1,-31.6
3773.3,-31.5,-31.8
3773.4,-33.3,-31.9
3773.5,-32.7,-32.0
3773.6,-33.9,-32.0
3773.7,-37.1,-32.0
3773.8,-36.6,-32.0
3773.9,-39.0,-32.0
3774.0,-34.9,-31.7
3774.1,-33.6,-31.6
3774.2,-32.8,-32.0
3774.3,-32.2,-32.1
3774.4,-32.6,-32.1
3774.5,-33.6,-32.8
3774.6,-34.5,-33.1
3774.7,-33.3,-33.0
3774.8,-30.8,-32.4
3774.9,-30.5,-32.4
3775.0,-30.6,-33.0
3775.1,-30.1,-32.8
3775.2,-33.6,-32.8
3775.3,-33.8,-32.8
3775.4,-33.8,-32.9
3775.5,-38.4,-32.9
3775.6,-34.8,-32.6
3775.7,-34.4,-32.9
3775.8,-34.7,-33.4
3775.9,-34.9,-33.4
3776.0,-39.9,-33.7
3776.1,-49.7,-33.7
3776.2,-50.4,-34.0
3776.3,-33.8,-33.8
3776.4,-31.5,-33.4
3776.5,-30.7,-33.3
3776.6,-30.3,-33.3
3776.7,-31.9,-33.2
3776.8,-34.2,-33.2
3776.9,-31.6,-32.7
3777.0,-30.8,-32.7
3777.1,-30.9,-32.7
3777.2,-30.9,-32.8
3777.3,-33.8,-32.9
3777.4,-33.5,-32.8
3777.5,-33.8,-32.8
3777.6,-33.7,-32.8
3777.7,-33.9,-32.9
3777.8,-35.6,-33.5
3777.9,-35.9,-33.5
3778.0,-36.4,-33.5
3778.1,-36.5,-33.9
3778.2,-39.0,-33.9
3778.3,-42.2,-34.0
3778.4,-42.2,-34.0
3778.5,-43.8,-34.0
3778.6,-45.7,-34.4
3778.7,-46.1,-34.5
3778.8,-46.4,-34.5
3778.9,-47.0,-34.5
3779.0,-46.4,-34.5
3779.1,-32.1,-33.6
3779.2,-29.9,-33.1
3779.3,-29.7,-33.6
3779.4,-27.1,-32.8
3779.5,-27.5,-32.5
3779.6,-27.3,-32.1
3779.7,-27.3,-32.2
3779.8,-28.8,-31.9
3779.9,-29.8,-32.2
3780.0,-29.6,-31.9
3780.1,-29.3,-31.9
3780.2,-29.5,-31.6
3780.3,-29.6,-31.6
3780.4,-31.3,-31.6
3780.5,-31.6,-31.6
3780.6,-31.8,-31.4
3780.7,-30.8,-31.3
3780.8,-31.4,-31.3
3780.9,-31.5,-31.3
3781.0,-31.8,-31.1
3781.1,-33.1,-31.1
3781.2,-33.1,-31.0
3781.3,-33.2,-31.0
3781.4,-35.6,-31.0
3781.5,-36.3,-30.9
3781.6,-38.1,-30.9
3781.7,-39.3,-30.9
3781.8,-39.6,-30.9
3781.9,-41.0,-30.9
3782.0,-40.6,-30.9
3782.1,-37.7,-31.2
3782.2,-34.4,-31.4
3782.3,-33.9,-31.4
3782.4,-31.7,-31.9
3782.5,-31.5,-32.1
3782.6,-30.9,-32.3
3782.7,-30.7,-32.3
3782.8,-32.6,-32.6
3782.9,-33.0,-32.7
3783.0,-34.8,-33.1
3783.1,-33.0,-33.0
3783.2,-31.6,-33.1
3783.3,-31.2,-33.0
3783.4,-30.1,-32.8
3783.5,-31.3,-32.9
3783.6,-32.7,-33.2
3783.7,-33.9,-33.6
3783.8,-42.6,-33.7
3783.9,-35.3,-33.4
3784.0,-33.1,-33.5
3784.1,-31.2,-33.2
3784.2,-30.8,-33.2
3784.3,-31.7,-33.2
3784.4,-32.6,-33.1
3784.5,-34.5,-33.1
3784.6,-36.0,-33.1
3784.7,-38.1,-33.1
3784.8,-40.3,-33.1
3784.9,-46.6,-33.2
3785.0,-47.5,-33.2
3785.1,-45.6,-33.3
3785.2,-42.8,-33.5
3785.3,-39.4,-33.5
3785.4,-37.5,-33.8
3785.5,-37.2,-34.0
3785.6,-37.4,-34.5
3785.7,-39.1,-34.6
3785.8,-42.3,-34.6
3785.9,-44.1,-34.7
3786.0,-46.6,-35.0
3786.1,-49.5,-35.5
3786.2,-48.3,-35.9
3786.3,-48.9,-36.2
3786.4,-48.1,-37.3
3786.5,-41.4,-37.1
3786.6,-39.9,-37.0
3786.7,-35.1,-36.4
3786.8,-34.0,-36.3
3786.9,-33.9,-36.8
3787.0,-32.5,-36.8
3787.1,-30.3,-36.0
3787.2,-28.9,-35.3
3787.3,-28.8,-35.3
3787.4,-29.4,-35.4
3787.5,-32.5,-35.6
3787.6,-40.2,-35.6
3787.7,-46.2,-35.6
3787.8,-43.5,-35.5
3787.9,-38.4,-35.3
3788.0,-36.4,-35.2
3788.1,-34.6,-35.0
3788.2,-33.5,-34.8
3788.3,-33.6,-34.7
3788.4,-34.1,-34.8
3788.5,-34.6,-34.7
3788.6,-35.4,-34.6
3788.7,-36.2,-34.5
3788.8,-34.4,-34.3
3788.9,-34.9,-34.2
3789.0,-34.9,-34.1
3789.1,-34.9,-34.0
3789.2,-37.8,-34.0
3789.3,-38.9,-34.0
3789.4,-42.8,-34.1
3789.5,-31.3,-33.2
3789.6,-29.0,-32.6
3789.7,-28.3,-32.6
3789.8,-27.7,-32.5
3789.9,-29.7,-32.4
3790.0,-31.2,-32.4
3790.1,-32.2,-33.0
3790.2,-33.9,-33.5
3790.3,-34.3,-33.5
3790.4,-36.5,-33.4
3790.5,-35.7,-33.3
3790.6,-35.0,-33.2
3790.7,-34.5,-33.1
3790.8,-34.1,-33.0
3790.9,-31.5,-32.7
3791.0,-28.2,-31.9
3791.1,-25.7,-31.0
3791.2,-24.2,-30.3
3791.3,-23.1,-29.4
3791.4,-22.4,-28.7
3791.5,-22.3,-28.1
3791.6,-21.9,-27.5
3791.7,-21.7,-27.0
3791.8,-22.0,-26.7
3791.9,-22.5,-26.5
3792.0,-22.6,-26.1
3792.1,-22.7,-25.7
3792.2,-23.1,-25.5
3792.3,-23.5,-25.5
3792.4,-25.1,-25.4
3792.5,-27.6,-25.5
3792.6,-29.0,-25.5
3792.7,-29.5,-25.5
3792.8,-29.9,-25.6
3792.9,-30.9,-25.6
3793.0,-32.8,-25.6
3793.1,-34.6,-25.6
3793.2,-35.1,-25.6
3793.3,-35.4,-25.6
3793.4,-36.4,-25.6
3793.5,-37.7,-25.6
3793.6,-39.2,-25.6
3793.7,-41.0,-25.6
3793.8,-42.1,-25.7
3793.9,-42.8,-25.8
3794.0,-43.4,-26.0
3794.1,-43.6,-26.2
3794.2,-43.0,-26.5
3794.3,-42.4,-27.0
3794.4,-42.0,-27.5
3794.5,-42.2,-28.0
3794.6,-42.9,-28.6
3794.7,-43.5,-29.5
3794.8,-44.0,-30.2
3794.9,-44.0,-30.8
3795.0,-43.8,-32.0
3795.1,-43.3,-33.9
3795.2,-42.5,-35.2
3795.3,-41.5,-36.0
3795.4,-40.6,-36.4
3795.5,-39.5,-37.1
3795.6,-37.9,-38.1
3795.7,-35.5,-38.5
3795.8,-33.5,-38.2
3795.9,-32.0,-37.7
3796.0,-30.8,-37.1
3796.1,-29.4,-36.1
3796.2,-27.8,-34.8
3796.3,-26.6,-33.8
3796.4,-25.4,-32.6
3796.5,-24.2,-31.4
3796.6,-23.6,-30.5
3796.7,-23.4,-29.9
3796.8,-23.3,-29.3
3796.9,-22.8,-28.5
3797.0,-22.3,-27.7
3797.1,-22.2,-27.4
3797.2,-22.4,-27.1
3797.3,-23.8,-27.0
3797.4,-25.7,-26.9
3797.5,-26.6,-26.8
3797.6,-27.0,-26.6
3797.7,-27.2,-26.5
3797.8,-27.9,-26.5
3797.9,-29.5,-26.5
3798.0,-31.8,-26.4
3798.1,-33.1,-26.4
3798.2,-33.8,-26.4
3798.3,-34.0,-26.4
3798.4,-34.7,-26.4
3798.5,-35.7,-26.4
3798.6,-36.7,-26.4
3798.7,-37.6,-26.4
3798.8,-38.5,-26.5
3798.9,-39.6,-26.5
3799.0,-41.1,-26.6
3799.1,-43.2,-26.7
3799.2,-45.3,-26.9
3799.3,-47.1,-27.1
3799.4,-47.7,-27.4
3799.5,-39.0,-27.8
3799.6,-38.2,-28.3
3799.7,-38.0,-28.7
3799.8,-38.0,-29.2
3799.9,-43.1,-30.2
3800.0,-47.0,-31.6
3800.1,-49.5,-32.6
3800.2,-52.6,-33.5
3800.3,-53.4,-34.0
3800.4,-53.7,-34.7
3800.5,-54.4,-35.9
3800.6,-53.5,-37.5
3800.7,-53.5,-38.5
3800.8,-53.9,-39.2
3800.9,-54.0,-39.7
3801.0,-56.1,-40.4
3801.1,-58.8,-41.2
3801.2,-60.0,-42.0
3801.3,-45.8,-42.4
3801.4,-38.6,-41.8
3801.5,-35.5,-41.1
3801.6,-33.4,-40.2
3801.7,-33.1,-40.0
3801.8,-33.8,-39.9
3801.9,-35.2,-39.8
3802.0,-36.7,-39.4
3802.1,-36.8,-39.2
3802.2,-37.1,-39.1
3802.3,-36.7,-38.9
3802.4,-38.7,-38.9
3802.5,-37.7,-39.0
3802.6,-37.8,-39.0
3802.7,-38.2,-38.9
3802.8,-38.3,-38.9
3802.9,-42.1,-38.9
3803.0,-44.3,-38.9
3803.1,-46.1,-38.8
3803.2,-45.6,-38.8
3803.3,-44.4,-38.8
3803.4,-37.4,-38.2
3803.5,-37.7,-38.2
3803.6,-37.7,-38.1
3803.7,-37.8,-38.1
3803.8,-40.0,-37.8
3803.9,-38.3,-37.6
3804.0,-38.1,-37.6
3804.1,-38.1,-37.6
3804.2,-41.2,-37.6
3804.3,-46.4,-37.7
3804.4,-45.9,-38.0
3804.5,-44.6,-38.5
3804.6,-44.3,-39.2
3804.7,-44.6,-39.5
3804.8,-47.2,-39.8
3804.9,-51.7,-39.9
3805.0,-57.6,-40.4
3805.1,-60.5,-40.8
3805.2,-59.7,-41.0
3805.3,-60.6,-41.3
3805.4,-60.5,-41.4
3805.5,-60.2,-42.1
3805.6,-59.8,-42.4
3805.7,-57.4,-42.7
3805.8,-55.3,-42.7
3805.9,-53.2,-42.7
3806.0,-47.9,-42.6
3806.1,-45.4,-42.7
3806.2,-43.9,-42.6
3806.3,-43.7,-42.6
3806.4,-44.6,-44.5
3806.5,-46.1,-44.6
3806.6,-47.8,-44.6
3806.7,-47.7,-44.6
3806.8,-34.3,-41.4
3806.9,-32.5,-40.4
3807.0,-31.5,-39.6
3807.1,-29.6,-38.0
3807.2,-31.3,-38.0
3807.3,-32.3,-37.8
3807.4,-33.4,-37.8
3807.5,-40.2,-37.8
3807.6,-40.3,-37.8
3807.7,-43.0,-37.7
3807.8,-38.7,-37.4
3807.9,-34.3,-36.7
3808.0,-33.6,-36.5
3808.1,-28.5,-34.5
3808.2,-26.8,-33.3
3808.3,-27.1,-33.2
3808.4,-26.1,-32.6
3808.5,-26.2,-31.7
3808.6,-27.5,-31.5
3808.7,-26.3,-31.1
3808.8,-27.4,-31.0
3808.9,-28.7,-30.7
3809.0,-27.0,-30.2
3809.1,-28.5,-30.1
3809.2,-26.6,-29.7
3809.3,-25.3,-29.1
3809.4,-26.6,-29.0
3809.5,-26.7,-29.0
3809.6,-28.6,-29.0
3809.7,-36.8,-29.0
3809.8,-34.9,-29.1
3809.9,-33.1,-29.1
3810.0,-33.2,-29.1
3810.1,-33.4,-29.3
3810.2,-35.9,-29.3
3810.3,-35.3,-29.2
3810.4,-34.5,-29.2
3810.5,-34.1,-29.1
3810.6,-34.0,-29.1
3810.7,-37.2,-29.1
3810.8,-40.0,-29.2
3810.9,-40.9,-29.3
3811.0,-40.8,-29.3
3811.1,-40.8,-29.8
3811.2,-41.1,-30.3
3811.3,-43.6,-30.3
3811.4,-44.6,-30.7
3811.5,-44.1,-31.4
3811.6,-43.4,-31.5
3811.7,-42.8,-32.0
3811.8,-42.9,-32.1
3811.9,-40.2,-32.5
3812.0,-36.4,-33.3
3812.1,-33.8,-33.1
3812.2,-31.9,-33.8
3812.3,-30.7,-35.4
3812.4,-29.8,-35.0
3812.5,-29.6,-34.6
3812.6,-29.5,-34.2
3812.7,-29.4,-33.8
3812.8,-29.7,-33.8
3812.9,-30.0,-33.8
3813.0,-30.0,-33.5
3813.1,-29.8,-33.1
3813.2,-30.0,-32.9
3813.3,-30.4,-33.0
3813.4,-31.6,-33.1
3813.5,-33.6,-33.0
3813.6,-34.5,-32.9
3813.7,-34.1,-32.8
3813.8,-33.8,-32.7
3813.9,-34.1,-32.7
3814.0,-34.9,-32.6
3814.1,-35.7,-32.6
3814.2,-35.6,-32.5
3814.3,-35.2,-32.4
3814.4,-35.1,-32.4
3814.5,-34.9,-32.3
3814.6,-34.6,-32.2
3814.7,-34.1,-32.1
3814.8,-33.5,-32.0
3814.9,-33.1,-31.9
3815.0,-33.2,-32.0
3815.1,-33.2,-32.0
3815.2,-33.1,-32.1
3815.3,-32.8,-32.2
3815.4,-32.1,-32.4
3815.5,-31.7,-32.4
3815.6,-31.6,-32.5
3815.7,-31.6,-32.7
3815.8,-31.3,-32.7
3815.9,-30.6,-32.6
3816.0,-30.4,-32.6
3816.1,-30.3,-32.8
3816.2,-30.1,-32.8
3816.3,-30.2,-32.5
3816.4,-29.7,-32.3
3816.5,-29.5,-32.1
3816.6,-29.5,-32.0
3816.7,-29.6,-31.8
3816.8,-29.7,-31.7
3816.9,-29.7,-31.5
3817.0,-29.3,-31.3
3817.1,-28.9,-31.0
3817.2,-28.0,-30.7
3817.3,-27.6,-30.5
3817.4,-26.8,-30.1
3817.5,-26.2,-29.7
3817.6,-25.8,-29.3
3817.7,-25.1,-29.0
3817.8,-25.7,-28.9
3817.9,-26.2,-28.8
3818.0,-26.2,-28.5
3818.1,-26.4,-28.2
3818.2,-26.1,-28.1
3818.3,-26.4,-28.1
3818.4,-27.3,-28.0
3818.5,-28.6,-28.0
3818.6,-29.0,-27.9
3818.7,-28.8,-27.8
3818.8,-28.7,-27.8
3818.9,-28.0,-27.7
3819.0,-27.8,-27.7
3819.1,-27.8,-27.6
3819.2,-27.8,-27.5
3819.3,-28.3,-27.6
3819.4,-28.5,-27.5
3819.5,-28.4,-27.5
3819.6,-27.7,-27.4
3819.7,-27.2,-27.3
3819.8,-27.1,-27.3
3819.9,-27.1,-27.2
3820.0,-27.7,-27.2
3820.1,-28.1,-27.2
3820.2,-28.0,-27.3
3820.3,-27.8,-27.2
3820.4,-27.7,-27.3
3820.5,-27.8,-27.5
3820.6,-28.1,-27.6
3820.7,-29.0,-27.8
3820.8,-29.3,-27.8
3820.9,-29.4,-27.9
3821.0,-28.7,-28.0
3821.1,-28.1,-28.1
3821.2,-28.2,-28.1
3821.3,-28.1,-28.1
3821.4,-28.8,-28.2
3821.5,-28.9,-28.1
3821.6,-28.7,-28.1
3821.7,-28.3,-28.1
3821.8,-27.2,-28.0
3821.9,-26.9,-27.9
3822.0,-26.6,-27.9
3822.1,-26.6,-27.9
3822.2,-27.0,-27.9
3822.3,-27.1,-27.8
3822.4,-26.9,-27.7
3822.5,-26.7,-27.7
3822.6,-26.7,-27.7
3822.7,-26.7,-27.7
3822.8,-27.0,-27.7
3822.9,-27.5,-27.7
3823.0,-27.3,-27.6
3823.1,-26.5,-27.5
3823.2,-25.7,-27.3
3823.3,-25.1,-27.2
3823.4,-25.1,-27.2
3823.5,-25.0,-27.0
3823.6,-25.5,-26.9
3823.7,-25.4,-26.8
3823.8,-25.1,-26.7
3823.9,-25.1,-26.5
3824.0,-24.7,-26.4
3824.1,-24.8,-26.3
3824.2,-24.5,-26.1
3824.3,-24.6,-26.0
3824.4,-24.7,-25.9
3824.5,-24.6,-25.8
3824.6,-24.3,-25.6
3824.7,-23.8,-25.5
3824.8,-23.8,-25.4
3824.9,-23.5,-25.3
3825.0,-23.2,-25.1
3825.1,-23.2,-25.0
3825.2,-23.0,-24.8
3825.3,-22.7,-24.7
3825.4,-22.7,-24.5
3825.5,-22.8,-24.4
3825.6,-22.5,-24.3
3825.7,-22.7,-24.1
3825.8,-22.4,-24.0
3825.9,-22.1,-23.8
3826.0,-21.8,-23.6
3826.1,-21.8,-23.5
3826.2,-21.8,-23.4
3826.3,-21.8,-23.3
3826.4,-21.9,-23.2
3826.5,-21.5,-23.1
3826.6,-21.3,-22.9
3826.7,-21.3,-22.8
3826.8,-21.1,-22.6
3826.9,-20.9,-22.5
3827.0,-21.4,-22.5
3827.1,-21.4,-22.4
3827.2,-21.6,-22.3
3827.3,-22.0,-22.2
3827.4,-21.5,-22.1
3827.5,-21.2,-22.0
3827.6,-20.9,-21.9
3827.7,-21.1,-21.9
3827.8,-21.2,-21.8
3827.9,-21.4,-21.7
3828.0,-21.5,-21.7
3828.1,-21.3,-21.6
3828.2,-21.2,-21.6
3828.3,-20.8,-21.5
3828.4,-20.7,-21.4
3828.5,-20.3,-21.3
3828.6,-20.3,-21.3
3828.7,-20.5,-21.2
3828.8,-20.9,-21.2
3828.9,-21.3,-21.2
3829.0,-21.1,-21.2
3829.1,-21.3,-21.2
3829.2,-21.2,-21.2
3829.3,-20.9,-21.1
3829.4,-20.9,-21.1
3829.5,-20.8,-21.1
3829.6,-20.6,-21.1
3829.7,-20.6,-21.0
3829.8,-20.6,-21.0
3829.9,-20.6,-21.0
3830.0,-20.6,-21.0
3830.1,-20.5,-20.9
3830.2,-20.3,-20.8
3830.3,-20.3,-20.8
3830.4,-20.3,-20.8
3830.5,-20.5,-20.8
3830.6,-21.0,-20.9
3830.7,-20.9,-20.8
3830.8,-20.8,-20.7
3830.9,-20.5,-20.7
3831.0,-20.2,-20.7
3831.1,-20.1,-20.6
3831.2,-20.2,-20.6
3831.3,-20.0,-20.6
3831.4,-19.8,-20.5
3831.5,-19.8,-20.5
3831.6,-19.7,-20.5
3831.7,-19.9,-20.5
3831.8,-20.0,-20.4
3831.9,-19.7,-20.3
3832.0,-19.6,-20.3
3832.1,-19.4,-20.2
3832.2,-19.7,-20.2
3832.3,-20.1,-20.2
3832.4,-19.9,-20.2
3832.5,-20.2,-20.2
3832.6,-19.8,-20.1
3832.7,-19.9,-20.1
3832.8,-20.0,-20.1
3832.9,-19.9,-20.1
3833.0,-20.0,-20.0
3833.1,-19.9,-20.0
3833.2,-20.2,-20.1
3833.3,-20.2,-20.0
3833.4,-20.3,-20.1
3833.5,-20.3,-20.0
3833.6,-20.5,-20.0
3833.7,-20.6,-20.0
3833.8,-20.7,-20.0
3833.9,-20.7,-20.0
3834.0,-20.0,-20.0
3834.1,-20.0,-20.0
3834.2,-19.5,-20.0
3834.3,-19.3,-20.0
3834.4,-19.4,-19.9
3834.5,-19.2,-19.9
3834.6,-19.7,-20.0
3834.7,-20.0,-20.0
3834.8,-20.5,-20.0
3834.9,-21.4,-20.1
3835.0,-21.8,-20.2
3835.1,-22.5,-20.3
3835.2,-23.3,-20.4
3835.3,-23.5,-20.5
3835.4,-23.2,-20.6
3835.5,-22.8,-20.6
3835.6,-22.6,-20.7
3835.7,-22.3,-20.8
3835.8,-22.5,-20.9
3835.9,-23.0,-21.0
3836.0,-22.9,-21.0
3836.1,-22.9,-21.1
3836.2,-22.9,-21.2
3836.3,-22.8,-21.3
3836.4,-23.0,-21.4
3836.5,-23.3,-21.5
3836.6,-23.7,-21.5
3836.7,-24.0,-21.7
3836.8,-24.1,-21.7
3836.9,-23.5,-21.8
3837.0,-23.5,-22.0
3837.1,-23.5,-22.2
3837.2,-23.7,-22.4
3837.3,-24.4,-22.6
3837.4,-24.2,-22.8
3837.5,-23.9,-23.0
3837.6,-23.4,-23.0
3837.7,-23.2,-23.2
3837.8,-23.1,-23.3
3837.9,-23.2,-23.3
3838.0,-23.8,-23.3
3838.1,-24.1,-23.4
3838.2,-24.4,-23.4
3838.3,-24.4,-23.4
3838.4,-23.9,-23.4
3838.5,-23.9,-23.5
3838.6,-23.6,-23.5
3838.7,-24.0,-23.6
3838.8,-24.1,-23.6
3838.9,-23.7,-23.6
3839.0,-23.1,-23.6
3839.1,-22.3,-23.5
3839.2,-21.5,-23.4
3839.3,-21.2,-23.3
3839.4,-20.9,-23.2
3839.5,-20.5,-23.0
3839.6,-20.2,-22.8
3839.7,-20.1,-22.7
3839.8,-19.9,-22.5
3839.9,-19.8,-22.3
3840.0,-19.6,-22.1
3840.1,-19.3,-21.9
3840.2,-19.3,-21.8
3840.3,-19.3,-21.6
3840.4,-19.7,-21.5
3840.5,-19.9,-21.4
3840.6,-19.9,-21.3
3840.7,-20.0,-21.2
3840.8,-20.0,-21.1
3840.9,-19.7,-21.0
3841.0,-19.9,-20.8
3841.1,-19.7,-20.7
3841.2,-19.3,-20.5
3841.3,-19.4,-20.4
3841.4,-19.5,-20.4
3841.5,-19.8,-20.3
3841.6,-20.0,-20.2
3841.7,-20.0,-20.1
3841.8,-19.7,-19.9
3841.9,-19.4,-19.9
3842.0,-19.2,-19.8
3842.1,-19.5,-19.8
3842.2,-19.7,-19.8
3842.3,-20.0,-19.7
3842.4,-20.1,-19.7
3842.5,-19.9,-19.7
3842.6,-19.7,-19.7
3842.7,-19.5,-19.6
3842.8,-19.3,-19.6
3842.9,-19.6,-19.7
3843.0,-19.9,-19.7
3843.1,-19.7,-19.7
3843.2,-19.7,-19.7
3843.3,-19.5,-19.7
3843.4,-19.2,-19.6
3843.5,-19.2,-19.6
3843.6,-19.5,-19.6
3843.7,-19.2,-19.6
3843.8,-19.5,-19.6
3843.9,-19.4,-19.6
3844.0,-19.4,-19.6
3844.1,-19.4,-19.6
3844.2,-19.1,-19.5
3844.3,-19.1,-19.5
3844.4,-19.4,-19.6
3844.5,-19.5,-19.5
3844.6,-19.7,-19.5
3844.7,-19.8,-19.5
3844.8,-19.0,-19.5
3844.9,-18.7,-19.4
3845.0,-18.6,-19.4
3845.1,-18.5,-19.4
3845.2,-18.9,-19.3
3845.3,-19.2,-19.3
3845.4,-19.4,-19.3
3845.5,-19.6,-19.3
3845.6,-19.3,-19.3
3845.7,-19.3,-19.3
3845.8,-18.9,-19.2
3845.9,-18.8,-19.2
3846.0,-19.0,-19.2
3846.1,-19.0,-19.2
3846.2,-19.7,-19.2
3846.3,-19.6,-19.2
3846.4,-19.8,-19.3
3846.5,-20.0,-19.3
3846.6,-19.9,-19.3
3846.7,-19.9,-19.3
3846.8,-20.0,-19.3
3846.9,-20.0,-19.4
3847.0,-19.6,-19.3
3847.1,-19.9,-19.4
3847.2,-19.8,-19.4
3847.3,-19.8,-19.5
3847.4,-20.2,-19.4
3847.5,-20.0,-19.5
3847.6,-20.1,-19.5
3847.7,-20.0,-19.5
3847.8,-19.8,-19.5
3847.9,-20.1,-19.6
3848.0,-20.1,-19.7
3848.1,-20.1,-19.7
3848.2,-20.0,-19.7
3848.3,-19.8,-19.7
3848.4,-19.6,-19.7
3848.5,-19.3,-19.7
3848.6,-19.4,-19.7
3848.7,-19.3,-19.7
3848.8,-19.5,-19.8
3848.9,-19.6,-19.8
3849.0,-19.6,-19.8
3849.1,-19.8,-19.8
3849.2,-19.5,-19.8
3849.3,-19.7,-19.8
3849.4,-19.8,-19.8
3849.5,-19.9,-19.8
3849.6,-20.2,-19.8
3849.7,-20.1,-19.8
3849.8,-20.0,-19.8
3849.9,-19.7,-19.8
3850.0,-19.7,-19.8
3850.1,-19.9,-19.8
3850.2,-19.8,-19.8
3850.3,-19.8,-19.8
3850.4,-19.9,-19.8
3850.5,-19.9,-19.8
3850.6,-19.7,-19.8
3850.7,-19.5,-19.7
3850.8,-19.2,-19.7
3850.9,-19.3,-19.7
3851.0,-19.8,-19.7
3851.1,-20.2,-19.7
3851.2,-20.5,-19.8
3851.3,-20.5,-19.8
3851.4,-19.9,-19.8
3851.5,-19.7,-19.8
3851.6,-19.2,-19.7
3851.7,-19.1,-19.8
3851.8,-19.2,-19.7
3851.9,-19.3,-19.7
3852.0,-19.9,-19.8
3852.1,-20.0,-19.8
3852.2,-20.6,-19.8
3852.3,-20.6,-19.9
3852.4,-20.7,-19.9
3852.5,-21.3,-19.9
3852.6,-21.7,-20.0
3852.7,-22.2,-20.1
3852.8,-21.4,-20.1
3852.9,-21.2,-20.1
3853.0,-20.9,-20.1
3853.1,-20.8,-20.2
3853.2,-21.5,-20.3
3853.3,-21.6,-20.3
3853.4,-21.7,-20.4
3853.5,-21.3,-20.4
3853.6,-20.8,-20.4
3853.7,-20.8,-20.5
3853.8,-20.5,-20.5
3853.9,-21.3,-20.6
3854.0,-22.2,-20.7
3854.1,-22.1,-20.7
3854.2,-22.3,-20.7
3854.3,-21.6,-20.8
3854.4,-21.3,-20.9
3854.5,-21.5,-21.0
3854.6,-22.2,-21.2
3854.7,-23.0,-21.3
3854.8,-23.6,-21.5
3854.9,-24.0,-21.6
3855.0,-23.5,-21.6
3855.1,-23.1,-21.7
3855.2,-22.9,-21.8
3855.3,-23.3,-21.9
3855.4,-24.0,-22.0
3855.5,-24.9,-22.1
3855.6,-25.9,-22.2
3855.7,-25.2,-22.2
3855.8,-25.1,-22.4
3855.9,-24.9,-22.5
3856.0,-24.6,-22.6
3856.1,-25.1,-22.8
3856.2,-25.6,-22.9
3856.3,-26.4,-23.0
3856.4,-26.2,-23.1
3856.5,-26.3,-23.4
3856.6,-25.9,-23.6
3856.7,-25.8,-23.7
3856.8,-26.7,-24.0
3856.9,-27.1,-24.1
3857.0,-27.5,-24.2
3857.1,-27.4,-24.4
3857.2,-26.9,-24.6
3857.3,-27.1,-24.9
3857.4,-26.9,-25.1
3857.5,-27.3,-25.3
3857.6,-27.4,-25.4
3857.7,-27.5,-25.6
3857.8,-28.0,-25.7
3857.9,-28.0,-25.8
3858.0,-28.5,-26.1
3858.1,-28.4,-26.3
3858.2,-28.7,-26.6
3858.3,-29.2,-26.7
3858.4,-29.7,-26.8
3858.5,-30.3,-27.0
3858.6,-29.8,-27.0
3858.7,-29.6,-27.3
3858.8,-29.4,-27.4
3858.9,-29.4,-27.6
3859.0,-30.0,-27.8
3859.1,-30.2,-28.0
3859.2,-30.8,-28.0
3859.3,-30.0,-28.1
3859.4,-29.9,-28.3
3859.5,-29.8,-28.5
3859.6,-29.7,-28.6
3859.7,-30.4,-28.8
3859.8,-30.5,-28.8
3859.9,-30.8,-28.9
3860.0,-30.4,-29.0
3860.1,-30.0,-29.1
3860.2,-29.8,-29.3
3860.3,-29.8,-29.4
3860.4,-30.4,-29.6
3860.5,-31.0,-29.7
3860.6,-31.5,-29.9
3860.7,-31.8,-30.0
3860.8,-31.7,-30.1
3860.9,-31.5,-30.2
3861.0,-31.2,-30.3
3861.1,-30.9,-30.3
3861.2,-30.9,-30.4
3861.3,-30.9,-30.4
3861.4,-31.3,-30.5
3861.5,-31.3,-30.5
3861.6,-31.2,-30.6
3861.7,-31.3,-30.6
3861.8,-31.3,-30.8
3861.9,-31.8,-30.8
3862.0,-32.3,-30.8
3862.1,-32.0,-30.9
3862.2,-31.7,-30.9
3862.3,-31.5,-31.0
3862.4,-31.5,-31.1
3862.5,-31.9,-31.2
3862.6,-32.4,-31.2
3862.7,-32.7,-31.3
3862.8,-32.5,-31.3
3862.9,-32.4,-31.4
3863.0,-32.0,-31.5
3863.1,-31.6,-31.5
3863.2,-31.2,-31.5
3863.3,-30.8,-31.5
3863.4,-30.7,-31.5
3863.5,-30.8,-31.5
3863.6,-31.1,-31.5
3863.7,-31.2,-31.5
3863.8,-31.2,-31.4
3863.9,-31.0,-31.4
3864.0,-30.6,-31.4
3864.1,-26.1,-30.3
3864.2,-23.4,-29.2
3864.3,-22.0,-28.3
3864.4,-21.4,-28.0
3864.5,-21.6,-27.6
3864.6,-21.7,-27.0
3864.7,-22.5,-26.7
3864.8,-22.0,-26.3
3864.9,-22.3,-26.1
3865.0,-22.9,-25.8
3865.1,-21.7,-25.3
3865.2,-21.8,-25.0
3865.3,-21.5,-24.8
3865.4,-20.8,-24.4
3865.5,-20.7,-24.0
3865.6,-21.0,-23.8
3865.7,-20.8,-23.6
3865.8,-20.6,-23.3
3865.9,-21.3,-23.1
3866.0,-21.2,-23.0
3866.1,-20.7,-22.7
3866.2,-20.9,-22.5
3866.3,-20.9,-22.3
3866.4,-20.6,-22.2
3866.5,-20.5,-21.9
3866.6,-21.1,-21.8
3866.7,-21.7,-21.7
3866.8,-21.5,-21.6
3866.9,-21.4,-21.4
3867.0,-20.8,-21.2
3867.1,-20.2,-21.2
3867.2,-20.3,-21.2
3867.3,-21.0,-21.2
3867.4,-21.1,-21.2
3867.5,-21.3,-21.1
3867.6,-21.5,-21.2
3867.7,-21.5,-21.1
3867.8,-21.9,-21.1
3867.9,-22.8,-21.2
3868.0,-23.0,-21.2
3868.1,-22.7,-21.2
3868.2,-22.2,-21.2
3868.3,-21.9,-21.2
3868.4,-21.5,-21.3
3868.5,-22.0,-21.4
3868.6,-23.2,-21.4
3868.7,-23.4,-21.5
3868.8,-22.8,-21.6
3868.9,-22.8,-21.6
3869.0,-22.5,-21.6
3869.1,-21.8,-21.7
3869.2,-22.2,-21.8
3869.3,-22.7,-21.8
3869.4,-22.3,-21.8
3869.5,-22.1,-21.9
3869.6,-22.7,-22.0
3869.7,-22.6,-22.0
3869.8,-22.1,-21.9
3869.9,-22.2,-22.0
3870.0,-22.2,-22.2
3870.1,-22.0,-22.3
3870.2,-22.7,-22.3
3870.3,-24.0,-22.4
3870.4,-23.4,-22.5
3870.5,-20.5,-22.1
3870.6,-19.0,-21.8
3870.7,-18.7,-21.8
3870.8,-18.6,-21.8
3870.9,-19.8,-21.6
3871.0,-21.5,-21.6
3871.1,-21.2,-21.6
3871.2,-19.8,-21.4
3871.3,-19.2,-21.2
3871.4,-19.1,-21.2
3871.5,-18.5,-21.0
3871.6,-18.9,-20.8
3871.7,-19.5,-20.7
3871.8,-19.6,-20.8
3871.9,-19.9,-20.7
3872.0,-19.5,-20.4
3872.1,-18.2,-20.2
3872.2,-17.6,-20.0
3872.3,-17.2,-19.8
3872.4,-17.7,-19.8
3872.5,-17.8,-19.6
3872.6,-17.7,-19.4
3872.7,-18.2,-19.3
3872.8,-18.0,-19.3
3872.9,-17.9,-19.1
3873.0,-18.1,-19.0
3873.1,-18.2,-18.9
3873.2,-17.8,-18.8
3873.3,-18.4,-18.6
3873.4,-17.7,-18.4
3873.5,-17.0,-18.4
3873.6,-17.2,-18.5
3873.7,-17.2,-18.4
3873.8,-17.0,-18.2
3873.9,-17.1,-18.1
3874.0,-17.2,-18.0
3874.1,-16.5,-17.8
3874.2,-17.0,-17.8
3874.3,-17.5,-17.9
3874.4,-17.5,-17.8
3874.5,-18.0,-17.8
3874.6,-18.5,-17.8
3874.7,-18.4,-17.8
3874.8,-18.1,-17.7
3874.9,-18.1,-17.6
3875.0,-18.2,-17.7
3875.1,-17.9,-17.7
3875.2,-17.8,-17.7
3875.3,-18.3,-17.7
3875.4,-18.1,-17.7
3875.5,-18.2,-17.8
3875.6,-18.2,-17.8
3875.7,-18.6,-17.8
3875.8,-18.8,-17.8
3875.9,-18.9,-17.9
3876.0,-19.2,-17.9
3876.1,-19.0,-17.9
3876.2,-19.2,-18.0
3876.3,-19.3,-18.0
3876.4,-20.2,-18.2
3876.5,-20.0,-18.2
3876.6,-19.4,-18.3
3876.7,-19.6,-18.3
3876.8,-19.2,-18.5
3876.9,-19.1,-18.5
3877.0,-19.1,-18.5
3877.1,-19.4,-18.7
3877.2,-19.4,-18.8
3877.3,-18.5,-18.7
3877.4,-18.2,-18.6
3877.5,-18.1,-18.8
3877.6,-17.9,-18.7
3877.7,-18.4,-18.7
3877.8,-18.8,-18.7
3877.9,-18.4,-18.8
3878.0,-18.2,-18.7
3878.1,-18.6,-18.8
3878.2,-18.7,-18.9
3878.3,-18.5,-18.8
3878.4,-18.6,-18.8
3878.5,-18.5,-18.8
3878.6,-18.6,-18.9
3878.7,-18.8,-18.9
3878.8,-19.7,-18.9
3878.9,-19.7,-18.9
3879.0,-19.1,-18.9
3879.1,-19.0,-18.9
3879.2,-18.7,-18.8
3879.3,-18.4,-18.8
3879.4,-18.2,-18.7
3879.5,-18.4,-18.7
3879.6,-18.5,-18.7
3879.7,-18.0,-18.6
3879.8,-17.8,-18.5
3879.9,-17.9,-18.5
3880.0,-17.8,-18.5
3880.1,-18.2,-18.4
3880.2,-19.1,-18.5
3880.3,-19.0,-18.6
3880.4,-18.7,-18.6
3880.5,-19.3,-18.6
3880.6,-19.7,-18.7
3880.7,-19.4,-18.7
3880.8,-19.2,-18.6
3880.9,-18.8,-18.6
3881.0,-18.2,-18.7
3881.1,-18.2,-18.6
3881.2,-18.5,-18.6
3881.3,-18.4,-18.6
3881.4,-18.0,-18.6
3881.5,-17.7,-18.5
3881.6,-17.6,-18.5
3881.7,-17.4,-18.4
3881.8,-17.4,-18.3
3881.9,-17.2,-18.2
3882.0,-17.2,-18.2
3882.1,-16.7,-18.1
3882.2,-15.9,-17.9
3882.3,-15.8,-17.8
3882.4,-15.7,-17.8
3882.5,-15.9,-17.7
3882.6,-16.7,-17.6
3882.7,-17.1,-17.7
3882.8,-16.9,-17.7
3882.9,-17.2,-17.6
3883.0,-17.4,-17.6
3883.1,-17.2,-17.5
3883.2,-17.2,-17.4
3883.3,-17.2,-17.4
3883.4,-17.0,-17.4
3883.5,-17.2,-17.3
3883.6,-17.3,-17.2
3883.7,-17.5,-17.2
3883.8,-17.4,-17.2
3883.9,-17.0,-17.1
3884.0,-17.0,-17.1
3884.1,-17.0,-17.0
3884.2,-16.8,-17.0
3884.3,-17.2,-17.0
3884.4,-17.5,-17.0
3884.5,-17.3,-17.0
3884.6,-16.9,-16.9
3884.7,-17.0,-16.9
3884.8,-17.4,-17.0
3884.9,-17.6,-17.0
3885.0,-18.7,-17.0
3885.1,-18.7,-17.1
3885.2,-18.1,-17.3
3885.3,-18.1,-17.4
3885.4,-18.8,-17.4
3885.5,-19.3,-17.6
3885.6,-19.7,-17.6
3885.7,-19.3,-17.6
3885.8,-18.9,-17.7
3885.9,-18.5,-17.8
3886.0,-18.4,-17.8
3886.1,-19.6,-17.9
3886.2,-19.3,-17.9
3886.3,-19.2,-18.0
3886.4,-19.3,-18.1
3886.5,-19.0,-18.1
3886.6,-18.6,-18.1
3886.7,-18.4,-18.1
3886.8,-18.4,-18.2
3886.9,-18.0,-18.3
3887.0,-17.2,-18.2
3887.1,-17.0,-18.1
3887.2,-17.1,-18.2
3887.3,-17.0,-18.2
3887.4,-17.7,-18.2
3887.5,-18.1,-18.2
3887.6,-17.9,-18.4
3887.7,-17.8,-18.4
3887.8,-18.6,-18.4
3887.9,-19.2,-18.5
3888.0,-19.4,-18.5
3888.1,-19.8,-18.5
3888.2,-19.3,-18.5
3888.3,-18.8,-18.6
3888.4,-19.3,-18.6
3888.5,-20.3,-18.6
3888.6,-19.9,-18.5
3888.7,-20.0,-18.6
3888.8,-19.6,-18.6
3888.9,-19.4,-18.7
3889.0,-18.8,-18.6
3889.1,-18.1,-18.4
3889.2,-18.0,-18.5
3889.3,-17.7,-18.5
3889.4,-17.2,-18.3
3889.5,-16.5,-18.1
3889.6,-16.0,-18.0
3889.7,-15.6,-18.0
3889.8,-14.9,-17.7
3889.9,-15.4,-17.6
3890.0,-15.7,-17.7
3890.1,-15.4,-17.7
3890.2,-16.7,-17.6
3890.3,-17.1,-17.6
3890.4,-17.1,-17.7
3890.5,-17.3,-17.6
3890.6,-17.4,-17.5
3890.7,-17.4,-17.6
3890.8,-17.5,-17.5
3890.9,-18.4,-17.5
3891.0,-18.5,-17.4
3891.1,-18.1,-17.4
3891.2,-18.1,-17.4
3891.3,-18.3,-17.4
3891.4,-18.3,-17.3
3891.5,-18.4,-17.3
3891.6,-18.5,-17.3
3891.7,-18.5,-17.3
3891.8,-18.3,-17.2
3891.9,-17.8,-17.1
3892.0,-18.0,-17.2
3892.1,-18.3,-17.3
3892.2,-18.5,-17.3
3892.3,-19.6,-17.3
3892.4,-19.5,-17.4
3892.5,-18.9,-17.6
3892.6,-19.0,-17.7
3892.7,-19.5,-17.8
3892.8,-19.6,-18.2
3892.9,-19.6,-18.3
3893.0,-19.7,-18.3
3893.1,-19.5,-18.5
3893.2,-19.4,-18.6
3893.3,-19.7,-18.6
3893.4,-20.6,-18.7
3893.5,-20.2,-18.9
3893.6,-19.8,-18.9
3893.7,-19.9,-19.0
3893.8,-19.5,-19.0
3893.9,-18.9,-19.0
3894.0,-18.9,-19.0
3894.1,-18.8,-19.0
3894.2,-18.3,-19.0
3894.3,-17.5,-18.8
3894.4,-17.4,-18.8
3894.5,-17.7,-18.9
3894.6,-17.8,-18.9
3894.7,-19.1,-18.9
3894.8,-19.4,-19.0
3894.9,-18.7,-19.1
3895.0,-18.5,-19.0
3895.1,-18.8,-19.0
3895.2,-19.2,-19.1
3895.3,-19.4,-19.1
3895.4,-19.2,-19.0
3895.5,-19.0,-19.0
3895.6,-18.6,-19.0
3895.7,-18.7,-18.9
3895.8,-19.8,-19.0
3895.9,-19.7,-19.0
3896.0,-19.0,-18.9
3896.1,-18.7,-18.8
3896.2,-17.9,-18.8
3896.3,-17.6,-18.7
3896.4,-17.5,-18.5
3896.5,-17.7,-18.5
3896.6,-17.5,-18.5
3896.7,-16.6,-18.2
3896.8,-16.5,-18.1
3896.9,-16.4,-18.1
3897.0,-16.4,-18.1
3897.1,-16.7,-17.9
3897.2,-17.3,-18.0
3897.3,-17.2,-18.1
3897.4,-16.6,-17.9
3897.5,-17.4,-17.9
3897.6,-17.5,-17.9
3897.7,-17.4,-17.9
3897.8,-17.3,-17.7
3897.9,-17.1,-17.7
3898.0,-17.2,-17.7
3898.1,-17.4,-17.7
3898.2,-18.2,-17.6
3898.3,-17.9,-17.5
3898.4,-17.4,-17.5
3898.5,-17.1,-17.5
3898.6,-17.0,-17.4
3898.7,-17.1,-17.3
3898.8,-16.8,-17.2
3898.9,-16.5,-17.1
3899.0,-16.5,-17.1
3899.1,-16.1,-17.0
3899.2,-15.5,-16.8
3899.3,-16.1,-16.9
3899.4,-16.1,-16.9
3899.5,-16.3,-16.8
3899.6,-16.9,-16.8
3899.7,-16.1,-16.8
3899.8,-16.1,-16.8
3899.9,-16.2,-16.8
3900.0,-16.6,-16.8
3900.1,-17.0,-16.8
3900.2,-17.2,-16.8
3900.3,-17.3,-16.8
3900.4,-17.2,-16.9
3900.5,-17.5,-16.9
3900.6,-17.8,-16.9
3900.7,-18.5,-16.9
3900.8,-18.6,-17.0
3900.9,-18.2,-17.0
3901.0,-17.6,-16.9
3901.1,-17.5,-16.9
3901.2,-17.5,-16.9
3901.3,-17.5,-16.9
3901.4,-17.8,-17.0
3901.5,-17.4,-17.0
3901.6,-16.3,-16.8
3901.7,-16.6,-16.9
3901.8,-16.6,-16.9
3901.9,-16.3,-16.9
3902.0,-16.6,-16.8
3902.1,-16.2,-16.9
3902.2,-16.0,-17.0
3902.3,-16.0,-16.9
3902.4,-16.8,-16.9
3902.5,-17.2,-17.0
3902.6,-17.4,-17.1
3902.7,-17.3,-17.1
3902.8,-17.3,-17.1
3902.9,-17.5,-17.2
3903.0,-17.5,-17.2
3903.1,-18.3,-17.2
3903.2,-17.8,-17.2
3903.3,-17.4,-17.2
3903.4,-17.2,-17.2
3903.5,-16.9,-17.2
3903.6,-16.7,-17.1
3903.7,-16.6,-17.0
3903.8,-16.8,-17.0
3903.9,-16.9,-17.0
3904.0,-16.5,-16.9
3904.1,-16.7,-16.9
3904.2,-16.7,-16.9
3904.3,-16.4,-16.9
3904.4,-16.5,-16.7
3904.5,-16.1,-16.7
3904.6,-15.5,-16.8
3904.7,-15.4,-16.7
3904.8,-16.1,-16.7
3904.9,-16.6,-16.8
3905.0,-16.9,-16.8
3905.1,-16.9,-16.8
3905.2,-17.0,-16.8
3905.3,-17.0,-16.9
3905.4,-17.0,-16.8
3905.5,-17.9,-16.9
3905.6,-18.0,-16.9
3905.7,-17.6,-16.9
3905.8,-17.7,-16.9
3905.9,-17.7,-16.9
3906.0,-17.3,-16.8
3906.1,-17.0,-16.8
3906.2,-16.7,-16.8
3906.3,-16.1,-16.7
3906.4,-15.3,-16.6
3906.5,-14.9,-16.5
3906.6,-15.2,-16.5
3906.7,-15.6,-16.6
3906.8,-16.0,-16.4
3906.9,-16.1,-16.4
3907.0,-16.1,-16.5
3907.1,-16.1,-16.5
3907.2,-16.4,-16.4
3907.3,-16.8,-16.4
3907.4,-16.7,-16.5
3907.5,-16.5,-16.5
3907.6,-16.8,-16.6
3907.7,-17.6,-16.7
3907.8,-17.8,-16.7
3907.9,-17.3,-16.6
3908.0,-17.3,-16.6
3908.1,-17.2,-16.8
3908.2,-17.1,-16.7
3908.3,-17.9,-16.7
3908.4,-18.4,-16.8
3908.5,-18.2,-16.8
3908.6,-18.1,-16.7
3908.7,-17.2,-16.7
3908.8,-17.0,-16.7
3908.9,-17.3,-16.8
3909.0,-17.7,-16.8
3909.1,-18.0,-16.8
3909.2,-17.2,-16.8
3909.3,-17.0,-16.9
3909.4,-17.2,-17.1
3909.5,-17.7,-17.2
3909.6,-18.6,-17.3
3909.7,-18.9,-17.3
3909.8,-18.8,-17.5
3909.9,-19.1,-17.6
3910.0,-19.5,-17.7
3910.1,-19.6,-17.7
3910.2,-19.7,-17.9
3910.3,-20.2,-18.0
3910.4,-20.5,-18.1
3910.5,-20.4,-18.2
3910.6,-20.1,-18.3
3910.7,-20.2,-18.3
3910.8,-20.0,-18.4
3910.9,-19.2,-18.5
3911.0,-19.6,-18.6
3911.1,-19.8,-18.6
3911.2,-19.2,-18.7
3911.3,-19.5,-18.7
3911.4,-20.0,-18.8
3911.5,-19.5,-18.8
3911.6,-19.3,-18.9
3911.7,-19.8,-19.1
3911.8,-19.5,-19.1
3911.9,-18.8,-19.0
3912.0,-19.1,-19.1
3912.1,-19.5,-19.3
3912.2,-19.0,-19.5
3912.3,-19.1,-19.4
3912.4,-19.2,-19.4
3912.5,-18.7,-19.5
3912.6,-18.5,-19.4
3912.7,-19.2,-19.5
3912.8,-19.6,-19.5
3912.9,-19.1,-19.5
3913.0,-18.6,-19.3
3913.1,-18.3,-19.3
3913.2,-18.0,-19.3
3913.3,-17.9,-19.2
3913.4,-18.4,-19.0
3913.5,-18.7,-19.1
3913.6,-18.4,-19.1
3913.7,-18.3,-18.9
3913.8,-18.2,-18.8
3913.9,-17.7,-18.8
3914.0,-17.1,-18.7
3914.1,-16.9,-18.5
3914.2,-17.0,-18.5
3914.3,-16.8,-18.4
3914.4,-16.6,-18.2
3914.5,-17.2,-18.2
3914.6,-17.6,-18.2
3914.7,-17.4,-18.1
3914.8,-17.6,-18.0
3914.9,-17.3,-18.0
3915.0,-16.9,-17.9
3915.1,-17.0,-17.8
3915.2,-17.4,-17.8
3915.3,-17.7,-17.8
3915.4,-17.5,-17.7
3915.5,-17.0,-17.6
3915.6,-17.0,-17.6
3915.7,-16.6,-17.5
3915.8,-16.1,-17.3
3915.9,-16.1,-17.2
3916.0,-16.1,-17.2
3916.1,-16.1,-17.2
3916.2,-15.8,-17.0
3916.3,-16.3,-17.0
3916.4,-16.4,-17.0
3916.5,-15.9,-16.8
3916.6,-16.4,-16.8
3916.7,-16.5,-16.8
3916.8,-16.3,-16.8
3916.9,-16.4,-16.7
3917.0,-17.3,-16.8
3917.1,-17.7,-16.9
3917.2,-17.1,-16.8
3917.3,-17.0,-16.7
3917.4,-16.7,-16.8
3917.5,-16.4,-16.7
3917.6,-16.7,-16.7
3917.7,-17.5,-16.7
3917.8,-17.7,-16.8
3917.9,-17.2,-16.7
3918.0,-17.4,-16.7
3918.1,-17.4,-16.8
3918.2,-16.5,-16.7
3918.3,-16.2,-16.5
3918.4,-16.0,-16.5
3918.5,-15.9,-16.6
3918.6,-16.4,-16.6
3918.7,-17.0,-16.6
3918.8,-17.2,-16.7
3918.9,-17.3,-16.8
3919.0,-17.4,-16.8
3919.1,-17.5,-16.8
3919.2,-17.3,-16.9
3919.3,-17.0,-16.9
3919.4,-17.0,-16.9
3919.5,-17.3,-17.0
3919.6,-17.3,-17.0
3919.7,-17.4,-17.0
3919.8,-16.9,-17.0
3919.9,-17.0,-17.1
3920.0,-17.4,-17.0
3920.1,-17.6,-17.0
3920.2,-18.1,-17.1
3920.3,-17.7,-17.1
3920.4,-17.7,-17.1
3920.5,-17.7,-17.2
3920.6,-17.6,-17.2
3920.7,-17.8,-17.2
3920.8,-17.7,-17.1
3920.9,-17.5,-17.2
3921.0,-17.4,-17.2
3921.1,-17.5,-17.2
3921.2,-17.5,-17.3
3921.3,-17.6,-17.4
3921.4,-17.5,-17.4
3921.5,-17.2,-17.4
3921.6,-16.5,-17.3
3921.7,-16.5,-17.3
3921.8,-16.5,-17.3
3921.9,-16.2,-17.2
3922.0,-16.6,-17.2
3922.1,-16.0,-17.1
3922.2,-15.6,-17.0
3922.3,-15.9,-17.1
3922.4,-15.2,-16.9
3922.5,-15.4,-16.8
3922.6,-15.8,-16.8
3922.7,-16.0,-16.9
3922.8,-17.3,-16.9
3922.9,-17.9,-16.9
3923.0,-18.0,-16.9
3923.1,-17.9,-16.9
3923.2,-17.9,-16.9
3923.3,-17.6,-16.9
3923.4,-17.1,-16.8
3923.5,-16.7,-16.8
3923.6,-16.2,-16.7
3923.7,-15.9,-16.7
3923.8,-15.8,-16.6
3923.9,-15.5,-16.5
3924.0,-15.7,-16.5
3924.1,-16.0,-16.5
3924.2,-16.3,-16.4
3924.3,-16.6,-16.4
3924.4,-16.1,-16.3
3924.5,-16.1,-16.3
3924.6,-16.3,-16.4
3924.7,-16.5,-16.4
3924.8,-16.9,-16.4
3924.9,-16.2,-16.3
3925.0,-16.1,-16.3
3925.1,-16.2,-16.4
3925.2,-16.1,-16.4
3925.3,-16.6,-16.4
3925.4,-16.8,-16.6
3925.5,-16.8,-16.6
3925.6,-17.0,-16.6
3925.7,-17.1,-16.6
3925.8,-17.2,-16.6
3925.9,-17.1,-16.5
3926.0,-16.8,-16.5
3926.1,-16.6,-16.4
3926.2,-15.6,-16.3
3926.3,-15.6,-16.3
3926.4,-15.6,-16.3
3926.5,-15.2,-16.2
3926.6,-15.8,-16.2
3926.7,-15.3,-16.1
3926.8,-15.0,-16.1
3926.9,-15.3,-16.2
3927.0,-14.9,-16.1
3927.1,-15.1,-16.0
3927.2,-15.0,-16.0
3927.3,-14.7,-15.9
3927.4,-14.9,-15.9
3927.5,-14.3,-15.7
3927.6,-14.0,-15.6
3927.7,-14.4,-15.6
3927.8,-14.2,-15.5
3927.9,-13.6,-15.3
3928.0,-13.8,-15.3
3928.1,-13.7,-15.2
3928.2,-13.8,-15.2
3928.3,-14.7,-15.1
3928.4,-14.9,-15.1
3928.5,-15.2,-15.1
3928.6,-15.7,-15.0
3928.7,-15.5,-14.9
3928.8,-14.7,-14.8
3928.9,-14.5,-14.8
3929.0,-14.8,-14.8
3929.1,-16.1,-14.9
3929.2,-16.8,-14.9
3929.3,-16.1,-14.8
3929.4,-15.6,-14.8
3929.5,-15.5,-14.9
3929.6,-16.3,-15.0
3929.7,-17.1,-15.0
3929.8,-16.4,-15.0
3929.9,-15.8,-15.0
3930.0,-15.7,-15.1
3930.1,-16.3,-15.2
3930.2,-17.4,-15.2
3930.3,-17.6,-15.3
3930.4,-16.7,-15.3
3930.5,-16.3,-15.4
3930.6,-16.5,-15.6
3930.7,-17.4,-15.6
3930.8,-18.4,-15.8
3930.9,-18.1,-16.0
3931.0,-17.5,-16.1
3931.1,-17.4,-16.2
3931.2,-17.6,-16.3
3931.3,-18.0,-16.5
3931.4,-17.6,-16.5
3931.5,-16.8,-16.4
3931.6,-16.4,-16.4
3931.7,-16.6,-16.6
3931.8,-17.1,-16.8
3931.9,-16.7,-16.8
3932.0,-16.2,-16.6
3932.1,-15.6,-16.6
3932.2,-15.6,-16.7
3932.3,-16.5,-16.8
3932.4,-16.9,-16.8
3932.5,-16.8,-16.8
3932.6,-16.2,-16.6
3932.7,-16.0,-16.7
3932.8,-16.4,-16.8
3932.9,-17.2,-16.9
3933.0,-17.3,-16.9
3933.1,-16.7,-16.7
3933.2,-16.3,-16.7
3933.3,-16.4,-16.8
3933.4,-17.2,-16.9
3933.5,-17.9,-16.9
3933.6,-17.6,-16.8
3933.7,-17.0,-16.7
3933.8,-16.6,-16.7
3933.9,-16.9,-16.8
3934.0,-17.6,-16.8
3934.1,-17.4,-16.7
3934.2,-15.7,-16.5
3934.3,-13.7,-16.1
3934.4,-12.6,-15.9
3934.5,-11.8,-15.7
3934.6,-11.6,-15.4
3934.7,-12.3,-15.3
3934.8,-12.7,-15.2
3934.9,-13.4,-15.2
3935.0,-12.8,-14.9
3935.1,-11.5,-14.5
3935.2,-11.3,-14.4
3935.3,-11.3,-14.3
3935.4,-12.1,-14.2
3935.5,-13.7,-14.2
3935.6,-14.0,-14.1
3935.7,-13.7,-14.0
3935.8,-13.4,-13.9
3935.9,-12.8,-13.7
3936.0,-12.2,-13.6
3936.1,-11.5,-13.4
3936.2,-11.0,-13.2
3936.3,-11.1,-13.0
3936.4,-11.2,-12.9
3936.5,-10.7,-12.6
3936.6,-10.0,-12.3
3936.7,-9.7,-12.1
3936.8,-9.9,-12.1
3936.9,-10.8,-11.9
3937.0,-10.7,-11.6
3937.1,-9.7,-11.3
3937.2,-9.2,-11.3
3937.3,-9.5,-11.3
3937.4,-10.5,-11.4
3937.5,-11.1,-11.3
3937.6,-10.1,-11.1
3937.7,-9.4,-10.9
3937.8,-9.6,-10.9
3937.9,-10.7,-11.0
3938.0,-11.7,-11.0
3938.1,-11.1,-10.9
3938.2,-10.3,-10.8
3938.3,-10.2,-10.8
3938.4,-11.1,-10.8
3938.5,-13.3,-10.9
3938.6,-15.8,-10.9
3938.7,-16.9,-11.0
3938.8,-17.5,-11.0
3938.9,-18.5,-11.1
3939.0,-19.6,-11.3
3939.1,-20.8,-11.4
3939.2,-20.8,-11.6
3939.3,-20.3,-11.7
3939.4,-20.4,-11.8
3939.5,-20.8,-12.1
3939.6,-21.4,-12.5
3939.7,-22.6,-12.7
3939.8,-23.4,-12.8
3939.9,-23.6,-12.9
3940.0,-23.7,-13.4
3940.1,-23.6,-13.9
3940.2,-23.6,-14.3
3940.3,-23.7,-14.4
3940.4,-23.8,-14.6
3940.5,-24.2,-15.2
3940.6,-24.3,-16.0
3940.7,-24.4,-16.6
3940.8,-24.6,-16.9
3940.9,-24.5,-17.1
3941.0,-24.8,-17.8
3941.1,-25.1,-19.3
3941.2,-25.0,-20.7
3941.3,-24.7,-21.4
3941.4,-24.7,-21.8
3941.5,-24.4,-22.1
3941.6,-24.2,-22.6
3941.7,-24.3,-23.0
3941.8,-24.0,-23.1
3941.9,-24.0,-23.2
3942.0,-23.8,-23.4
3942.1,-23.8,-23.5
3942.2,-23.9,-23.7
3942.3,-24.2,-24.0
3942.4,-24.7,-24.1
3942.5,-25.0,-24.2
3942.6,-25.0,-24.3
3942.7,-24.9,-24.3
3942.8,-24.6,-24.3
3942.9,-24.4,-24.3
3943.0,-24.2,-24.4
3943.1,-24.1,-24.4
3943.2,-24.1,-24.4
3943.3,-24.1,-24.4
3943.4,-24.0,-24.4
3943.5,-24.0,-24.3
3943.6,-24.1,-24.4
3943.7,-24.4,-24.4
3943.8,-25.0,-24.4
3943.9,-25.1,-24.4
3944.0,-24.9,-24.4
3944.1,-24.5,-24.3
3944.2,-23.9,-24.3
3944.3,-23.5,-24.3
3944.4,-23.8,-24.2
3944.5,-23.2,-24.2
3944.6,-22.6,-24.0
3944.7,-21.6,-23.8
3944.8,-20.4,-23.5
3944.9,-19.5,-23.2
3945.0,-19.6,-23.1
3945.1,-20.1,-23.1
3945.2,-20.6,-22.9
3945.3,-20.8,-22.7
3945.4,-20.6,-22.6
3945.5,-20.7,-22.5
3945.6,-21.2,-22.5
3945.7,-22.0,-22.3
3945.8,-21.8,-22.2
3945.9,-21.4,-22.1
3946.0,-20.8,-22.0
3946.1,-20.1,-21.8
3946.2,-19.8,-21.6
3946.3,-20.0,-21.6
3946.4,-20.1,-21.5
3946.5,-19.9,-21.3
3946.6,-19.7,-21.1
3946.7,-20.1,-21.1
3946.8,-19.7,-20.9
3946.9,-20.3,-20.8
3947.0,-20.5,-20.7
3947.1,-20.3,-20.7
3947.2,-19.6,-20.5
3947.3,-19.8,-20.4
3947.4,-20.3,-20.4
3947.5,-19.8,-20.3
3947.6,-20.7,-20.3
3947.7,-20.2,-20.2
3947.8,-20.2,-20.3
3947.9,-20.4,-20.4
3948.0,-20.5,-20.4
3948.1,-20.2,-20.3
3948.2,-19.8,-20.2
3948.3,-20.3,-20.4
3948.4,-20.7,-20.4
3948.5,-21.8,-20.4
3948.6,-21.9,-20.3
3948.7,-20.8,-20.2
3948.8,-20.3,-20.2
3948.9,-20.5,-20.3
3949.0,-21.5,-20.4
3949.1,-22.5,-20.5
3949.2,-22.6,-20.6
3949.3,-22.7,-20.6
3949.4,-21.8,-20.6
3949.5,-21.7,-20.7
3949.6,-21.8,-20.8
3949.7,-21.4,-20.8
3949.8,-21.6,-20.8
3949.9,-22.0,-21.0
3950.0,-22.7,-21.1
3950.1,-21.7,-20.9
3950.2,-21.8,-21.2
3950.3,-21.6,-21.2
3950.4,-21.3,-21.2
3950.5,-22.8,-21.3
3950.6,-22.7,-21.4
3950.7,-21.9,-21.5
3950.8,-22.0,-21.5
3950.9,-21.5,-21.5
3951.0,-21.8,-21.6
3951.1,-22.8,-21.8
3951.2,-23.0,-22.0
3951.3,-24.2,-22.0
3951.4,-24.3,-22.0
3951.5,-24.5,-22.1
3951.6,-24.3,-22.2
3951.7,-23.7,-22.4
3951.8,-23.2,-22.4
3951.9,-23.0,-22.5
3952.0,-22.7,-22.4
3952.1,-23.0,-22.5
3952.2,-23.6,-22.6
3952.3,-23.9,-22.6
3952.4,-24.4,-22.7
3952.5,-24.4,-22.8
3952.6,-24.2,-22.9
3952.7,-23.9,-23.0
3952.8,-23.7,-23.0
3952.9,-23.4,-23.0
3953.0,-23.3,-22.9
3953.1,-23.3,-23.2
3953.2,-23.4,-23.2
3953.3,-23.7,-23.3
3953.4,-23.9,-23.3
3953.5,-24.0,-23.4
3953.6,-23.9,-23.4
3953.7,-23.8,-23.6
3953.8,-23.7,-23.6
3953.9,-23.6,-23.7
3954.0,-23.7,-23.7
3954.1,-23.7,-23.7
3954.2,-23.7,-23.7
3954.3,-23.7,-23.7
3954.4,-23.6,-23.6
3954.5,-23.4,-23.6
3954.6,-23.2,-23.6
3954.7,-23.1,-23.6
3954.8,-22.9,-23.6
3954.9,-22.8,-23.6
3955.0,-22.8,-23.6
3955.1,-22.8,-23.5
3955.2,-23.0,-23.5
3955.3,-23.3,-23.5
3955.4,-23.4,-23.5
3955.5,-23.4,-23.4
3955.6,-23.4,-23.4
3955.7,-23.2,-23.4
3955.8,-23.3,-23.4
3955.9,-23.5,-23.4
3956.0,-23.7,-23.5
3956.1,-23.9,-23.5
3956.2,-24.2,-23.5
3956.3,-24.3,-23.5
3956.4,-24.2,-23.5
3956.5,-24.4,-23.5
3956.6,-24.7,-23.6
3956.7,-25.1,-23.6
3956.8,-25.8,-23.7
3956.9,-26.2,-23.8
3957.0,-26.2,-23.8
3957.1,-26.0,-23.9
3957.2,-25.8,-23.9
3957.3,-25.6,-24.0
3957.4,-25.5,-24.1
3957.5,-25.7,-24.2
3957.6,-26.1,-24.3
3957.7,-26.4,-24.4
3957.8,-26.8,-24.5
3957.9,-27.1,-24.7
3958.0,-27.0,-24.8
3958.1,-26.8,-24.9
3958.2,-26.5,-25.0
3958.3,-26.0,-25.1
3958.4,-25.6,-25.1
3958.5,-25.6,-25.3
3958.6,-25.9,-25.4
3958.7,-26.4,-25.5
3958.8,-27.1,-25.7
3958.9,-27.4,-25.8
3959.0,-27.3,-25.9
3959.1,-26.9,-26.0
3959.2,-26.6,-26.1
3959.3,-26.3,-26.1
3959.4,-26.3,-26.2
3959.5,-26.4,-26.3
3959.6,-26.6,-26.3
3959.7,-26.9,-26.4
3959.8,-27.2,-26.4
3959.9,-27.5,-26.5
3960.0,-27.6,-26.5
3960.1,-27.3,-26.6
3960.2,-26.9,-26.6
3960.3,-26.5,-26.6
3960.4,-25.6,-26.5
3960.5,-25.7,-26.6
3960.6,-26.1,-26.6
3960.7,-26.6,-26.6
3960.8,-27.8,-26.7
3960.9,-28.0,-26.7
3961.0,-27.7,-26.7
3961.1,-27.2,-26.7
3961.2,-26.7,-26.7
3961.3,-26.5,-26.7
3961.4,-26.4,-26.8
3961.5,-26.6,-26.8
3961.6,-26.2,-26.7
3961.7,-25.8,-26.6
3961.8,-26.0,-26.6
3961.9,-26.1,-26.7
3962.0,-26.8,-26.7
3962.1,-27.6,-26.7
3962.2,-27.2,-26.7
3962.3,-26.7,-26.7
3962.4,-26.4,-26.7
3962.5,-26.4,-26.7
3962.6,-26.8,-26.7
3962.7,-27.5,-26.8
3962.8,-28.1,-26.8
3962.9,-28.3,-26.8
3963.0,-28.1,-26.8
3963.1,-27.7,-26.8
3963.2,-27.3,-26.8
3963.3,-25.7,-26.7
3963.4,-25.4,-26.8
3963.5,-25.6,-26.8
3963.6,-25.9,-26.8
3963.7,-28.1,-26.8
3963.8,-29.0,-26.9
3963.9,-29.3,-26.9
3964.0,-29.1,-27.0
3964.1,-28.6,-27.0
3964.2,-28.0,-27.0
3964.3,-27.5,-27.1
3964.4,-27.2,-27.1
3964.5,-27.2,-27.1
3964.6,-27.6,-27.2
3964.7,-28.3,-27.4
3964.8,-28.9,-27.5
3964.9,-29.2,-27.5
3965.0,-29.1,-27.5
3965.1,-28.6,-27.5
3965.2,-28.0,-27.6
3965.3,-27.5,-27.6
3965.4,-27.2,-27.6
3965.5,-27.3,-27.7
3965.6,-27.6,-27.7
3965.7,-28.2,-27.7
3965.8,-28.7,-27.7
3965.9,-29.0,-27.7
3966.0,-28.8,-27.7
3966.1,-28.2,-27.7
3966.2,-27.2,-27.7
3966.3,-26.2,-27.8
3966.4,-25.5,-27.8
3966.5,-24.8,-27.6
3966.6,-24.0,-27.2
3966.7,-23.0,-26.8
3966.8,-21.6,-26.1
3966.9,-20.1,-25.4
3967.0,-19.1,-24.7
3967.1,-17.9,-23.9
3967.2,-16.6,-22.9
3967.3,-15.8,-22.1
3967.4,-15.4,-21.6
3967.5,-15.2,-21.0
3967.6,-15.4,-20.6
3967.7,-16.0,-20.3
3967.8,-16.3,-20.0
3967.9,-16.9,-19.8
3968.0,-17.6,-19.6
3968.1,-17.9,-19.5
3968.2,-18.0,-19.3
3968.3,-18.3,-19.1
3968.4,-18.7,-19.1
3968.5,-19.3,-19.0
3968.6,-20.2,-18.9
3968.7,-20.9,-18.8
3968.8,-21.4,-18.8
3968.9,-21.7,-18.7
3969.0,-21.8,-18.7
3969.1,-21.7,-18.6
3969.2,-21.9,-18.6
3969.3,-21.8,-18.6
3969.4,-22.4,-18.5
3969.5,-22.9,-18.5
3969.6,-22.9,-18.5
3969.7,-22.8,-18.6
3969.8,-22.6,-18.6
3969.9,-22.1,-18.7
3970.0,-21.6,-18.8
3970.1,-21.8,-19.0
3970.2,-22.1,-19.3
3970.3,-23.0,-19.7
3970.4,-24.4,-20.1
3970.5,-25.6,-20.4
3970.6,-25.0,-20.8
3970.7,-25.3,-21.1
3970.8,-25.3,-21.4
3970.9,-25.4,-21.8
3971.0,-26.9,-22.1
3971.1,-26.9,-22.4
3971.2,-27.7,-22.8
3971.3,-28.5,-23.1
3971.4,-29.7,-23.4
3971.5,-31.3,-23.6
3971.6,-32.0,-23.9
3971.7,-32.9,-24.1
3971.8,-34.0,-24.4
3971.9,-32.3,-24.5
3972.0,-32.4,-24.9
3972.1,-31.7,-25.2
3972.2,-31.9,-25.4
3972.3,-33.0,-25.7
3972.4,-32.4,-25.9
3972.5,-33.4,-26.1
3972.6,-33.6,-26.4
3972.7,-34.3,-26.9
3972.8,-35.3,-27.3
3972.9,-35.1,-27.8
3973.0,-35.8,-28.6
3973.1,-36.8,-29.2
3973.2,-35.3,-29.6
3973.3,-33.6,-29.9
3973.4,-33.3,-30.1
3973.5,-33.0,-30.4
3973.6,-33.1,-31.3
3973.7,-32.0,-31.4
3973.8,-31.3,-31.7
3973.9,-31.0,-32.0
3974.0,-31.3,-32.5
3974.1,-33.3,-32.9
3974.2,-34.2,-33.0
3974.3,-34.4,-33.1
3974.4,-34.1,-33.2
3974.5,-33.7,-33.3
3974.6,-32.9,-33.1
3974.7,-31.9,-32.9
3974.8,-31.5,-32.9
3974.9,-31.1,-33.0
3975.0,-31.0,-32.9
3975.1,-31.3,-32.8
3975.2,-31.0,-32.7
3975.3,-30.6,-32.6
3975.4,-30.1,-32.4
3975.5,-29.7,-32.2
3975.6,-29.5,-32.0
3975.7,-29.4,-31.9
3975.8,-29.7,-31.7
3975.9,-29.5,-31.5
3976.0,-29.1,-31.2
3976.1,-28.6,-30.9
3976.2,-28.2,-30.8
3976.3,-27.0,-30.4
3976.4,-26.3,-30.0
3976.5,-25.6,-29.6
3976.6,-24.8,-29.1
3976.7,-24.2,-28.7
3976.8,-23.6,-28.3
3976.9,-22.9,-27.7
3977.0,-22.5,-27.3
3977.1,-22.4,-26.9
3977.2,-22.5,-26.6
3977.3,-22.6,-26.3
3977.4,-22.4,-25.9
3977.5,-22.6,-25.7
3977.6,-22.4,-25.4
3977.7,-22.8,-25.3
3977.8,-22.6,-24.9
3977.9,-22.1,-24.6
3978.0,-22.2,-24.5
3978.1,-22.2,-24.3
3978.2,-23.0,-24.2
3978.3,-23.5,-24.1
3978.4,-23.4,-23.9
3978.5,-23.4,-23.8
3978.6,-22.9,-23.6
3978.7,-22.6,-23.5
3978.8,-22.4,-23.3
3978.9,-21.5,-23.0
3979.0,-21.1,-22.8
3979.1,-21.2,-22.7
3979.2,-21.0,-22.6
3979.3,-20.6,-22.3
3979.4,-20.2,-22.1
3979.5,-19.5,-21.9
3979.6,-19.2,-21.7
3979.7,-18.5,-21.4
3979.8,-17.5,-21.0
3979.9,-16.5,-20.6
3980.0,-16.0,-20.3
3980.1,-15.9,-20.1
3980.2,-15.9,-19.7
3980.3,-16.1,-19.5
3980.4,-16.1,-19.3
3980.5,-15.7,-18.9
3980.6,-15.0,-18.5
3980.7,-14.4,-18.1
3980.8,-13.9,-17.9
3980.9,-14.0,-17.6
3981.0,-14.7,-17.5
3981.1,-15.6,-17.4
3981.2,-16.7,-17.3
3981.3,-17.9,-17.3
3981.4,-18.6,-17.2
3981.5,-19.4,-17.2
3981.6,-19.8,-17.1
3981.7,-20.6,-17.2
3981.8,-20.9,-17.1
3981.9,-19.5,-17.1
3982.0,-18.1,-16.9
3982.1,-17.4,-16.9
3982.2,-17.3,-16.8
3982.3,-17.8,-16.8
3982.4,-18.9,-16.8
3982.5,-18.4,-16.8
3982.6,-17.5,-16.7
3982.7,-16.3,-16.6
3982.8,-15.8,-16.6
3982.9,-15.8,-16.7
3983.0,-16.1,-16.7
3983.1,-16.9,-16.7
3983.2,-17.2,-16.8
3983.3,-17.5,-16.8
3983.4,-17.9,-16.9
3983.5,-18.1,-17.0
3983.6,-18.5,-17.3
3983.7,-18.7,-17.5
3983.8,-18.5,-17.7
3983.9,-18.3,-17.8
3984.0,-17.8,-17.9
3984.1,-17.1,-17.8
3984.2,-16.9,-17.7
3984.3,-16.6,-17.7
3984.4,-16.7,-17.6
3984.5,-16.8,-17.5
3984.6,-16.7,-17.4
3984.7,-16.6,-17.2
3984.8,-16.1,-17.1
3984.9,-15.6,-17.0
3985.0,-15.3,-17.0
3985.1,-15.0,-16.8
3985.2,-14.9,-16.7
3985.3,-15.1,-16.6
3985.4,-15.4,-16.5
3985.5,-15.8,-16.5
3985.6,-16.2,-16.5
3985.7,-16.4,-16.6
3985.8,-15.8,-16.5
3985.9,-15.5,-16.5
3986.0,-15.3,-16.4
3986.1,-15.3,-16.4
3986.2,-15.6,-16.3
3986.3,-15.9,-16.3
3986.4,-16.4,-16.2
3986.5,-17.0,-16.2
3986.6,-17.7,-16.2
3986.7,-18.3,-16.2
3986.8,-17.7,-16.2
3986.9,-17.2,-16.1
3987.0,-16.8,-16.1
3987.1,-16.5,-16.2
3987.2,-16.9,-16.2
3987.3,-17.6,-16.2
3987.4,-18.2,-16.3
3987.5,-18.7,-16.3
3987.6,-18.8,-16.4
3987.7,-18.7,-16.5
3987.8,-18.6,-16.5
3987.9,-18.2,-16.7
3988.0,-18.0,-16.7
3988.1,-17.7,-16.9
3988.2,-17.5,-16.9
3988.3,-17.8,-17.1
3988.4,-18.2,-17.1
3988.5,-18.9,-17.2
3988.6,-19.6,-17.3
3988.7,-20.2,-17.5
3988.8,-21.0,-17.7
3988.9,-21.8,-18.0
3989.0,-22.5,-18.1
3989.1,-22.5,-18.3
3989.2,-21.1,-18.5
3989.3,-20.4,-18.6
3989.4,-19.6,-18.6
3989.5,-19.1,-18.7
3989.6,-19.2,-18.7
3989.7,-19.0,-18.7
3989.8,-19.0,-18.8
3989.9,-19.0,-18.9
3990.0,-19.0,-19.1
3990.1,-19.2,-19.2
3990.2,-19.3,-19.2
3990.3,-19.6,-19.2
3990.4,-19.9,-19.3
3990.5,-20.1,-19.3
3990.6,-20.4,-19.4
3990.7,-20.5,-19.5
3990.8,-20.6,-19.6
3990.9,-20.5,-19.7
3991.0,-20.1,-19.7
3991.1,-19.9,-19.8
3991.2,-19.6,-19.9
3991.3,-19.5,-20.0
3991.4,-19.2,-19.9
3991.5,-18.2,-19.7
3991.6,-17.3,-19.5
3991.7,-16.4,-19.2
3991.8,-15.9,-19.0
3991.9,-15.9,-18.8
3992.0,-15.9,-18.6
3992.1,-15.7,-18.3
3992.2,-15.6,-18.2
3992.3,-15.3,-18.0
3992.4,-15.1,-17.8
3992.5,-14.9,-17.6
3992.6,-14.8,-17.4
3992.7,-14.7,-17.3
3992.8,-14.7,-17.1
3992.9,-14.9,-17.0
3993.0,-14.7,-16.8
3993.1,-14.4,-16.6
3993.2,-14.5,-16.5
3993.3,-14.9,-16.4
3993.4,-15.2,-16.3
3993.5,-16.2,-16.2
3993.6,-16.8,-16.2
3993.7,-17.0,-16.1
3993.8,-18.2,-16.1
3993.9,-18.5,-16.1
3994.0,-19.1,-16.1
3994.1,-19.6,-16.1
3994.2,-19.8,-16.1
3994.3,-19.8,-16.1
3994.4,-19.7,-16.1
3994.5,-19.7,-16.2
3994.6,-19.3,-16.3
3994.7,-19.5,-16.4
3994.8,-19.6,-16.5
3994.9,-19.8,-16.6
3995.0,-20.2,-16.7
3995.1,-20.6,-16.9
3995.2,-20.9,-17.0
3995.3,-20.9,-17.2
3995.4,-21.3,-17.4
3995.5,-21.7,-17.7
3995.6,-22.1,-17.9
3995.7,-22.4,-18.2
3995.8,-22.3,-18.4
3995.9,-22.1,-18.7
3996.0,-22.0,-19.0
3996.1,-22.5,-19.5
3996.2,-23.1,-19.9
3996.3,-23.6,-20.1
3996.4,-23.6,-20.5
3996.5,-23.4,-20.7
3996.6,-23.4,-20.9
3996.7,-23.4,-21.1
3996.8,-24.2,-21.3
3996.9,-24.8,-21.5
3997.0,-24.4,-21.6
3997.1,-23.4,-21.6
3997.2,-22.6,-21.7
3997.3,-22.0,-21.8
3997.4,-21.4,-21.9
3997.5,-21.6,-21.9
3997.6,-21.7,-22.1
3997.7,-21.3,-22.2
3997.8,-21.5,-22.2
3997.9,-21.6,-22.3
3998.0,-21.1,-22.3
3998.1,-21.5,-22.3
3998.2,-21.3,-22.3
3998.3,-21.2,-22.3
3998.4,-21.7,-22.4
3998.5,-21.9,-22.3
3998.6,-22.5,-22.3
3998.7,-23.0,-22.4
3998.8,-23.0,-22.4
3998.9,-23.0,-22.5
3999.0,-23.5,-22.5
3999.1,-23.5,-22.5
3999.2,-24.2,-22.6
3999.3,-24.8,-22.6
3999.4,-25.1,-22.6
3999.5,-25.4,-22.7
3999.6,-25.2,-22.7
3999.7,-25.4,-22.8
3999.8,-25.7,-22.8
3999.9,-25.1,-22.7
4000.0,-25.0,-22.8
4000.1,-24.7,-22.9
4000.2,-24.7,-23.0
4000.3,-25.1,-23.1
4000.4,-25.2,-23.3
4000.5,-25.1,-23.3
4000.6,-24.8,-23.4
4000.7,-25.1,-23.6
4000.8,-25.4,-23.8
4000.9,-25.9,-23.9
4001.0,-26.3,-24.1
4001.1,-26.4,-24.3
4001.2,-26.0,-24.6
4001.3,-26.1,-24.7
4001.4,-25.9,-24.8
4001.5,-26.0,-25.0
4001.6,-26.8,-25.2
4001.7,-27.2,-25.3
4001.8,-28.0,-25.5
4001.9,-28.3,-25.7
4002.0,-28.3,-25.8
4002.1,-28.3,-25.9
4002.2,-27.9,-25.9
4002.3,-27.8,-26.0
4002.4,-28.0,-26.1
4002.5,-28.2,-26.2
4002.6,-28.3,-26.3
4002.7,-28.4,-26.4
4002.8,-28.3,-26.4
4002.9,-28.0,-26.6
4003.0,-27.8,-26.7
4003.1,-27.6,-26.8
4003.2,-27.6,-26.9
4003.3,-27.0,-26.9
4003.4,-26.5,-26.9
4003.5,-26.2,-27.0
4003.6,-26.0,-27.1
4003.7,-26.0,-27.1
4003.8,-26.1,-27.1
4003.9,-26.1,-27.1
4004.0,-25.9,-27.0
4004.1,-26.1,-27.0
4004.2,-26.1,-27.1
4004.3,-26.1,-27.1
4004.4,-26.5,-27.2
4004.5,-26.6,-27.1
4004.6,-26.4,-27.0
4004.7,-26.1,-26.9
4004.8,-25.7,-26.8
4004.9,-25.3,-26.7
4005.0,-24.9,-26.5
4005.1,-24.7,-26.4
4005.2,-24.6,-26.3
4005.3,-24.7,-26.3
4005.4,-24.8,-26.1
4005.5,-24.8,-26.0
4005.6,-24.7,-25.9
4005.7,-24.4,-25.8
4005.8,-24.6,-25.7
4005.9,-24.7,-25.6
4006.0,-24.9,-25.5
4006.1,-24.9,-25.4
4006.2,-24.9,-25.4
4006.3,-24.8,-25.3
4006.4,-24.6,-25.3
4006.5,-24.5,-25.2
4006.6,-24.3,-25.2
4006.7,-24.2,-25.1
4006.8,-23.8,-25.0
4006.9,-23.7,-24.9
4007.0,-23.5,-24.8
4007.1,-23.4,-24.7
4007.2,-23.7,-24.6
4007.3,-23.5,-24.5
4007.4,-23.4,-24.4
4007.5,-23.6,-24.4
4007.6,-23.5,-24.3
4007.7,-23.6,-24.2
4007.8,-23.6,-24.2
4007.9,-23.4,-24.1
4008.0,-23.1,-24.0
4008.1,-23.2,-24.0
4008.2,-23.2,-24.0
4008.3,-23.4,-23.9
4008.4,-23.5,-23.9
4008.5,-23.1,-23.8
4008.6,-22.7,-23.7
4008.7,-22.4,-23.6
4008.8,-22.5,-23.6
4008.9,-22.6,-23.5
4009.0,-22.9,-23.4
4009.1,-22.9,-23.4
4009.2,-22.8,-23.3
4009.3,-22.7,-23.2
4009.4,-22.5,-23.2
4009.5,-22.4,-23.1
4009.6,-22.3,-23.0
4009.7,-22.3,-23.0
4009.8,-22.2,-23.0
4009.9,-22.1,-22.9
4010.0,-22.0,-22.8
4010.1,-22.0,-22.8
4010.2,-21.9,-22.7
4010.3,-21.8,-22.7
4010.4,-22.0,-22.6
4010.5,-21.9,-22.6
4010.6,-22.0,-22.5
4010.7,-21.8,-22.4
4010.8,-21.5,-22.4
4010.9,-21.5,-22.3
4011.0,-21.5,-22.3
4011.1,-21.5,-22.2
4011.2,-21.7,-22.2
4011.3,-21.6,-22.1
4011.4,-21.6,-22.1
4011.5,-21.8,-22.0
4011.6,-21.9,-22.1
4011.7,-22.0,-22.0
4011.8,-22.1,-22.0
4011.9,-21.9,-22.0
4012.0,-21.6,-21.9
4012.1,-21.7,-21.9
4012.2,-21.5,-21.8
4012.3,-21.5,-21.8
4012.4,-21.6,-21.8
4012.5,-21.4,-21.7
4012.6,-21.6,-21.7
4012.7,-21.7,-21.7
4012.8,-21.6,-21.7
4012.9,-21.6,-21.7
4013.0,-21.5,-21.7
4013.1,-21.6,-21.7
4013.2,-21.9,-21.7
4013.3,-21.8,-21.7
4013.4,-21.8,-21.7
4013.5,-21.7,-21.6
4013.6,-21.3,-21.6
4013.7,-21.4,-21.6
4013.8,-21.3,-21.6
4013.9,-21.3,-21.6
4014.0,-21.3,-21.6
4014.1,-21.5,-21.6
4014.2,-21.4,-21.6
4014.3,-21.6,-21.6
4014.4,-21.5,-21.6
4014.5,-21.4,-21.6
4014.6,-21.5,-21.5
4014.7,-21.0,-21.5
4014.8,-20.7,-21.4
4014.9,-20.4,-21.4
4015.0,-20.1,-21.3
4015.1,-19.9,-21.2
4015.2,-20.0,-21.2
4015.3,-19.6,-21.1
4015.4,-19.5,-21.0
4015.5,-19.2,-20.9
4015.6,-19.1,-20.8
4015.7,-19.3,-20.7
4015.8,-19.3,-20.6
4015.9,-19.5,-20.6
4016.0,-19.3,-20.5
4016.1,-19.2,-20.4
4016.2,-19.0,-20.2
4016.3,-18.8,-20.2
4016.4,-18.7,-20.1
4016.5,-18.6,-20.0
4016.6,-18.5,-19.9
4016.7,-18.3,-19.7
4016.8,-18.2,-19.6
4016.9,-18.3,-19.6
4017.0,-18.3,-19.5
4017.1,-18.6,-19.4
4017.2,-18.7,-19.3
4017.3,-19.0,-19.3
4017.4,-19.2,-19.2
4017.5,-19.2,-19.1
4017.6,-19.1,-19.1
4017.7,-18.8,-19.0
4017.8,-18.9,-19.0
4017.9,-18.7,-18.9
4018.0,-18.6,-18.9
4018.1,-18.6,-18.8
4018.2,-18.3,-18.8
4018.3,-18.6,-18.8
4018.4,-18.8,-18.8
4018.5,-19.1,-18.8
4018.6,-19.0,-18.8
4018.7,-17.6,-18.6
4018.8,-16.7,-18.4
4018.9,-16.1,-18.3
4019.0,-15.8,-18.2
4019.1,-16.2,-18.1
4019.2,-16.4,-18.0
4019.3,-16.3,-17.9
4019.4,-16.4,-17.8
4019.5,-16.5,-17.8
4019.6,-16.5,-17.7
4019.7,-16.6,-17.7
4019.8,-16.7,-17.6
4019.9,-16.7,-17.5
4020.0,-16.6,-17.5
4020.1,-16.4,-17.4
4020.2,-16.1,-17.3
4020.3,-16.2,-17.2
4020.4,-15.9,-17.1
4020.5,-15.9,-17.0
4020.6,-15.6,-16.8
4020.7,-15.7,-16.8
4020.8,-15.9,-16.7
4020.9,-16.2,-16.7
4021.0,-16.7,-16.6
4021.1,-16.5,-16.6
4021.2,-16.8,-16.5
4021.3,-16.9,-16.5
4021.4,-17.1,-16.4
4021.5,-17.1,-16.4
4021.6,-17.2,-16.4
4021.7,-17.1,-16.4
4021.8,-17.2,-16.5
4021.9,-17.6,-16.6
4022.0,-17.7,-16.6
4022.1,-17.9,-16.6
4022.2,-17.8,-16.7
4022.3,-18.0,-16.7
4022.4,-18.1,-16.8
4022.5,-18.7,-16.9
4022.6,-19.2,-17.0
4022.7,-19.4,-17.0
4022.8,-19.9,-17.1
4022.9,-20.0,-17.2
4023.0,-20.3,-17.3
4023.1,-20.8,-17.5
4023.2,-21.2,-17.7
4023.3,-21.8,-17.8
4023.4,-22.0,-18.0
4023.5,-22.3,-18.2
4023.6,-22.3,-18.5
4023.7,-22.2,-18.6
4023.8,-22.2,-18.8
4023.9,-21.9,-18.9
4024.0,-22.3,-19.1
4024.1,-22.6,-19.4
4024.2,-23.2,-19.6
4024.3,-24.1,-19.8
4024.4,-24.2,-20.0
4024.5,-24.5,-20.2
4024.6,-24.3,-20.4
4024.7,-24.1,-20.7
4024.8,-24.4,-20.9
4024.9,-24.7,-21.2
4025.0,-25.1,-21.4
4025.1,-25.8,-21.8
4025.2,-25.8,-22.1
4025.3,-25.8,-22.3
4025.4,-25.8,-22.6
4025.5,-25.9,-22.8
4025.6,-26.3,-23.1
4025.7,-26.6,-23.4
4025.8,-27.2,-23.6
4025.9,-27.7,-23.9
4026.0,-28.0,-24.1
4026.1,-28.1,-24.3
4026.2,-23.1,-24.0
4026.3,-23.0,-24.1
4026.4,-22.9,-24.3
4026.5,-23.0,-24.4
4026.6,-27.8,-24.7
4026.7,-28.4,-24.9
4026.8,-29.2,-25.1
4026.9,-29.5,-25.4
4027.0,-29.4,-25.5
4027.1,-28.3,-25.7
4027.2,-27.4,-25.7
4027.3,-26.6,-25.7
4027.4,-26.1,-25.8
4027.5,-26.3,-25.9
4027.6,-25.8,-25.9
4027.7,-25.2,-25.9
4027.8,-25.4,-26.0
4027.9,-25.5,-26.0
4028.0,-25.8,-26.0
4028.1,-27.3,-26.1
4028.2,-27.7,-26.2
4028.3,-28.1,-26.3
4028.4,-29.5,-26.4
4028.5,-28.6,-26.4
4028.6,-27.5,-26.4
4028.7,-26.8,-26.3
4028.8,-26.5,-26.3
4028.9,-26.6,-26.3
4029.0,-26.7,-26.2
4029.1,-26.5,-26.2
4029.2,-26.0,-26.9
4029.3,-26.0,-26.9
4029.4,-26.3,-27.0
4029.5,-26.8,-27.0
4029.6,-27.8,-26.9
4029.7,-28.2,-26.9
4029.8,-28.3,-26.9
4029.9,-27.0,-26.7
4030.0,-26.1,-26.6
4030.1,-25.2,-26.5
4030.2,-24.6,-26.4
4030.3,-24.8,-26.4
4030.4,-23.9,-26.2
4030.5,-23.3,-25.9
4030.6,-22.6,-25.8
4030.7,-21.0,-25.3
4030.8,-20.2,-24.8
4030.9,-20.6,-24.8
4031.0,-21.2,-24.8
4031.1,-23.1,-24.8
4031.2,-26.4,-24.7
4031.3,-26.9,-24.7
4031.4,-26.2,-24.6
4031.5,-25.7,-24.5
4031.6,-25.3,-24.5
4031.7,-24.8,-24.5
4031.8,-24.9,-24.4
4031.9,-24.9,-24.4
4032.0,-25.1,-24.4
4032.1,-25.6,-24.4
4032.2,-26.3,-24.4
4032.3,-27.1,-24.5
4032.4,-27.6,-24.5
4032.5,-28.0,-24.5
4032.6,-28.1,-24.5
4032.7,-28.2,-24.5
4032.8,-28.0,-24.4
4032.9,-27.4,-24.5
4033.0,-26.8,-24.5
4033.1,-26.1,-24.5
4033.2,-25.5,-24.5
4033.3,-24.8,-24.5
4033.4,-24.5,-24.6
4033.5,-24.6,-24.8
4033.6,-25.2,-25.0
4033.7,-26.6,-25.6
4033.8,-27.8,-26.2
4033.9,-28.9,-26.3
4034.0,-29.1,-26.3
4034.1,-28.5,-26.3
4034.2,-27.7,-26.3
4034.3,-27.2,-26.3
4034.4,-26.7,-26.4
4034.5,-26.2,-26.4
4034.6,-26.0,-26.4
4034.7,-25.6,-26.5
4034.8,-25.5,-26.5
4034.9,-25.7,-26.6
4035.0,-26.0,-26.6
4035.1,-26.4,-26.6
4035.2,-26.8,-26.6
4035.3,-26.9,-26.5
4035.4,-27.1,-26.5
4035.5,-26.7,-26.4
4035.6,-26.1,-26.3
4035.7,-25.8,-26.3
4035.8,-25.7,-26.2
4035.9,-25.6,-26.2
4036.0,-25.7,-26.2
4036.1,-25.6,-26.2
4036.2,-25.4,-26.2
4036.3,-25.5,-26.3
4036.4,-25.8,-26.4
4036.5,-24.7,-26.2
4036.6,-24.9,-26.2
4036.7,-24.3,-26.0
4036.8,-23.1,-25.7
4036.9,-23.2,-25.4
4037.0,-22.1,-25.1
4037.1,-22.3,-25.0
4037.2,-23.0,-25.0
4037.3,-23.7,-25.0
4037.4,-25.1,-24.9
4037.5,-25.4,-24.9
4037.6,-25.7,-25.0
4037.7,-26.1,-25.0
4037.8,-26.6,-25.1
4037.9,-27.0,-25.1
4038.0,-26.9,-25.1
4038.1,-26.0,-25.0
4038.2,-25.2,-24.9
4038.3,-24.2,-24.8
4038.4,-23.5,-24.6
4038.5,-23.0,-24.5
4038.6,-22.6,-24.4
4038.7,-22.5,-24.3
4038.8,-22.5,-24.1
4038.9,-22.4,-24.0
4039.0,-22.8,-24.0
4039.1,-22.9,-23.9
4039.2,-22.9,-23.8
4039.3,-22.9,-23.7
4039.4,-22.5,-23.6
4039.5,-22.3,-23.6
4039.6,-22.1,-23.4
4039.7,-21.4,-23.3
4039.8,-20.8,-23.2
4039.9,-20.4,-23.0
4040.0,-20.1,-23.0
4040.1,-20.2,-22.8
4040.2,-19.7,-22.5
4040.3,-19.0,-22.2
4040.4,-18.7,-21.9
4040.5,-18.6,-21.7
4040.6,-18.8,-21.6
4040.7,-19.5,-21.4
4040.8,-19.4,-21.2
4040.9,-19.4,-21.0
4041.0,-19.0,-20.8
4041.1,-18.5,-20.5
4041.2,-18.2,-20.3
4041.3,-18.0,-20.2
4041.4,-18.0,-20.1
4041.5,-17.9,-19.9
4041.6,-17.9,-19.7
4041.7,-17.8,-19.6
4041.8,-18.0,-19.5
4041.9,-18.4,-19.4
4042.0,-18.7,-19.3
4042.1,-19.2,-19.2
4042.2,-19.1,-19.1
4042.3,-19.2,-19.1
4042.4,-18.8,-18.9
4042.5,-18.1,-18.8
4042.6,-17.4,-18.6
4042.7,-16.7,-18.4
4042.8,-15.9,-18.2
4042.9,-15.5,-18.0
4043.0,-15.3,-17.8
4043.1,-15.2,-17.7
4043.2,-15.2,-17.5
4043.3,-15.1,-17.4
4043.4,-14.8,-17.2
4043.5,-14.6,-17.0
4043.6,-14.6,-16.9
4043.7,-14.8,-16.7
4043.8,-15.2,-16.7
4043.9,-15.3,-16.5
4044.0,-15.1,-16.4
4044.1,-15.2,-16.3
4044.2,-14.9,-16.2
4044.3,-15.0,-16.1
4044.4,-15.3,-16.0
4044.5,-15.2,-16.0
4044.6,-15.3,-15.9
4044.7,-15.4,-15.8
4044.8,-15.3,-15.7
4044.9,-15.2,-15.6
4045.0,-15.1,-15.5
4045.1,-15.0,-15.4
4045.2,-15.2,-15.4
4045.3,-15.2,-15.3
4045.4,-15.3,-15.2
4045.5,-15.2,-15.1
4045.6,-15.0,-15.1
4045.7,-14.9,-15.1
4045.8,-14.9,-15.1
4045.9,-15.1,-15.1
4046.0,-15.0,-15.1
4046.1,-14.8,-15.0
4046.2,-14.8,-15.0
4046.3,-14.6,-15.0
4046.4,-15.0,-15.1
4046.5,-15.5,-15.1
4046.6,-15.8,-15.2
4046.7,-16.1,-15.2
4046.8,-15.8,-15.2
4046.9,-15.7,-15.2
4047.0,-15.6,-15.2
4047.1,-15.4,-15.2
4047.2,-15.7,-15.3
4047.3,-15.8,-15.3
4047.4,-16.0,-15.3
4047.5,-16.5,-15.4
4047.6,-16.6,-15.4
4047.7,-16.6,-15.4
4047.8,-16.6,-15.5
4047.9,-16.5,-15.5
4048.0,-16.5,-15.6
4048.1,-16.8,-15.7
4048.2,-17.0,-15.7
4048.3,-17.2,-15.8
4048.4,-17.3,-15.8
4048.5,-17.3,-15.9
4048.6,-17.2,-16.0
4048.7,-17.2,-16.1
4048.8,-17.1,-16.1
4048.9,-17.0,-16.2
4049.0,-16.8,-16.2
4049.1,-16.3,-16.3
4049.2,-16.2,-16.3
4049.3,-16.2,-16.4
4049.4,-16.5,-16.5
4049.5,-16.8,-16.5
4049.6,-16.9,-16.5
4049.7,-16.9,-16.5
4049.8,-16.5,-16.6
4049.9,-16.5,-16.6
4050.0,-16.9,-16.7
4050.1,-16.8,-16.7
4050.2,-17.0,-16.7
4050.3,-17.0,-16.8
4050.4,-16.9,-16.8
4050.5,-17.1,-16.8
4050.6,-17.2,-16.8
4050.7,-17.1,-16.9
4050.8,-16.9,-16.8
4050.9,-16.6,-16.8
4051.0,-16.4,-16.8
4051.1,-16.3,-16.8
4051.2,-16.4,-16.8
4051.3,-16.2,-16.7
4051.4,-16.1,-16.7
4051.5,-15.9,-16.6
4051.6,-15.7,-16.6
4051.7,-15.6,-16.5
4051.8,-15.4,-16.4
4051.9,-15.5,-16.4
4052.0,-15.6,-16.4
4052.1,-15.8,-16.4
4052.2,-16.2,-16.4
4052.3,-16.3,-16.4
4052.4,-16.6,-16.4
4052.5,-16.8,-16.4
4052.6,-16.7,-16.4
4052.7,-16.7,-16.4
4052.8,-16.6,-16.4
4052.9,-16.5,-16.4
4053.0,-16.7,-16.4
4053.1,-16.9,-16.4
4053.2,-17.0,-16.4
4053.3,-17.2,-16.4
4053.4,-17.1,-16.4
4053.5,-17.0,-16.4
4053.6,-17.1,-16.4
4053.7,-17.3,-16.4
4053.8,-17.4,-16.5
4053.9,-17.4,-16.5
4054.0,-17.0,-16.5
4054.1,-16.6,-16.5
4054.2,-16.3,-16.4
4054.3,-16.3,-16.5
4054.4,-16.5,-16.5
4054.5,-16.7,-16.6
4054.6,-16.7,-16.6
4054.7,-16.4,-16.6
4054.8,-16.0,-16.6
4054.9,-15.4,-16.5
4055.0,-15.2,-16.5
4055.1,-15.5,-16.6
4055.2,-16.0,-16.6
4055.3,-16.9,-16.6
4055.4,-17.6,-16.6
4055.5,-17.7,-16.7
4055.6,-17.7,-16.7
4055.7,-17.8,-16.8
4055.8,-17.9,-16.8
4055.9,-17.7,-16.8
4056.0,-17.7,-16.8
4056.1,-17.8,-16.9
4056.2,-17.9,-16.9
4056.3,-18.1,-16.9
4056.4,-18.1,-17.0
4056.5,-17.7,-16.9
4056.6,-17.3,-16.9
4056.7,-17.0,-16.9
4056.8,-16.8,-16.9
4056.9,-16.9,-16.9
4057.0,-16.9,-16.9
4057.1,-16.3,-16.9
4057.2,-16.4,-16.9
4057.3,-16.3,-16.9
4057.4,-16.3,-16.9
4057.5,-16.7,-16.8
4057.6,-15.9,-16.8
4057.7,-15.6,-16.7
4057.8,-15.6,-16.8
4057.9,-16.0,-17.0
4058.0,-16.7,-17.0
4058.1,-17.1,-17.0
4058.2,-16.7,-16.9
4058.3,-16.4,-16.9
4058.4,-16.2,-16.8
4058.5,-16.3,-16.8
4058.6,-16.9,-16.8
4058.7,-17.1,-16.8
4058.8,-17.2,-16.8
4058.9,-17.0,-16.7
4059.0,-16.8,-16.7
4059.1,-16.7,-16.7
4059.2,-16.8,-16.6
4059.3,-17.0,-16.6
4059.4,-16.7,-16.5
4059.5,-16.5,-16.5
4059.6,-16.7,-16.6
4059.7,-16.6,-16.6
4059.8,-16.9,-16.6
4059.9,-17.1,-16.6
4060.0,-17.0,-16.6
4060.1,-17.1,-16.7
4060.2,-17.1,-16.6
4060.3,-17.1,-16.7
4060.4,-17.1,-16.7
4060.5,-16.9,-16.7
4060.6,-16.7,-16.8
4060.7,-15.9,-16.7
4060.8,-15.7,-16.7
4060.9,-15.4,-16.6
4061.0,-15.3,-16.5
4061.1,-16.3,-16.6
4061.2,-16.5,-16.7
4061.3,-16.3,-16.6
4061.4,-16.4,-16.6
4061.5,-16.3,-16.6
4061.6,-16.5,-16.6
4061.7,-17.6,-16.6
4061.8,-18.3,-16.7
4061.9,-18.3,-16.7
4062.0,-18.5,-16.8
4062.1,-18.5,-16.8
4062.2,-17.9,-16.8
4062.3,-17.1,-16.8
4062.4,-17.2,-16.9
4062.5,-17.4,-16.9
4062.6,-17.9,-17.0
4062.7,-18.9,-17.0
4062.8,-18.3,-17.0
4062.9,-17.9,-17.0
4063.0,-18.0,-17.1
4063.1,-17.9,-17.1
4063.2,-18.0,-17.1
4063.3,-18.2,-17.2
4063.4,-18.1,-17.2
4063.5,-18.3,-17.3
4063.6,-18.5,-17.4
4063.7,-18.5,-17.5
4063.8,-18.5,-17.6
4063.9,-18.4,-17.7
4064.0,-18.0,-17.8
4064.1,-17.9,-17.8
4064.2,-17.9,-17.8
4064.3,-18.1,-18.0
4064.4,-18.5,-18.1
4064.5,-18.7,-18.1
4064.6,-18.8,-18.2
4064.7,-18.4,-18.1
4064.8,-18.3,-18.1
4064.9,-18.4,-18.2
4065.0,-18.2,-18.1
4065.1,-18.4,-18.1
4065.2,-18.6,-18.2
4065.3,-18.6,-18.4
4065.4,-18.6,-18.3
4065.5,-18.7,-18.3
4065.6,-18.9,-18.3
4065.7,-18.8,-18.4
4065.8,-18.8,-18.4
4065.9,-18.6,-18.4
4066.0,-18.4,-18.4
4066.1,-18.2,-18.4
4066.2,-18.1,-18.4
4066.3,-18.0,-18.4
4066.4,-17.6,-18.3
4066.5,-17.6,-18.3
4066.6,-17.3,-18.2
4066.7,-17.1,-18.2
4066.8,-17.0,-18.1
4066.9,-16.6,-18.0
4067.0,-16.4,-18.0
4067.1,-16.3,-17.9
4067.2,-16.2,-17.8
4067.3,-16.4,-17.7
4067.4,-16.4,-17.7
4067.5,-16.4,-17.6
4067.6,-16.5,-17.5
4067.7,-16.5,-17.5
4067.8,-16.4,-17.4
4067.9,-16.4,-17.3
4068.0,-16.0,-17.2
4068.1,-15.8,-17.1
4068.2,-15.8,-17.0
4068.3,-15.9,-17.0
4068.4,-16.2,-16.9
4068.5,-16.4,-16.8
4068.6,-16.5,-16.7
4068.7,-16.1,-16.6
4068.8,-16.0,-16.6
4068.9,-15.8,-16.5
4069.0,-15.7,-16.4
4069.1,-15.8,-16.4
4069.2,-15.7,-16.3
4069.3,-15.5,-16.2
4069.4,-15.3,-16.1
4069.5,-15.2,-16.0
4069.6,-15.2,-16.0
4069.7,-15.2,-15.9
4069.8,-15.0,-15.9
4069.9,-14.7,-15.8
4070.0,-14.3,-15.7
4070.1,-14.2,-15.6
4070.2,-14.3,-15.6
4070.3,-14.4,-15.5
4070.4,-14.5,-15.4
4070.5,-14.4,-15.3
4070.6,-14.3,-15.3
4070.7,-14.3,-15.2
4070.8,-14.4,-15.2
4070.9,-14.6,-15.1
4071.0,-14.5,-15.1
4071.1,-14.4,-15.0
4071.2,-14.2,-14.9
4071.3,-13.9,-14.8
4071.4,-13.8,-14.7
4071.5,-13.5,-14.6
4071.6,-13.4,-14.5
4071.7,-13.2,-14.4
4071.8,-13.0,-14.3
4071.9,-13.0,-14.3
4072.0,-13.0,-14.2
4072.1,-12.9,-14.1
4072.2,-12.9,-14.0
4072.3,-12.8,-13.9
4072.4,-12.9,-13.8
4072.5,-12.8,-13.7
4072.6,-12.5,-13.6
4072.7,-12.3,-13.5
4072.8,-12.0,-13.4
4072.9,-11.8,-13.3
4073.0,-11.9,-13.3
4073.1,-12.2,-13.2
4073.2,-12.5,-13.2
4073.3,-12.6,-13.1
4073.4,-12.5,-13.0
4073.5,-12.1,-12.9
4073.6,-12.0,-12.9
4073.7,-12.2,-12.8
4073.8,-12.5,-12.8
4073.9,-12.6,-12.7
4074.0,-12.6,-12.7
4074.1,-12.3,-12.6
4074.2,-12.1,-12.5
4074.3,-12.1,-12.5
4074.4,-12.1,-12.4
4074.5,-11.9,-12.4
4074.6,-12.0,-12.4
4074.7,-11.9,-12.3
4074.8,-12.0,-12.3
4074.9,-12.2,-12.3
4075.0,-12.1,-12.2
4075.1,-12.0,-12.2
4075.2,-11.5,-12.1
4075.3,-11.4,-12.1
4075.4,-11.3,-12.0
4075.5,-11.5,-12.0
4075.6,-11.8,-12.0
4075.7,-11.7,-12.0
4075.8,-11.8,-12.0
4075.9,-11.7,-12.0
4076.0,-11.7,-12.0
4076.1,-11.7,-11.9
4076.2,-11.8,-11.9
4076.3,-11.9,-11.9
4076.4,-11.9,-11.9
4076.5,-11.9,-11.9
4076.6,-11.7,-11.9
4076.7,-11.4,-11.8
4076.8,-11.1,-11.7
4076.9,-10.9,-11.7
4077.0,-11.0,-11.7
4077.1,-11.0,-11.6
4077.2,-11.1,-11.6
4077.3,-11.0,-11.6
4077.4,-11.0,-11.5
4077.5,-11.2,-11.5
4077.6,-11.4,-11.5
4077.7,-11.3,-11.5
4077.8,-11.1,-11.4
4077.9,-10.8,-11.3
4078.0,-10.9,-11.4
4078.1,-11.3,-11.4
4078.2,-11.4,-11.4
4078.3,-11.8,-11.4
4078.4,-11.7,-11.4
4078.5,-11.6,-11.4
4078.6,-11.5,-11.4
4078.7,-11.5,-11.4
4078.8,-11.6,-11.4
4078.9,-11.7,-11.4
4079.0,-12.1,-11.4
4079.1,-12.2,-11.4
4079.2,-12.3,-11.4
4079.3,-12.1,-11.4
4079.4,-11.9,-11.4
4079.5,-11.7,-11.4
4079.6,-11.5,-11.4
4079.7,-11.5,-11.4
4079.8,-11.5,-11.5
4079.9,-11.5,-11.5
4080.0,-11.6,-11.5
4080.1,-11.7,-11.5
4080.2,-11.9,-11.6
4080.3,-12.0,-11.6
4080.4,-12.2,-11.7
4080.5,-12.1,-11.6
4080.6,-12.2,-11.7
4080.7,-12.6,-11.8
4080.8,-12.8,-11.9
4080.9,-13.4,-12.0
4081.0,-13.8,-12.0
4081.1,-13.7,-12.1
4081.2,-14.0,-12.2
4081.3,-14.2,-12.3
4081.4,-14.4,-12.4
4081.5,-15.0,-12.4
4081.6,-15.1,-12.6
4081.7,-15.4,-12.7
4081.8,-15.4,-12.8
4081.9,-15.7,-12.9
4082.0,-16.0,-13.0
4082.1,-16.5,-13.1
4082.2,-17.0,-13.2
4082.3,-17.6,-13.4
4082.4,-18.3,-13.6
4082.5,-18.9,-13.8
4082.6,-19.7,-14.0
4082.7,-20.5,-14.3
4082.8,-21.4,-14.5
4082.9,-22.2,-14.8
4083.0,-22.9,-15.1
4083.1,-23.5,-15.4
4083.2,-23.7,-15.6
4083.3,-23.5,-16.0
4083.4,-23.0,-16.2
4083.5,-20.8,-16.6
4083.6,-19.7,-16.9
4083.7,-17.2,-16.9
4083.8,-15.9,-17.0
4083.9,-16.3,-17.2
4084.0,-16.7,-17.5
4084.1,-19.0,-17.8
4084.2,-22.6,-18.1
4084.3,-24.6,-18.4
4084.4,-26.4,-18.7
4084.5,-26.9,-19.0
4084.6,-27.5,-19.4
4084.7,-27.1,-19.7
4084.8,-27.2,-20.0
4084.9,-27.4,-20.4
4085.0,-27.5,-20.7
4085.1,-28.2,-21.0
4085.2,-28.5,-21.3
4085.3,-28.9,-21.5
4085.4,-29.5,-21.8
4085.5,-29.7,-21.9
4085.6,-29.7,-22.1
4085.7,-29.7,-22.2
4085.8,-29.8,-22.3
4085.9,-30.0,-22.4
4086.0,-30.1,-22.5
4086.1,-30.0,-22.6
4086.2,-29.8,-22.7
4086.3,-29.7,-22.8
4086.4,-29.8,-22.9
4086.5,-29.8,-23.4
4086.6,-29.9,-23.9
4086.7,-29.8,-25.4
4086.8,-29.7,-27.3
4086.9,-29.8,-28.1
4087.0,-29.8,-28.6
4087.1,-29.9,-28.8
4087.2,-30.1,-29.0
4087.3,-30.0,-29.1
4087.4,-30.0,-29.2
4087.5,-30.0,-29.3
4087.6,-29.9,-29.4
4087.7,-30.2,-29.6
4087.8,-30.4,-29.7
4087.9,-30.6,-29.8
4088.0,-31.0,-29.9
4088.1,-30.7,-30.0
4088.2,-30.6,-30.0
4088.3,-30.5,-30.0
4088.4,-30.1,-30.0
4088.5,-30.1,-30.0
4088.6,-30.1,-30.1
4088.7,-30.0,-30.1
4088.8,-30.3,-30.1
4088.9,-30.4,-30.1
4089.0,-30.6,-30.1
4089.1,-30.6,-30.2
4089.2,-30.3,-30.2
4089.3,-30.3,-30.2
4089.4,-30.2,-30.2
4089.5,-30.2,-30.2
4089.6,-30.0,-30.2
4089.7,-29.9,-30.2
4089.8,-29.6,-30.2
4089.9,-29.5,-30.2
4090.0,-29.5,-30.1
4090.1,-29.3,-30.1
4090.2,-29.4,-30.1
4090.3,-29.5,-30.1
4090.4,-29.3,-30.0
4090.5,-29.3,-30.0
4090.6,-29.1,-30.0
4090.7,-28.7,-29.9
4090.8,-27.9,-29.7
4090.9,-27.7,-29.6
4091.0,-27.5,-29.4
4091.1,-27.5,-29.4
4091.2,-28.0,-29.3
4091.3,-27.6,-29.1
4091.4,-27.5,-29.1
4091.5,-26.6,-28.8
4091.6,-26.5,-28.7
4091.7,-26.6,-28.6
4091.8,-26.2,-28.4
4091.9,-26.3,-28.2
4092.0,-26.0,-28.1
4092.1,-26.0,-28.0
4092.2,-26.4,-27.9
4092.3,-26.8,-27.8
4092.4,-26.6,-27.6
4092.5,-26.2,-27.5
4092.6,-25.5,-27.3
4092.7,-24.9,-27.1
4092.8,-24.8,-26.9
4092.9,-24.6,-26.8
4093.0,-24.7,-26.6
4093.1,-25.1,-26.5
4093.2,-25.4,-26.5
4093.3,-25.9,-26.4
4093.4,-26.3,-26.3
4093.5,-26.4,-26.3
4093.6,-26.1,-26.2
4093.7,-25.7,-26.1
4093.8,-25.3,-26.0
4093.9,-25.0,-25.9
4094.0,-24.8,-25.8
4094.1,-24.6,-25.7
4094.2,-24.5,-25.6
4094.3,-24.4,-25.5
4094.4,-24.4,-25.4
4094.5,-24.5,-25.4
4094.6,-24.5,-25.3
4094.7,-24.5,-25.2
4094.8,-24.6,-25.2
4094.9,-24.4,-25.2
4095.0,-24.2,-25.1
4095.1,-24.2,-25.0
4095.2,-24.1,-24.9
4095.3,-24.0,-24.8
4095.4,-23.8,-24.7
4095.5,-23.6,-24.7
4095.6,-23.5,-24.6
4095.7,-23.7,-24.6
4095.8,-24.2,-24.6
4095.9,-24.6,-24.7
4096.0,-25.0,-24.7
4096.1,-25.1,-24.6
4096.2,-25.0,-24.6
4096.3,-24.7,-24.5
4096.4,-24.6,-24.5
4096.5,-24.4,-24.4
4096.6,-24.5,-24.4
4096.7,-24.6,-24.4
4096.8,-24.6,-24.4
4096.9,-24.5,-24.4
4097.0,-24.3,-24.3
4097.1,-24.5,-24.4
4097.2,-24.8,-24.4
4097.3,-25.2,-24.5
4097.4,-25.7,-24.5
4097.5,-25.6,-24.5
4097.6,-25.3,-24.5
4097.7,-25.1,-24.5
4097.8,-24.9,-24.5
4097.9,-24.7,-24.6
4098.0,-25.0,-24.6
4098.1,-25.0,-24.6
4098.2,-24.9,-24.6
4098.3,-24.8,-24.7
4098.4,-24.6,-24.7
4098.5,-24.5,-24.8
4098.6,-24.5,-24.8
4098.7,-24.5,-24.8
4098.8,-24.4,-24.8
4098.9,-24.1,-24.7
4099.0,-23.5,-24.6
4099.1,-22.9,-24.4
4099.2,-21.3,-24.1
4099.3,-19.5,-23.5
4099.4,-17.8,-22.8
4099.5,-16.7,-22.2
4099.6,-16.2,-21.8
4099.7,-15.7,-21.2
4099.8,-15.9,-20.9
4099.9,-15.9,-20.5
4100.0,-15.8,-20.1
4100.1,-16.1,-19.8
4100.2,-16.5,-19.7
4100.3,-17.2,-19.6
4100.4,-17.5,-19.3
4100.5,-17.9,-19.2
4100.6,-18.1,-19.1
4100.7,-18.6,-19.0
4100.8,-20.0,-19.0
4100.9,-21.0,-19.0
4101.0,-21.1,-18.9
4101.1,-21.2,-18.8
4101.2,-21.3,-18.8
4101.3,-21.7,-18.8
4101.4,-22.3,-18.8
4101.5,-22.4,-18.7
4101.6,-22.4,-18.7
4101.7,-22.2,-18.7
4101.8,-22.1,-18.7
4101.9,-22.0,-18.6
4102.0,-21.8,-18.6
4102.1,-21.9,-18.6
4102.2,-21.8,-18.7
4102.3,-21.9,-18.8
4102.4,-22.2,-19.1
4102.5,-22.5,-19.4
4102.6,-22.7,-19.6
4102.7,-22.8,-19.9
4102.8,-22.8,-20.2
4102.9,-22.8,-20.5
4103.0,-22.9,-20.9
4103.1,-22.9,-21.2
4103.2,-22.8,-21.3
4103.3,-22.7,-21.5
4103.4,-22.7,-21.9
4103.5,-22.5,-22.1
4103.6,-22.2,-22.2
4103.7,-22.0,-22.2
4103.8,-22.0,-22.2
4103.9,-22.4,-22.3
4104.0,-22.7,-22.4
4104.1,-22.9,-22.4
4104.2,-22.5,-22.4
4104.3,-21.8,-22.3
4104.4,-21.5,-22.3
4104.5,-20.8,-22.2
4104.6,-20.3,-22.0
4104.7,-19.7,-21.9
4104.8,-18.7,-21.6
4104.9,-18.0,-21.3
4105.0,-17.5,-21.1
4105.1,-17.4,-20.9
4105.2,-17.2,-20.7
4105.3,-17.1,-20.4
4105.4,-17.3,-20.2
4105.5,-17.4,-20.1
4105.6,-18.2,-20.1
4105.7,-19.3,-20.0
4105.8,-19.6,-19.9
4105.9,-19.6,-19.8
4106.0,-19.5,-19.7
4106.1,-19.6,-19.7
4106.2,-20.3,-19.7
4106.3,-21.0,-19.6
4106.4,-21.3,-19.6
4106.5,-21.2,-19.6
4106.6,-21.3,-19.6
4106.7,-21.4,-19.6
4106.8,-21.7,-19.6
4106.9,-21.9,-19.6
4107.0,-21.9,-19.5
4107.1,-21.8,-19.5
4107.2,-21.6,-19.5
4107.3,-21.8,-19.6
4107.4,-21.9,-19.6
4107.5,-22.2,-19.6
4107.6,-22.3,-19.7
4107.7,-22.3,-19.8
4107.8,-22.3,-20.0
4107.9,-22.4,-20.2
4108.0,-22.5,-20.4
4108.1,-22.5,-20.6
4108.2,-22.8,-20.9
4108.3,-22.8,-21.2
4108.4,-21.9,-21.3
4108.5,-20.3,-21.2
4108.6,-18.7,-21.0
4108.7,-17.1,-20.6
4108.8,-16.4,-20.4
4108.9,-16.0,-20.2
4109.0,-16.1,-20.1
4109.1,-16.1,-19.8
4109.2,-16.1,-19.6
4109.3,-16.3,-19.4
4109.4,-16.7,-19.3
4109.5,-17.0,-19.2
4109.6,-17.1,-19.0
4109.7,-17.6,-18.9
4109.8,-17.7,-18.8
4109.9,-18.6,-18.8
4110.0,-20.3,-18.8
4110.1,-21.4,-18.9
4110.2,-22.1,-18.9
4110.3,-22.6,-18.9
4110.4,-22.8,-18.9
4110.5,-23.2,-18.9
4110.6,-23.6,-18.9
4110.7,-23.6,-19.0
4110.8,-23.3,-19.0
4110.9,-23.2,-19.0
4111.0,-23.2,-19.0
4111.1,-23.2,-19.0
4111.2,-23.5,-19.0
4111.3,-23.6,-19.0
4111.4,-23.5,-19.1
4111.5,-23.8,-19.2
4111.6,-24.0,-19.5
4111.7,-24.1,-19.8
4111.8,-23.7,-20.0
4111.9,-22.5,-20.3
4112.0,-22.2,-20.6
4112.1,-22.1,-20.9
4112.2,-22.2,-21.3
4112.3,-22.8,-21.6
4112.4,-22.6,-21.8
4112.5,-22.4,-22.1
4112.6,-22.9,-22.6
4112.7,-23.5,-22.9
4112.8,-24.0,-23.1
4112.9,-24.8,-23.2
4113.0,-24.6,-23.3
4113.1,-24.4,-23.3
4113.2,-24.7,-23.4
4113.3,-24.4,-23.4
4113.4,-23.6,-23.4
4113.5,-22.8,-23.3
4113.6,-22.2,-23.2
4113.7,-20.9,-23.0
4113.8,-20.7,-22.9
4113.9,-20.3,-22.7
4114.0,-19.5,-22.5
4114.1,-19.2,-22.2
4114.2,-19.0,-22.1
4114.3,-18.9,-21.9
4114.4,-18.5,-21.6
4114.5,-18.2,-21.3
4114.6,-18.0,-21.1
4114.7,-18.2,-21.0
4114.8,-19.3,-21.0
4114.9,-20.4,-21.0
4115.0,-20.5,-20.9
4115.1,-20.2,-20.7
4115.2,-20.1,-20.7
4115.3,-20.6,-20.7
4115.4,-22.0,-20.8
4115.5,-23.6,-20.8
4115.6,-24.5,-20.8
4115.7,-25.0,-20.8
4115.8,-24.4,-20.8
4115.9,-23.8,-20.8
4116.0,-23.1,-20.7
4116.1,-22.7,-20.7
4116.2,-22.8,-20.7
4116.3,-23.5,-20.7
4116.4,-24.6,-20.8
4116.5,-25.5,-20.9
4116.6,-25.8,-20.9
4116.7,-25.4,-21.1
4116.8,-25.2,-21.2
4116.9,-25.3,-21.4
4117.0,-25.8,-21.6
4117.1,-26.3,-21.9
4117.2,-26.3,-22.1
4117.3,-25.6,-22.2
4117.4,-24.8,-22.6
4117.5,-24.2,-23.1
4117.6,-24.0,-23.3
4117.7,-24.2,-23.5
4117.8,-24.8,-23.6
4117.9,-25.6,-23.9
4118.0,-26.3,-24.2
4118.1,-26.7,-24.6
4118.2,-26.7,-24.8
4118.3,-26.5,-24.9
4118.4,-26.6,-24.9
4118.5,-26.8,-25.0
4118.6,-27.1,-25.1
4118.7,-27.9,-25.2
4118.8,-28.2,-25.3
4118.9,-27.9,-25.5
4119.0,-27.1,-25.7
4119.1,-26.3,-25.8
4119.2,-25.6,-25.9
4119.3,-25.2,-25.8
4119.4,-25.1,-25.8
4119.5,-25.1,-25.8
4119.6,-25.3,-25.8
4119.7,-25.6,-25.9
4119.8,-26.1,-25.9
4119.9,-26.7,-25.9
4120.0,-27.4,-26.0
4120.1,-28.1,-26.0
4120.2,-28.4,-26.1
4120.3,-28.9,-26.3
4120.4,-29.6,-26.5
4120.5,-30.5,-26.8
4120.6,-31.6,-27.0
4120.7,-32.2,-27.2
4120.8,-32.8,-27.3
4120.9,-33.1,-27.4
4121.0,-33.6,-27.6
4121.1,-34.4,-27.8
4121.2,-35.0,-27.9
4121.3,-35.2,-28.1
4121.4,-35.6,-28.3
4121.5,-36.2,-28.4
4121.6,-36.8,-28.6
4121.7,-37.6,-28.7
4121.8,-38.3,-28.9
4121.9,-38.4,-29.1
4122.0,-38.4,-29.4
4122.1,-34.4,-29.7
4122.2,-30.0,-29.7
4122.3,-28.6,-29.9
4122.4,-28.3,-30.3
4122.5,-27.7,-30.4
4122.6,-27.6,-30.4
4122.7,-27.5,-30.5
4122.8,-27.6,-30.7
4122.9,-28.7,-31.0
4123.0,-31.8,-31.2
4123.1,-36.1,-31.5
4123.2,-38.0,-31.7
4123.3,-38.7,-31.9
4123.4,-37.8,-32.0
4123.5,-36.7,-32.1
4123.6,-35.7,-32.1
4123.7,-34.8,-32.2
4123.8,-34.3,-32.2
4123.9,-34.3,-32.2
4124.0,-34.5,-32.2
4124.1,-34.7,-32.2
4124.2,-34.9,-32.2
4124.3,-34.9,-32.2
4124.4,-34.8,-32.1
4124.5,-35.1,-32.1
4124.6,-35.5,-32.1
4124.7,-35.8,-32.1
4124.8,-36.1,-32.1
4124.9,-36.3,-32.0
4125.0,-36.5,-32.0
4125.1,-36.2,-32.2
4125.2,-36.1,-32.8
4125.3,-36.2,-33.2
4125.4,-36.2,-33.4
4125.5,-36.7,-33.9
4125.6,-36.7,-35.0
4125.7,-36.2,-35.7
4125.8,-35.7,-35.8
4125.9,-35.2,-35.8
4126.0,-35.0,-35.7
4126.1,-35.1,-35.6
4126.2,-35.4,-35.5
4126.3,-34.8,-35.3
4126.4,-27.2,-33.0
4126.5,-27.0,-32.9
4126.6,-27.1,-33.0
4126.7,-26.7,-32.7
4126.8,-28.1,-31.8
4126.9,-23.3,-29.6
4127.0,-21.6,-28.6
4127.1,-21.2,-28.2
4127.2,-21.8,-28.2
4127.3,-24.7,-28.2
4127.4,-29.2,-28.2
4127.5,-36.0,-28.3
4127.6,-36.1,-28.2
4127.7,-35.9,-28.2
4127.8,-35.8,-28.2
4127.9,-35.6,-28.2
4128.0,-35.8,-28.2
4128.1,-35.5,-28.2
4128.2,-35.4,-28.2
4128.3,-35.6,-28.2
4128.4,-36.6,-28.2
4128.5,-37.9,-28.2
4128.6,-39.2,-28.3
4128.7,-40.0,-28.3
4128.8,-39.8,-28.3
4128.9,-39.5,-28.3
4129.0,-38.7,-28.3
4129.1,-38.0,-28.3
4129.2,-37.2,-28.3
4129.3,-36.2,-28.4
4129.4,-35.7,-29.0
4129.5,-35.1,-29.1
4129.6,-34.6,-29.0
4129.7,-34.2,-29.1
4129.8,-33.6,-29.6
4129.9,-33.0,-31.7
4130.0,-32.7,-34.0
4130.1,-32.0,-35.3
4130.2,-29.0,-34.2
4130.3,-27.4,-33.3
4130.4,-27.1,-33.0
4130.5,-27.4,-33.0
4130.6,-29.2,-32.9
4130.7,-29.1,-32.2
4130.8,-28.5,-31.9
4130.9,-27.1,-31.4
4131.0,-26.6,-31.1
4131.1,-27.3,-30.9
4131.2,-27.8,-30.8
4131.3,-29.3,-30.7
4131.4,-30.3,-30.6
4131.5,-31.5,-30.5
4131.6,-32.5,-30.5
4131.7,-32.7,-30.4
4131.8,-32.9,-30.4
4131.9,-33.1,-30.3
4132.0,-33.3,-30.3
4132.1,-33.4,-30.2
4132.2,-33.3,-30.2
4132.3,-33.6,-30.2
4132.4,-33.0,-30.1
4132.5,-33.3,-30.1
4132.6,-33.8,-30.2
4132.7,-34.0,-30.2
4132.8,-35.0,-30.2
4132.9,-34.8,-30.2
4133.0,-34.5,-30.3
4133.1,-34.3,-30.3
4133.2,-33.7,-30.7
4133.3,-30.7,-30.9
4133.4,-30.0,-30.9
4133.5,-29.4,-30.8
4133.6,-27.3,-30.3
4133.7,-26.8,-30.3
4133.8,-27.0,-30.5
4133.9,-25.5,-30.2
4134.0,-25.4,-29.9
4134.1,-26.1,-29.9
4134.2,-26.1,-30.0
4134.3,-28.2,-30.0
4134.4,-31.6,-30.0
4134.5,-33.1,-30.1
4134.6,-33.5,-30.1
4134.7,-34.1,-30.1
4134.8,-34.6,-30.1
4134.9,-35.2,-30.2
4135.0,-35.6,-30.2
4135.1,-35.9,-30.2
4135.2,-36.2,-30.3
4135.3,-36.4,-30.3
4135.4,-36.3,-30.4
4135.5,-36.3,-30.4
4135.6,-36.5,-30.4
4135.7,-36.7,-30.4
4135.8,-36.8,-30.4
4135.9,-36.8,-30.5
4136.0,-36.9,-30.5
4136.1,-37.0,-30.5
4136.2,-37.0,-30.6
4136.3,-37.3,-30.9
4136.4,-37.3,-31.1
4136.5,-37.3,-31.2
4136.6,-37.3,-31.9
4136.7,-37.3,-32.5
4136.8,-37.1,-32.6
4136.9,-37.1,-33.9
4137.0,-37.1,-35.4
4137.1,-37.0,-35.9
4137.2,-36.9,-36.1
4137.3,-36.9,-36.3
4137.4,-36.6,-36.4
4137.5,-36.7,-36.6
4137.6,-37.0,-36.7
4137.7,-37.4,-36.8
4137.8,-37.9,-36.9
4137.9,-38.2,-37.0
4138.0,-38.2,-37.0
4138.1,-38.2,-37.1
4138.2,-38.3,-37.2
4138.3,-38.4,-37.3
4138.4,-38.7,-37.4
4138.5,-38.9,-37.4
4138.6,-39.0,-37.5
4138.7,-39.2,-37.6
4138.8,-39.2,-37.6
4138.9,-39.1,-37.7
4139.0,-39.2,-37.8
4139.1,-39.2,-37.8
4139.2,-36.1,-37.5
4139.3,-35.2,-37.3
4139.4,-34.2,-37.1
4139.5,-32.8,-36.8
4139.6,-32.9,-36.5
4139.7,-32.1,-36.2
4139.8,-31.7,-35.9
4139.9,-32.5,-35.9
4140.0,-33.5,-35.9
4140.1,-35.5,-36.0
4140.2,-38.5,-36.0
4140.3,-39.2,-36.1
4140.4,-39.3,-36.2
4140.5,-39.5,-36.2
4140.6,-39.6,-36.2
4140.7,-39.7,-36.3
4140.8,-39.8,-36.3
4140.9,-39.8,-36.3
4141.0,-39.7,-36.4
4141.1,-37.5,-36.2
4141.2,-34.0,-35.7
4141.3,-33.6,-35.6
4141.4,-32.7,-35.5
4141.5,-32.9,-35.4
4141.6,-35.3,-35.4
4141.7,-36.1,-35.4
4141.8,-38.5,-35.4
4141.9,-40.2,-35.4
4142.0,-40.8,-35.5
4142.1,-41.2,-35.5
4142.2,-41.6,-35.8
4142.3,-41.8,-35.9
4142.4,-41.8,-36.1
4142.5,-41.5,-36.5
4142.6,-41.4,-36.9
4142.7,-41.3,-37.4
4142.8,-41.2,-37.9
4142.9,-41.4,-38.0
4143.0,-41.5,-38.1
4143.1,-41.5,-38.1
4143.2,-41.5,-38.2
4143.3,-41.4,-38.2
4143.4,-41.3,-38.2
4143.5,-41.3,-38.3
4143.6,-41.2,-38.3
4143.7,-41.0,-38.3
4143.8,-40.9,-38.3
4143.9,-40.8,-38.3
4144.0,-40.8,-38.4
4144.1,-41.0,-38.7
4144.2,-41.1,-39.8
4144.3,-41.2,-40.1
4144.4,-41.1,-40.8
4144.5,-40.9,-41.1
4144.6,-40.7,-41.1
4144.7,-40.5,-41.1
4144.8,-40.5,-41.2
4144.9,-40.8,-41.2
4145.0,-41.1,-41.2
4145.1,-41.6,-41.2
4145.2,-41.9,-41.2
4145.3,-42.0,-41.2
4145.4,-42.0,-41.2
4145.5,-41.8,-41.2
4145.6,-41.7,-41.2
4145.7,-41.8,-41.3
4145.8,-41.8,-41.3
4145.9,-41.8,-41.3
4146.0,-41.7,-41.3
4146.1,-41.4,-41.3
4146.2,-41.2,-41.2
4146.3,-41.1,-41.2
4146.4,-41.0,-41.2
4146.5,-41.0,-41.2
4146.6,-41.0,-41.2
4146.7,-40.8,-41.2
4146.8,-40.5,-41.2
4146.9,-40.4,-41.2
4147.0,-40.3,-41.1
4147.1,-40.2,-41.1
4147.2,-36.2,-40.1
4147.3,-34.8,-39.6
4147.4,-33.6,-39.0
4147.5,-32.7,-38.6
4147.6,-32.2,-37.8
4147.7,-30.4,-36.6
4147.8,-30.8,-36.5
4147.9,-31.4,-36.5
4148.0,-32.8,-36.5
4148.1,-39.3,-36.4
4148.2,-38.7,-36.3
4148.3,-38.1,-36.2
4148.4,-36.9,-36.1
4148.5,-36.7,-36.1
4148.6,-37.1,-36.0
4148.7,-37.4,-36.0
4148.8,-38.7,-36.0
4148.9,-39.1,-35.9
4149.0,-39.5,-35.9
4149.1,-39.8,-35.9
4149.2,-39.8,-35.9
4149.3,-40.0,-35.9
4149.4,-40.1,-35.9
4149.5,-40.4,-35.9
4149.6,-40.6,-35.9
4149.7,-40.5,-35.9
4149.8,-40.2,-35.9
4149.9,-39.7,-35.8
4150.0,-39.3,-35.8
4150.1,-39.1,-35.8
4150.2,-39.2,-36.1
4150.3,-39.3,-36.3
4150.4,-39.4,-36.6
4150.5,-39.3,-36.9
4150.6,-39.0,-37.4
4150.7,-38.8,-38.9
4150.8,-38.6,-39.0
4150.9,-38.4,-38.9
4151.0,-38.3,-38.8
4151.1,-38.0,-38.8
4151.2,-37.3,-38.7
4151.3,-36.4,-38.6
4151.4,-34.0,-38.0
4151.5,-33.5,-37.9
4151.6,-33.7,-37.8
4151.7,-34.0,-37.8
4151.8,-36.2,-37.7
4151.9,-36.9,-37.6
4152.0,-36.8,-37.5
4152.1,-36.9,-37.4
4152.2,-36.9,-37.3
4152.3,-37.1,-37.3
4152.4,-37.3,-37.2
4152.5,-37.6,-37.2
4152.6,-37.7,-37.1
4152.7,-37.5,-37.0
4152.8,-37.4,-37.0
4152.9,-37.3,-36.9
4153.0,-37.5,-36.9
4153.1,-37.9,-36.9
4153.2,-38.3,-36.9
4153.3,-38.4,-36.9
4153.4,-38.3,-36.8
4153.5,-38.0,-36.8
4153.6,-37.5,-36.7
4153.7,-37.2,-36.7
4153.8,-37.2,-36.7
4153.9,-37.2,-36.7
4154.0,-37.4,-36.7
4154.1,-37.4,-36.6
4154.2,-37.3,-36.7
4154.3,-37.1,-36.8
4154.4,-36.8,-37.2
4154.5,-36.4,-37.3
4154.6,-36.3,-37.2
4154.7,-36.2,-37.2
4154.8,-36.3,-37.2
4154.9,-36.4,-37.2
4155.0,-36.4,-37.2
4155.1,-36.4,-37.2
4155.2,-36.6,-37.2
4155.3,-36.7,-37.1
4155.4,-36.6,-37.1
4155.5,-36.6,-37.0
4155.6,-36.5,-37.0
4155.7,-36.1,-36.9
4155.8,-35.3,-36.8
4155.9,-34.9,-36.6
4156.0,-35.0,-36.6
4156.1,-35.4,-36.6
4156.2,-36.4,-36.5
4156.3,-37.1,-36.5
4156.4,-37.1,-36.5
4156.5,-36.9,-36.5
4156.6,-37.0,-36.5
4156.7,-37.0,-36.5
4156.8,-37.3,-36.5
4156.9,-37.6,-36.5
4157.0,-37.5,-36.5
4157.1,-36.3,-36.4
4157.2,-33.8,-35.9
4157.3,-33.0,-35.8
4157.4,-33.1,-35.8
4157.5,-33.7,-35.9
4157.6,-36.3,-35.9
4157.7,-38.7,-36.0
4157.8,-39.5,-36.1
4157.9,-40.2,-36.2
4158.0,-40.6,-36.3
4158.1,-40.8,-36.4
4158.2,-41.2,-36.5
4158.3,-41.2,-36.5
4158.4,-38.8,-36.5
4158.5,-36.9,-36.4
4158.6,-35.8,-36.4
4158.7,-35.2,-36.4
4158.8,-34.8,-36.4
4158.9,-35.7,-36.5
4159.0,-36.8,-36.6
4159.1,-37.9,-36.7
4159.2,-41.4,-36.8
4159.3,-42.3,-36.9
4159.4,-42.3,-37.0
4159.5,-42.4,-37.1
4159.6,-42.8,-37.2
4159.7,-43.3,-37.4
4159.8,-44.1,-37.5
4159.9,-44.5,-37.6
4160.0,-44.8,-37.7
4160.1,-43.0,-38.0
4160.2,-37.9,-38.4
4160.3,-32.9,-37.5
4160.4,-32.9,-37.6
4160.5,-32.9,-37.7
4160.6,-33.9,-37.7
4160.7,-41.5,-37.7
4160.8,-40.6,-37.7
4160.9,-39.5,-37.7
4161.0,-38.4,-37.5
4161.1,-37.3,-37.4
4161.2,-36.4,-37.2
4161.3,-35.6,-37.0
4161.4,-34.8,-36.9
4161.5,-34.1,-36.8
4161.6,-33.2,-36.6
4161.7,-32.2,-36.2
4161.8,-31.3,-35.9
4161.9,-30.6,-35.4
4162.0,-29.1,-34.5
4162.1,-28.8,-34.1
4162.2,-28.7,-33.7
4162.3,-28.6,-33.3
4162.4,-29.4,-33.0
4162.5,-29.1,-32.6
4162.6,-28.8,-32.3
4162.7,-28.6,-31.9
4162.8,-28.5,-31.6
4162.9,-28.4,-31.3
4163.0,-28.4,-31.1
4163.1,-28.2,-30.8
4163.2,-28.0,-30.6
4163.3,-27.6,-30.5
4163.4,-27.1,-30.1
4163.5,-26.7,-29.8
4163.6,-26.5,-29.5
4163.7,-26.2,-29.2
4163.8,-25.9,-28.8
4163.9,-25.5,-28.5
4164.0,-25.0,-28.2
4164.1,-24.5,-27.8
4164.2,-23.9,-27.4
4164.3,-23.6,-27.1
4164.4,-23.4,-26.8
4164.5,-23.3,-26.5
4164.6,-23.5,-26.3
4164.7,-23.9,-26.2
4164.8,-24.4,-26.0
4164.9,-24.9,-25.9
4165.0,-25.2,-25.9
4165.1,-25.5,-25.8
4165.2,-25.8,-25.8
4165.3,-26.2,-25.7
4165.4,-26.6,-25.7
4165.5,-26.6,-25.6
4165.6,-26.5,-25.6
4165.7,-26.3,-25.5
4165.8,-26.2,-25.5
4165.9,-26.1,-25.4
4166.0,-26.2,-25.4
4166.1,-26.3,-25.3
4166.2,-26.4,-25.3
4166.3,-26.6,-25.3
4166.4,-26.6,-25.3
4166.5,-26.4,-25.3
4166.6,-26.0,-25.3
4166.7,-25.3,-25.2
4166.8,-24.8,-25.2
4166.9,-24.3,-25.1
4167.0,-23.9,-25.1
4167.1,-23.5,-25.1
4167.2,-23.3,-25.0
4167.3,-22.9,-25.0
4167.4,-22.9,-25.0
4167.5,-22.8,-25.0
4167.6,-22.9,-24.9
4167.7,-23.1,-24.9
4167.8,-23.0,-24.7
4167.9,-23.2,-24.7
4168.0,-23.2,-24.6
4168.1,-23.1,-24.5
4168.2,-23.0,-24.3
4168.3,-22.7,-24.2
4168.4,-22.6,-24.1
4168.5,-22.7,-24.0
4168.6,-22.9,-23.9
4168.7,-23.2,-23.9
4168.8,-23.7,-23.8
4168.9,-24.1,-23.8
4169.0,-24.4,-23.7
4169.1,-24.6,-23.7
4169.2,-24.4,-23.6
4169.3,-24.2,-23.6
4169.4,-24.2,-23.5
4169.5,-24.3,-23.5
4169.6,-24.4,-23.5
4169.7,-24.5,-23.5
4169.8,-24.5,-23.5
4169.9,-24.8,-23.6
4170.0,-24.8,-23.6
4170.1,-24.7,-23.6
4170.2,-24.5,-23.7
4170.3,-24.0,-23.7
4170.4,-23.9,-23.7
4170.5,-23.7,-23.8
4170.6,-23.5,-23.8
4170.7,-23.6,-23.8
4170.8,-23.4,-23.8
4170.9,-23.2,-23.8
4171.0,-23.4,-23.8
4171.1,-23.4,-23.8
4171.2,-23.5,-23.9
4171.3,-23.8,-23.9
4171.4,-23.7,-24.0
4171.5,-23.8,-24.0
4171.6,-23.8,-24.0
4171.7,-23.7,-24.0
4171.8,-23.8,-24.0
4171.9,-23.7,-23.9
4172.0,-23.6,-23.9
4172.1,-23.6,-23.9
4172.2,-23.4,-23.8
4172.3,-23.2,-23.8
4172.4,-23.1,-23.7
4172.5,-22.9,-23.7
4172.6,-22.7,-23.6
4172.7,-22.5,-23.5
4172.8,-22.3,-23.4
4172.9,-22.2,-23.3
4173.0,-22.2,-23.3
4173.1,-22.3,-23.2
4173.2,-22.3,-23.1
4173.3,-22.2,-23.1
4173.4,-22.0,-23.0
4173.5,-21.9,-22.9
4173.6,-21.8,-22.9
4173.7,-21.7,-22.8
4173.8,-21.6,-22.8
4173.9,-21.6,-22.7
4174.0,-21.7,-22.6
4174.1,-21.6,-22.6
4174.2,-21.6,-22.5
4174.3,-21.5,-22.4
4174.4,-21.5,-22.3
4174.5,-21.3,-22.2
4174.6,-21.4,-22.2
4174.7,-21.4,-22.1
4174.8,-21.3,-22.0
4174.9,-21.1,-21.9
4175.0,-20.8,-21.8
4175.1,-20.7,-21.7
4175.2,-20.5,-21.6
4175.3,-20.5,-21.6
4175.4,-20.4,-21.5
4175.5,-20.3,-21.4
4175.6,-20.3,-21.3
4175.7,-20.2,-21.2
4175.8,-20.3,-21.2
4175.9,-20.4,-21.1
4176.0,-20.2,-21.0
4176.1,-20.1,-21.0
4176.2,-19.5,-20.8
4176.3,-19.2,-20.7
4176.4,-19.0,-20.6
4176.5,-18.8,-20.5
4176.6,-19.1,-20.4
4176.7,-19.1,-20.3
4176.8,-18.9,-20.2
4176.9,-18.8,-20.1
4177.0,-18.8,-20.1
4177.1,-18.7,-19.9
4177.2,-18.6,-19.8
4177.3,-18.8,-19.8
4177.4,-18.3,-19.6
4177.5,-18.6,-19.6
4177.6,-18.6,-19.5
4177.7,-16.9,-19.1
4177.8,-16.4,-18.9
4177.9,-16.0,-18.8
4178.0,-15.9,-18.7
4178.1,-17.2,-18.6
4178.2,-17.9,-18.6
4178.3,-18.1,-18.5
4178.4,-18.0,-18.4
4178.5,-18.0,-18.4
4178.6,-18.1,-18.3
4178.7,-18.3,-18.3
4178.8,-18.6,-18.2
4178.9,-18.2,-18.1
4179.0,-18.0,-18.1
4179.1,-17.8,-18.0
4179.2,-17.7,-18.0
4179.3,-17.9,-18.0
4179.4,-18.3,-18.0
4179.5,-18.7,-18.0
4179.6,-19.1,-18.0
4179.7,-19.3,-18.0
4179.8,-19.2,-18.0
4179.9,-19.0,-18.0
4180.0,-18.8,-18.0
4180.1,-18.6,-18.0
4180.2,-18.5,-18.0
4180.3,-18.3,-18.0
4180.4,-18.1,-18.0
4180.5,-18.0,-17.9
4180.6,-17.7,-17.9
4180.7,-17.7,-18.1
4180.8,-17.7,-18.2
4180.9,-17.8,-18.2
4181.0,-18.0,-18.3
4181.1,-18.2,-18.2
4181.2,-18.6,-18.3
4181.3,-19.2,-18.4
4181.4,-19.8,-18.5
4181.5,-20.4,-18.5
4181.6,-20.8,-18.6
4181.7,-20.6,-18.6
4181.8,-20.5,-18.7
4181.9,-20.5,-18.8
4182.0,-20.3,-18.9
4182.1,-20.3,-18.9
4182.2,-20.3,-19.0
4182.3,-20.6,-19.1
4182.4,-21.2,-19.2
4182.5,-22.1,-19.3
4182.6,-22.7,-19.4
4182.7,-22.4,-19.4
4182.8,-21.8,-19.5
4182.9,-20.9,-19.5
4183.0,-20.1,-19.5
4183.1,-19.9,-19.6
4183.2,-19.8,-19.7
4183.3,-20.0,-19.8
4183.4,-20.3,-19.9
4183.5,-20.4,-20.0
4183.6,-20.5,-20.1
4183.7,-20.4,-20.2
4183.8,-20.0,-20.3
4183.9,-19.5,-20.3
4184.0,-19.1,-20.3
4184.1,-18.6,-20.3
4184.2,-18.6,-20.3
4184.3,-18.5,-20.2
4184.4,-18.3,-20.0
4184.5,-18.0,-19.9
4184.6,-17.6,-19.7
4184.7,-17.2,-19.6
4184.8,-16.9,-19.4
4184.9,-16.6,-19.2
4185.0,-16.4,-19.0
4185.1,-16.3,-18.9
4185.2,-16.3,-18.8
4185.3,-16.7,-18.6
4185.4,-17.2,-18.5
4185.5,-17.3,-18.4
4185.6,-17.7,-18.3
4185.7,-17.9,-18.2
4185.8,-18.1,-18.2
4185.9,-18.6,-18.1
4186.0,-18.6,-18.1
4186.1,-18.4,-18.1
4186.2,-18.3,-18.0
4186.3,-18.4,-18.0
4186.4,-18.7,-18.0
4186.5,-19.0,-17.9
4186.6,-18.7,-17.9
4186.7,-18.4,-17.8
4186.8,-17.8,-17.7
4186.9,-17.4,-17.7
4187.0,-17.1,-17.6
4187.1,-16.9,-17.6
4187.2,-16.8,-17.5
4187.3,-16.8,-17.5
4187.4,-17.0,-17.5
4187.5,-17.2,-17.5
4187.6,-17.4,-17.5
4187.7,-17.3,-17.5
4187.8,-17.2,-17.5
4187.9,-17.3,-17.6
4188.0,-17.4,-17.6
4188.1,-17.8,-17.7
4188.2,-18.2,-17.8
4188.3,-18.5,-17.8
4188.4,-19.0,-17.9
4188.5,-19.3,-17.9
4188.6,-19.6,-18.0
4188.7,-19.8,-18.0
4188.8,-19.5,-18.0
4188.9,-19.2,-18.0
4189.0,-19.0,-18.0
4189.1,-19.1,-18.1
4189.2,-19.5,-18.1
4189.3,-20.2,-18.2
4189.4,-21.0,-18.2
4189.5,-21.5,-18.3
4189.6,-21.9,-18.4
4189.7,-22.0,-18.5
4189.8,-21.9,-18.7
4189.9,-21.8,-18.8
4190.0,-21.5,-18.9
4190.1,-21.3,-19.1
4190.2,-21.4,-19.3
4190.3,-21.6,-19.5
4190.4,-21.9,-19.6
4190.5,-22.2,-19.8
4190.6,-22.3,-19.9
4190.7,-22.1,-20.1
4190.8,-22.1,-20.3
4190.9,-22.0,-20.5
4191.0,-21.8,-20.7
4191.1,-21.8,-20.8
4191.2,-21.8,-20.9
4191.3,-21.7,-21.0
4191.4,-21.6,-21.1
4191.5,-21.5,-21.1
4191.6,-21.5,-21.2
4191.7,-21.7,-21.3
4191.8,-22.1,-21.4
4191.9,-22.6,-21.6
4192.0,-22.5,-21.8
4192.1,-22.5,-21.8
4192.2,-22.4,-21.9
4192.3,-22.5,-22.0
4192.4,-23.0,-22.0
4192.5,-23.8,-22.1
4192.6,-24.7,-22.2
4192.7,-25.1,-22.3
4192.8,-25.4,-22.4
4192.9,-25.1,-22.5
4193.0,-25.1,-22.6
4193.1,-25.3,-22.7
4193.2,-25.7,-22.8
4193.3,-26.1,-22.9
4193.4,-26.3,-23.0
4193.5,-26.3,-23.2
4193.6,-26.1,-23.2
4193.7,-26.2,-23.4
4193.8,-26.1,-23.5
4193.9,-26.1,-23.6
4194.0,-26.1,-23.8
4194.1,-26.3,-23.9
4194.2,-26.7,-24.1
4194.3,-27.2,-24.3
4194.4,-28.1,-24.6
4194.5,-28.4,-24.8
4194.6,-28.4,-25.1
4194.7,-28.4,-25.3
4194.8,-28.5,-25.5
4194.9,-28.4,-25.6
4195.0,-28.5,-25.9
4195.1,-28.8,-26.2
4195.2,-29.1,-26.5
4195.3,-29.4,-26.7
4195.4,-29.8,-26.9
4195.5,-30.1,-27.0
4195.6,-29.7,-27.2
4195.7,-29.5,-27.3
4195.8,-29.3,-27.4
4195.9,-28.3,-27.6
4196.0,-26.8,-27.5
4196.1,-26.2,-27.5
4196.2,-25.5,-27.4
4196.3,-25.1,-27.4
4196.4,-25.1,-27.2
4196.5,-25.1,-27.2
4196.6,-24.4,-27.1
4196.7,-24.2,-26.9
4196.8,-23.5,-26.7
4196.9,-22.1,-26.2
4197.0,-22.3,-26.2
4197.1,-22.1,-26.0
4197.2,-22.1,-25.7
4197.3,-22.9,-25.5
4197.4,-21.9,-25.1
4197.5,-21.7,-24.9
4197.6,-21.6,-24.6
4197.7,-21.7,-24.5
4197.8,-18.7,-23.3
4197.9,-17.9,-22.8
4198.0,-17.5,-22.5
4198.1,-17.1,-22.3
4198.2,-17.9,-21.8
4198.3,-17.9,-21.4
4198.4,-17.7,-21.1
4198.5,-17.4,-20.8
4198.6,-18.3,-20.7
4198.7,-19.3,-20.6
4198.8,-19.7,-20.5
4198.9,-20.7,-20.4
4199.0,-20.4,-20.3
4199.1,-19.3,-20.1
4199.2,-19.5,-20.0
4199.3,-19.8,-19.9
4199.4,-20.1,-19.9
4199.5,-21.3,-19.8
4199.6,-21.8,-19.8
4199.7,-20.4,-19.6
4199.8,-19.7,-19.5
4199.9,-18.2,-19.3
4200.0,-17.4,-19.2
4200.1,-17.8,-19.1
4200.2,-18.2,-19.1
4200.3,-19.1,-19.0
4200.4,-19.8,-19.0
4200.5,-19.4,-18.9
4200.6,-19.5,-18.9
4200.7,-19.9,-18.8
4200.8,-19.1,-19.0
4200.9,-17.7,-18.9
4201.0,-16.5,-18.7
4201.1,-16.6,-18.7
4201.2,-17.4,-18.9
4201.3,-19.4,-19.1
4201.4,-22.7,-19.2
4201.5,-21.9,-19.3
4201.6,-20.1,-19.1
4201.7,-19.4,-19.1
4201.8,-19.2,-19.2
4201.9,-19.7,-19.2
4202.0,-21.5,-19.2
4202.1,-22.6,-19.4
4202.2,-21.7,-19.4
4202.3,-22.1,-19.4
4202.4,-22.6,-19.5
4202.5,-23.2,-19.5
4202.6,-26.0,-19.6
4202.7,-26.6,-19.8
4202.8,-27.1,-19.9
4202.9,-27.1,-20.3
4203.0,-27.0,-20.5
4203.1,-26.9,-20.6
4203.2,-26.6,-20.7
4203.3,-26.9,-20.9
4203.4,-26.8,-21.1
4203.5,-27.1,-21.3
4203.6,-26.0,-21.4
4203.7,-25.3,-21.5
4203.8,-24.6,-21.8
4203.9,-24.0,-22.5
4204.0,-24.1,-23.2
4204.1,-24.0,-23.3
4204.2,-23.8,-23.3
4204.3,-23.5,-23.3
4204.4,-22.8,-23.2
4204.5,-22.5,-23.4
4204.6,-22.1,-23.8
4204.7,-21.1,-23.8
4204.8,-19.7,-23.3
4204.9,-18.7,-23.0
4205.0,-18.4,-22.9
4205.1,-18.2,-22.6
4205.2,-18.8,-22.6
4205.3,-19.1,-22.4
4205.4,-18.7,-22.1
4205.5,-18.8,-21.8
4205.6,-18.9,-21.6
4205.7,-19.2,-21.5
4205.8,-20.1,-21.4
4205.9,-20.8,-21.3
4206.0,-20.5,-21.1
4206.1,-19.3,-20.8
4206.2,-17.2,-20.2
4206.3,-16.3,-19.9
4206.4,-16.2,-19.7
4206.5,-16.3,-19.5
4206.6,-17.3,-19.3
4206.7,-17.8,-19.2
4206.8,-18.1,-19.1
4206.9,-18.2,-19.0
4207.0,-18.3,-18.8
4207.1,-18.7,-18.7
4207.2,-18.9,-18.7
4207.3,-19.6,-18.7
4207.4,-20.9,-18.7
4207.5,-21.1,-18.6
4207.6,-20.9,-18.6
4207.7,-19.0,-18.5
4207.8,-18.0,-18.5
4207.9,-16.8,-18.3
4208.0,-16.0,-18.2
4208.1,-15.8,-18.1
4208.2,-15.6,-18.0
4208.3,-16.4,-17.9
4208.4,-17.6,-18.0
4208.5,-19.3,-18.1
4208.6,-21.2,-18.2
4208.7,-22.2,-18.2
4208.8,-22.4,-18.2
4208.9,-22.6,-18.2
4209.0,-22.8,-18.3
4209.1,-23.4,-18.4
4209.2,-23.6,-18.8
4209.3,-23.2,-19.0
4209.4,-22.9,-19.1
4209.5,-22.5,-19.2
4209.6,-22.1,-19.3
4209.7,-22.4,-19.5
4209.8,-22.3,-19.6
4209.9,-22.6,-19.7
4210.0,-23.2,-19.9
4210.1,-22.9,-20.0
4210.2,-22.8,-20.0
4210.3,-22.8,-20.0
4210.4,-22.4,-20.0
4210.5,-22.1,-20.1
4210.6,-22.2,-20.1
4210.7,-22.5,-20.4
4210.8,-22.3,-20.6
4210.9,-22.8,-21.1
4211.0,-22.4,-21.5
4211.1,-22.0,-21.9
4211.2,-22.3,-22.4
4211.3,-22.5,-22.6
4211.4,-23.1,-22.7
4211.5,-23.1,-22.6
4211.6,-22.4,-22.5
4211.7,-22.1,-22.6
4211.8,-22.1,-22.6
4211.9,-22.0,-22.5
4212.0,-22.5,-22.5
4212.1,-22.3,-22.5
4212.2,-21.7,-22.4
4212.3,-21.5,-22.3
4212.4,-21.4,-22.3
4212.5,-21.6,-22.3
4212.6,-21.9,-22.3
4212.7,-22.2,-22.3
4212.8,-22.8,-22.3
4212.9,-22.8,-22.3
4213.0,-22.3,-22.2
4213.1,-22.2,-22.2
4213.2,-21.4,-22.2
4213.3,-21.1,-22.1
4213.4,-21.1,-22.0
4213.5,-21.4,-22.1
4213.6,-22.0,-22.1
4213.7,-21.9,-22.0
4213.8,-22.5,-22.1
4213.9,-21.8,-22.0
4214.0,-21.5,-22.0
4214.1,-21.9,-22.0
4214.2,-21.8,-22.0
4214.3,-22.0,-21.9
4214.4,-21.2,-21.7
4214.5,-20.8,-21.7
4214.6,-20.7,-21.8
4214.7,-19.9,-21.6
4214.8,-20.5,-21.5
4214.9,-20.6,-21.5
4215.0,-20.1,-21.4
4215.1,-20.6,-21.4
4215.2,-20.3,-21.3
4215.3,-19.8,-21.2
4215.4,-20.1,-21.2
4215.5,-19.9,-21.1
4215.6,-19.9,-21.0
4215.7,-19.9,-20.9
4215.8,-20.1,-20.9
4215.9,-20.2,-20.8
4216.0,-20.6,-20.8
4216.1,-21.0,-20.8
4216.2,-20.9,-20.8
4216.3,-21.3,-20.8
4216.4,-21.2,-20.8
4216.5,-21.7,-20.8
4216.6,-22.2,-20.8
4216.7,-22.1,-20.8
4216.8,-21.6,-20.7
4216.9,-21.4,-20.8
4217.0,-21.2,-20.8
4217.1,-21.3,-20.8
4217.2,-22.0,-20.8
4217.3,-21.8,-20.8
4217.4,-21.9,-20.9
4217.5,-22.3,-20.9
4217.6,-22.5,-21.0
4217.7,-23.1,-21.1
4217.8,-22.6,-21.1
4217.9,-21.0,-21.0
4218.0,-20.2,-21.0
4218.1,-19.3,-20.9
4218.2,-19.7,-21.0
4218.3,-20.7,-21.1
4218.4,-21.1,-21.1
4218.5,-22.6,-21.3
4218.6,-22.5,-21.4
4218.7,-21.6,-21.4
4218.8,-21.9,-21.4
4218.9,-21.3,-21.4
4219.0,-21.3,-21.5
4219.1,-21.6,-21.5
4219.2,-21.3,-21.5
4219.3,-22.2,-21.5
4219.4,-21.8,-21.5
4219.5,-22.9,-21.6
4219.6,-24.1,-21.6
4219.7,-23.8,-21.7
4219.8,-24.6,-21.8
4219.9,-22.4,-21.7
4220.0,-22.4,-21.8
4220.1,-21.1,-21.7
4220.2,-20.8,-21.7
4220.3,-21.7,-21.7
4220.4,-21.6,-21.8
4220.5,-23.1,-21.8
4220.6,-22.7,-21.7
4220.7,-23.4,-21.8
4220.8,-23.2,-21.8
4220.9,-22.8,-22.0
4221.0,-22.3,-22.0
4221.1,-21.9,-22.2
4221.2,-22.2,-22.3
4221.3,-22.6,-22.3
4221.4,-23.4,-22.3
4221.5,-23.6,-22.3
4221.6,-22.8,-22.3
4221.7,-23.0,-22.5
4221.8,-24.2,-22.6
4221.9,-24.1,-22.7
4222.0,-25.1,-22.7
4222.1,-25.2,-22.9
4222.2,-25.3,-23.1
4222.3,-25.9,-23.1
4222.4,-26.3,-23.2
4222.5,-22.4,-22.8
4222.6,-22.1,-22.8
4222.7,-21.8,-22.8
4222.8,-20.1,-22.5
4222.9,-21.5,-22.7
4223.0,-21.5,-22.7
4223.1,-20.7,-22.8
4223.2,-22.3,-22.8
4223.3,-22.2,-22.8
4223.4,-21.4,-22.6
4223.5,-22.4,-22.7
4223.6,-21.1,-22.5
4223.7,-21.0,-22.4
4223.8,-21.1,-22.3
4223.9,-21.2,-22.4
4224.0,-23.3,-22.7
4224.1,-23.6,-22.6
4224.2,-25.0,-22.6
4224.3,-23.5,-22.5
4224.4,-23.0,-22.6
4224.5,-22.3,-22.5
4224.6,-22.1,-22.5
4224.7,-22.3,-22.4
4224.8,-22.3,-22.4
4224.9,-22.7,-22.3
4225.0,-23.1,-22.4
4225.1,-23.7,-22.3
4225.2,-23.3,-22.2
4225.3,-24.2,-22.2
4225.4,-24.5,-22.2
4225.5,-25.1,-22.6
4225.6,-26.6,-22.6
4225.7,-27.0,-22.7
4225.8,-26.0,-23.0
4225.9,-25.1,-23.0
4226.0,-24.7,-23.0
4226.1,-24.7,-23.3
4226.2,-25.1,-23.3
4226.3,-25.7,-23.4
4226.4,-26.1,-23.6
4226.5,-25.8,-23.7
4226.6,-25.0,-23.9
4226.7,-24.7,-24.0
4226.8,-24.3,-24.2
4226.9,-24.3,-24.2
4227.0,-25.0,-24.2
4227.1,-25.8,-24.3
4227.2,-26.2,-24.3
4227.3,-25.8,-24.5
4227.4,-26.0,-24.6
4227.5,-25.7,-24.8
4227.6,-25.3,-24.9
4227.7,-25.8,-25.1
4227.8,-26.3,-25.2
4227.9,-26.4,-25.4
4228.0,-26.1,-25.4
4228.1,-25.9,-25.4
4228.2,-25.5,-25.5
4228.3,-25.2,-25.6
4228.4,-25.9,-25.6
4228.5,-26.7,-25.6
4228.6,-27.4,-25.6
4228.7,-26.9,-25.5
4228.8,-26.6,-25.6
4228.9,-26.2,-25.8
4229.0,-26.1,-25.8
4229.1,-26.9,-25.8
4229.2,-27.4,-25.9
4229.3,-27.7,-26.0
4229.4,-27.1,-25.9
4229.5,-26.8,-26.0
4229.6,-26.3,-26.1
4229.7,-26.1,-26.2
4229.8,-26.2,-26.3
4229.9,-26.4,-26.3
4230.0,-26.9,-26.4
4230.1,-26.7,-26.3
4230.2,-25.6,-26.2
4230.3,-25.5,-26.3
4230.4,-22.8,-25.7
4230.5,-22.0,-25.5
4230.6,-22.4,-25.5
4230.7,-22.4,-25.5
4230.8,-23.7,-25.3
4230.9,-24.8,-25.3
4231.0,-24.8,-25.3
4231.1,-24.6,-25.4
4231.2,-25.6,-25.4
4231.3,-26.0,-25.4
4231.4,-26.5,-25.4
4231.5,-26.5,-25.3
4231.6,-26.0,-25.2
4231.7,-25.3,-25.2
4231.8,-25.0,-25.2
4231.9,-25.4,-25.2
4232.0,-26.3,-25.2
4232.1,-27.4,-25.3
4232.2,-27.3,-25.2
4232.3,-27.1,-25.2
4232.4,-27.3,-25.2
4232.5,-27.1,-25.3
4232.6,-27.9,-25.4
4232.7,-28.7,-25.4
4232.8,-28.7,-25.4
4232.9,-28.7,-25.5
4233.0,-28.4,-25.5
4233.1,-28.6,-25.5
4233.2,-28.9,-25.8
4233.3,-29.3,-25.8
4233.4,-29.9,-26.5
4233.5,-30.2,-26.8
4233.6,-29.5,-26.9
4233.7,-29.0,-27.0
4233.8,-28.8,-27.3
4233.9,-28.6,-27.4
4234.0,-29.0,-27.6
4234.1,-29.3,-27.7
4234.2,-23.9,-26.9
4234.3,-21.6,-26.2
4234.4,-21.5,-26.2
4234.5,-21.5,-26.3
4234.6,-23.8,-26.5
4234.7,-29.1,-26.6
4234.8,-29.4,-26.7
4234.9,-29.9,-26.8
4235.0,-29.2,-26.8
4235.1,-28.6,-26.7
4235.2,-28.2,-26.8
4235.3,-28.0,-26.9
4235.4,-28.5,-26.9
4235.5,-28.5,-26.9
4235.6,-27.1,-26.7
4235.7,-25.2,-26.4
4235.8,-24.3,-26.3
4235.9,-24.3,-26.3
4236.0,-25.1,-26.3
4236.1,-27.0,-26.3
4236.2,-29.0,-26.3
4236.3,-29.4,-26.3
4236.4,-28.5,-26.2
4236.5,-28.1,-26.1
4236.6,-27.9,-26.1
4236.7,-27.9,-26.2
4236.8,-26.0,-25.9
4236.9,-24.6,-25.7
4237.0,-24.7,-25.7
4237.1,-24.0,-25.5
4237.2,-24.6,-26.0
4237.3,-25.0,-26.6
4237.4,-23.6,-26.3
4237.5,-23.0,-26.0
4237.6,-22.9,-25.8
4237.7,-21.4,-25.2
4237.8,-20.3,-24.6
4237.9,-19.3,-24.0
4238.0,-18.4,-23.6
4238.1,-18.3,-23.2
4238.2,-18.6,-22.9
4238.3,-19.1,-22.7
4238.4,-19.9,-22.6
4238.5,-20.7,-22.4
4238.6,-20.9,-22.3
4238.7,-21.3,-22.2
4238.8,-20.3,-22.0
4238.9,-19.8,-21.8
4239.0,-18.5,-21.3
4239.1,-17.8,-21.0
4239.2,-17.3,-20.7
4239.3,-17.0,-20.4
4239.4,-17.8,-20.3
4239.5,-18.7,-20.2
4239.6,-18.7,-19.9
4239.7,-18.7,-19.7
4239.8,-18.4,-19.6
4239.9,-18.3,-19.6
4240.0,-19.1,-19.5
4240.1,-19.7,-19.3
4240.2,-19.5,-19.2
4240.3,-18.4,-19.0
4240.4,-18.1,-18.9
4240.5,-18.4,-18.9
4240.6,-19.0,-18.8
4240.7,-20.1,-18.9
4240.8,-20.1,-18.9
4240.9,-19.3,-18.9
4241.0,-18.1,-18.8
4241.1,-17.4,-18.7
4241.2,-17.6,-18.7
4241.3,-18.0,-18.7
4241.4,-19.1,-18.7
4241.5,-19.6,-18.6
4241.6,-19.3,-18.6
4241.7,-18.4,-18.4
4241.8,-17.2,-18.3
4241.9,-16.8,-18.2
4242.0,-16.3,-18.2
4242.1,-16.7,-18.3
4242.2,-17.1,-18.3
4242.3,-17.2,-18.2
4242.4,-17.9,-18.2
4242.5,-18.3,-18.2
4242.6,-19.3,-18.3
4242.7,-20.3,-18.4
4242.8,-20.4,-18.4
4242.9,-20.0,-18.4
4243.0,-20.0,-18.4
4243.1,-20.6,-18.5
4243.2,-21.3,-18.6
4243.3,-22.2,-18.8
4243.4,-22.6,-18.9
4243.5,-22.7,-18.9
4243.6,-22.6,-18.9
4243.7,-22.6,-18.9
4243.8,-22.7,-19.1
4243.9,-22.7,-19.2
4244.0,-22.9,-19.4
4244.1,-23.8,-19.6
4244.2,-24.6,-19.8
4244.3,-26.0,-19.9
4244.4,-26.2,-19.9
4244.5,-25.7,-20.1
4244.6,-25.4,-20.3
4244.7,-22.6,-20.4
4244.8,-22.4,-20.8
4244.9,-22.4,-21.1
4245.0,-22.4,-21.5
4245.1,-24.6,-21.7
4245.2,-25.3,-22.1
4245.3,-25.9,-22.6
4245.4,-26.2,-22.8
4245.5,-25.3,-22.9
4245.6,-25.7,-23.1
4245.7,-25.1,-23.3
4245.8,-24.7,-23.5
4245.9,-25.0,-23.7
4246.0,-24.6,-23.9
4246.1,-25.0,-24.0
4246.2,-25.6,-24.2
4246.3,-26.3,-24.3
4246.4,-26.6,-24.4
4246.5,-25.8,-24.5
4246.6,-23.9,-24.4
4246.7,-23.6,-24.5
4246.8,-23.5,-24.6
4246.9,-24.2,-24.7
4247.0,-26.4,-24.9
4247.1,-27.7,-24.9
4247.2,-26.9,-24.8
4247.3,-25.3,-24.6
4247.4,-23.8,-24.6
4247.5,-23.2,-24.5
4247.6,-22.9,-24.4
4247.7,-23.0,-24.7
4247.8,-23.4,-24.7
4247.9,-23.5,-24.7
4248.0,-23.2,-24.6
4248.1,-22.0,-24.3
4248.2,-21.5,-24.1
4248.3,-21.0,-23.9
4248.4,-20.9,-23.7
4248.5,-21.6,-23.7
4248.6,-21.9,-23.5
4248.7,-22.0,-23.5
4248.8,-20.9,-23.1
4248.9,-20.5,-23.0
4249.0,-20.2,-22.8
4249.1,-20.1,-22.7
4249.2,-21.0,-22.5
4249.3,-21.3,-22.4
4249.4,-21.5,-22.3
4249.5,-20.7,-22.1
4249.6,-20.2,-22.0
4249.7,-20.0,-21.9
4249.8,-19.9,-21.8
4249.9,-20.6,-21.7
4250.0,-21.1,-21.5
4250.1,-21.2,-21.4
4250.2,-20.6,-21.2
4250.3,-20.0,-21.1
4250.4,-19.9,-21.0
4250.5,-19.7,-20.9
4250.6,-20.2,-20.9
4250.7,-20.8,-20.9
4250.8,-21.0,-20.8
4250.9,-20.9,-20.7
4251.0,-20.0,-20.5
4251.1,-19.7,-20.6
4251.2,-19.7,-20.6
4251.3,-20.2,-20.6
4251.4,-21.8,-20.6
4251.5,-23.2,-20.7
4251.6,-24.8,-20.8
4251.7,-24.1,-20.7
4251.8,-23.4,-20.9
4251.9,-23.2,-21.0
4252.0,-23.1,-21.1
4252.1,-24.7,-21.2
4252.2,-25.9,-21.3
4252.3,-26.0,-21.4
4252.4,-24.1,-21.4
4252.5,-23.0,-21.5
4252.6,-22.6,-21.6
4252.7,-22.0,-21.7
4252.8,-22.0,-21.7
4252.9,-22.9,-21.8
4253.0,-23.1,-21.9
4253.1,-22.7,-21.9
4253.2,-22.1,-21.9
4253.3,-20.8,-21.9
4253.4,-20.2,-22.0
4253.5,-20.4,-22.0
4253.6,-21.3,-22.1
4253.7,-22.2,-22.1
4253.8,-21.8,-22.1
4253.9,-20.4,-21.9
4254.0,-20.1,-22.1
4254.1,-19.8,-22.2
4254.2,-20.2,-22.2
4254.3,-20.7,-22.0
4254.4,-19.6,-21.7
4254.5,-18.7,-21.4
4254.6,-17.9,-21.1
4254.7,-18.1,-21.1
4254.8,-18.8,-21.0
4254.9,-19.5,-20.9
4255.0,-20.3,-20.8
4255.1,-19.9,-20.6
4255.2,-20.3,-20.5
4255.3,-20.4,-20.5
4255.4,-20.4,-20.4
4255.5,-20.3,-20.3
4255.6,-19.9,-20.2
4255.7,-20.1,-20.2
4255.8,-20.3,-20.3
4255.9,-21.2,-20.2
4256.0,-21.4,-20.1
4256.1,-20.9,-20.1
4256.2,-20.7,-20.1
4256.3,-20.9,-20.2
4256.4,-21.3,-20.2
4256.5,-22.1,-20.2
4256.6,-22.5,-20.2
4256.7,-22.7,-20.2
4256.8,-20.8,-20.1
4256.9,-20.4,-20.2
4257.0,-20.4,-20.3
4257.1,-19.8,-20.2
4257.2,-20.8,-20.2
4257.3,-21.0,-20.3
4257.4,-21.5,-20.5
4257.5,-22.6,-20.7
4257.6,-23.3,-21.0
4257.7,-24.6,-21.1
4257.8,-24.6,-21.2
4257.9,-25.3,-21.4
4258.0,-27.2,-21.5
4258.1,-28.0,-21.8
4258.2,-28.5,-21.9
4258.3,-26.0,-21.9
4258.4,-25.0,-22.0
4258.5,-24.7,-22.3
4258.6,-24.7,-22.5
4258.7,-26.5,-22.7
4258.8,-28.0,-22.8
4258.9,-28.0,-23.0
4259.0,-26.3,-23.1
4259.1,-24.7,-23.2
4259.2,-23.6,-23.3
4259.3,-23.1,-23.4
4259.4,-23.4,-23.4
4259.5,-23.9,-23.5
4259.6,-24.3,-23.5
4259.7,-24.2,-23.6
4259.8,-23.1,-23.9
4259.9,-22.5,-24.0
4260.0,-21.8,-23.9
4260.1,-20.0,-23.6
4260.2,-20.5,-23.8
4260.3,-20.6,-23.8
4260.4,-20.5,-23.7
4260.5,-21.7,-23.5
4260.6,-20.5,-23.2
4260.7,-20.6,-23.1
4260.8,-20.8,-23.1
4260.9,-21.6,-23.0
4261.0,-23.2,-22.9
4261.1,-23.5,-22.8
4261.2,-23.7,-22.7
4261.3,-23.1,-22.7
4261.4,-22.9,-22.7
4261.5,-22.8,-22.6
4261.6,-23.1,-22.6
4261.7,-23.9,-22.5
4261.8,-24.4,-22.5
4261.9,-24.6,-22.4
4262.0,-24.0,-22.4
4262.1,-23.2,-22.4
4262.2,-22.9,-22.4
4262.3,-22.8,-22.4
4262.4,-23.3,-22.4
4262.5,-24.2,-22.4
4262.6,-24.5,-22.4
4262.7,-24.6,-22.4
4262.8,-24.3,-22.5
4262.9,-23.7,-22.5
4263.0,-24.0,-22.7
4263.1,-24.4,-23.1
4263.2,-24.9,-23.1
4263.3,-25.7,-23.2
4263.4,-23.8,-23.2
4263.5,-22.6,-23.2
4263.6,-21.7,-23.4
4263.7,-21.5,-23.4
4263.8,-22.1,-23.4
4263.9,-22.6,-23.4
4264.0,-23.8,-23.5
4264.1,-24.2,-23.5
4264.2,-25.0,-23.6
4264.3,-24.7,-23.6
4264.4,-23.9,-23.6
4264.5,-23.6,-23.6
4264.6,-23.5,-23.6
4264.7,-24.2,-23.7
4264.8,-24.8,-23.7
4264.9,-25.5,-23.7
4265.0,-24.9,-23.7
4265.1,-23.6,-23.7
4265.2,-23.4,-23.7
4265.3,-22.9,-23.7
4265.4,-22.8,-23.7
4265.5,-23.6,-23.6
4265.6,-23.7,-23.6
4265.7,-23.6,-23.6
4265.8,-23.0,-23.5
4265.9,-23.0,-23.5
4266.0,-23.0,-23.5
4266.1,-22.9,-23.4
4266.2,-23.6,-23.4
4266.3,-23.3,-23.3
4266.4,-23.1,-23.4
4266.5,-22.3,-23.4
4266.6,-22.1,-23.4
4266.7,-22.1,-23.4
4266.8,-22.1,-23.4
4266.9,-22.7,-23.4
4267.0,-22.9,-23.3
4267.1,-22.8,-23.2
4267.2,-22.1,-23.0
4267.3,-21.8,-23.0
4267.4,-21.7,-23.0
4267.5,-21.7,-23.0
4267.6,-22.2,-22.9
4267.7,-22.4,-22.8
4267.8,-22.5,-22.7
4267.9,-21.8,-22.5
4268.0,-21.1,-22.4
4268.1,-21.1,-22.4
4268.2,-20.9,-22.4
4268.3,-21.4,-22.3
4268.4,-22.1,-22.3
4268.5,-22.3,-22.3
4268.6,-22.3,-22.2
4268.7,-21.4,-22.0
4268.8,-21.3,-22.1
4268.9,-21.4,-22.0
4269.0,-21.6,-22.0
4269.1,-22.8,-22.0
4269.2,-23.4,-22.0
4269.3,-23.6,-22.1
4269.4,-22.6,-22.0
4269.5,-22.5,-22.1
4269.6,-22.4,-22.1
4269.7,-22.2,-22.1
4269.8,-23.0,-22.1
4269.9,-23.0,-22.1
4270.0,-23.1,-22.1
4270.1,-22.0,-22.0
4270.2,-21.7,-22.0
4270.3,-21.3,-22.0
4270.4,-21.2,-22.0
4270.5,-22.0,-22.0
4270.6,-22.5,-22.1
4270.7,-23.4,-22.1
4270.8,-22.7,-22.0
4270.9,-21.7,-22.0
4271.0,-21.2,-22.1
4271.1,-20.8,-22.1
4271.2,-21.1,-22.1
4271.3,-21.7,-22.1
4271.4,-22.2,-22.1
4271.5,-22.1,-22.1
4271.6,-21.3,-21.9
4271.7,-21.4,-22.1
4271.8,-21.3,-22.1
4271.9,-21.4,-22.1
4272.0,-22.4,-22.1
4272.1,-22.6,-22.0
4272.2,-22.8,-22.0
4272.3,-21.7,-21.9
4272.4,-21.8,-21.9
4272.5,-21.8,-21.9
4272.6,-21.8,-21.9
4272.7,-22.8,-21.9
4272.8,-22.7,-21.9
4272.9,-22.8,-21.9
4273.0,-22.0,-21.8
4273.1,-21.3,-21.8
4273.2,-21.1,-21.8
4273.3,-20.3,-21.8
4273.4,-18.7,-21.3
4273.5,-18.5,-21.2
4273.6,-18.0,-21.0
4273.7,-17.1,-20.6
4273.8,-17.4,-20.4
4273.9,-16.8,-20.2
4274.0,-16.7,-20.1
4274.1,-17.6,-20.1
4274.2,-18.3,-20.0
4274.3,-19.7,-20.0
4274.4,-20.8,-20.0
4274.5,-20.1,-19.8
4274.6,-19.9,-19.9
4274.7,-19.9,-19.8
4274.8,-19.9,-19.8
4274.9,-21.0,-19.8
4275.0,-21.7,-19.8
4275.1,-22.4,-19.8
4275.2,-21.5,-19.7
4275.3,-21.2,-19.7
4275.4,-20.9,-19.7
4275.5,-20.7,-19.7
4275.6,-21.5,-19.7
4275.7,-21.9,-19.7
4275.8,-22.2,-19.7
4275.9,-21.3,-19.6
4276.0,-20.5,-19.6
4276.1,-20.5,-19.6
4276.2,-20.3,-19.6
4276.3,-20.9,-19.7
4276.4,-21.6,-19.9
4276.5,-21.6,-20.0
4276.6,-22.1,-20.1
4276.7,-21.2,-20.3
4276.8,-21.0,-20.5
4276.9,-21.2,-20.8
4277.0,-21.2,-21.1
4277.1,-22.6,-21.2
4277.2,-23.9,-21.3
4277.3,-24.3,-21.4
4277.4,-24.2,-21.4
4277.5,-23.5,-21.6
4277.6,-23.2,-21.7
4277.7,-23.1,-21.8
4277.8,-23.7,-21.9
4277.9,-24.7,-22.0
4278.0,-25.1,-22.0
4278.1,-22.5,-21.8
4278.2,-21.4,-21.9
4278.3,-21.1,-22.0
4278.4,-21.0,-22.1
4278.5,-22.7,-22.1
4278.6,-22.7,-22.0
4278.7,-22.5,-22.1
4278.8,-22.3,-22.1
4278.9,-21.8,-22.2
4279.0,-23.0,-22.4
4279.1,-23.8,-22.5
4279.2,-24.5,-22.6
4279.3,-25.7,-22.8
4279.4,-23.8,-22.7
4279.5,-23.3,-22.7
4279.6,-22.8,-22.7
4279.7,-22.6,-23.0
4279.8,-24.3,-23.2
4279.9,-24.8,-23.2
4280.0,-25.0,-23.2
4280.1,-22.3,-22.9
4280.2,-21.7,-22.9
4280.3,-21.5,-22.8
4280.4,-21.2,-22.8
4280.5,-23.1,-22.9
4280.6,-23.4,-22.9
4280.7,-23.9,-22.9
4280.8,-25.1,-22.9
4280.9,-24.4,-22.9
4281.0,-24.9,-22.9
4281.1,-24.9,-23.2
4281.2,-25.1,-23.4
4281.3,-26.1,-23.5
4281.4,-26.9,-23.6
4281.5,-27.4,-23.7
4281.6,-28.2,-23.9
4281.7,-27.7,-24.1
4281.8,-28.0,-24.2
4281.9,-28.2,-24.4
4282.0,-28.4,-24.5
4282.1,-28.7,-24.5
4282.2,-28.3,-24.5
4282.3,-28.4,-24.6
4282.4,-28.5,-25.0
4282.5,-29.8,-25.2
4282.6,-31.6,-25.4
4282.7,-30.9,-25.5
4282.8,-30.3,-25.5
4282.9,-28.9,-25.6
4283.0,-28.7,-25.8
4283.1,-29.1,-26.5
4283.2,-25.2,-26.4
4283.3,-24.0,-26.3
4283.4,-23.1,-26.4
4283.5,-22.1,-26.2
4283.6,-23.0,-26.3
4283.7,-24.1,-26.3
4283.8,-25.4,-26.4
4283.9,-25.1,-26.3
4284.0,-24.7,-26.3
4284.1,-24.8,-26.3
4284.2,-24.3,-26.3
4284.3,-25.4,-26.2
4284.4,-26.5,-26.2
4284.5,-24.4,-25.9
4284.6,-23.4,-25.6
4284.7,-23.2,-25.5
4284.8,-23.2,-25.5
4284.9,-24.7,-25.5
4285.0,-26.2,-25.4
4285.1,-27.5,-25.4
4285.2,-27.6,-25.4
4285.3,-27.6,-25.4
4285.4,-27.8,-25.4
4285.5,-26.2,-25.2
4285.6,-26.1,-25.1
4285.7,-25.7,-25.0
4285.8,-26.0,-25.1
4285.9,-27.9,-25.1
4286.0,-29.0,-25.1
4286.1,-30.0,-25.1
4286.2,-29.7,-25.4
4286.3,-29.4,-25.7
4286.4,-28.7,-25.8
4286.5,-28.6,-26.1
4286.6,-28.0,-26.2
4286.7,-27.8,-26.2
4286.8,-28.0,-26.1
4286.9,-27.9,-26.5
4287.0,-26.3,-26.4
4287.1,-26.2,-26.4
4287.2,-25.9,-26.4
4287.3,-25.4,-26.4
4287.4,-26.0,-26.4
4287.5,-25.8,-26.7
4287.6,-25.7,-26.9
4287.7,-26.0,-27.1
4287.8,-26.5,-27.1
4287.9,-26.4,-27.0
4288.0,-26.0,-26.9
4288.1,-25.5,-26.8
4288.2,-21.7,-25.8
4288.3,-20.9,-25.4
4288.4,-20.7,-25.3
4288.5,-20.7,-25.4
4288.6,-22.0,-25.0
4288.7,-21.7,-24.7
4288.8,-21.8,-24.6
4288.9,-21.0,-24.2
4289.0,-21.8,-24.1
4289.1,-22.7,-24.0
4289.2,-22.5,-23.9
4289.3,-23.6,-23.8
4289.4,-23.5,-23.7
4289.5,-23.0,-23.5
4289.6,-22.8,-23.4
4289.7,-22.5,-23.3
4289.8,-21.9,-23.1
4289.9,-21.9,-22.9
4290.0,-21.4,-22.8
4290.1,-21.1,-22.6
4290.2,-21.1,-22.5
4290.3,-21.1,-22.4
4290.4,-20.7,-22.2
4290.5,-20.7,-22.1
4290.6,-20.5,-21.9
4290.7,-19.8,-21.7
4290.8,-20.0,-21.5
4290.9,-19.9,-21.4
4291.0,-19.4,-21.2
4291.1,-19.3,-21.0
4291.2,-18.9,-21.0
4291.3,-18.4,-20.9
4291.4,-18.4,-20.7
4291.5,-18.6,-20.6
4291.6,-18.5,-20.5
4291.7,-18.7,-20.4
4291.8,-18.9,-20.3
4291.9,-18.6,-20.2
4292.0,-18.6,-20.1
4292.1,-18.7,-19.9
4292.2,-18.5,-19.8
4292.3,-18.5,-19.7
4292.4,-18.5,-19.5
4292.5,-18.3,-19.4
4292.6,-18.3,-19.3
4292.7,-18.4,-19.2
4292.8,-18.5,-19.1
4292.9,-18.2,-19.0
4293.0,-18.2,-18.9
4293.1,-18.1,-18.9
4293.2,-18.0,-18.8
4293.3,-18.4,-18.7
4293.4,-18.7,-18.7
4293.5,-19.3,-18.7
4293.6,-20.3,-18.8
4293.7,-20.9,-18.8
4293.8,-21.5,-18.8
4293.9,-21.8,-18.9
4294.0,-21.9,-19.0
4294.1,-22.7,-19.1
4294.2,-24.0,-19.3
4294.3,-25.5,-19.4
4294.4,-27.2,-19.6
4294.5,-28.2,-19.7
4294.6,-28.7,-19.9
4294.7,-29.3,-20.1
4294.8,-30.0,-20.3
4294.9,-31.0,-20.5
4295.0,-32.3,-20.8
4295.1,-32.9,-21.0
4295.2,-33.4,-21.2
4295.3,-34.1,-21.5
4295.4,-34.7,-21.8
4295.5,-35.5,-22.1
4295.6,-35.7,-22.5
4295.7,-35.5,-22.8
4295.8,-35.5,-23.2
4295.9,-35.4,-23.9
4296.0,-35.7,-24.4
4296.1,-35.9,-25.0
4296.2,-36.1,-25.8
4296.3,-36.1,-26.5
4296.4,-36.2,-27.3
4296.5,-36.4,-27.9
4296.6,-36.8,-28.5
4296.7,-37.2,-29.3
4296.8,-36.8,-30.2
4296.9,-36.4,-31.2
4297.0,-35.7,-32.2
4297.1,-35.3,-32.9
4297.2,-35.2,-33.4
4297.3,-34.7,-33.8
4297.4,-33.9,-34.0
4297.5,-32.7,-34.2
4297.6,-31.1,-34.2
4297.7,-29.6,-33.9
4297.8,-28.4,-33.4
4297.9,-27.7,-33.0
4298.0,-27.3,-32.6
4298.1,-27.3,-32.3
4298.2,-27.0,-31.8
4298.3,-25.9,-31.0
4298.4,-25.0,-30.3
4298.5,-24.2,-29.8
4298.6,-24.1,-29.4
4298.7,-24.4,-29.0
4298.8,-24.9,-28.8
4298.9,-25.7,-28.6
4299.0,-26.3,-28.5
4299.1,-27.3,-28.4
4299.2,-28.4,-28.3
4299.3,-29.1,-28.2
4299.4,-29.7,-28.1
4299.5,-30.7,-28.1
4299.6,-31.6,-28.1
4299.7,-32.6,-28.1
4299.8,-33.7,-28.1
4299.9,-34.0,-28.1
4300.0,-34.5,-28.1
4300.1,-34.9,-28.1
4300.2,-35.2,-28.1
4300.3,-35.9,-28.1
4300.4,-35.8,-28.1
4300.5,-36.0,-28.2
4300.6,-35.7,-28.3
4300.7,-35.7,-28.4
4300.8,-35.9,-28.6
4300.9,-35.8,-28.8
4301.0,-35.9,-28.9
4301.1,-35.2,-29.1
4301.2,-34.4,-29.3
4301.3,-34.2,-29.8
4301.4,-34.0,-30.4
4301.5,-34.0,-31.0
4301.6,-34.1,-31.5
4301.7,-33.9,-32.2
4301.8,-33.5,-32.7
4301.9,-33.2,-33.1
4302.0,-32.7,-33.4
4302.1,-32.2,-33.6
4302.2,-31.7,-33.7
4302.3,-31.1,-33.7
4302.4,-30.0,-33.4
4302.5,-29.2,-33.2
4302.6,-27.8,-32.5
4302.7,-26.9,-32.0
4302.8,-26.3,-31.5
4302.9,-26.0,-31.1
4303.0,-25.2,-30.4
4303.1,-23.7,-29.4
4303.2,-23.5,-29.0
4303.3,-22.4,-28.2
4303.4,-22.5,-27.9
4303.5,-23.0,-27.5
4303.6,-23.2,-27.3
4303.7,-23.9,-27.0
4303.8,-23.5,-26.6
4303.9,-23.9,-26.4
4304.0,-24.1,-26.3
4304.1,-24.7,-26.2
4304.2,-26.2,-26.1
4304.3,-27.7,-26.0
4304.4,-28.1,-26.0
4304.5,-29.1,-26.0
4304.6,-29.9,-25.9
4304.7,-30.3,-25.9
4304.8,-30.7,-25.9
4304.9,-31.0,-25.9
4305.0,-31.3,-25.9
4305.1,-31.5,-25.9
4305.2,-31.8,-25.9
4305.3,-32.0,-25.9
4305.4,-32.4,-26.0
4305.5,-32.8,-26.1
4305.6,-33.2,-26.2
4305.7,-33.4,-26.3
4305.8,-33.8,-26.5
4305.9,-34.2,-26.6
4306.0,-34.4,-26.9
4306.1,-34.7,-27.4
4306.2,-34.1,-27.7
4306.3,-33.1,-28.3
4306.4,-31.7,-28.5
4306.5,-30.1,-29.0
4306.6,-27.7,-28.9
4306.7,-26.1,-28.9
4306.8,-25.2,-29.2
4306.9,-24.8,-29.3
4307.0,-25.2,-29.3
4307.1,-25.1,-29.1
4307.2,-25.8,-29.1
4307.3,-26.3,-29.0
4307.4,-26.9,-29.0
4307.5,-28.8,-29.0
4307.6,-28.0,-28.8
4307.7,-26.7,-28.5
4307.8,-25.7,-28.3
4307.9,-25.0,-28.1
4308.0,-24.6,-27.8
4308.1,-25.0,-27.6
4308.2,-23.9,-27.1
4308.3,-22.9,-26.6
4308.4,-22.7,-26.4
4308.5,-22.9,-26.3
4308.6,-24.3,-26.3
4308.7,-26.8,-26.2
4308.8,-26.7,-26.0
4308.9,-24.0,-25.5
4309.0,-23.3,-25.3
4309.1,-23.3,-25.3
4309.2,-24.4,-25.3
4309.3,-27.6,-25.2
4309.4,-29.5,-25.2
4309.5,-28.8,-25.2
4309.6,-26.6,-25.2
4309.7,-25.8,-25.2
4309.8,-25.8,-25.3
4309.9,-25.4,-25.3
4310.0,-26.7,-25.3
4310.1,-27.8,-25.5
4310.2,-27.1,-25.4
4310.3,-28.5,-25.5
4310.4,-27.5,-25.4
4310.5,-26.1,-25.3
4310.6,-26.0,-25.3
4310.7,-25.4,-25.3
4310.8,-24.8,-25.3
4310.9,-25.1,-25.3
4311.0,-24.6,-25.3
4311.1,-24.9,-25.3
4311.2,-26.0,-25.6
4311.3,-26.4,-25.9
4311.4,-27.1,-26.0
4311.5,-26.1,-25.9
4311.6,-25.5,-25.8
4311.7,-25.4,-25.7
4311.8,-24.8,-25.7
4311.9,-24.8,-26.0
4312.0,-25.3,-26.2
4312.1,-26.2,-26.2
4312.2,-27.6,-26.2
4312.3,-27.4,-26.0
4312.4,-26.6,-25.9
4312.5,-25.7,-25.9
4312.6,-25.4,-26.0
4312.7,-26.1,-26.0
4312.8,-25.8,-25.9
4312.9,-26.0,-26.0
4313.0,-26.7,-26.0
4313.1,-27.4,-26.0
4313.2,-29.9,-26.1
4313.3,-31.7,-26.1
4313.4,-33.3,-26.3
4313.5,-34.6,-26.5
4313.6,-34.5,-26.7
4313.7,-34.5,-26.8
4313.8,-34.5,-27.1
4313.9,-33.8,-27.3
4314.0,-32.7,-27.5
4314.1,-32.3,-27.6
4314.2,-31.8,-27.7
4314.3,-31.8,-27.8
4314.4,-32.3,-28.0
4314.5,-30.8,-28.2
4314.6,-30.4,-28.4
4314.7,-30.6,-28.6
4314.8,-30.8,-29.0
4314.9,-32.5,-29.4
4315.0,-32.1,-29.4
4315.1,-27.2,-28.8
4315.2,-26.9,-28.9
4315.3,-24.7,-28.7
4315.4,-24.2,-28.7
4315.5,-25.4,-28.7
4315.6,-24.7,-28.7
4315.7,-26.1,-28.7
4315.8,-26.5,-28.8
4315.9,-27.0,-28.9
4316.0,-28.0,-28.9
4316.1,-28.1,-28.8
4316.2,-27.8,-28.6
4316.3,-26.8,-28.3
4316.4,-26.5,-28.2
4316.5,-25.0,-27.7
4316.6,-24.4,-27.4
4316.7,-24.6,-27.3
4316.8,-25.0,-27.3
4316.9,-27.3,-27.3
4317.0,-30.8,-27.3
4317.1,-33.5,-27.3
4317.2,-33.4,-27.3
4317.3,-33.6,-27.3
4317.4,-33.1,-27.3
4317.5,-28.2,-27.1
4317.6,-28.2,-27.1
4317.7,-28.3,-27.1
4317.8,-28.7,-27.2
4317.9,-34.9,-27.2
4318.0,-36.1,-27.2
4318.1,-36.1,-27.7
4318.2,-35.1,-27.7
4318.3,-36.1,-28.2
4318.4,-36.5,-28.5
4318.5,-35.9,-28.7
4318.6,-34.5,-28.9
4318.7,-31.6,-29.0
4318.8,-31.5,-29.2
4318.9,-31.8,-29.3
4319.0,-33.1,-29.4
4319.1,-38.0,-29.6
4319.2,-30.9,-29.6
4319.3,-30.8,-30.0
4319.4,-30.7,-30.2
4319.5,-30.8,-31.1
4319.6,-38.0,-32.0
4319.7,-38.8,-32.4
4319.8,-38.4,-32.5
4319.9,-37.7,-32.6
4320.0,-37.2,-32.6
4320.1,-36.8,-32.7
4320.2,-36.4,-32.8
4320.3,-36.2,-32.8
4320.4,-35.7,-32.9
4320.5,-35.2,-34.2
4320.6,-34.8,-34.3
4320.7,-34.5,-34.2
4320.8,-34.3,-34.1
4320.9,-34.1,-34.1
4321.0,-33.8,-34.0
4321.1,-33.2,-33.9
4321.2,-32.8,-33.8
4321.3,-32.5,-33.7
4321.4,-32.4,-33.5
4321.5,-32.3,-33.4
4321.6,-32.1,-33.5
4321.7,-32.0,-33.7
4321.8,-32.1,-33.7
4321.9,-32.2,-33.5
4322.0,-32.5,-33.4
4322.1,-32.8,-33.3
4322.2,-32.9,-34.1
4322.3,-33.0,-34.0
4322.4,-33.5,-33.9
4322.5,-33.9,-33.8
4322.6,-34.4,-33.8
4322.7,-35.4,-33.8
4322.8,-35.8,-33.7
4322.9,-36.1,-33.7
4323.0,-36.1,-33.7
4323.1,-36.0,-33.7
4323.2,-35.9,-33.7
4323.3,-33.7,-33.5
4323.4,-33.2,-33.4
4323.5,-32.7,-33.4
4323.6,-32.3,-33.4
4323.7,-33.5,-33.4
4323.8,-33.6,-33.3
4323.9,-33.7,-33.3
4324.0,-32.9,-33.3
4324.1,-32.3,-33.2
4324.2,-31.9,-33.2
4324.3,-31.3,-33.1
4324.4,-29.9,-32.8
4324.5,-29.5,-32.6
4324.6,-29.0,-32.5
4324.7,-28.6,-32.3
4324.8,-28.8,-32.1
4324.9,-28.5,-31.8
4325.0,-28.1,-31.6
4325.1,-27.7,-31.3
4325.2,-27.5,-31.0
4325.3,-27.2,-30.7
4325.4,-27.1,-30.5
4325.5,-26.8,-30.1
4325.6,-26.7,-29.9
4325.7,-26.7,-29.6
4325.8,-26.7,-29.4
4325.9,-26.9,-29.2
4326.0,-27.0,-29.0
4326.1,-26.7,-28.7
4326.2,-26.5,-28.5
4326.3,-26.5,-28.4
4326.4,-26.4,-28.2
4326.5,-26.4,-28.1
4326.6,-26.5,-27.9
4326.7,-26.1,-27.7
4326.8,-25.5,-27.4
4326.9,-25.1,-27.2
4327.0,-24.8,-27.0
4327.1,-24.8,-26.8
4327.2,-24.9,-26.6
4327.3,-24.7,-26.4
4327.4,-24.5,-26.3
4327.5,-24.4,-26.2
4327.6,-24.5,-26.1
4327.7,-24.9,-26.0
4327.8,-25.6,-26.0
4327.9,-26.2,-25.9
4328.0,-26.9,-26.0
4328.1,-27.2,-25.9
4328.2,-27.3,-25.9
4328.3,-27.0,-25.9
4328.4,-26.7,-25.9
4328.5,-26.9,-26.0
4328.6,-27.1,-26.0
4328.7,-27.5,-26.0
4328.8,-27.9,-26.0
4328.9,-28.0,-26.1
4329.0,-27.9,-26.1
4329.1,-28.1,-26.1
4329.2,-28.3,-26.2
4329.3,-28.5,-26.2
4329.4,-28.8,-26.3
4329.5,-28.9,-26.4
4329.6,-28.8,-26.4
4329.7,-28.8,-26.5
4329.8,-28.6,-26.7
4329.9,-28.7,-26.8
4330.0,-28.9,-27.0
4330.1,-28.9,-27.1
4330.2,-28.6,-27.2
4330.3,-28.5,-27.4
4330.4,-28.2,-27.6
4330.5,-28.0,-27.8
4330.6,-27.8,-27.8
4330.7,-27.5,-27.9
4330.8,-27.4,-28.0
4330.9,-26.9,-27.9
4331.0,-27.0,-27.9
4331.1,-27.1,-27.9
4331.2,-27.0,-27.9
4331.3,-27.6,-28.0
4331.4,-27.6,-28.0
4331.5,-27.6,-28.0
4331.6,-28.0,-28.0
4331.7,-27.8,-28.0
4331.8,-27.7,-28.0
4331.9,-27.4,-27.9
4332.0,-27.1,-27.9
4332.1,-27.0,-27.8
4332.2,-26.9,-27.8
4332.3,-27.0,-27.7
4332.4,-26.8,-27.6
4332.5,-26.8,-27.6
4332.6,-26.8,-27.5
4332.7,-26.6,-27.4
4332.8,-27.0,-27.4
4332.9,-27.2,-27.4
4333.0,-27.4,-27.3
4333.1,-27.8,-27.3
4333.2,-27.7,-27.3
4333.3,-27.5,-27.3
4333.4,-27.4,-27.3
4333.5,-27.2,-27.2
4333.6,-27.3,-27.2
4333.7,-27.4,-27.3
4333.8,-27.4,-27.3
4333.9,-27.5,-27.3
4334.0,-27.3,-27.3
4334.1,-26.8,-27.2
4334.2,-26.3,-27.1
4334.3,-26.0,-27.1
4334.4,-25.7,-27.0
4334.5,-25.2,-26.8
4334.6,-24.9,-26.7
4334.7,-22.9,-26.2
4334.8,-21.6,-25.7
4334.9,-20.8,-25.3
4335.0,-20.2,-25.0
4335.1,-20.3,-24.7
4335.2,-20.5,-24.4
4335.3,-20.8,-24.2
4335.4,-21.2,-24.1
4335.5,-22.2,-24.1
4335.6,-23.7,-24.1
4335.7,-25.6,-24.1
4335.8,-28.1,-24.2
4335.9,-29.8,-24.2
4336.0,-29.7,-24.2
4336.1,-29.1,-24.2
4336.2,-28.6,-24.2
4336.3,-28.1,-24.2
4336.4,-28.1,-24.2
4336.5,-28.3,-24.3
4336.6,-28.4,-24.3
4336.7,-28.1,-24.3
4336.8,-28.0,-24.3
4336.9,-27.6,-24.3
4337.0,-27.4,-24.3
4337.1,-27.4,-24.3
4337.2,-24.5,-24.1
4337.3,-22.5,-23.8
4337.4,-21.4,-23.6
4337.5,-20.7,-23.5
4337.6,-20.7,-23.4
4337.7,-20.9,-23.4
4337.8,-21.1,-23.5
4337.9,-21.8,-23.8
4338.0,-23.0,-24.0
4338.1,-24.3,-24.2
4338.2,-25.6,-24.4
4338.3,-25.7,-24.6
4338.4,-25.7,-24.8
4338.5,-25.8,-24.8
4338.6,-25.9,-24.7
4338.7,-25.9,-24.6
4338.8,-26.2,-24.6
4338.9,-26.6,-24.6
4339.0,-26.8,-24.5
4339.1,-26.6,-24.5
4339.2,-26.1,-24.4
4339.3,-25.7,-24.4
4339.4,-25.3,-24.3
4339.5,-25.1,-24.2
4339.6,-25.5,-24.2
4339.7,-25.2,-24.2
4339.8,-24.5,-24.0
4339.9,-24.1,-23.9
4340.0,-23.6,-23.8
4340.1,-23.6,-23.8
4340.2,-24.2,-24.0
4340.3,-24.6,-24.2
4340.4,-25.1,-24.5
4340.5,-25.6,-24.7
4340.6,-25.8,-25.0
4340.7,-26.6,-25.3
4340.8,-25.9,-25.4
4340.9,-25.8,-25.4
4341.0,-25.0,-25.3
4341.1,-24.2,-25.2
4341.2,-24.4,-25.2
4341.3,-23.9,-25.1
4341.4,-24.0,-25.1
4341.5,-24.7,-25.1
4341.6,-23.8,-24.9
4341.7,-23.7,-24.8
4341.8,-24.5,-24.8
4341.9,-24.8,-24.9
4342.0,-27.1,-24.9
4342.1,-29.3,-25.0
4342.2,-29.7,-25.1
4342.3,-29.6,-25.2
4342.4,-30.0,-25.3
4342.5,-30.6,-25.4
4342.6,-31.4,-25.5
4342.7,-32.3,-25.7
4342.8,-32.1,-25.9
4342.9,-28.4,-26.0
4343.0,-27.7,-26.1
4343.1,-25.0,-25.9
4343.2,-23.2,-25.7
4343.3,-23.9,-25.8
4343.4,-24.0,-25.9
4343.5,-25.8,-26.0
4343.6,-29.6,-26.0
4343.7,-30.0,-26.1
4343.8,-30.0,-26.3
4343.9,-30.0,-26.3
4344.0,-29.7,-26.6
4344.1,-29.3,-26.8
4344.2,-29.0,-26.9
4344.3,-28.6,-27.1
4344.4,-28.5,-27.3
4344.5,-28.5,-27.3
4344.6,-28.8,-27.8
4344.7,-29.5,-28.1
4344.8,-29.9,-28.1
4344.9,-29.8,-28.1
4345.0,-29.7,-28.1
4345.1,-27.4,-27.9
4345.2,-26.5,-27.7
4345.3,-23.4,-27.0
4345.4,-23.2,-26.9
4345.5,-23.8,-26.8
4345.6,-23.3,-26.5
4345.7,-25.8,-26.4
4345.8,-23.9,-26.0
4345.9,-23.0,-25.9
4346.0,-23.6,-25.9
4346.1,-23.3,-26.1
4346.2,-24.0,-26.2
4346.3,-23.3,-25.8
4346.4,-22.8,-25.6
4346.5,-23.0,-25.6
4346.6,-23.9,-25.5
4346.7,-26.3,-25.5
4346.8,-25.5,-25.2
4346.9,-25.5,-25.2
4347.0,-25.2,-25.2
4347.1,-25.2,-25.1
4347.2,-27.5,-25.1
4347.3,-27.8,-25.1
4347.4,-28.3,-25.1
4347.5,-28.2,-25.1
4347.6,-28.3,-25.1
4347.7,-28.7,-25.1
4347.8,-27.5,-25.0
4347.9,-27.0,-25.0
4348.0,-27.5,-25.0
4348.1,-27.6,-25.1
4348.2,-29.2,-25.2
4348.3,-31.2,-25.7
4348.4,-31.0,-25.8
4348.5,-31.3,-25.8
4348.6,-31.5,-26.0
4348.7,-31.7,-26.1
4348.8,-31.9,-26.6
4348.9,-31.6,-26.9
4349.0,-31.3,-27.0
4349.1,-31.2,-27.2
4349.2,-31.2,-27.5
4349.3,-31.2,-28.2
4349.4,-31.3,-28.6
4349.5,-31.1,-28.7
4349.6,-30.8,-28.7
4349.7,-30.5,-28.8
4349.8,-30.3,-29.4
4349.9,-30.1,-29.5
4350.0,-30.1,-29.7
4350.1,-30.1,-29.8
4350.2,-27.8,-29.5
4350.3,-27.0,-29.4
4350.4,-26.9,-29.4
4350.5,-26.6,-29.4
4350.6,-28.0,-29.5
4350.7,-28.9,-29.4
4350.8,-28.9,-29.6
4350.9,-28.9,-29.8
4351.0,-28.4,-29.6
4351.1,-28.1,-29.5
4351.2,-27.5,-29.3
4351.3,-27.2,-29.2
4351.4,-27.1,-29.0
4351.5,-26.8,-28.9
4351.6,-26.9,-28.7
4351.7,-26.8,-28.6
4351.8,-26.8,-28.4
4351.9,-26.2,-28.2
4352.0,-25.9,-28.0
4352.1,-25.7,-27.8
4352.2,-25.7,-27.7
4352.3,-25.8,-27.5
4352.4,-26.0,-27.4
4352.5,-26.0,-27.2
4352.6,-25.2,-27.0
4352.7,-25.0,-26.8
4352.8,-25.1,-26.8
4352.9,-25.3,-26.7
4353.0,-25.7,-26.5
4353.1,-26.0,-26.4
4353.2,-25.1,-26.4
4353.3,-24.3,-26.2
4353.4,-24.1,-26.1
4353.5,-23.7,-25.9
4353.6,-23.8,-25.8
4353.7,-23.7,-25.6
4353.8,-23.1,-25.3
4353.9,-23.0,-25.2
4354.0,-22.7,-25.0
4354.1,-22.4,-24.8
4354.2,-22.0,-24.5
4354.3,-21.5,-24.3
4354.4,-20.7,-23.9
4354.5,-20.2,-23.6
4354.6,-19.9,-23.3
4354.7,-19.4,-23.0
4354.8,-19.3,-22.7
4354.9,-18.8,-22.4
4355.0,-18.4,-22.0
4355.1,-18.0,-21.7
4355.2,-17.5,-21.3
4355.3,-17.5,-21.1
4355.4,-17.6,-20.9
4355.5,-17.6,-20.6
4355.6,-17.5,-20.3
4355.7,-17.5,-20.1
4355.8,-17.5,-19.9
4355.9,-17.8,-19.8
4356.0,-18.5,-19.6
4356.1,-19.3,-19.6
4356.2,-20.2,-19.6
4356.3,-21.3,-19.6
4356.4,-22.7,-19.6
4356.5,-23.9,-19.6
4356.6,-25.0,-19.6
4356.7,-26.1,-19.7
4356.8,-26.9,-19.7
4356.9,-27.4,-19.8
4357.0,-28.0,-19.8
4357.1,-28.7,-19.9
4357.2,-29.6,-20.0
4357.3,-30.6,-20.1
4357.4,-31.2,-20.3
4357.5,-31.6,-20.4
4357.6,-31.6,-20.6
4357.7,-31.3,-20.8
4357.8,-31.2,-21.0
4357.9,-31.3,-21.3
4358.0,-31.7,-21.6
4358.1,-32.0,-22.0
4358.2,-31.6,-22.5
4358.3,-30.8,-22.9
4358.4,-30.1,-23.3
4358.5,-29.6,-23.9
4358.6,-29.2,-24.7
4358.7,-29.3,-25.4
4358.8,-29.3,-26.1
4358.9,-29.6,-26.9
4359.0,-29.9,-27.8
4359.1,-30.1,-28.4
4359.2,-30.8,-28.9
4359.3,-31.1,-29.4
4359.4,-31.8,-29.8
4359.5,-32.1,-30.1
4359.6,-31.1,-30.2
4359.7,-30.5,-30.3
4359.8,-29.6,-30.4
4359.9,-28.9,-30.4
4360.0,-28.9,-30.4
4360.1,-28.4,-30.3
4360.2,-27.7,-30.0
4360.3,-27.5,-29.9
4360.4,-27.5,-29.8
4360.5,-27.8,-29.7
4360.6,-29.0,-29.7
4360.7,-29.6,-29.7
4360.8,-29.8,-29.6
4360.9,-29.4,-29.5
4361.0,-28.8,-29.4
4361.1,-28.2,-29.2
4361.2,-28.0,-29.1
4361.3,-28.0,-29.1
4361.4,-28.1,-29.1
4361.5,-28.6,-29.1
4361.6,-28.8,-29.1
4361.7,-29.0,-29.1
4361.8,-28.9,-29.0
4361.9,-28.7,-29.0
4362.0,-28.4,-28.9
4362.1,-28.0,-28.8
4362.2,-28.2,-28.7
4362.3,-28.2,-28.6
4362.4,-28.6,-28.6
4362.5,-29.3,-28.6
4362.6,-29.3,-28.6
4362.7,-29.5,-28.5
4362.8,-29.2,-28.5
4362.9,-28.9,-28.6
4363.0,-28.7,-28.6
4363.1,-28.5,-28.6
4363.2,-27.7,-28.5
4363.3,-27.0,-28.5
4363.4,-26.9,-28.4
4363.5,-26.4,-28.3
4363.6,-26.7,-28.2
4363.7,-27.1,-28.1
4363.8,-27.2,-28.1
4363.9,-27.9,-28.1
4364.0,-27.8,-28.1
4364.1,-27.6,-28.1
4364.2,-27.6,-28.1
4364.3,-27.4,-28.0
4364.4,-27.9,-28.0
4364.5,-28.3,-28.0
4364.6,-27.8,-27.9
4364.7,-27.9,-27.9
4364.8,-27.2,-27.8
4364.9,-27.0,-27.8
4365.0,-27.7,-27.8
4365.1,-27.9,-27.9
4365.2,-28.5,-27.9
4365.3,-28.7,-27.9
4365.4,-28.5,-27.8
4365.5,-28.2,-27.8
4365.6,-28.2,-27.7
4365.7,-28.3,-27.7
4365.8,-28.1,-27.7
4365.9,-28.2,-27.7
4366.0,-28.3,-27.7
4366.1,-28.6,-27.8
4366.2,-29.5,-27.9
4366.3,-29.8,-28.0
4366.4,-29.9,-28.1
4366.5,-28.9,-28.1
4366.6,-27.2,-28.0
4366.7,-26.0,-27.8
4366.8,-25.5,-27.7
4366.9,-25.4,-27.7
4367.0,-26.0,-27.7
4367.1,-27.0,-27.7
4367.2,-27.9,-27.8
4367.3,-28.3,-27.8
4367.4,-28.7,-27.8
4367.5,-28.5,-27.8
4367.6,-27.9,-27.8
4367.7,-27.5,-27.8
4367.8,-27.2,-27.8
4367.9,-27.1,-27.8
4368.0,-27.3,-27.7
4368.1,-26.6,-27.6
4368.2,-25.3,-27.3
4368.3,-23.4,-26.8
4368.4,-23.0,-26.7
4368.5,-22.8,-26.5
4368.6,-23.5,-26.4
4368.7,-25.0,-26.4
4368.8,-25.2,-26.3
4368.9,-25.1,-26.1
4369.0,-24.9,-26.0
4369.1,-24.9,-25.9
4369.2,-25.4,-25.9
4369.3,-26.9,-25.8
4369.4,-27.8,-25.9
4369.5,-28.7,-25.9
4369.6,-29.1,-26.0
4369.7,-29.2,-26.1
4369.8,-29.4,-26.2
4369.9,-29.2,-26.3
4370.0,-28.3,-26.3
4370.1,-27.2,-26.2
4370.2,-26.5,-26.1
4370.3,-26.4,-26.1
4370.4,-27.1,-26.1
4370.5,-28.3,-26.2
4370.6,-29.4,-26.2
4370.7,-30.0,-26.3
4370.8,-29.8,-26.3
4370.9,-29.6,-26.4
4371.0,-29.5,-26.4
4371.1,-28.9,-26.5
4371.2,-29.0,-26.8
4371.3,-29.5,-27.3
4371.4,-30.0,-27.5
4371.5,-31.2,-27.9
4371.6,-32.2,-28.0
4371.7,-31.0,-28.1
4371.8,-28.8,-28.1
4371.9,-28.3,-28.5
4372.0,-27.2,-28.5
4372.1,-27.2,-28.6
4372.2,-27.5,-28.6
4372.3,-26.1,-28.3
4372.4,-26.9,-28.4
4372.5,-27.4,-28.4
4372.6,-27.9,-28.4
4372.7,-31.0,-28.5
4372.8,-31.2,-28.5
4372.9,-31.5,-28.6
4373.0,-33.2,-28.9
4373.1,-33.6,-29.1
4373.2,-33.5,-29.4
4373.3,-33.8,-29.5
4373.4,-34.0,-29.6
4373.5,-34.4,-29.7
4373.6,-33.8,-29.7
4373.7,-32.9,-29.8
4373.8,-32.2,-29.8
4373.9,-32.0,-30.0
4374.0,-32.2,-30.0
4374.1,-32.7,-30.2
4374.2,-34.0,-30.4
4374.3,-34.3,-30.4
4374.4,-34.7,-30.4
4374.5,-35.7,-30.5
4374.6,-35.9,-30.6
4374.7,-37.0,-30.8
4374.8,-38.4,-31.3
4374.9,-37.6,-31.5
4375.0,-37.3,-31.9
4375.1,-36.9,-32.2
4375.2,-36.3,-32.7
4375.3,-37.0,-33.8
4375.4,-37.1,-34.0
4375.5,-37.2,-34.1
4375.6,-31.7,-33.8
4375.7,-28.0,-32.8
4375.8,-26.4,-32.2
4375.9,-24.8,-31.3
4376.0,-24.3,-30.7
4376.1,-25.4,-30.7
4376.2,-24.5,-29.9
4376.3,-24.6,-29.4
4376.4,-25.6,-29.4
4376.5,-25.2,-29.2
4376.6,-27.0,-29.1
4376.7,-28.2,-29.0
4376.8,-28.1,-28.9
4376.9,-28.7,-28.9
4377.0,-29.5,-28.9
4377.1,-31.5,-28.9
4377.2,-33.0,-28.9
4377.3,-34.1,-28.9
4377.4,-33.8,-28.8
4377.5,-33.7,-28.8
4377.6,-33.9,-28.8
4377.7,-34.2,-28.8
4377.8,-34.3,-28.7
4377.9,-34.0,-28.7
4378.0,-33.6,-28.7
4378.1,-33.0,-28.6
4378.2,-32.7,-28.6
4378.3,-32.9,-28.6
4378.4,-32.7,-28.5
4378.5,-33.1,-28.5
4378.6,-33.3,-28.7
4378.7,-33.2,-29.1
4378.8,-33.5,-29.4
4378.9,-33.6,-29.9
4379.0,-33.8,-30.4
4379.1,-34.0,-30.4
4379.2,-34.0,-31.3
4379.3,-33.9,-32.1
4379.4,-34.0,-32.2
4379.5,-34.2,-32.6
4379.6,-34.7,-32.9
4379.7,-34.9,-33.4
4379.8,-34.9,-33.6
4379.9,-35.1,-33.9
4380.0,-34.8,-33.9
4380.1,-34.8,-33.9
4380.2,-34.6,-33.8
4380.3,-35.0,-34.0
4380.4,-35.9,-34.1
4380.5,-37.1,-34.2
4380.6,-38.9,-34.3
4380.7,-39.1,-34.4
4380.8,-39.0,-34.5
4380.9,-38.9,-34.6
4381.0,-39.0,-34.8
4381.1,-38.9,-35.0
4381.2,-38.8,-35.2
4381.3,-38.8,-35.3
4381.4,-39.0,-35.6
4381.5,-39.1,-35.7
4381.6,-38.2,-35.8
4381.7,-37.3,-35.9
4381.8,-37.1,-36.1
4381.9,-37.1,-36.3
4382.0,-38.0,-36.4
4382.1,-38.3,-36.5
4382.2,-38.7,-36.8
4382.3,-38.1,-36.9
4382.4,-37.7,-37.1
4382.5,-37.4,-37.1
4382.6,-36.3,-37.1
4382.7,-33.5,-36.6
4382.8,-30.6,-35.7
4382.9,-30.3,-35.6
4383.0,-30.4,-35.6
4383.1,-31.4,-35.7
4383.2,-34.7,-35.7
4383.3,-35.0,-35.6
4383.4,-34.5,-35.4
4383.5,-34.4,-35.3
4383.6,-33.5,-35.1
4383.7,-33.7,-35.0
4383.8,-33.7,-34.9
4383.9,-33.6,-34.8
4384.0,-30.8,-33.9
4384.1,-27.4,-32.7
4384.2,-25.3,-31.6
4384.3,-24.9,-31.2
4384.4,-25.6,-31.2
4384.5,-27.6,-31.2
4384.6,-32.3,-31.2
4384.7,-36.7,-31.2
4384.8,-37.2,-31.2
4384.9,-37.5,-31.2
4385.0,-37.8,-31.2
4385.1,-37.8,-31.2
4385.2,-37.8,-31.2
4385.3,-37.8,-31.2
4385.4,-38.0,-31.2
4385.5,-37.6,-31.2
4385.6,-38.4,-31.3
4385.7,-35.2,-31.3
4385.8,-32.5,-31.5
4385.9,-31.4,-31.4
4386.0,-30.4,-31.3
4386.1,-31.1,-31.3
4386.2,-32.8,-31.3
4386.3,-34.4,-31.4
4386.4,-37.1,-31.4
4386.5,-38.1,-31.4
4386.6,-38.4,-31.6
4386.7,-37.2,-31.5
4386.8,-37.0,-31.6
4386.9,-36.6,-31.6
4387.0,-36.4,-32.1
4387.1,-37.5,-33.2
4387.2,-37.7,-34.8
4387.3,-37.2,-35.5
4387.4,-36.7,-35.5
4387.5,-36.1,-35.5
4387.6,-34.1,-35.2
4387.7,-32.2,-34.8
4387.8,-32.0,-34.7
4387.9,-31.9,-34.6
4388.0,-32.6,-34.5
4388.1,-34.1,-34.4
4388.2,-33.8,-34.3
4388.3,-33.3,-34.1
4388.4,-31.8,-33.8
4388.5,-31.6,-33.6
4388.6,-29.8,-33.1
4388.7,-29.2,-33.0
4388.8,-29.0,-32.9
4388.9,-28.3,-32.7
4389.0,-28.2,-32.4
4389.1,-28.2,-32.2
4389.2,-28.0,-31.8
4389.3,-27.3,-31.3
4389.4,-26.9,-30.9
4389.5,-25.1,-30.0
4389.6,-25.3,-29.9
4389.7,-25.4,-29.6
4389.8,-25.7,-29.4
4389.9,-28.1,-29.3
4390.0,-28.4,-29.2
4390.1,-29.7,-29.2
4390.2,-31.4,-29.1
4390.3,-31.7,-29.1
4390.4,-31.8,-29.0
4390.5,-31.9,-29.0
4390.6,-31.9,-29.0
4390.7,-31.8,-29.0
4390.8,-31.7,-29.0
4390.9,-29.4,-28.8
4391.0,-28.1,-28.6
4391.1,-28.2,-28.6
4391.2,-28.3,-28.5
4391.3,-27.9,-28.3
4391.4,-27.2,-28.1
4391.5,-26.3,-27.9
4391.6,-25.1,-27.8
4391.7,-25.4,-27.7
4391.8,-25.8,-27.6
4391.9,-25.6,-27.5
4392.0,-27.0,-27.6
4392.1,-28.4,-27.7
4392.2,-30.7,-27.8
4392.3,-35.8,-28.0
4392.4,-28.7,-27.9
4392.5,-26.5,-28.0
4392.6,-26.4,-28.1
4392.7,-26.4,-28.3
4392.8,-29.5,-28.5
4392.9,-36.5,-28.5
4393.0,-36.9,-28.6
4393.1,-36.1,-28.6
4393.2,-35.4,-28.6
4393.3,-34.7,-28.7
4393.4,-34.0,-28.7
4393.5,-33.6,-28.7
4393.6,-33.2,-28.7
4393.7,-32.9,-28.7
4393.8,-32.8,-28.7
4393.9,-32.4,-28.9
4394.0,-30.0,-28.9
4394.1,-29.8,-28.9
4394.2,-28.6,-28.8
4394.3,-28.4,-29.0
4394.4,-29.6,-29.3
4394.5,-29.5,-29.5
4394.6,-28.2,-29.5
4394.7,-26.7,-29.4
4394.8,-26.6,-29.6
4394.9,-26.6,-29.8
4395.0,-28.1,-29.7
4395.1,-30.1,-29.6
4395.2,-30.2,-29.5
4395.3,-30.0,-29.4
4395.4,-29.8,-29.9
4395.5,-29.7,-30.3
4395.6,-29.4,-30.2
4395.7,-29.3,-30.0
4395.8,-29.0,-29.8
4395.9,-28.8,-29.7
4396.0,-28.3,-29.5
4396.1,-28.0,-29.3
4396.2,-28.0,-29.2
4396.3,-28.0,-29.0
4396.4,-27.9,-28.9
4396.5,-27.8,-28.7
4396.6,-27.5,-28.6
4396.7,-26.9,-28.4
4396.8,-26.4,-28.2
4396.9,-25.7,-27.9
4397.0,-25.4,-27.9
4397.1,-25.3,-27.7
4397.2,-25.1,-27.5
4397.3,-25.0,-27.3
4397.4,-24.9,-27.2
4397.5,-25.1,-27.1
4397.6,-25.7,-27.2
4397.7,-26.6,-27.3
4397.8,-27.1,-27.2
4397.9,-27.2,-27.1
4398.0,-27.1,-27.0
4398.1,-26.9,-27.0
4398.2,-27.1,-27.0
4398.3,-27.5,-26.9
4398.4,-27.6,-26.8
4398.5,-27.9,-26.8
4398.6,-27.3,-26.8
4398.7,-27.0,-26.7
4398.8,-26.6,-26.6
4398.9,-25.9,-26.5
4399.0,-25.7,-26.4
4399.1,-25.6,-26.4
4399.2,-25.2,-26.2
4399.3,-25.1,-26.1
4399.4,-24.5,-26.0
4399.5,-24.1,-25.8
4399.6,-24.1,-25.7
4399.7,-23.9,-25.6
4399.8,-23.6,-25.5
4399.9,-23.7,-25.5
4400.0,-23.7,-25.5
4400.1,-24.0,-25.4
4400.2,-24.8,-25.5
4400.3,-25.3,-25.5
4400.4,-25.6,-25.6
4400.5,-26.0,-25.6
4400.6,-26.1,-25.6
4400.7,-26.4,-25.5
4400.8,-26.7,-25.5
4400.9,-26.6,-25.5
4401.0,-26.5,-25.5
4401.1,-26.3,-25.5
4401.2,-26.4,-25.4
4401.3,-26.6,-25.4
4401.4,-26.8,-25.4
4401.5,-27.3,-25.4
4401.6,-27.5,-25.5
4401.7,-27.4,-25.5
4401.8,-27.4,-25.5
4401.9,-27.2,-25.6
4402.0,-26.7,-25.6
4402.1,-26.8,-25.6
4402.2,-26.9,-25.7
4402.3,-27.0,-25.8
4402.4,-27.7,-26.0
4402.5,-28.1,-26.1
4402.6,-28.9,-26.3
4402.7,-29.7,-26.5
4402.8,-30.2,-26.8
4402.9,-30.5,-27.0
4403.0,-30.7,-27.2
4403.1,-31.0,-27.4
4403.2,-30.9,-27.6
4403.3,-31.0,-27.7
4403.4,-31.0,-27.9
4403.5,-31.2,-28.0
4403.6,-31.6,-28.2
4403.7,-32.0,-28.3
4403.8,-31.9,-28.5
4403.9,-32.1,-28.6
4404.0,-32.4,-28.9
4404.1,-32.9,-29.1
4404.2,-34.0,-29.3
4404.3,-34.2,-29.5
4404.4,-34.4,-29.7
4404.5,-34.1,-29.9
4404.6,-33.7,-30.0
4404.7,-33.9,-30.3
4404.8,-34.0,-30.5
4404.9,-34.3,-30.8
4405.0,-34.8,-31.2
4405.1,-35.2,-31.5
4405.2,-35.5,-31.9
4405.3,-35.8,-32.2
4405.4,-36.2,-32.5
4405.5,-36.1,-32.8
4405.6,-36.1,-32.9
4405.7,-33.2,-32.9
4405.8,-31.5,-32.8
4405.9,-30.7,-32.8
4406.0,-30.6,-32.9
4406.1,-31.4,-33.0
4406.2,-25.3,-30.9
4406.3,-25.1,-30.8
4406.4,-24.9,-30.8
4406.5,-22.1,-29.1
4406.6,-22.5,-28.3
4406.7,-22.6,-28.3
4406.8,-22.6,-28.3
4406.9,-25.7,-28.2
4407.0,-30.9,-28.2
4407.1,-31.5,-28.2
4407.2,-33.0,-28.2
4407.3,-35.0,-28.3
4407.4,-35.3,-28.3
4407.5,-35.5,-28.3
4407.6,-35.7,-28.3
4407.7,-35.4,-28.3
4407.8,-34.8,-28.3
4407.9,-31.6,-28.2
4408.0,-29.2,-28.0
4408.1,-29.0,-27.9
4408.2,-28.2,-27.8
4408.3,-28.5,-27.7
4408.4,-26.3,-27.3
4408.5,-26.3,-27.3
4408.6,-26.1,-27.1
4408.7,-26.4,-27.2
4408.8,-30.3,-27.2
4408.9,-30.4,-27.2
4409.0,-33.2,-27.2
4409.1,-34.3,-27.3
4409.2,-36.3,-28.1
4409.3,-37.1,-28.2
4409.4,-36.0,-28.3
4409.5,-34.2,-29.6
4409.6,-33.6,-30.7
4409.7,-33.6,-30.8
4409.8,-34.1,-30.9
4409.9,-35.3,-31.1
4410.0,-35.5,-31.1
4410.1,-35.0,-31.0
4410.2,-24.1,-29.0
4410.3,-21.0,-27.5
4410.4,-21.0,-27.5
4410.5,-21.1,-27.5
4410.6,-22.9,-27.2
4410.7,-27.3,-27.0
4410.8,-26.5,-26.9
4410.9,-26.6,-27.0
4411.0,-25.9,-26.8
4411.1,-26.9,-26.8
4411.2,-28.0,-26.9
4411.3,-25.6,-26.6
4411.4,-20.9,-25.4
4411.5,-20.6,-25.3
4411.6,-20.6,-25.4
4411.7,-21.2,-25.4
4411.8,-30.4,-25.4
4411.9,-37.1,-25.5
4412.0,-37.3,-25.5
4412.1,-37.2,-25.5
4412.2,-37.2,-25.5
4412.3,-37.0,-25.5
4412.4,-36.7,-25.5
4412.5,-36.1,-25.5
4412.6,-35.6,-25.5
4412.7,-35.3,-25.5
4412.8,-35.2,-25.5
4412.9,-35.3,-25.5
4413.0,-35.1,-25.5
4413.1,-34.6,-25.5
4413.2,-34.3,-26.3
4413.3,-33.9,-27.4
4413.4,-33.8,-27.4
4413.5,-34.2,-27.4
4413.6,-33.7,-27.6
4413.7,-33.5,-27.8
4413.8,-32.9,-28.0
4413.9,-32.5,-27.9
4414.0,-32.6,-28.4
4414.1,-32.4,-28.4
4414.2,-31.8,-28.3
4414.3,-31.2,-28.7
4414.4,-30.6,-33.0
4414.5,-30.3,-33.7
4414.6,-30.1,-33.4
4414.7,-30.1,-33.2
4414.8,-30.3,-33.0
4414.9,-30.5,-32.8
4415.0,-30.9,-32.7
4415.1,-30.8,-32.5
4415.2,-30.4,-32.2
4415.3,-29.7,-32.0
4415.4,-29.2,-31.7
4415.5,-28.9,-31.5
4415.6,-29.0,-31.4
4415.7,-29.2,-31.2
4415.8,-29.3,-31.0
4415.9,-29.5,-30.9
4416.0,-29.1,-30.7
4416.1,-28.7,-30.5
4416.2,-28.4,-30.3
4416.3,-28.0,-30.2
4416.4,-28.1,-30.0
4416.5,-28.1,-29.8
4416.6,-28.4,-29.7
4416.7,-28.5,-29.6
4416.8,-28.4,-29.5
4416.9,-28.4,-29.3
4417.0,-28.2,-29.2
4417.1,-28.0,-29.1
4417.2,-28.0,-29.0
4417.3,-28.1,-29.0
4417.4,-28.2,-28.9
4417.5,-28.5,-28.9
4417.6,-28.6,-28.8
4417.7,-28.7,-28.8
4417.8,-29.1,-28.8
4417.9,-29.4,-28.8
4418.0,-29.9,-28.8
4418.1,-30.5,-28.8
4418.2,-31.2,-28.8
4418.3,-31.7,-28.9
4418.4,-32.2,-29.0
4418.5,-32.9,-29.1
4418.6,-33.5,-29.2
4418.7,-34.3,-29.3
4418.8,-35.0,-29.5
4418.9,-35.7,-29.5
4419.0,-36.0,-29.7
4419.1,-36.1,-29.9
4419.2,-36.4,-30.1
4419.3,-36.6,-30.3
4419.4,-36.9,-30.5
4419.5,-37.2,-30.8
4419.6,-37.6,-31.0
4419.7,-38.0,-31.2
4419.8,-38.4,-31.5
4419.9,-39.0,-31.8
4420.0,-39.5,-32.1
4420.1,-40.3,-32.5
4420.2,-40.9,-32.9
4420.3,-41.2,-33.3
4420.4,-41.5,-33.8
4420.5,-41.6,-34.2
4420.6,-42.0,-34.7
4420.7,-42.2,-35.3
4420.8,-28.3,-33.5
4420.9,-27.0,-33.1
4421.0,-26.9,-33.2
4421.1,-26.9,-33.5
4421.2,-32.2,-33.7
4421.3,-40.5,-33.8
4421.4,-43.3,-34.0
4421.5,-43.0,-34.1
4421.6,-39.7,-34.1
4421.7,-36.3,-34.0
4421.8,-34.7,-34.0
4421.9,-33.3,-33.8
4422.0,-32.2,-33.6
4422.1,-30.7,-33.2
4422.2,-28.1,-32.4
4422.3,-27.0,-31.8
4422.4,-26.1,-31.3
4422.5,-25.6,-30.9
4422.6,-25.9,-30.5
4422.7,-26.0,-30.1
4422.8,-25.8,-29.7
4422.9,-25.9,-29.4
4423.0,-25.9,-29.1
4423.1,-25.7,-28.8
4423.2,-25.5,-28.4
4423.3,-25.2,-28.1
4423.4,-25.0,-27.9
4423.5,-24.8,-27.6
4423.6,-25.0,-27.3
4423.7,-25.3,-27.1
4423.8,-25.3,-27.4
4423.9,-25.5,-27.3
4424.0,-25.7,-27.1
4424.1,-25.8,-27.0
4424.2,-25.8,-26.8
4424.3,-25.4,-26.5
4424.4,-25.1,-26.3
4424.5,-24.7,-26.1
4424.6,-24.5,-25.9
4424.7,-24.5,-25.8
4424.8,-24.7,-25.6
4424.9,-24.4,-25.4
4425.0,-24.2,-25.2
4425.1,-24.1,-25.1
4425.2,-23.9,-25.1
4425.3,-24.1,-25.1
4425.4,-24.2,-25.0
4425.5,-24.0,-24.9
4425.6,-23.9,-24.8
4425.7,-22.6,-24.5
4425.8,-21.5,-24.3
4425.9,-21.5,-24.2
4426.0,-21.6,-24.1
4426.1,-22.6,-24.1
4426.2,-24.4,-24.1
4426.3,-24.5,-24.1
4426.4,-24.7,-24.1
4426.5,-24.3,-24.0
4426.6,-24.0,-24.0
4426.7,-23.8,-23.9
4426.8,-23.6,-23.9
4426.9,-24.0,-23.9
4427.0,-24.2,-23.8
4427.1,-24.0,-23.7
4427.2,-23.7,-23.7
4427.3,-23.4,-23.6
4427.4,-23.2,-23.6
4427.5,-23.3,-23.6
4427.6,-23.6,-23.6
4427.7,-23.7,-23.5
4427.8,-23.8,-23.5
4427.9,-23.6,-23.5
4428.0,-23.3,-23.4
4428.1,-23.1,-23.4
4428.2,-22.8,-23.4
4428.3,-23.1,-23.3
4428.4,-23.4,-23.3
4428.5,-23.4,-23.3
4428.6,-23.7,-23.3
4428.7,-23.3,-23.4
4428.8,-23.1,-23.6
4428.9,-23.2,-23.6
4429.0,-23.2,-23.6
4429.1,-23.7,-23.6
4429.2,-23.7,-23.5
4429.3,-23.0,-23.4
4429.4,-22.6,-23.3
4429.5,-22.3,-23.3
4429.6,-22.4,-23.3
4429.7,-23.1,-23.3
4429.8,-23.5,-23.3
4429.9,-23.9,-23.3
4430.0,-23.8,-23.3
4430.1,-23.5,-23.3
4430.2,-22.7,-23.2
4430.3,-22.7,-23.2
4430.4,-22.9,-23.2
4430.5,-23.4,-23.3
4430.6,-24.4,-23.3
4430.7,-24.7,-23.3
4430.8,-24.8,-23.3
4430.9,-24.5,-23.4
4431.0,-24.5,-23.4
4431.1,-24.6,-23.5
4431.2,-24.9,-23.6
4431.3,-25.7,-23.7
4431.4,-24.3,-23.5
4431.5,-22.9,-23.4
4431.6,-22.2,-23.4
4431.7,-21.9,-23.4
4431.8,-22.6,-23.5
4431.9,-23.7,-23.5
4432.0,-24.5,-23.5
4432.1,-24.8,-23.5
4432.2,-23.7,-23.5
4432.3,-22.7,-23.5
4432.4,-21.6,-23.3
4432.5,-21.3,-23.3
4432.6,-21.7,-23.3
4432.7,-22.6,-23.4
4432.8,-24.2,-23.4
4432.9,-25.3,-23.5
4433.0,-26.1,-23.6
4433.1,-25.5,-23.6
4433.2,-25.3,-23.7
4433.3,-25.2,-23.8
4433.4,-25.1,-23.8
4433.5,-26.1,-23.9
4433.6,-23.4,-23.6
4433.7,-22.0,-23.4
4433.8,-21.3,-23.3
4433.9,-21.1,-23.3
4434.0,-22.3,-23.3
4434.1,-23.8,-23.3
4434.2,-25.0,-23.3
4434.3,-25.7,-23.3
4434.4,-23.7,-23.2
4434.5,-21.8,-23.1
4434.6,-19.3,-22.6
4434.7,-17.4,-22.1
4434.8,-17.2,-21.8
4434.9,-17.6,-21.8
4435.0,-19.0,-21.8
4435.1,-21.8,-21.8
4435.2,-23.4,-21.8
4435.3,-22.9,-21.8
4435.4,-22.8,-21.9
4435.5,-22.5,-21.9
4435.6,-22.5,-21.9
4435.7,-22.8,-21.9
4435.8,-20.4,-21.5
4435.9,-19.0,-21.2
4436.0,-18.4,-20.9
4436.1,-18.0,-20.8
4436.2,-18.9,-20.7
4436.3,-19.2,-20.5
4436.4,-19.8,-20.4
4436.5,-20.6,-20.4
4436.6,-19.9,-20.4
4436.7,-19.6,-20.2
4436.8,-19.2,-20.2
4436.9,-18.5,-20.0
4437.0,-18.6,-19.9
4437.1,-16.3,-19.2
4437.2,-15.9,-19.0
4437.3,-16.1,-18.9
4437.4,-16.5,-19.0
4437.5,-20.0,-19.0
4437.6,-22.1,-19.3
4437.7,-22.7,-19.5
4437.8,-22.6,-19.6
4437.9,-22.4,-19.6
4438.0,-20.3,-19.4
4438.1,-19.4,-19.3
4438.2,-19.3,-19.3
4438.3,-19.5,-19.3
4438.4,-21.2,-19.3
4438.5,-22.8,-19.3
4438.6,-23.8,-19.3
4438.7,-24.2,-19.4
4438.8,-21.7,-19.4
4438.9,-19.6,-19.4
4439.0,-18.9,-19.4
4439.1,-18.5,-19.4
4439.2,-19.3,-19.5
4439.3,-21.2,-19.6
4439.4,-22.3,-19.7
4439.5,-23.7,-19.7
4439.6,-23.2,-19.8
4439.7,-22.6,-19.9
4439.8,-22.4,-20.0
4439.9,-22.1,-20.1
4440.0,-23.1,-20.3
4440.1,-21.6,-21.0
4440.2,-19.4,-20.9
4440.3,-18.3,-20.7
4440.4,-17.9,-20.7
4440.5,-18.4,-20.7
4440.6,-20.0,-20.6
4440.7,-21.7,-20.7
4440.8,-23.2,-20.7
4440.9,-22.8,-20.7
4441.0,-20.9,-20.7
4441.1,-18.8,-20.5
4441.2,-17.9,-20.4
4441.3,-17.3,-20.2
4441.4,-17.0,-20.0
4441.5,-18.1,-19.9
4441.6,-18.8,-19.9
4441.7,-20.3,-19.9
4441.8,-22.1,-20.0
4441.9,-22.0,-20.2
4442.0,-21.0,-20.2
4442.1,-19.9,-20.1
4442.2,-20.3,-20.1
4442.3,-19.1,-19.9
4442.4,-18.0,-19.6
4442.5,-17.9,-19.5
4442.6,-17.7,-19.5
4442.7,-18.7,-19.5
4442.8,-20.6,-19.5
4442.9,-21.3,-19.4
4443.0,-21.8,-19.4
4443.1,-20.8,-19.4
4443.2,-19.6,-19.5
4443.3,-18.4,-19.4
4443.4,-18.1,-19.4
4443.5,-18.0,-19.3
4443.6,-18.7,-19.3
4443.7,-20.3,-19.3
4443.8,-20.8,-19.3
4443.9,-21.9,-19.3
4444.0,-21.2,-19.3
4444.1,-20.9,-19.5
4444.2,-20.4,-19.6
4444.3,-18.6,-19.5
4444.4,-18.5,-19.6
4444.5,-16.9,-19.3
4444.6,-15.9,-19.0
4444.7,-16.2,-18.8
4444.8,-15.9,-18.7
4444.9,-17.1,-18.7
4445.0,-18.7,-18.7
4445.1,-20.0,-18.8
4445.2,-21.4,-18.8
4445.3,-20.4,-18.8
4445.4,-19.0,-18.9
4445.5,-18.0,-18.8
4445.6,-17.1,-18.7
4445.7,-17.2,-18.6
4445.8,-17.3,-18.5
4445.9,-16.4,-18.2
4446.0,-16.8,-18.1
4446.1,-17.1,-18.2
4446.2,-17.5,-18.2
4446.3,-19.7,-18.3
4446.4,-18.9,-18.2
4446.5,-17.5,-18.1
4446.6,-17.2,-18.0
4446.7,-16.2,-17.8
4446.8,-15.7,-17.6
4446.9,-16.2,-17.5
4447.0,-16.5,-17.5
4447.1,-17.5,-17.4
4447.2,-19.1,-17.4
4447.3,-19.8,-17.6
4447.4,-20.0,-17.6
4447.5,-18.8,-17.7
4447.6,-17.1,-17.7
4447.7,-16.1,-17.6
4447.8,-15.4,-17.5
4447.9,-15.8,-17.5
4448.0,-16.7,-17.4
4448.1,-17.4,-17.3
4448.2,-18.1,-17.3
4448.3,-18.0,-17.2
4448.4,-17.6,-17.2
4448.5,-17.4,-17.3
4448.6,-17.0,-17.2
4448.7,-15.2,-16.9
4448.8,-14.0,-16.6
4448.9,-13.1,-16.5
4449.0,-12.6,-16.3
4449.1,-13.4,-16.2
4449.2,-14.3,-16.2
4449.3,-15.6,-16.1
4449.4,-16.7,-16.1
4449.5,-17.2,-16.2
4449.6,-17.1,-16.1
4449.7,-16.4,-16.1
4449.8,-15.5,-16.1
4449.9,-15.1,-16.0
4450.0,-15.0,-15.9
4450.1,-15.5,-15.9
4450.2,-16.3,-15.8
4450.3,-16.9,-15.8
4450.4,-17.7,-15.8
4450.5,-17.6,-15.8
4450.6,-17.6,-15.9
4450.7,-17.5,-15.9
4450.8,-17.4,-16.0
4450.9,-17.9,-16.0
4451.0,-18.0,-16.0
4451.1,-17.2,-15.9
4451.2,-16.7,-15.9
4451.3,-16.4,-15.9
4451.4,-16.5,-15.9
4451.5,-17.5,-15.9
4451.6,-18.3,-16.0
4451.7,-18.6,-16.2
4451.8,-18.6,-16.5
4451.9,-18.1,-16.8
4452.0,-17.2,-16.9
4452.1,-17.3,-17.0
4452.2,-17.9,-17.1
4452.3,-19.0,-17.2
4452.4,-21.1,-17.3
4452.5,-21.7,-17.4
4452.6,-21.7,-17.5
4452.7,-21.9,-17.7
4452.8,-22.1,-18.0
4452.9,-22.5,-18.2
4453.0,-23.0,-18.5
4453.1,-22.9,-18.6
4453.2,-22.5,-18.7
4453.3,-21.6,-18.8
4453.4,-21.0,-18.9
4453.5,-21.1,-19.0
4453.6,-21.5,-19.2
4453.7,-22.3,-19.4
4453.8,-23.6,-19.5
4453.9,-24.5,-19.7
4454.0,-24.9,-19.8
4454.1,-25.5,-20.3
4454.2,-25.5,-20.6
4454.3,-25.1,-20.8
4454.4,-25.2,-21.1
4454.5,-25.4,-21.3
4454.6,-25.9,-21.5
4454.7,-26.6,-21.8
4454.8,-27.4,-22.1
4454.9,-28.1,-22.6
4455.0,-27.8,-23.2
4455.1,-27.5,-23.5
4455.2,-27.0,-23.7
4455.3,-26.5,-23.8
4455.4,-26.7,-24.0
4455.5,-26.9,-24.2
4455.6,-27.2,-24.4
4455.7,-28.0,-24.6
4455.8,-28.3,-24.7
4455.9,-28.4,-24.8
4456.0,-28.3,-25.0
4456.1,-28.1,-25.2
4456.2,-27.9,-25.5
4456.3,-27.9,-25.9
4456.4,-27.6,-26.3
4456.5,-27.5,-26.5
4456.6,-27.9,-26.8
4456.7,-28.7,-27.0
4456.8,-29.9,-27.2
4456.9,-30.4,-27.3
4457.0,-30.5,-27.5
4457.1,-30.0,-27.6
4457.2,-30.0,-27.8
4457.3,-30.2,-28.0
4457.4,-27.5,-27.9
4457.5,-24.9,-27.5
4457.6,-23.7,-27.2
4457.7,-23.0,-27.1
4457.8,-23.1,-26.9
4457.9,-23.7,-26.7
4458.0,-23.6,-26.5
4458.1,-24.4,-26.5
4458.2,-25.2,-26.6
4458.3,-26.6,-26.7
4458.4,-25.5,-26.3
4458.5,-24.1,-26.1
4458.6,-22.7,-25.8
4458.7,-21.4,-25.4
4458.8,-22.0,-25.3
4458.9,-21.2,-24.9
4459.0,-21.4,-24.7
4459.1,-22.5,-24.7
4459.2,-23.2,-24.7
4459.3,-22.6,-24.2
4459.4,-22.0,-24.0
4459.5,-20.5,-23.6
4459.6,-19.5,-23.3
4459.7,-20.2,-23.1
4459.8,-19.8,-22.8
4459.9,-19.9,-22.5
4460.0,-20.7,-22.4
4460.1,-21.4,-22.4
4460.2,-23.6,-22.4
4460.3,-27.5,-22.4
4460.4,-28.9,-22.5
4460.5,-29.2,-22.6
4460.6,-25.3,-22.6
4460.7,-24.8,-22.6
4460.8,-23.0,-22.5
4460.9,-21.8,-22.4
4461.0,-22.3,-22.4
4461.1,-21.7,-22.3
4461.2,-21.5,-22.1
4461.3,-21.6,-21.9
4461.4,-21.3,-22.0
4461.5,-21.7,-22.0
4461.6,-23.0,-22.1
4461.7,-24.1,-22.3
4461.8,-26.1,-22.3
4461.9,-26.7,-22.5
4462.0,-27.0,-22.6
4462.1,-27.2,-22.6
4462.2,-27.2,-22.6
4462.3,-27.6,-22.9
4462.4,-27.4,-23.1
4462.5,-22.7,-23.0
4462.6,-21.0,-23.0
4462.7,-19.3,-22.7
4462.8,-18.5,-22.7
4462.9,-18.5,-22.6
4463.0,-18.1,-22.2
4463.1,-18.7,-22.1
4463.2,-18.7,-21.8
4463.3,-19.6,-21.8
4463.4,-19.8,-21.4
4463.5,-20.0,-21.3
4463.6,-20.5,-21.3
4463.7,-19.3,-21.1
4463.8,-19.4,-20.9
4463.9,-18.5,-20.8
4464.0,-18.3,-20.7
4464.1,-18.9,-20.6
4464.2,-19.3,-20.6
4464.3,-18.5,-20.3
4464.4,-17.5,-20.0
4464.5,-17.5,-20.0
4464.6,-17.9,-19.9
4464.7,-19.7,-19.9
4464.8,-20.7,-19.7
4464.9,-21.6,-19.7
4465.0,-21.9,-19.7
4465.1,-22.3,-19.7
4465.2,-26.5,-19.7
4465.3,-26.3,-19.7
4465.4,-25.5,-19.6
4465.5,-24.9,-19.8
4465.6,-24.6,-19.9
4465.7,-24.5,-20.1
4465.8,-24.1,-20.2
4465.9,-23.0,-20.3
4466.0,-22.9,-20.6
4466.1,-22.5,-20.6
4466.2,-22.9,-20.8
4466.3,-23.9,-20.8
4466.4,-21.2,-20.8
4466.5,-20.3,-20.7
4466.6,-19.1,-20.5
4466.7,-18.1,-20.5
4466.8,-18.5,-20.6
4466.9,-19.2,-20.8
4467.0,-19.7,-20.8
4467.1,-20.9,-20.8
4467.2,-20.2,-20.7
4467.3,-19.5,-21.0
4467.4,-19.7,-21.3
4467.5,-18.8,-21.2
4467.6,-19.5,-21.1
4467.7,-19.5,-21.0
4467.8,-19.1,-21.0
4467.9,-19.5,-20.9
4468.0,-18.8,-20.6
4468.1,-18.0,-20.3
4468.2,-17.9,-20.1
4468.3,-17.6,-19.9
4468.4,-18.4,-19.9
4468.5,-19.9,-19.9
4468.6,-21.1,-19.9
4468.7,-23.1,-19.8
4468.8,-23.1,-19.8
4468.9,-23.0,-19.9
4469.0,-22.3,-19.8
4469.1,-21.7,-19.8
4469.2,-21.5,-19.7
4469.3,-21.2,-19.7
4469.4,-21.2,-19.8
4469.5,-21.4,-19.9
4469.6,-21.5,-20.0
4469.7,-21.6,-20.2
4469.8,-21.9,-20.3
4469.9,-21.7,-20.2
4470.0,-21.4,-20.2
4470.1,-21.1,-20.2
4470.2,-20.8,-20.3
4470.3,-20.7,-20.4
4470.4,-20.9,-20.4
4470.5,-21.0,-20.5
4470.6,-21.0,-20.5
4470.7,-21.2,-20.6
4470.8,-20.9,-20.7
4470.9,-20.3,-20.7
4471.0,-19.9,-20.7
4471.1,-19.4,-20.9
4471.2,-18.8,-20.9
4471.3,-18.3,-20.8
4471.4,-17.5,-20.5
4471.5,-16.7,-20.2
4471.6,-16.5,-19.9
4471.7,-16.7,-19.8
4471.8,-17.1,-19.7
4471.9,-17.5,-19.5
4472.0,-17.6,-19.3
4472.1,-17.5,-19.2
4472.2,-17.6,-19.1
4472.3,-18.0,-19.1
4472.4,-18.0,-18.9
4472.5,-17.7,-18.8
4472.6,-17.4,-18.7
4472.7,-17.0,-18.5
4472.8,-17.1,-18.4
4472.9,-17.2,-18.3
4473.0,-17.5,-18.2
4473.1,-17.9,-18.2
4473.2,-18.3,-18.1
4473.3,-18.9,-18.1
4473.4,-19.2,-18.1
4473.5,-19.4,-18.0
4473.6,-19.8,-18.0
4473.7,-19.6,-18.0
4473.8,-19.6,-18.0
4473.9,-19.5,-18.0
4474.0,-19.1,-18.0
4474.1,-19.0,-18.0
4474.2,-19.1,-18.0
4474.3,-19.1,-18.1
4474.4,-19.1,-18.2
4474.5,-19.1,-18.3
4474.6,-18.8,-18.3
4474.7,-18.5,-18.3
4474.8,-18.4,-18.4
4474.9,-18.3,-18.4
4475.0,-18.4,-18.5
4475.1,-18.4,-18.5
4475.2,-18.3,-18.5
4475.3,-18.5,-18.5
4475.4,-18.8,-18.6
4475.5,-19.3,-18.7
4475.6,-19.5,-18.8
4475.7,-19.5,-18.9
4475.8,-19.5,-18.9
4475.9,-19.4,-19.0
4476.0,-19.7,-19.1
4476.1,-20.0,-19.1
4476.2,-20.0,-19.2
4476.3,-20.2,-19.2
4476.4,-20.4,-19.2
4476.5,-20.2,-19.2
4476.6,-20.3,-19.2
4476.7,-20.1,-19.2
4476.8,-19.7,-19.2
4476.9,-19.7,-19.3
4477.0,-19.8,-19.3
4477.1,-19.9,-19.3
4477.2,-19.8,-19.3
4477.3,-18.7,-19.2
4477.4,-17.0,-18.9
4477.5,-15.5,-18.6
4477.6,-14.7,-18.4
4477.7,-14.8,-18.4
4477.8,-15.5,-18.4
4477.9,-16.2,-18.2
4478.0,-16.5,-18.1
4478.1,-16.4,-18.1
4478.2,-16.4,-18.0
4478.3,-16.9,-18.0
4478.4,-17.4,-17.9
4478.5,-17.7,-17.9
4478.6,-17.7,-17.8
4478.7,-17.5,-17.8
4478.8,-17.1,-17.6
4478.9,-17.3,-17.6
4479.0,-17.5,-17.6
4479.1,-17.9,-17.6
4479.2,-17.9,-17.4
4479.3,-16.7,-17.2
4479.4,-15.8,-17.1
4479.5,-15.1,-16.9
4479.6,-14.3,-16.6
4479.7,-14.6,-16.5
4479.8,-14.6,-16.4
4479.9,-14.7,-16.3
4480.0,-16.0,-16.2
4480.1,-16.3,-16.2
4480.2,-15.4,-16.0
4480.3,-15.2,-15.9
4480.4,-15.2,-16.0
4480.5,-15.2,-16.2
4480.6,-16.9,-16.3
4480.7,-16.7,-16.2
4480.8,-16.0,-16.1
4480.9,-16.0,-16.1
4481.0,-15.9,-16.2
4481.1,-16.5,-16.2
4481.2,-16.4,-16.1
4481.3,-15.8,-16.0
4481.4,-14.7,-15.9
4481.5,-15.0,-15.8
4481.6,-15.5,-15.8
4481.7,-15.5,-15.8
4481.8,-16.4,-15.8
4481.9,-16.6,-15.8
4482.0,-17.0,-15.8
4482.1,-17.9,-15.8
4482.2,-18.3,-15.8
4482.3,-18.5,-15.9
4482.4,-17.8,-16.0
4482.5,-15.8,-15.9
4482.6,-16.0,-16.1
4482.7,-16.2,-16.2
4482.8,-16.8,-16.3
4482.9,-18.9,-16.4
4483.0,-17.8,-16.3
4483.1,-16.2,-16.2
4483.2,-15.6,-16.3
4483.3,-15.7,-16.4
4483.4,-16.3,-16.5
4483.5,-17.0,-16.4
4483.6,-16.8,-16.3
4483.7,-15.9,-16.3
4483.8,-14.9,-16.3
4483.9,-15.1,-16.3
4484.0,-15.4,-16.3
4484.1,-16.1,-16.3
4484.2,-17.4,-16.4
4484.3,-17.7,-16.5
4484.4,-17.8,-16.7
4484.5,-18.4,-16.7
4484.6,-18.7,-16.8
4484.7,-18.5,-16.9
4484.8,-18.0,-16.9
4484.9,-16.6,-16.7
4485.0,-15.4,-16.5
4485.1,-14.9,-16.4
4485.2,-14.9,-16.4
4485.3,-15.6,-16.4
4485.4,-16.0,-16.3
4485.5,-16.0,-16.5
4485.6,-15.9,-16.4
4485.7,-15.9,-16.3
4485.8,-16.7,-16.3
4485.9,-17.3,-16.3
4486.0,-17.8,-16.4
4486.1,-18.0,-16.5
4486.2,-17.9,-16.6
4486.3,-18.3,-16.6
4486.4,-18.9,-16.7
4486.5,-19.0,-16.7
4486.6,-19.0,-16.8
4486.7,-17.9,-16.9
4486.8,-16.6,-17.0
4486.9,-15.6,-16.8
4487.0,-15.0,-16.8
4487.1,-15.1,-16.7
4487.2,-15.7,-16.7
4487.3,-15.7,-16.6
4487.4,-15.7,-16.5
4487.5,-15.8,-16.4
4487.6,-15.8,-16.4
4487.7,-16.6,-16.4
4487.8,-16.9,-16.4
4487.9,-17.0,-16.5
4488.0,-16.8,-16.6
4488.1,-16.8,-16.7
4488.2,-17.3,-16.7
4488.3,-17.9,-16.7
4488.4,-18.1,-16.9
4488.5,-18.0,-16.9
4488.6,-16.9,-16.9
4488.7,-15.5,-16.7
4488.8,-14.7,-16.5
4488.9,-14.4,-16.5
4489.0,-14.8,-16.4
4489.1,-15.7,-16.4
4489.2,-15.8,-16.3
4489.3,-15.6,-16.1
4489.4,-15.6,-16.1
4489.5,-15.7,-16.0
4489.6,-16.3,-16.0
4489.7,-16.5,-16.0
4489.8,-16.5,-16.1
4489.9,-16.4,-16.1
4490.0,-16.5,-16.2
4490.1,-17.1,-16.3
4490.2,-17.6,-16.3
4490.3,-18.0,-16.4
4490.4,-17.7,-16.5
4490.5,-16.8,-16.4
4490.6,-15.7,-16.3
4490.7,-15.1,-16.2
4490.8,-15.0,-16.2
4490.9,-15.5,-16.2
4491.0,-15.8,-16.1
4491.1,-15.8,-16.0
4491.2,-15.5,-16.0
4491.3,-15.6,-15.9
4491.4,-16.2,-15.9
4491.5,-16.8,-15.9
4491.6,-17.0,-16.0
4491.7,-16.9,-16.1
4491.8,-16.8,-16.3
4491.9,-17.1,-16.3
4492.0,-17.8,-16.4
4492.1,-18.2,-16.4
4492.2,-18.3,-16.5
4492.3,-17.7,-16.6
4492.4,-16.6,-16.5
4492.5,-15.5,-16.4
4492.6,-15.1,-16.4
4492.7,-15.2,-16.4
4492.8,-15.9,-16.4
4492.9,-16.2,-16.4
4493.0,-16.2,-16.3
4493.1,-16.1,-16.3
4493.2,-16.1,-16.2
4493.3,-16.8,-16.2
4493.4,-17.3,-16.3
4493.5,-17.6,-16.4
4493.6,-17.7,-16.5
4493.7,-17.6,-16.6
4493.8,-18.0,-16.7
4493.9,-17.9,-16.7
4494.0,-17.6,-16.7
4494.1,-17.6,-16.9
4494.2,-17.0,-16.9
4494.3,-16.4,-16.8
4494.4,-16.0,-16.7
4494.5,-15.7,-16.7
4494.6,-15.8,-16.7
4494.7,-15.9,-16.7
4494.8,-15.5,-16.5
4494.9,-15.3,-16.4
4495.0,-15.4,-16.4
4495.1,-15.9,-16.4
4495.2,-17.1,-16.4
4495.3,-17.5,-16.4
4495.4,-17.4,-16.5
4495.5,-17.3,-16.6
4495.6,-17.0,-16.7
4495.7,-17.4,-16.7
4495.8,-18.3,-16.8
4495.9,-18.7,-16.9
4496.0,-15.3,-16.5
4496.1,-13.8,-16.3
4496.2,-13.5,-16.2
4496.3,-12.2,-15.9
4496.4,-13.2,-15.8
4496.5,-14.7,-15.9
4496.6,-15.3,-16.0
4496.7,-19.0,-16.0
4496.8,-22.6,-16.1
4496.9,-23.9,-16.2
4497.0,-25.0,-16.3
4497.1,-19.5,-16.2
4497.2,-16.2,-16.0
4497.3,-15.9,-16.1
4497.4,-15.7,-16.2
4497.5,-17.1,-16.4
4497.6,-21.8,-16.5
4497.7,-22.8,-16.6
4497.8,-22.9,-16.8
4497.9,-23.5,-17.0
4498.0,-23.9,-17.2
4498.1,-24.4,-17.3
4498.2,-25.6,-17.3
4498.3,-26.3,-17.5
4498.4,-26.0,-17.7
4498.5,-26.7,-17.8
4498.6,-27.3,-17.9
4498.7,-26.1,-18.1
4498.8,-26.5,-18.1
4498.9,-26.9,-18.2
4499.0,-25.7,-19.0
4499.1,-26.1,-19.8
4499.2,-26.4,-20.1
4499.3,-25.7,-21.3
4499.4,-26.1,-21.9
4499.5,-26.7,-22.1
4499.6,-25.6,-22.1
4499.7,-25.2,-22.1
4499.8,-25.0,-22.1
4499.9,-24.4,-22.1
4500.0,-24.1,-22.0
4500.1,-24.5,-22.9
4500.2,-24.2,-24.6
4500.3,-24.1,-24.9
4500.4,-24.7,-25.0
4500.5,-24.7,-25.2
4500.6,-24.7,-25.2
4500.7,-25.1,-25.3
4500.8,-25.3,-25.5
4500.9,-25.2,-25.5
4501.0,-25.8,-25.5
4501.1,-26.4,-25.6
4501.2,-26.3,-25.5
4501.3,-26.9,-25.5
4501.4,-27.3,-25.6
4501.5,-26.9,-25.6
4501.6,-27.4,-25.6
4501.7,-27.8,-25.7
4501.8,-27.9,-25.7
4501.9,-28.3,-25.7
4502.0,-28.5,-25.8
4502.1,-28.5,-25.9
4502.2,-28.7,-25.9
4502.3,-28.8,-26.0
4502.4,-29.0,-26.1
4502.5,-29.2,-26.1
4502.6,-29.4,-26.3
4502.7,-29.8,-26.5
4502.8,-29.9,-26.6
4502.9,-30.2,-26.8
4503.0,-30.5,-27.1
4503.1,-30.5,-27.3
4503.2,-31.2,-27.5
4503.3,-31.8,-27.8
4503.4,-32.4,-28.0
4503.5,-32.8,-28.3
4503.6,-32.9,-28.6
4503.7,-33.3,-28.8
4503.8,-33.2,-29.1
4503.9,-33.9,-29.4
4504.0,-34.3,-29.7
4504.1,-34.4,-29.8
4504.2,-35.1,-30.1
4504.3,-35.2,-30.4
4504.4,-35.5,-30.6
4504.5,-35.9,-30.9
4504.6,-36.3,-31.2
4504.7,-36.5,-31.4
4504.8,-36.3,-31.7
4504.9,-36.4,-31.9
4505.0,-36.4,-32.2
4505.1,-36.6,-32.5
4505.2,-36.7,-32.8
4505.3,-36.9,-33.1
4505.4,-36.8,-33.3
4505.5,-36.6,-33.6
4505.6,-36.5,-33.9
4505.7,-36.1,-34.1
4505.8,-35.9,-34.4
4505.9,-34.8,-34.6
4506.0,-33.9,-34.6
4506.1,-33.0,-34.7
4506.2,-32.2,-34.6
4506.3,-31.9,-34.6
4506.4,-32.0,-34.6
4506.5,-31.4,-34.4
4506.6,-31.2,-34.2
4506.7,-31.3,-34.1
4506.8,-30.9,-34.0
4506.9,-31.4,-33.9
4507.0,-31.3,-33.7
4507.1,-30.3,-33.4
4507.2,-30.6,-33.3
4507.3,-30.6,-33.2
4507.4,-30.8,-33.0
4507.5,-31.7,-32.9
4507.6,-31.5,-32.7
4507.7,-31.3,-32.6
4507.8,-31.2,-32.4
4507.9,-31.1,-32.3
4508.0,-31.2,-32.2
4508.1,-31.6,-32.1
4508.2,-32.4,-32.1
4508.3,-33.5,-32.1
4508.4,-34.3,-32.0
4508.5,-34.7,-32.0
4508.6,-34.5,-32.0
4508.7,-34.2,-31.9
4508.8,-33.7,-31.9
4508.9,-33.2,-31.9
4509.0,-32.7,-31.9
4509.1,-31.9,-31.8
4509.2,-19.0,-26.5
4509.3,-17.5,-25.4
4509.4,-17.3,-25.2
4509.5,-17.3,-25.2
4509.6,-21.7,-25.2
4509.7,-28.3,-25.2
4509.8,-34.2,-25.2
4509.9,-37.6,-25.3
4510.0,-39.0,-25.3
4510.1,-38.4,-25.4
4510.2,-38.7,-25.4
4510.3,-38.5,-25.4
4510.4,-38.0,-25.4
4510.5,-37.6,-25.5
4510.6,-38.0,-25.5
4510.7,-38.6,-25.5
4510.8,-38.9,-25.6
4510.9,-40.5,-25.6
4511.0,-35.1,-25.6
4511.1,-30.9,-25.5
4511.2,-30.0,-25.5
4511.3,-29.9,-25.5
4511.4,-30.8,-25.5
4511.5,-31.4,-25.4
4511.6,-30.2,-25.4
4511.7,-29.7,-25.3
4511.8,-29.1,-25.3
4511.9,-28.0,-25.2
4512.0,-28.2,-25.2
4512.1,-27.8,-25.2
4512.2,-27.5,-28.2
4512.3,-26.6,-30.2
4512.4,-26.6,-30.7
4512.5,-24.8,-30.0
4512.6,-24.3,-29.6
4512.7,-25.0,-29.3
4512.8,-24.6,-29.0
4512.9,-25.3,-28.6
4513.0,-24.4,-28.0
4513.1,-23.8,-27.7
4513.2,-24.4,-27.6
4513.3,-23.9,-27.2
4513.4,-24.8,-27.0
4513.5,-25.4,-26.8
4513.6,-24.3,-26.6
4513.7,-25.1,-26.4
4513.8,-25.6,-26.3
4513.9,-25.7,-26.2
4514.0,-26.2,-26.0
4514.1,-26.4,-26.0
4514.2,-26.2,-26.0
4514.3,-26.5,-25.9
4514.4,-26.8,-25.8
4514.5,-26.2,-25.7
4514.6,-26.0,-25.6
4514.7,-24.6,-25.4
4514.8,-24.3,-25.3
4514.9,-24.2,-25.2
4515.0,-23.4,-25.0
4515.1,-24.2,-24.9
4515.2,-23.9,-24.8
4515.3,-23.8,-24.8
4515.4,-24.4,-24.8
4515.5,-24.3,-24.9
4515.6,-24.5,-24.9
4515.7,-24.4,-24.8
4515.8,-24.3,-24.7
4515.9,-24.3,-24.7
4516.0,-23.7,-24.8
4516.1,-23.4,-24.7
4516.2,-22.9,-24.5
4516.3,-22.5,-24.5
4516.4,-22.3,-24.3
4516.5,-22.2,-24.2
4516.6,-21.2,-23.9
4516.7,-20.3,-23.6
4516.8,-19.5,-23.2
4516.9,-18.8,-22.8
4517.0,-14.6,-20.8
4517.1,-13.2,-19.8
4517.2,-12.9,-19.5
4517.3,-13.0,-19.3
4517.4,-15.4,-19.2
4517.5,-18.3,-19.2
4517.6,-19.9,-19.1
4517.7,-20.7,-19.1
4517.8,-21.2,-19.0
4517.9,-21.6,-19.0
4518.0,-22.1,-19.0
4518.1,-22.5,-19.0
4518.2,-23.2,-19.0
4518.3,-22.6,-19.0
4518.4,-22.0,-18.9
4518.5,-20.9,-18.8
4518.6,-20.2,-18.7
4518.7,-20.2,-18.7
4518.8,-20.5,-18.7
4518.9,-21.4,-18.7
4519.0,-22.3,-18.7
4519.1,-22.9,-18.7
4519.2,-23.5,-18.7
4519.3,-23.7,-18.7
4519.4,-23.8,-18.7
4519.5,-23.8,-18.8
4519.6,-23.7,-18.8
4519.7,-23.7,-18.9
4519.8,-23.2,-19.0
4519.9,-23.4,-19.1
4520.0,-23.2,-20.4
4520.1,-23.0,-21.5
4520.2,-22.7,-21.9
4520.3,-22.6,-22.1
4520.4,-22.6,-22.3
4520.5,-22.3,-22.3
4520.6,-21.8,-22.2
4520.7,-20.2,-22.0
4520.8,-18.9,-21.8
4520.9,-18.2,-21.6
4521.0,-17.5,-21.2
4521.1,-16.1,-20.5
4521.2,-14.8,-19.8
4521.3,-13.7,-19.2
4521.4,-13.2,-18.9
4521.5,-13.6,-18.7
4521.6,-14.4,-18.5
4521.7,-15.2,-18.3
4521.8,-16.0,-18.2
4521.9,-16.8,-18.1
4522.0,-17.8,-18.1
4522.1,-18.8,-18.0
4522.2,-17.7,-17.7
4522.3,-16.1,-17.4
4522.4,-15.1,-17.2
4522.5,-15.1,-17.1
4522.6,-16.3,-17.1
4522.7,-18.0,-17.1
4522.8,-18.9,-17.0
4522.9,-17.7,-16.8
4523.0,-16.9,-16.7
4523.1,-17.1,-16.7
4523.2,-17.5,-16.6
4523.3,-17.7,-16.5
4523.4,-16.4,-16.2
4523.5,-14.2,-15.9
4523.6,-13.0,-15.6
4523.7,-12.9,-15.5
4523.8,-13.4,-15.5
4523.9,-14.1,-15.4
4524.0,-14.4,-15.2
4524.1,-13.6,-15.1
4524.2,-13.2,-15.2
4524.3,-13.7,-15.4
4524.4,-14.9,-15.5
4524.5,-16.0,-15.5
4524.6,-15.9,-15.4
4524.7,-15.2,-15.4
4524.8,-14.9,-15.4
4524.9,-15.2,-15.3
4525.0,-16.1,-15.3
4525.1,-15.9,-15.2
4525.2,-15.5,-15.2
4525.3,-15.4,-15.2
4525.4,-15.6,-15.3
4525.5,-16.7,-15.3
4525.6,-17.6,-15.3
4525.7,-18.0,-15.2
4525.8,-17.8,-15.2
4525.9,-17.5,-15.3
4526.0,-17.7,-15.3
4526.1,-17.6,-15.3
4526.2,-17.3,-15.2
4526.3,-16.4,-15.2
4526.4,-15.6,-15.2
4526.5,-14.1,-15.3
4526.6,-13.0,-15.2
4526.7,-12.8,-15.2
4526.8,-12.8,-15.1
4526.9,-13.3,-15.1
4527.0,-14.0,-15.2
4527.1,-14.0,-15.3
4527.2,-13.7,-15.2
4527.3,-13.6,-15.1
4527.4,-13.8,-15.0
4527.5,-13.9,-15.0
4527.6,-14.2,-15.0
4527.7,-14.2,-14.9
4527.8,-13.7,-14.8
4527.9,-13.3,-14.7
4528.0,-13.5,-14.6
4528.1,-14.0,-14.7
4528.2,-14.8,-14.7
4528.3,-16.3,-14.8
4528.4,-17.1,-14.8
4528.5,-17.8,-14.8
4528.6,-18.6,-14.8
4528.7,-18.9,-14.8
4528.8,-19.1,-14.8
4528.9,-17.8,-14.8
4529.0,-17.0,-14.8
4529.1,-16.1,-14.7
4529.2,-15.3,-14.7
4529.3,-15.4,-14.7
4529.4,-15.2,-14.7
4529.5,-15.4,-14.9
4529.6,-16.2,-15.1
4529.7,-17.1,-15.3
4529.8,-18.2,-15.4
4529.9,-19.2,-15.6
4530.0,-19.9,-15.7
4530.1,-18.5,-15.8
4530.2,-19.2,-16.1
4530.3,-20.1,-16.3
4530.4,-20.7,-16.5
4530.5,-24.1,-16.7
4530.6,-24.7,-17.0
4530.7,-25.2,-17.3
4530.8,-25.4,-17.7
4530.9,-28.5,-18.1
4531.0,-28.7,-18.4
4531.1,-28.6,-18.7
4531.2,-28.8,-18.9
4531.3,-29.5,-19.1
4531.4,-29.9,-19.3
4531.5,-31.0,-19.4
4531.6,-31.9,-19.5
4531.7,-32.7,-19.7
4531.8,-33.1,-19.9
4531.9,-33.3,-20.3
4532.0,-33.4,-20.7
4532.1,-31.5,-21.2
4532.2,-30.5,-21.9
4532.3,-30.5,-22.5
4532.4,-30.8,-23.4
4532.5,-32.7,-24.2
4532.6,-36.1,-24.8
4532.7,-38.2,-25.2
4532.8,-39.2,-25.9
4532.9,-40.2,-26.6
4533.0,-39.7,-27.0
4533.1,-35.6,-29.4
4533.2,-35.2,-29.9
4533.3,-34.9,-30.2
4533.4,-34.1,-30.5
4533.5,-24.7,-29.7
4533.6,-22.7,-28.9
4533.7,-20.5,-27.6
4533.8,-19.5,-27.0
4533.9,-17.2,-24.7
4534.0,-15.8,-23.3
4534.1,-15.0,-22.4
4534.2,-14.1,-21.5
4534.3,-14.3,-20.9
4534.4,-15.1,-20.6
4534.5,-16.0,-20.4
4534.6,-17.1,-20.2
4534.7,-18.0,-19.9
4534.8,-17.3,-19.6
4534.9,-16.0,-19.1
4535.0,-15.5,-18.8
4535.1,-14.7,-18.3
4535.2,-14.8,-18.1
4535.3,-15.4,-18.0
4535.4,-15.8,-17.8
4535.5,-16.9,-17.6
4535.6,-17.1,-17.5
4535.7,-17.0,-17.3
4535.8,-16.9,-17.1
4535.9,-16.4,-16.9
4536.0,-15.9,-16.7
4536.1,-15.5,-16.5
4536.2,-15.3,-16.3
4536.3,-15.2,-16.1
4536.4,-15.2,-16.0
4536.5,-15.6,-15.9
4536.6,-16.2,-15.9
4536.7,-16.6,-15.8
4536.8,-16.5,-15.7
4536.9,-16.1,-15.8
4537.0,-15.1,-15.8
4537.1,-14.5,-15.8
4537.2,-14.3,-15.8
4537.3,-13.9,-15.7
4537.4,-13.9,-15.6
4537.5,-14.0,-15.4
4537.6,-14.2,-15.4
4537.7,-14.4,-15.3
4537.8,-14.5,-15.3
4537.9,-14.6,-15.3
4538.0,-14.4,-15.2
4538.1,-14.4,-15.2
4538.2,-14.1,-15.1
4538.3,-13.9,-15.0
4538.4,-13.7,-14.9
4538.5,-13.6,-14.8
4538.6,-13.6,-14.7
4538.7,-13.9,-14.7
4538.8,-14.2,-14.6
4538.9,-14.0,-14.5
4539.0,-14.1,-14.5
4539.1,-14.0,-14.5
4539.2,-13.9,-14.4
4539.3,-13.9,-14.4
4539.4,-13.8,-14.3
4539.5,-13.5,-14.2
4539.6,-13.5,-14.1
4539.7,-13.3,-14.0
4539.8,-13.3,-14.0
4539.9,-13.5,-13.9
4540.0,-13.6,-13.9
4540.1,-14.0,-13.9
4540.2,-14.2,-13.9
4540.3,-14.4,-14.0
4540.4,-14.1,-13.9
4540.5,-13.7,-13.9
4540.6,-13.4,-13.8
4540.7,-13.3,-13.8
4540.8,-13.4,-13.8
4540.9,-13.8,-13.8
4541.0,-14.1,-13.8
4541.1,-14.4,-13.8
4541.2,-14.8,-13.9
4541.3,-14.8,-13.9
4541.4,-14.8,-13.9
4541.5,-14.5,-13.9
4541.6,-14.0,-13.9
4541.7,-13.7,-13.9
4541.8,-13.5,-13.8
4541.9,-13.6,-13.9
4542.0,-13.8,-13.9
4542.1,-14.1,-13.9
4542.2,-14.2,-13.9
4542.3,-13.5,-13.8
4542.4,-13.5,-13.8
4542.5,-13.5,-13.9
4542.6,-13.5,-13.9
4542.7,-14.4,-14.0
4542.8,-14.6,-14.0
4542.9,-14.8,-14.0
4543.0,-15.2,-14.1
4543.1,-15.6,-14.1
4543.2,-16.1,-14.2
4543.3,-16.5,-14.3
4543.4,-16.8,-14.4
4543.5,-17.1,-14.5
4543.6,-16.9,-14.6
4543.7,-16.8,-14.7
4543.8,-16.3,-14.7
4543.9,-15.7,-14.7
4544.0,-15.5,-14.8
4544.1,-15.3,-14.8
4544.2,-15.6,-14.8
4544.3,-16.1,-14.9
4544.4,-16.7,-15.0
4544.5,-17.3,-15.1
4544.6,-17.7,-15.2
4544.7,-17.8,-15.4
4544.8,-17.4,-15.5
4544.9,-16.4,-15.5
4545.0,-15.3,-15.5
4545.1,-14.4,-15.4
4545.2,-13.8,-15.4
4545.3,-13.7,-15.6
4545.4,-14.2,-15.6
4545.5,-14.5,-15.6
4545.6,-14.9,-15.7
4545.7,-15.2,-15.7
4545.8,-14.1,-15.5
4545.9,-13.9,-15.5
4546.0,-13.3,-15.4
4546.1,-13.0,-15.2
4546.2,-13.3,-15.1
4546.3,-13.1,-15.0
4546.4,-13.4,-14.9
4546.5,-13.0,-14.7
4546.6,-13.1,-14.6
4546.7,-13.5,-14.6
4546.8,-13.7,-14.6
4546.9,-14.4,-14.5
4547.0,-14.6,-14.5
4547.1,-14.1,-14.4
4547.2,-11.9,-14.0
4547.3,-11.0,-13.7
4547.4,-10.7,-13.6
4547.5,-10.3,-13.4
4547.6,-11.2,-13.2
4547.7,-11.9,-13.1
4547.8,-12.2,-13.0
4547.9,-13.1,-13.0
4548.0,-13.7,-13.1
4548.1,-13.3,-13.0
4548.2,-12.9,-12.9
4548.3,-12.6,-12.9
4548.4,-12.7,-12.9
4548.5,-13.6,-12.9
4548.6,-14.6,-12.9
4548.7,-15.5,-12.9
4548.8,-15.9,-13.0
4548.9,-16.5,-13.1
4549.0,-16.9,-13.2
4549.1,-17.3,-13.3
4549.2,-17.4,-13.4
4549.3,-17.6,-13.5
4549.4,-18.0,-13.6
4549.5,-18.5,-13.8
4549.6,-18.9,-13.9
4549.7,-19.1,-13.9
4549.8,-18.5,-14.0
4549.9,-17.5,-14.0
4550.0,-16.8,-14.1
4550.1,-16.4,-14.1
4550.2,-16.6,-14.6
4550.3,-17.3,-15.0
4550.4,-18.3,-15.2
4550.5,-19.1,-15.6
4550.6,-19.7,-15.9
4550.7,-19.7,-16.1
4550.8,-19.6,-16.3
4550.9,-19.9,-16.5
4551.0,-19.9,-16.7
4551.1,-20.3,-17.1
4551.2,-20.7,-17.6
4551.3,-20.9,-17.9
4551.4,-20.4,-18.1
4551.5,-20.5,-18.3
4551.6,-20.5,-18.5
4551.7,-20.7,-18.7
4551.8,-21.5,-18.8
4551.9,-22.0,-19.0
4552.0,-23.0,-19.2
4552.1,-23.8,-19.3
4552.2,-24.8,-19.5
4552.3,-25.4,-19.7
4552.4,-25.6,-19.8
4552.5,-26.0,-20.0
4552.6,-25.8,-20.1
4552.7,-25.9,-20.3
4552.8,-25.2,-20.5
4552.9,-24.7,-20.9
4553.0,-24.6,-21.3
4553.1,-24.4,-21.7
4553.2,-25.1,-22.0
4553.3,-25.6,-22.2
4553.4,-25.5,-22.3
4553.5,-23.8,-22.4
4553.6,-22.9,-22.5
4553.7,-23.0,-22.8
4553.8,-23.5,-23.0
4553.9,-25.2,-23.2
4554.0,-27.0,-23.4
4554.1,-25.6,-23.5
4554.2,-25.0,-23.7
4554.3,-24.7,-23.9
4554.4,-23.2,-24.0
4554.5,-23.8,-24.2
4554.6,-22.9,-24.2
4554.7,-23.2,-24.4
4554.8,-24.8,-24.6
4554.9,-24.2,-24.6
4555.0,-25.4,-24.6
4555.1,-25.4,-24.6
4555.2,-25.1,-24.6
4555.3,-25.1,-24.6
4555.4,-23.6,-24.3
4555.5,-23.0,-24.2
4555.6,-22.4,-24.1
4555.7,-22.0,-24.0
4555.8,-23.0,-24.0
4555.9,-23.6,-24.1
4556.0,-24.7,-24.2
4556.1,-26.2,-24.2
4556.2,-26.5,-24.2
4556.3,-25.5,-24.1
4556.4,-23.9,-24.0
4556.5,-23.8,-24.2
4556.6,-23.1,-24.2
4556.7,-22.9,-24.1
4556.8,-23.7,-24.0
4556.9,-23.8,-24.0
4557.0,-24.1,-23.9
4557.1,-23.7,-23.9
4557.2,-23.9,-23.9
4557.3,-24.2,-23.9
4557.4,-24.7,-24.1
4557.5,-26.2,-24.1
4557.6,-26.4,-24.3
4557.7,-26.4,-24.3
4557.8,-26.4,-24.3
4557.9,-27.1,-24.4
4558.0,-27.5,-24.5
4558.1,-27.6,-24.5
4558.2,-28.4,-24.6
4558.3,-26.3,-24.5
4558.4,-25.4,-24.7
4558.5,-23.6,-24.6
4558.6,-21.7,-24.4
4558.7,-22.2,-24.6
4558.8,-21.8,-24.4
4558.9,-22.2,-24.3
4559.0,-24.2,-24.3
4559.1,-24.6,-24.4
4559.2,-26.4,-24.4
4559.3,-26.1,-24.4
4559.4,-26.2,-24.6
4559.5,-24.3,-24.5
4559.6,-24.2,-24.6
4559.7,-26.0,-24.8
4559.8,-25.3,-24.8
4559.9,-27.9,-24.9
4560.0,-28.2,-25.0
4560.1,-28.6,-25.3
4560.2,-28.3,-25.3
4560.3,-25.2,-25.1
4560.4,-24.2,-25.0
4560.5,-23.0,-24.9
4560.6,-22.4,-24.7
4560.7,-22.9,-24.6
4560.8,-22.7,-24.4
4560.9,-22.1,-24.2
4561.0,-21.3,-23.8
4561.1,-21.1,-23.7
4561.2,-20.8,-23.4
4561.3,-21.0,-23.4
4561.4,-22.0,-23.4
4561.5,-22.7,-23.6
4561.6,-22.8,-23.6
4561.7,-24.0,-23.7
4561.8,-23.5,-23.6
4561.9,-23.6,-23.8
4562.0,-25.5,-23.8
4562.1,-25.5,-23.8
4562.2,-27.7,-23.7
4562.3,-27.4,-23.9
4562.4,-26.8,-23.8
4562.5,-26.4,-23.9
4562.6,-25.1,-23.8
4562.7,-24.6,-23.7
4562.8,-24.1,-23.7
4562.9,-23.8,-23.6
4563.0,-23.6,-23.4
4563.1,-23.3,-23.3
4563.2,-23.0,-23.2
4563.3,-22.5,-23.3
4563.4,-22.1,-23.2
4563.5,-22.0,-23.1
4563.6,-21.6,-23.1
4563.7,-21.3,-23.0
4563.8,-20.7,-22.8
4563.9,-20.3,-22.8
4564.0,-19.8,-22.7
4564.1,-19.8,-22.7
4564.2,-19.8,-22.6
4564.3,-19.7,-22.5
4564.4,-19.8,-22.3
4564.5,-19.5,-22.1
4564.6,-19.6,-22.0
4564.7,-19.1,-21.7
4564.8,-18.8,-21.5
4564.9,-18.7,-21.3
4565.0,-18.2,-21.0
4565.1,-18.0,-20.7
4565.2,-17.5,-20.4
4565.3,-17.1,-20.1
4565.4,-16.8,-19.8
4565.5,-15.7,-19.3
4565.6,-14.5,-18.7
4565.7,-13.6,-18.2
4565.8,-12.6,-17.7
4565.9,-12.4,-17.3
4566.0,-12.6,-17.0
4566.1,-12.9,-16.7
4566.2,-13.5,-16.5
4566.3,-14.0,-16.3
4566.4,-14.0,-16.1
4566.5,-14.3,-15.9
4566.6,-14.5,-15.8
4566.7,-14.8,-15.7
4566.8,-15.1,-15.6
4566.9,-15.3,-15.5
4567.0,-15.7,-15.4
4567.1,-15.6,-15.4
4567.2,-16.5,-15.3
4567.3,-16.5,-15.3
4567.4,-16.6,-15.2
4567.5,-16.4,-15.1
4567.6,-15.8,-15.0
4567.7,-15.8,-15.0
4567.8,-15.3,-14.9
4567.9,-15.1,-14.8
4568.0,-15.2,-14.8
4568.1,-15.2,-14.7
4568.2,-15.4,-14.7
4568.3,-15.9,-14.7
4568.4,-16.2,-14.7
4568.5,-16.4,-14.8
4568.6,-16.8,-15.0
4568.7,-17.0,-15.1
4568.8,-16.9,-15.4
4568.9,-17.0,-15.5
4569.0,-16.9,-15.6
4569.1,-16.7,-15.8
4569.2,-16.8,-15.9
4569.3,-17.1,-16.0
4569.4,-17.2,-16.1
4569.5,-17.6,-16.2
4569.6,-17.8,-16.3
4569.7,-18.0,-16.4
4569.8,-18.0,-16.5
4569.9,-17.6,-16.5
4570.0,-17.1,-16.5
4570.1,-16.6,-16.5
4570.2,-16.7,-16.5
4570.3,-16.7,-16.6
4570.4,-17.4,-16.6
4570.5,-18.0,-16.7
4570.6,-18.0,-16.8
4570.7,-18.3,-16.9
4570.8,-18.0,-17.0
4570.9,-17.6,-17.1
4571.0,-17.3,-17.1
4571.1,-17.0,-17.2
4571.2,-17.1,-17.3
4571.3,-17.5,-17.3
4571.4,-17.9,-17.4
4571.5,-18.2,-17.4
4571.6,-18.2,-17.5
4571.7,-18.0,-17.4
4571.8,-17.8,-17.5
4571.9,-17.8,-17.5
4572.0,-17.8,-17.6
4572.1,-17.6,-17.6
4572.2,-17.7,-17.6
4572.3,-17.4,-17.6
4572.4,-17.0,-17.5
4572.5,-17.2,-17.5
4572.6,-17.5,-17.5
4572.7,-18.0,-17.6
4572.8,-18.9,-17.6
4572.9,-19.4,-17.7
4573.0,-19.7,-17.8
4573.1,-19.7,-17.9
4573.2,-19.3,-18.0
4573.3,-18.9,-18.0
4573.4,-18.4,-18.0
4573.5,-17.9,-17.9
4573.6,-17.7,-17.9
4573.7,-17.9,-18.0
4573.8,-18.4,-18.0
4573.9,-18.5,-18.1
4574.0,-19.0,-18.1
4574.1,-18.8,-18.2
4574.2,-18.3,-18.2
4574.3,-18.4,-18.2
4574.4,-18.2,-18.2
4574.5,-18.2,-18.2
4574.6,-18.1,-18.2
4574.7,-18.3,-18.2
4574.8,-18.6,-18.3
4574.9,-18.3,-18.3
4575.0,-18.0,-18.2
4575.1,-17.8,-18.3
4575.2,-17.6,-18.3
4575.3,-17.9,-18.4
4575.4,-18.6,-18.5
4575.5,-18.8,-18.5
4575.6,-18.8,-18.5
4575.7,-18.7,-18.5
4575.8,-18.2,-18.4
4575.9,-17.9,-18.3
4576.0,-18.0,-18.3
4576.1,-18.1,-18.3
4576.2,-18.3,-18.2
4576.3,-18.3,-18.2
4576.4,-18.5,-18.3
4576.5,-17.9,-18.3
4576.6,-17.8,-18.3
4576.7,-17.4,-18.2
4576.8,-17.2,-18.1
4576.9,-17.3,-18.1
4577.0,-17.5,-18.1
4577.1,-18.1,-18.1
4577.2,-17.9,-18.1
4577.3,-18.2,-18.1
4577.4,-18.3,-18.1
4577.5,-18.0,-18.1
4577.6,-17.6,-18.0
4577.7,-16.7,-17.8
4577.8,-16.0,-17.7
4577.9,-15.8,-17.7
4578.0,-15.7,-17.6
4578.1,-15.6,-17.5
4578.2,-15.3,-17.3
4578.3,-14.9,-17.1
4578.4,-14.9,-17.0
4578.5,-15.5,-17.0
4578.6,-16.3,-17.0
4578.7,-17.3,-17.0
4578.8,-18.5,-17.0
4578.9,-18.1,-17.0
4579.0,-18.0,-17.0
4579.1,-18.2,-17.0
4579.2,-18.5,-17.1
4579.3,-20.0,-17.2
4579.4,-21.3,-17.2
4579.5,-22.3,-17.3
4579.6,-22.4,-17.4
4579.7,-22.7,-17.6
4579.8,-22.4,-17.6
4579.9,-21.6,-17.7
4580.0,-21.5,-17.8
4580.1,-21.4,-17.8
4580.2,-21.8,-17.9
4580.3,-22.1,-18.0
4580.4,-21.7,-18.0
4580.5,-21.2,-18.1
4580.6,-20.9,-18.3
4580.7,-20.6,-18.5
4580.8,-20.2,-18.7
4580.9,-20.3,-18.8
4581.0,-20.9,-19.1
4581.1,-21.4,-19.4
4581.2,-21.9,-19.8
4581.3,-21.9,-20.1
4581.4,-21.6,-20.5
4581.5,-22.0,-20.7
4581.6,-21.6,-20.8
4581.7,-21.1,-20.8
4581.8,-21.1,-20.9
4581.9,-21.4,-21.3
4582.0,-21.6,-21.4
4582.1,-21.7,-21.5
4582.2,-21.5,-21.5
4582.3,-20.9,-21.4
4582.4,-20.8,-21.4
4582.5,-20.8,-21.3
4582.6,-20.3,-21.2
4582.7,-20.4,-21.1
4582.8,-21.4,-21.3
4582.9,-21.4,-21.3
4583.0,-22.0,-21.2
4583.1,-21.9,-21.2
4583.2,-21.7,-21.2
4583.3,-21.6,-21.2
4583.4,-21.1,-21.2
4583.5,-20.4,-21.1
4583.6,-20.2,-21.1
4583.7,-20.8,-21.3
4583.8,-20.8,-21.2
4583.9,-21.0,-21.2
4584.0,-20.8,-21.1
4584.1,-20.6,-21.2
4584.2,-19.9,-21.0
4584.3,-19.3,-20.8
4584.4,-18.8,-20.7
4584.5,-18.8,-20.7
4584.6,-19.6,-20.7
4584.7,-19.8,-20.6
4584.8,-20.2,-20.6
4584.9,-19.9,-20.5
4585.0,-20.4,-20.5
4585.1,-20.2,-20.5
4585.2,-19.4,-20.3
4585.3,-19.3,-20.2
4585.4,-19.3,-20.3
4585.5,-19.8,-20.3
4585.6,-19.9,-20.2
4585.7,-19.7,-20.1
4585.8,-19.5,-20.1
4585.9,-19.4,-20.1
4586.0,-19.2,-19.9
4586.1,-18.1,-19.6
4586.2,-17.6,-19.5
4586.3,-17.8,-19.5
4586.4,-17.9,-19.4
4586.5,-17.8,-19.3
4586.6,-17.7,-19.1
4586.7,-17.7,-19.1
4586.8,-17.9,-19.1
4586.9,-18.3,-18.9
4587.0,-17.7,-18.7
4587.1,-17.5,-18.7
4587.2,-18.2,-18.8
4587.3,-18.1,-18.8
4587.4,-16.9,-18.4
4587.5,-15.8,-18.2
4587.6,-15.1,-18.0
4587.7,-15.0,-17.9
4587.8,-15.5,-17.7
4587.9,-15.9,-17.6
4588.0,-16.0,-17.5
4588.1,-15.8,-17.3
4588.2,-15.5,-17.2
4588.3,-15.3,-17.1
4588.4,-15.7,-17.0
4588.5,-17.0,-17.1
4588.6,-18.5,-17.1
4588.7,-19.5,-17.0
4588.8,-18.8,-16.9
4588.9,-18.3,-17.0
4589.0,-18.9,-17.0
4589.1,-19.1,-17.1
4589.2,-18.7,-17.1
4589.3,-18.5,-17.0
4589.4,-18.5,-17.1
4589.5,-18.0,-17.2
4589.6,-18.5,-17.1
4589.7,-18.2,-17.1
4589.8,-18.3,-17.1
4589.9,-19.4,-17.3
4590.0,-20.0,-17.4
4590.1,-20.8,-17.4
4590.2,-20.7,-17.4
4590.3,-21.0,-17.5
4590.4,-20.4,-17.7
4590.5,-19.7,-17.9
4590.6,-19.6,-18.0
4590.7,-19.8,-18.3
4590.8,-20.6,-18.5
4590.9,-20.9,-18.6
4591.0,-21.0,-18.7
4591.1,-20.0,-18.9
4591.2,-19.0,-19.2
4591.3,-18.8,-19.3
4591.4,-18.4,-19.3
4591.5,-18.7,-19.2
4591.6,-18.9,-19.2
4591.7,-19.0,-19.3
4591.8,-19.2,-19.4
4591.9,-18.5,-19.3
4592.0,-18.5,-19.2
4592.1,-18.9,-19.2
4592.2,-18.8,-19.4
4592.3,-19.3,-19.4
4592.4,-20.2,-19.4
4592.5,-20.9,-19.6
4592.6,-21.1,-19.7
4592.7,-21.4,-19.8
4592.8,-21.6,-19.8
4592.9,-21.5,-19.9
4593.0,-21.9,-19.9
4593.1,-21.7,-19.9
4593.2,-21.0,-19.8
4593.3,-20.8,-19.8
4593.4,-21.1,-20.0
4593.5,-21.1,-20.1
4593.6,-21.3,-20.0
4593.7,-21.0,-20.0
4593.8,-20.7,-20.0
4593.9,-20.0,-19.9
4594.0,-19.1,-19.8
4594.1,-18.3,-19.7
4594.2,-18.1,-19.8
4594.3,-18.2,-19.8
4594.4,-17.8,-19.7
4594.5,-17.3,-19.4
4594.6,-15.4,-19.0
4594.7,-14.6,-18.7
4594.8,-13.7,-18.3
4594.9,-13.6,-18.1
4595.0,-14.4,-18.1
4595.1,-14.9,-18.0
4595.2,-15.7,-17.8
4595.3,-16.2,-17.7
4595.4,-16.4,-17.6
4595.5,-16.9,-17.5
4595.6,-18.2,-17.5
4595.7,-18.8,-17.5
4595.8,-19.2,-17.4
4595.9,-19.1,-17.4
4596.0,-19.2,-17.4
4596.1,-19.2,-17.3
4596.2,-18.9,-17.3
4596.3,-18.5,-17.2
4596.4,-18.2,-17.1
4596.5,-18.0,-17.1
4596.6,-17.7,-17.0
4596.7,-17.8,-16.9
4596.8,-18.1,-16.9
4596.9,-18.6,-17.0
4597.0,-19.8,-17.0
4597.1,-20.3,-17.1
4597.2,-20.5,-17.1
4597.3,-20.8,-17.2
4597.4,-21.0,-17.3
4597.5,-20.6,-17.4
4597.6,-20.1,-17.7
4597.7,-19.7,-18.0
4597.8,-19.4,-18.4
4597.9,-19.2,-18.6
4598.0,-19.2,-18.7
4598.1,-19.0,-18.8
4598.2,-19.4,-19.1
4598.3,-20.0,-19.2
4598.4,-20.4,-19.3
4598.5,-20.7,-19.3
4598.6,-20.7,-19.4
4598.7,-21.1,-19.5
4598.8,-21.4,-19.6
4598.9,-21.9,-19.6
4599.0,-22.0,-19.7
4599.1,-22.1,-19.8
4599.2,-21.6,-19.9
4599.3,-21.0,-20.0
4599.4,-20.2,-20.0
4599.5,-19.9,-20.1
4599.6,-20.0,-20.3
4599.7,-19.8,-20.3
4599.8,-19.9,-20.3
4599.9,-19.5,-20.3
4600.0,-19.1,-20.2
4600.1,-18.7,-20.1
4600.2,-17.8,-19.9
4600.3,-17.1,-19.6
4600.4,-16.5,-19.4
4600.5,-16.3,-19.3
4600.6,-16.6,-19.2
4600.7,-13.9,-18.3
4600.8,-13.2,-17.9
4600.9,-13.0,-17.7
4601.0,-12.9,-17.7
4601.1,-15.0,-17.6
4601.2,-16.5,-17.5
4601.3,-17.6,-17.5
4601.4,-18.1,-17.5
4601.5,-18.5,-17.4
4601.6,-18.8,-17.4
4601.7,-18.0,-17.2
4601.8,-17.3,-17.1
4601.9,-16.8,-17.0
4602.0,-16.4,-16.9
4602.1,-17.0,-16.8
4602.2,-17.9,-16.8
4602.3,-18.7,-16.8
4602.4,-19.3,-16.8
4602.5,-18.8,-16.7
4602.6,-18.1,-16.7
4602.7,-14.9,-16.3
4602.8,-13.8,-16.0
4602.9,-13.8,-16.0
4603.0,-14.0,-16.0
4603.1,-16.6,-16.0
4603.2,-19.5,-16.1
4603.3,-19.9,-16.2
4603.4,-19.8,-16.3
4603.5,-19.0,-16.3
4603.6,-18.7,-16.3
4603.7,-18.6,-16.9
4603.8,-18.8,-17.2
4603.9,-19.6,-17.4
4604.0,-19.8,-17.5
4604.1,-20.2,-17.6
4604.2,-20.0,-17.6
4604.3,-19.2,-17.6
4604.4,-18.2,-17.5
4604.5,-17.7,-17.5
4604.6,-16.4,-17.3
4604.7,-16.1,-17.3
4604.8,-16.1,-17.3
4604.9,-16.5,-17.4
4605.0,-18.0,-17.5
4605.1,-18.5,-17.5
4605.2,-18.6,-17.4
4605.3,-17.7,-17.3
4605.4,-17.6,-17.3
4605.5,-17.7,-17.4
4605.6,-18.1,-17.4
4605.7,-19.4,-18.0
4605.8,-19.7,-18.4
4605.9,-20.0,-18.5
4606.0,-18.9,-18.4
4606.1,-17.9,-18.2
4606.2,-15.0,-17.7
4606.3,-13.6,-17.3
4606.4,-13.6,-17.2
4606.5,-13.8,-17.2
4606.6,-15.7,-17.2
4606.7,-18.3,-17.3
4606.8,-19.1,-17.2
4606.9,-19.3,-17.2
4607.0,-19.0,-17.2
4607.1,-18.7,-17.1
4607.2,-18.8,-17.1
4607.3,-19.1,-17.2
4607.4,-15.7,-16.8
4607.5,-14.7,-16.6
4607.6,-14.5,-16.8
4607.7,-14.4,-16.9
4607.8,-16.8,-16.9
4607.9,-18.6,-16.9
4608.0,-18.8,-16.9
4608.1,-18.9,-16.9
4608.2,-19.1,-17.0
4608.3,-20.1,-17.1
4608.4,-20.6,-17.1
4608.5,-16.3,-16.7
4608.6,-14.9,-16.5
4608.7,-14.7,-16.5
4608.8,-14.4,-16.4
4608.9,-16.6,-16.4
4609.0,-18.8,-16.5
4609.1,-19.2,-16.6
4609.2,-20.5,-17.0
4609.3,-20.7,-17.4
4609.4,-21.1,-17.5
4609.5,-20.7,-17.6
4609.6,-20.1,-17.6
4609.7,-19.4,-17.5
4609.8,-19.0,-17.5
4609.9,-19.2,-17.6
4610.0,-19.8,-17.6
4610.1,-19.9,-17.6
4610.2,-20.3,-17.7
4610.3,-20.3,-17.7
4610.4,-19.6,-18.2
4610.5,-19.8,-18.5
4610.6,-19.4,-18.6
4610.7,-19.6,-18.6
4610.8,-20.4,-18.7
4610.9,-17.5,-18.4
4611.0,-15.0,-17.9
4611.1,-14.6,-17.8
4611.2,-14.5,-17.8
4611.3,-15.6,-17.7
4611.4,-18.2,-17.6
4611.5,-18.6,-18.1
4611.6,-18.5,-18.5
4611.7,-18.4,-18.4
4611.8,-18.4,-18.4
4611.9,-18.1,-18.4
4612.0,-17.7,-18.3
4612.1,-17.4,-18.2
4612.2,-16.8,-18.0
4612.3,-16.3,-17.8
4612.4,-16.2,-17.7
4612.5,-16.7,-17.7
4612.6,-17.7,-17.7
4612.7,-19.1,-17.8
4612.8,-19.9,-17.8
4612.9,-20.3,-17.8
4613.0,-20.4,-17.8
4613.1,-20.1,-17.8
4613.2,-19.6,-17.7
4613.3,-19.5,-17.7
4613.4,-19.7,-17.8
4613.5,-19.6,-17.8
4613.6,-20.1,-17.8
4613.7,-20.2,-17.8
4613.8,-20.3,-17.8
4613.9,-20.2,-18.1
4614.0,-19.9,-18.6
4614.1,-19.3,-18.6
4614.2,-19.5,-18.7
4614.3,-19.9,-18.8
4614.4,-20.5,-18.9
4614.5,-21.2,-18.9
4614.6,-21.2,-19.0
4614.7,-21.7,-19.1
4614.8,-21.5,-19.2
4614.9,-20.6,-19.2
4615.0,-20.2,-19.3
4615.1,-20.4,-19.6
4615.2,-20.7,-19.9
4615.3,-21.7,-20.2
4615.4,-22.5,-20.4
4615.5,-22.4,-20.5
4615.6,-22.7,-20.6
4615.7,-21.7,-20.5
4615.8,-20.7,-20.5
4615.9,-20.1,-20.4
4616.0,-20.2,-20.5
4616.1,-20.6,-20.6
4616.2,-20.6,-20.6
4616.3,-20.4,-20.6
4616.4,-20.1,-20.6
4616.5,-20.0,-20.6
4616.6,-19.4,-20.5
4616.7,-17.3,-20.0
4616.8,-16.0,-19.7
4616.9,-15.1,-19.4
4617.0,-14.8,-19.2
4617.1,-15.7,-19.2
4617.2,-16.7,-19.2
4617.3,-18.2,-19.1
4617.4,-19.2,-19.1
4617.5,-18.8,-19.0
4617.6,-16.8,-18.6
4617.7,-16.0,-18.4
4617.8,-16.0,-18.3
4617.9,-16.3,-18.3
4618.0,-17.7,-18.3
4618.1,-18.4,-18.2
4618.2,-18.6,-18.1
4618.3,-18.5,-18.0
4618.4,-16.9,-17.7
4618.5,-15.6,-17.4
4618.6,-14.8,-17.2
4618.7,-14.8,-17.2
4618.8,-15.6,-17.1
4618.9,-16.9,-17.1
4619.0,-18.3,-17.0
4619.1,-19.0,-17.1
4619.2,-18.7,-17.0
4619.3,-18.2,-16.9
4619.4,-17.5,-16.8
4619.5,-17.5,-16.8
4619.6,-17.9,-16.8
4619.7,-16.2,-16.7
4619.8,-15.7,-16.8
4619.9,-15.3,-16.9
4620.0,-15.1,-16.9
4620.1,-16.1,-16.8
4620.2,-15.7,-16.6
4620.3,-15.4,-16.5
4620.4,-15.6,-16.5
4620.5,-15.8,-16.5
4620.6,-16.4,-16.6
4620.7,-16.8,-16.6
4620.8,-16.7,-16.6
4620.9,-16.9,-16.5
4621.0,-16.7,-16.4
4621.1,-16.1,-16.3
4621.2,-15.8,-16.3
4621.3,-16.4,-16.3
4621.4,-16.9,-16.4
4621.5,-17.6,-16.6
4621.6,-18.0,-16.7
4621.7,-17.8,-16.7
4621.8,-17.6,-16.7
4621.9,-16.8,-16.6
4622.0,-15.9,-16.4
4622.1,-15.6,-16.4
4622.2,-16.1,-16.4
4622.3,-16.8,-16.4
4622.4,-17.9,-16.5
4622.5,-18.4,-16.4
4622.6,-18.8,-16.5
4622.7,-18.6,-16.7
4622.8,-18.3,-16.8
4622.9,-17.6,-16.8
4623.0,-17.5,-16.9
4623.1,-18.0,-17.0
4623.2,-17.4,-17.0
4623.3,-16.3,-16.9
4623.4,-16.1,-16.9
4623.5,-16.0,-17.0
4623.6,-16.4,-17.0
4623.7,-16.9,-17.0
4623.8,-17.0,-17.0
4623.9,-17.5,-17.1
4624.0,-17.6,-17.1
4624.1,-18.4,-17.3
4624.2,-18.5,-17.4
4624.3,-18.5,-17.4
4624.4,-18.6,-17.3
4624.5,-18.2,-17.3
4624.6,-17.2,-17.3
4624.7,-17.0,-17.3
4624.8,-16.5,-17.2
4624.9,-16.0,-17.2
4625.0,-15.7,-17.2
4625.1,-15.3,-17.2
4625.2,-15.3,-17.0
4625.3,-14.7,-16.8
4625.4,-14.4,-16.6
4625.5,-14.5,-16.6
4625.6,-15.1,-16.5
4625.7,-16.3,-16.6
4625.8,-17.5,-16.6
4625.9,-18.2,-16.6
4626.0,-18.2,-16.6
4626.1,-18.0,-16.6
4626.2,-17.1,-16.5
4626.3,-16.2,-16.6
4626.4,-16.0,-16.6
4626.5,-16.4,-16.6
4626.6,-17.3,-16.7
4626.7,-17.8,-16.7
4626.8,-18.0,-16.7
4626.9,-17.9,-16.7
4627.0,-17.9,-16.7
4627.1,-17.8,-16.6
4627.2,-17.2,-16.6
4627.3,-16.7,-16.5
4627.4,-14.5,-16.1
4627.5,-14.3,-16.1
4627.6,-14.7,-16.2
4627.7,-15.0,-16.2
4627.8,-17.8,-16.3
4627.9,-18.1,-16.3
4628.0,-18.0,-16.4
4628.1,-17.6,-16.5
4628.2,-16.5,-16.5
4628.3,-15.8,-16.5
4628.4,-15.4,-16.6
4628.5,-15.3,-16.6
4628.6,-15.9,-16.6
4628.7,-17.0,-16.6
4628.8,-17.1,-16.6
4628.9,-16.3,-16.4
4629.0,-15.0,-16.2
4629.1,-14.0,-16.0
4629.2,-13.5,-16.0
4629.3,-13.3,-15.9
4629.4,-13.7,-15.8
4629.5,-14.2,-15.7
4629.6,-14.3,-15.6
4629.7,-14.5,-15.5
4629.8,-14.7,-15.4
4629.9,-14.8,-15.3
4630.0,-15.1,-15.3
4630.1,-15.1,-15.2
4630.2,-15.0,-15.2
4630.3,-15.2,-15.2
4630.4,-15.5,-15.4
4630.5,-15.7,-15.4
4630.6,-15.5,-15.3
4630.7,-14.9,-15.2
4630.8,-14.5,-15.1
4630.9,-14.3,-15.0
4631.0,-14.8,-15.0
4631.1,-14.9,-14.9
4631.2,-15.1,-14.9
4631.3,-15.3,-14.9
4631.4,-13.8,-14.7
4631.5,-14.4,-14.8
4631.6,-15.0,-14.8
4631.7,-15.8,-14.8
4631.8,-18.6,-14.8
4631.9,-18.8,-14.9
4632.0,-18.7,-15.1
4632.1,-18.9,-15.3
4632.2,-18.6,-15.4
4632.3,-18.4,-15.6
4632.4,-18.2,-15.7
4632.5,-18.3,-15.8
4632.6,-18.4,-15.9
4632.7,-16.5,-15.8
4632.8,-15.9,-15.9
4632.9,-15.4,-15.9
4633.0,-14.9,-15.9
4633.1,-15.8,-16.0
4633.2,-15.9,-16.0
4633.3,-15.8,-16.0
4633.4,-16.2,-16.0
4633.5,-16.0,-16.0
4633.6,-16.0,-16.1
4633.7,-16.2,-16.2
4633.8,-16.0,-16.2
4633.9,-15.9,-16.3
4634.0,-15.5,-16.2
4634.1,-15.3,-16.2
4634.2,-16.1,-16.4
4634.3,-16.9,-16.5
4634.4,-18.4,-16.9
4634.5,-20.0,-16.9
4634.6,-20.2,-16.9
4634.7,-19.9,-16.9
4634.8,-19.9,-17.0
4634.9,-19.8,-17.0
4635.0,-19.9,-17.0
4635.1,-21.1,-17.1
4635.2,-20.5,-17.1
4635.3,-18.7,-17.0
4635.4,-17.3,-16.9
4635.5,-16.4,-16.8
4635.6,-16.2,-16.8
4635.7,-16.5,-17.0
4635.8,-16.2,-17.0
4635.9,-16.2,-17.0
4636.0,-16.0,-17.1
4636.1,-15.6,-17.0
4636.2,-16.2,-17.0
4636.3,-16.5,-17.1
4636.4,-16.5,-17.1
4636.5,-17.0,-17.1
4636.6,-16.9,-17.2
4636.7,-16.0,-17.1
4636.8,-15.8,-17.1
4636.9,-15.8,-17.1
4637.0,-15.9,-17.3
4637.1,-16.7,-17.3
4637.2,-17.3,-17.3
4637.3,-17.3,-17.2
4637.4,-17.3,-17.1
4637.5,-16.9,-17.0
4637.6,-16.7,-16.9
4637.7,-17.1,-16.9
4637.8,-17.7,-16.9
4637.9,-18.8,-16.9
4638.0,-19.9,-16.9
4638.1,-20.7,-16.9
4638.2,-20.8,-16.9
4638.3,-20.9,-17.1
4638.4,-20.8,-17.2
4638.5,-20.8,-17.3
4638.6,-20.5,-17.4
4638.7,-20.2,-17.5
4638.8,-20.3,-17.7
4638.9,-20.3,-17.8
4639.0,-20.8,-18.0
4639.1,-21.2,-18.2
4639.2,-21.2,-18.3
4639.3,-21.7,-18.4
4639.4,-21.7,-18.6
4639.5,-21.5,-18.7
4639.6,-21.7,-18.9
4639.7,-21.4,-19.2
4639.8,-21.0,-19.4
4639.9,-20.7,-19.5
4640.0,-20.5,-19.7
4640.1,-20.5,-19.8
4640.2,-20.7,-19.9
4640.3,-20.6,-20.1
4640.4,-20.7,-20.3
4640.5,-20.8,-20.5
4640.6,-20.8,-20.7
4640.7,-21.2,-20.9
4640.8,-21.2,-20.9
4640.9,-20.7,-20.8
4641.0,-20.9,-20.9
4641.1,-20.8,-20.9
4641.2,-20.7,-20.9
4641.3,-21.3,-20.9
4641.4,-20.9,-20.9
4641.5,-20.8,-20.9
4641.6,-21.0,-20.9
4641.7,-20.9,-21.0
4641.8,-20.9,-21.0
4641.9,-21.1,-21.0
4642.0,-21.3,-21.0
4642.1,-21.1,-21.0
4642.2,-21.5,-21.0
4642.3,-21.3,-20.9
4642.4,-21.0,-20.9
4642.5,-21.3,-21.0
4642.6,-21.1,-20.9
4642.7,-21.5,-21.0
4642.8,-21.7,-21.0
4642.9,-21.5,-21.0
4643.0,-21.6,-21.1
4643.1,-21.4,-21.1
4643.2,-21.2,-21.1
4643.3,-21.4,-21.2
4643.4,-21.4,-21.2
4643.5,-21.1,-21.1
4643.6,-21.1,-21.1
4643.7,-21.1,-21.1
4643.8,-20.9,-21.1
4643.9,-21.3,-21.2
4644.0,-21.4,-21.2
4644.1,-20.3,-21.1
4644.2,-19.8,-21.0
4644.3,-19.6,-21.0
4644.4,-19.8,-21.0
4644.5,-20.7,-21.1
4644.6,-21.6,-21.1
4644.7,-21.4,-21.0
4644.8,-20.9,-21.0
4644.9,-20.9,-21.0
4645.0,-21.1,-21.0
4645.1,-21.5,-21.1
4645.2,-21.6,-21.0
4645.3,-22.0,-21.1
4645.4,-21.6,-21.1
4645.5,-21.2,-21.1
4645.6,-21.4,-21.1
4645.7,-21.2,-21.1
4645.8,-21.2,-21.0
4645.9,-20.8,-21.0
4646.0,-19.9,-20.8
4646.1,-19.2,-20.7
4646.2,-18.8,-20.6
4646.3,-18.1,-20.4
4646.4,-18.3,-20.3
4646.5,-18.6,-20.3
4646.6,-18.7,-20.3
4646.7,-19.4,-20.2
4646.8,-19.6,-20.2
4646.9,-19.5,-20.1
4647.0,-20.0,-20.1
4647.1,-20.4,-20.2
4647.2,-20.3,-20.2
4647.3,-20.5,-20.2
4647.4,-20.4,-20.2
4647.5,-20.4,-20.2
4647.6,-20.8,-20.1
4647.7,-21.1,-20.2
4647.8,-20.8,-20.2
4647.9,-21.0,-20.2
4648.0,-21.1,-20.2
4648.1,-21.1,-20.1
4648.2,-21.3,-20.1
4648.3,-21.1,-20.1
4648.4,-20.8,-20.1
4648.5,-20.6,-20.1
4648.6,-20.8,-20.1
4648.7,-21.1,-20.1
4648.8,-21.5,-20.1
4648.9,-21.1,-20.1
4649.0,-21.0,-20.2
4649.1,-20.8,-20.3
4649.2,-20.5,-20.4
4649.3,-19.6,-20.4
4649.4,-18.6,-20.3
4649.5,-18.2,-20.2
4649.6,-18.3,-20.3
4649.7,-19.2,-20.4
4649.8,-20.7,-20.4
4649.9,-21.6,-20.5
4650.0,-21.5,-20.5
4650.1,-21.9,-20.5
4650.2,-22.1,-20.6
4650.3,-20.7,-20.5
4650.4,-20.3,-20.5
4650.5,-20.0,-20.5
4650.6,-19.6,-20.5
4650.7,-20.1,-20.4
4650.8,-20.4,-20.4
4650.9,-20.5,-20.4
4651.0,-20.9,-20.4
4651.1,-21.3,-20.4
4651.2,-21.1,-20.4
4651.3,-21.0,-20.4
4651.4,-20.6,-20.4
4651.5,-20.4,-20.4
4651.6,-20.8,-20.4
4651.7,-21.0,-20.4
4651.8,-21.5,-20.4
4651.9,-21.3,-20.4
4652.0,-20.9,-20.4
4652.1,-19.0,-20.1
4652.2,-18.5,-20.1
4652.3,-18.5,-20.2
4652.4,-18.7,-20.4
4652.5,-20.6,-20.5
4652.6,-20.8,-20.5
4652.7,-20.4,-20.4
4652.8,-20.5,-20.4
4652.9,-19.7,-20.3
4653.0,-19.7,-20.3
4653.1,-20.5,-20.2
4653.2,-20.4,-20.2
4653.3,-21.1,-20.3
4653.4,-21.2,-20.4
4653.5,-21.2,-20.4
4653.6,-21.3,-20.4
4653.7,-21.0,-20.4
4653.8,-21.0,-20.4
4653.9,-20.8,-20.4
4654.0,-20.8,-20.4
4654.1,-20.7,-20.4
4654.2,-21.0,-20.4
4654.3,-21.4,-20.5
4654.4,-21.2,-20.5
4654.5,-21.4,-20.5
4654.6,-20.6,-20.4
4654.7,-20.7,-20.4
4654.8,-20.7,-20.4
4654.9,-20.6,-20.4
4655.0,-21.1,-20.4
4655.1,-20.5,-20.7
4655.2,-19.6,-20.6
4655.3,-18.0,-20.3
4655.4,-17.9,-20.3
4655.5,-17.8,-20.2
4655.6,-17.7,-20.1
4655.7,-18.7,-20.1
4655.8,-18.9,-20.0
4655.9,-18.6,-20.0
4656.0,-19.1,-20.0
4656.1,-19.7,-20.0
4656.2,-19.0,-19.8
4656.3,-19.1,-19.7
4656.4,-19.0,-19.7
4656.5,-19.0,-19.7
4656.6,-19.9,-19.7
4656.7,-19.6,-19.6
4656.8,-18.8,-19.4
4656.9,-18.6,-19.4
4657.0,-18.0,-19.3
4657.1,-17.9,-19.2
4657.2,-18.5,-19.1
4657.3,-18.1,-19.0
4657.4,-16.4,-18.6
4657.5,-16.2,-18.4
4657.6,-16.1,-18.4
4657.7,-15.8,-18.3
4657.8,-17.1,-18.2
4657.9,-17.8,-18.1
4658.0,-18.3,-18.1
4658.1,-19.4,-18.2
4658.2,-20.3,-18.2
4658.3,-20.8,-18.4
4658.4,-21.1,-18.5
4658.5,-21.1,-18.5
4658.6,-21.4,-18.6
4658.7,-21.8,-18.7
4658.8,-21.7,-18.7
4658.9,-21.2,-18.8
4659.0,-19.7,-18.7
4659.1,-18.3,-18.5
4659.2,-17.8,-18.6
4659.3,-17.0,-18.5
4659.4,-16.0,-18.2
4659.5,-15.1,-17.8
4659.6,-14.8,-17.7
4659.7,-14.8,-17.7
4659.8,-15.9,-17.7
4659.9,-17.5,-17.7
4660.0,-17.9,-17.7
4660.1,-18.1,-17.7
4660.2,-17.8,-17.6
4660.3,-17.6,-17.6
4660.4,-17.2,-17.8
4660.5,-17.7,-17.9
4660.6,-18.6,-18.0
4660.7,-19.8,-18.2
4660.8,-22.8,-18.3
4660.9,-25.0,-18.5
4661.0,-26.9,-18.5
4661.1,-28.3,-18.6
4661.2,-28.9,-18.7
4661.3,-29.3,-18.7
4661.4,-29.4,-18.8
4661.5,-29.5,-18.9
4661.6,-30.3,-19.0
4661.7,-30.1,-19.0
4661.8,-30.5,-19.1
4661.9,-30.1,-19.2
4662.0,-29.8,-19.4
4662.1,-29.7,-19.7
4662.2,-29.3,-19.9
4662.3,-29.4,-20.2
4662.4,-28.8,-20.8
4662.5,-29.0,-21.7
4662.6,-28.7,-22.1
4662.7,-28.7,-22.7
4662.8,-28.7,-23.0
4662.9,-28.8,-23.4
4663.0,-29.0,-23.9
4663.1,-28.7,-24.5
4663.2,-29.2,-25.3
4663.3,-28.8,-26.1
4663.4,-28.8,-27.6
4663.5,-29.0,-28.4
4663.6,-28.8,-28.8
4663.7,-26.9,-28.7
4663.8,-24.1,-28.1
4663.9,-20.2,-26.4
4664.0,-18.0,-25.0
4664.1,-16.8,-24.1
4664.2,-15.5,-22.9
4664.3,-13.7,-21.0
4664.4,-13.6,-20.5
4664.5,-12.7,-19.6
4664.6,-12.0,-18.7
4664.7,-12.8,-18.3
4664.8,-12.6,-18.0
4664.9,-12.3,-17.3
4665.0,-13.3,-17.1
4665.1,-13.3,-16.8
4665.2,-13.6,-16.7
4665.3,-14.6,-16.4
4665.4,-14.0,-16.1
4665.5,-14.3,-15.9
4665.6,-14.2,-15.8
4665.7,-14.5,-15.6
4665.8,-15.3,-15.5
4665.9,-15.1,-15.3
4666.0,-14.7,-15.1
4666.1,-15.0,-15.0
4666.2,-14.6,-14.8
4666.3,-15.2,-14.8
4666.4,-16.7,-14.8
4666.5,-18.2,-14.7
4666.6,-17.8,-14.6
4666.7,-17.0,-14.5
4666.8,-16.5,-14.4
4666.9,-15.9,-14.5
4667.0,-15.1,-14.3
4667.1,-15.8,-14.4
4667.2,-14.5,-14.3
4667.3,-14.4,-14.6
4667.4,-16.6,-14.7
4667.5,-17.1,-14.9
4667.6,-21.6,-15.3
4667.7,-24.6,-15.5
4667.8,-25.4,-15.7
4667.9,-25.6,-16.1
4668.0,-25.0,-16.3
4668.1,-24.7,-16.5
4668.2,-24.3,-16.6
4668.3,-24.2,-16.9
4668.4,-23.7,-17.2
4668.5,-22.6,-17.4
4668.6,-22.1,-17.6
4668.7,-21.7,-17.8
4668.8,-21.2,-18.0
4668.9,-21.3,-18.2
4669.0,-21.0,-18.5
4669.1,-18.9,-18.5
4669.2,-17.9,-18.7
4669.3,-17.6,-18.7
4669.4,-17.7,-18.7
4669.5,-19.2,-18.6
4669.6,-20.9,-19.0
4669.7,-21.6,-19.3
4669.8,-21.9,-19.4
4669.9,-19.9,-19.4
4670.0,-18.9,-20.0
4670.1,-18.5,-20.0
4670.2,-18.5,-20.7
4670.3,-19.9,-20.9
4670.4,-21.6,-20.9
4670.5,-23.1,-20.9
4670.6,-22.7,-20.8
4670.7,-22.1,-20.7
4670.8,-21.2,-20.6
4670.9,-20.2,-20.4
4671.0,-19.7,-20.3
4671.1,-18.7,-20.1
4671.2,-17.8,-19.8
4671.3,-17.6,-19.7
4671.4,-18.0,-19.6
4671.5,-19.0,-19.7
4671.6,-21.0,-19.7
4671.7,-22.5,-19.7
4671.8,-22.8,-19.8
4671.9,-22.7,-19.8
4672.0,-20.5,-19.6
4672.1,-20.0,-19.9
4672.2,-20.2,-20.2
4672.3,-20.3,-20.3
4672.4,-22.1,-20.3
4672.5,-21.4,-20.2
4672.6,-19.8,-20.0
4672.7,-19.0,-19.9
4672.8,-19.2,-19.9
4672.9,-19.6,-20.1
4673.0,-18.2,-19.9
4673.1,-16.5,-19.5
4673.2,-15.8,-19.3
4673.3,-15.9,-19.3
4673.4,-17.1,-19.2
4673.5,-19.8,-19.2
4673.6,-20.5,-19.1
4673.7,-20.2,-19.1
4673.8,-19.5,-19.1
4673.9,-18.7,-19.0
4674.0,-18.7,-19.0
4674.1,-18.6,-19.1
4674.2,-18.9,-19.2
4674.3,-19.2,-19.3
4674.4,-18.7,-19.1
4674.5,-17.7,-18.9
4674.6,-16.9,-18.7
4674.7,-16.3,-18.5
4674.8,-16.5,-18.4
4674.9,-17.1,-18.3
4675.0,-18.3,-18.4
4675.1,-20.0,-18.5
4675.2,-21.3,-18.5
4675.3,-21.4,-18.4
4675.4,-20.5,-18.3
4675.5,-19.8,-18.3
4675.6,-19.1,-18.4
4675.7,-19.2,-18.4
4675.8,-19.4,-18.3
4675.9,-19.3,-18.3
4676.0,-19.4,-18.5
4676.1,-19.2,-18.8
4676.2,-19.0,-18.9
4676.3,-18.2,-18.8
4676.4,-18.2,-18.7
4676.5,-16.9,-18.4
4676.6,-16.8,-18.4
4676.7,-17.5,-18.4
4676.8,-17.6,-18.5
4676.9,-20.0,-18.6
4677.0,-19.8,-18.5
4677.1,-19.6,-18.5
4677.2,-20.0,-18.6
4677.3,-20.3,-18.7
4677.4,-21.9,-18.8
4677.5,-23.5,-19.1
4677.6,-23.4,-19.3
4677.7,-22.5,-19.5
4677.8,-21.0,-19.5
4677.9,-20.8,-19.6
4678.0,-20.6,-19.6
4678.1,-21.0,-19.6
4678.2,-22.4,-19.6
4678.3,-22.4,-19.7
4678.4,-22.6,-19.8
4678.5,-22.4,-19.9
4678.6,-20.6,-19.8
4678.7,-19.6,-19.8
4678.8,-19.0,-19.8
4678.9,-18.5,-19.7
4679.0,-18.9,-19.7
4679.1,-19.2,-19.8
4679.2,-18.1,-19.6
4679.3,-16.5,-19.3
4679.4,-15.5,-19.1
4679.5,-15.2,-19.3
4679.6,-15.9,-19.3
4679.7,-17.8,-19.4
4679.8,-20.4,-19.5
4679.9,-22.5,-19.5
4680.0,-22.1,-19.5
4680.1,-21.9,-19.6
4680.2,-21.6,-19.6
4680.3,-21.5,-19.6
4680.4,-21.7,-19.5
4680.5,-21.3,-19.5
4680.6,-21.0,-19.4
4680.7,-20.7,-19.5
4680.8,-20.4,-19.5
4680.9,-20.8,-19.5
4681.0,-21.3,-19.5
4681.1,-21.9,-19.5
4681.2,-23.5,-19.5
4681.3,-24.4,-19.6
4681.4,-23.8,-19.6
4681.5,-23.4,-19.6
4681.6,-16.9,-19.0
4681.7,-14.8,-18.5
4681.8,-14.0,-18.3
4681.9,-13.9,-18.4
4682.0,-15.8,-18.4
4682.1,-18.3,-18.4
4682.2,-21.4,-18.7
4682.3,-21.5,-19.0
4682.4,-21.2,-19.3
4682.5,-21.1,-19.5
4682.6,-20.1,-19.4
4682.7,-19.7,-19.3
4682.8,-19.2,-19.2
4682.9,-18.9,-19.1
4683.0,-19.2,-19.1
4683.1,-19.5,-19.1
4683.2,-20.5,-19.1
4683.3,-21.5,-19.1
4683.4,-22.7,-19.2
4683.5,-24.0,-19.2
4683.6,-24.2,-19.3
4683.7,-24.7,-19.3
4683.8,-16.9,-18.7
4683.9,-15.5,-18.4
4684.0,-13.7,-17.8
4684.1,-11.3,-16.8
4684.2,-11.9,-16.7
4684.3,-12.3,-16.6
4684.4,-13.6,-16.6
4684.5,-18.7,-16.6
4684.6,-20.8,-17.0
4684.7,-20.5,-17.3
4684.8,-15.6,-17.0
4684.9,-15.2,-16.9
4685.0,-15.1,-16.9
4685.1,-15.0,-16.8
4685.2,-15.7,-16.4
4685.3,-14.4,-16.1
4685.4,-14.2,-16.1
4685.5,-14.3,-16.1
4685.6,-16.3,-16.1
4685.7,-19.7,-16.1
4685.8,-21.4,-16.2
4685.9,-17.0,-15.9
4686.0,-15.6,-15.8
4686.1,-15.5,-15.8
4686.2,-15.5,-15.8
4686.3,-18.0,-15.7
4686.4,-19.1,-15.6
4686.5,-18.9,-15.6
4686.6,-18.5,-15.5
4686.7,-18.5,-15.5
4686.8,-18.6,-15.8
4686.9,-18.4,-15.9
4687.0,-18.2,-16.1
4687.1,-18.0,-16.9
4687.2,-18.3,-17.0
4687.3,-18.0,-16.9
4687.4,-17.4,-16.8
4687.5,-16.9,-16.7
4687.6,-16.7,-16.6
4687.7,-16.8,-16.6
4687.8,-17.2,-17.1
4687.9,-17.7,-17.1
4688.0,-18.3,-17.1
4688.1,-18.7,-17.1
4688.2,-19.5,-17.5
4688.3,-20.0,-17.9
4688.4,-16.0,-17.5
4688.5,-14.0,-17.0
4688.6,-13.2,-16.8
4688.7,-12.9,-16.7
4688.8,-14.3,-16.6
4688.9,-16.5,-17.0
4689.0,-18.4,-17.2
4689.1,-18.8,-17.1
4689.2,-18.7,-17.0
4689.3,-18.3,-17.0
4689.4,-18.3,-17.1
4689.5,-14.0,-16.4
4689.6,-14.0,-16.3
4689.7,-14.1,-16.3
4689.8,-13.9,-16.4
4689.9,-17.9,-16.3
4690.0,-17.9,-16.3
4690.1,-17.9,-16.3
4690.2,-18.2,-16.3
4690.3,-18.8,-16.4
4690.4,-19.3,-16.5
4690.5,-19.1,-16.5
4690.6,-19.3,-16.6
4690.7,-19.0,-16.6
4690.8,-18.5,-16.6
4690.9,-18.1,-16.6
4691.0,-17.2,-16.5
4691.1,-17.1,-16.5
4691.2,-17.3,-16.4
4691.3,-17.9,-16.4
4691.4,-17.7,-16.7
4691.5,-17.5,-17.0
4691.6,-17.2,-17.2
4691.7,-16.9,-17.3
4691.8,-17.7,-17.3
4691.9,-17.5,-17.2
4692.0,-17.0,-17.1
4692.1,-16.5,-17.0
4692.2,-15.8,-16.9
4692.3,-15.9,-16.9
4692.4,-16.3,-16.8
4692.5,-16.9,-17.6
4692.6,-18.0,-17.6
4692.7,-17.9,-17.5
4692.8,-18.0,-17.6
4692.9,-17.8,-17.6
4693.0,-18.0,-17.6
4693.1,-18.6,-17.6
4693.2,-18.8,-17.6
4693.3,-17.7,-17.4
4693.4,-17.1,-17.4
4693.5,-17.0,-17.4
4693.6,-16.8,-17.3
4693.7,-18.2,-17.4
4693.8,-18.8,-17.4
4693.9,-18.1,-17.4
4694.0,-17.9,-17.4
4694.1,-17.4,-17.4
4694.2,-17.4,-17.4
4694.3,-17.9,-17.4
4694.4,-18.2,-17.5
4694.5,-18.2,-17.5
4694.6,-17.9,-17.5
4694.7,-18.2,-17.5
4694.8,-18.4,-17.6
4694.9,-19.4,-17.7
4695.0,-20.4,-17.8
4695.1,-20.6,-18.0
4695.2,-21.9,-18.3
4695.3,-22.8,-18.5
4695.4,-24.6,-18.6
4695.5,-28.1,-18.8
4695.6,-29.8,-18.9
4695.7,-30.6,-19.1
4695.8,-30.4,-19.3
4695.9,-30.8,-19.5
4696.0,-30.8,-19.6
4696.1,-31.4,-19.8
4696.2,-31.8,-20.0
4696.3,-31.4,-20.5
4696.4,-30.9,-20.8
4696.5,-29.1,-21.0
4696.6,-27.2,-21.2
4696.7,-25.4,-21.3
4696.8,-23.7,-21.5
4696.9,-22.8,-21.8
4697.0,-19.1,-21.5
4697.1,-17.2,-21.3
4697.2,-16.1,-21.0
4697.3,-15.6,-20.9
4697.4,-16.9,-21.1
4697.5,-18.9,-21.5
4697.6,-21.3,-21.7
4697.7,-22.1,-21.6
4697.8,-20.7,-21.6
4697.9,-19.7,-21.5
4698.0,-19.4,-21.5
4698.1,-19.1,-21.3
4698.2,-19.2,-21.1
4698.3,-18.8,-20.9
4698.4,-19.1,-20.8
4698.5,-19.5,-20.7
4698.6,-19.3,-20.4
4698.7,-19.2,-20.2
4698.8,-18.8,-20.0
4698.9,-18.3,-19.8
4699.0,-18.0,-19.6
4699.1,-18.1,-19.4
4699.2,-18.1,-19.2
4699.3,-17.8,-19.0
4699.4,-17.8,-18.8
4699.5,-17.8,-18.7
4699.6,-18.0,-18.6
4699.7,-18.4,-18.5
4699.8,-18.6,-18.4
4699.9,-17.4,-18.1
4700.0,-17.1,-18.3
4700.1,-17.1,-18.5
4700.2,-17.3,-18.6
4700.3,-18.9,-18.7
4700.4,-19.3,-18.7
4700.5,-19.8,-18.6
4700.6,-20.3,-18.6
4700.7,-20.6,-18.6
4700.8,-21.0,-18.7
4700.9,-21.2,-18.7
4701.0,-20.9,-18.7
4701.1,-21.0,-18.8
4701.2,-20.3,-18.8
4701.3,-19.5,-18.8
4701.4,-19.4,-18.8
4701.5,-18.5,-18.7
4701.6,-18.7,-18.7
4701.7,-19.1,-18.8
4701.8,-19.2,-18.8
4701.9,-19.9,-18.9
4702.0,-20.2,-19.0
4702.1,-20.4,-19.1
4702.2,-20.7,-19.1
4702.3,-20.8,-19.3
4702.4,-20.6,-19.4
4702.5,-20.5,-19.4
4702.6,-20.6,-19.5
4702.7,-19.9,-19.5
4702.8,-19.6,-19.5
4702.9,-19.3,-19.8
4703.0,-17.8,-19.6
4703.1,-16.7,-19.4
4703.2,-16.4,-19.3
4703.3,-16.2,-19.2
4703.4,-17.1,-19.2
4703.5,-18.4,-19.2
4703.6,-18.4,-19.1
4703.7,-18.0,-18.9
4703.8,-17.2,-18.7
4703.9,-17.0,-18.6
4704.0,-17.3,-18.6
4704.1,-17.7,-18.5
4704.2,-18.2,-18.5
4704.3,-18.2,-18.5
4704.4,-17.7,-18.4
4704.5,-17.4,-18.3
4704.6,-17.1,-18.2
4704.7,-16.7,-18.1
4704.8,-16.3,-17.9
4704.9,-16.2,-17.8
4705.0,-16.4,-17.7
4705.1,-16.6,-17.7
4705.2,-17.2,-17.6
4705.3,-17.2,-17.5
4705.4,-17.0,-17.4
4705.5,-16.4,-17.2
4705.6,-15.9,-17.1
4705.7,-16.1,-17.0
4705.8,-16.4,-17.0
4705.9,-17.6,-17.0
4706.0,-18.8,-17.2
4706.1,-19.2,-17.3
4706.2,-19.3,-17.4
4706.3,-18.7,-17.3
4706.4,-18.4,-17.3
4706.5,-18.5,-17.3
4706.6,-18.4,-17.4
4706.7,-18.9,-17.4
4706.8,-18.8,-17.5
4706.9,-18.2,-17.5
4707.0,-18.2,-17.5
4707.1,-18.2,-17.5
4707.2,-18.7,-17.5
4707.3,-19.4,-17.6
4707.4,-19.6,-17.7
4707.5,-19.7,-17.8
4707.6,-20.0,-17.9
4707.7,-20.0,-18.0
4707.8,-20.2,-18.2
4707.9,-20.3,-18.3
4708.0,-20.3,-18.4
4708.1,-20.8,-18.5
4708.2,-21.0,-18.6
4708.3,-21.1,-18.8
4708.4,-21.2,-18.9
4708.5,-21.0,-19.2
4708.6,-20.9,-19.4
4708.7,-21.2,-19.6
4708.8,-21.2,-19.6
4708.9,-21.0,-19.7
4709.0,-21.4,-19.7
4709.1,-21.3,-19.8
4709.2,-21.4,-19.9
4709.3,-21.5,-20.0
4709.4,-20.9,-20.1
4709.5,-20.6,-20.1
4709.6,-20.4,-20.2
4709.7,-20.3,-20.2
4709.8,-20.3,-20.3
4709.9,-19.9,-20.4
4710.0,-19.7,-20.5
4710.1,-19.5,-20.5
4710.2,-19.3,-20.5
4710.3,-18.9,-20.4
4710.4,-18.7,-20.3
4710.5,-18.5,-20.3
4710.6,-18.6,-20.2
4710.7,-18.9,-20.2
4710.8,-18.9,-20.1
4710.9,-19.1,-20.1
4711.0,-19.3,-20.1
4711.1,-19.4,-20.0
4711.2,-19.7,-20.0
4711.3,-19.8,-19.9
4711.4,-19.6,-19.9
4711.5,-19.7,-19.8
4711.6,-19.4,-19.8
4711.7,-19.4,-19.7
4711.8,-19.7,-19.7
4711.9,-19.9,-19.7
4712.0,-20.5,-19.7
4712.1,-20.9,-19.7
4712.2,-21.1,-19.7
4712.3,-21.5,-19.7
4712.4,-21.7,-19.8
4712.5,-20.6,-19.7
4712.6,-19.8,-19.6
4712.7,-19.8,-19.6
4712.8,-19.1,-19.6
4712.9,-19.1,-19.6
4713.0,-17.1,-19.2
4713.1,-15.8,-18.9
4713.2,-15.1,-18.7
4713.3,-14.6,-18.6
4713.4,-15.7,-18.6
4713.5,-16.9,-18.6
4713.6,-18.5,-18.7
4713.7,-21.1,-18.8
4713.8,-23.1,-18.9
4713.9,-25.2,-19.0
4714.0,-26.1,-19.1
4714.1,-26.7,-19.2
4714.2,-27.2,-19.3
4714.3,-27.4,-19.4
4714.4,-27.2,-19.5
4714.5,-27.6,-19.7
4714.6,-28.0,-19.8
4714.7,-28.5,-20.0
4714.8,-28.9,-20.1
4714.9,-28.5,-20.2
4715.0,-28.0,-20.3
4715.1,-18.1,-19.6
4715.2,-17.1,-19.4
4715.3,-16.8,-19.4
4715.4,-16.4,-19.4
4715.5,-19.9,-19.5
4715.6,-21.3,-19.6
4715.7,-22.1,-19.6
4715.8,-23.8,-19.8
4715.9,-25.2,-20.0
4716.0,-27.9,-20.6
4716.1,-27.3,-21.2
4716.2,-25.5,-21.7
4716.3,-24.8,-22.3
4716.4,-24.2,-22.6
4716.5,-23.7,-22.7
4716.6,-23.7,-22.6
4716.7,-23.6,-22.6
4716.8,-23.5,-22.6
4716.9,-23.9,-22.6
4717.0,-24.2,-22.5
4717.1,-24.6,-22.5
4717.2,-24.5,-22.4
4717.3,-24.5,-22.4
4717.4,-24.3,-22.3
4717.5,-23.9,-22.3
4717.6,-23.7,-22.2
4717.7,-23.7,-22.1
4717.8,-23.9,-22.1
4717.9,-23.9,-22.0
4718.0,-24.2,-22.0
4718.1,-24.0,-23.4
4718.2,-24.2,-23.9
4718.3,-24.1,-24.0
4718.4,-23.9,-24.1
4718.5,-24.1,-24.3
4718.6,-23.8,-24.4
4718.7,-24.1,-24.3
4718.8,-23.9,-24.2
4718.9,-23.7,-24.1
4719.0,-23.5,-23.9
4719.1,-23.5,-23.9
4719.2,-23.9,-24.0
4719.3,-23.7,-23.9
4719.4,-22.8,-23.7
4719.5,-22.2,-23.7
4719.6,-21.5,-23.6
4719.7,-21.0,-23.4
4719.8,-21.1,-23.3
4719.9,-20.9,-23.1
4720.0,-20.8,-23.0
4720.1,-19.1,-22.4
4720.2,-16.9,-21.6
4720.3,-16.9,-21.5
4720.4,-17.0,-21.5
4720.5,-17.9,-21.4
4720.6,-20.9,-21.3
4720.7,-19.9,-21.0
4720.8,-19.7,-20.9
4720.9,-20.1,-20.9
4721.0,-20.4,-20.9
4721.1,-22.5,-20.9
4721.2,-23.0,-20.9
4721.3,-22.8,-20.8
4721.4,-21.9,-20.7
4721.5,-21.6,-20.7
4721.6,-22.1,-20.7
4721.7,-19.3,-20.3
4721.8,-18.1,-20.0
4721.9,-17.4,-19.9
4722.0,-17.1,-19.8
4722.1,-18.3,-19.7
4722.2,-19.6,-19.6
4722.3,-19.6,-19.5
4722.4,-19.8,-19.5
4722.5,-19.8,-19.5
4722.6,-19.5,-19.4
4722.7,-20.2,-19.4
4722.8,-19.8,-19.4
4722.9,-19.9,-19.4
4723.0,-19.9,-19.3
4723.1,-20.1,-19.5
4723.2,-20.5,-20.0
4723.3,-20.6,-20.0
4723.4,-21.0,-20.0
4723.5,-21.2,-20.0
4723.6,-21.4,-20.0
4723.7,-21.6,-20.2
4723.8,-21.8,-20.2
4723.9,-22.2,-20.2
4724.0,-22.4,-20.2
4724.1,-22.0,-20.1
4724.2,-21.7,-20.1
4724.3,-21.5,-20.1
4724.4,-21.3,-20.2
4724.5,-21.4,-20.1
4724.6,-21.1,-20.0
4724.7,-21.1,-20.4
4724.8,-21.0,-20.6
4724.9,-21.2,-20.8
4725.0,-21.9,-20.9
4725.1,-22.2,-21.0
4725.2,-22.3,-21.0
4725.3,-22.5,-21.2
4725.4,-22.4,-21.2
4725.5,-22.3,-21.3
4725.6,-22.2,-21.4
4725.7,-22.3,-21.5
4725.8,-22.8,-21.6
4725.9,-22.5,-21.7
4726.0,-22.8,-21.8
4726.1,-22.5,-21.9
4726.2,-21.8,-21.8
4726.3,-21.4,-21.8
4726.4,-21.0,-21.8
4726.5,-20.7,-21.8
4726.6,-20.8,-21.7
4726.7,-21.1,-21.7
4726.8,-21.5,-21.8
4726.9,-22.2,-21.8
4727.0,-22.4,-21.8
4727.1,-22.5,-21.8
4727.2,-22.3,-21.8
4727.3,-21.7,-21.8
4727.4,-21.8,-21.8
4727.5,-21.8,-21.9
4727.6,-22.0,-21.9
4727.7,-22.1,-22.0
4727.8,-21.8,-21.9
4727.9,-21.3,-21.9
4728.0,-20.8,-21.8
4728.1,-20.1,-21.6
4728.2,-20.0,-21.6
4728.3,-20.2,-21.5
4728.4,-20.5,-21.5
4728.5,-21.2,-21.5
4728.6,-21.5,-21.5
4728.7,-21.3,-21.4
4728.8,-19.7,-21.1
4728.9,-18.4,-20.8
4729.0,-17.8,-20.7
4729.1,-17.8,-20.6
4729.2,-18.5,-20.6
4729.3,-19.9,-20.6
4729.4,-20.7,-20.6
4729.5,-20.9,-20.6
4729.6,-21.2,-20.6
4729.7,-21.2,-20.6
4729.8,-21.4,-20.6
4729.9,-21.6,-20.6
4730.0,-21.9,-20.6
4730.1,-22.2,-20.6
4730.2,-22.4,-20.6
4730.3,-22.6,-20.7
4730.4,-22.4,-20.6
4730.5,-22.1,-20.6
4730.6,-21.7,-20.6
4730.7,-21.5,-20.6
4730.8,-21.3,-20.6
4730.9,-21.1,-20.6
4731.0,-21.2,-20.6
4731.1,-21.2,-20.7
4731.2,-21.6,-20.8
4731.3,-21.8,-20.8
4731.4,-21.9,-20.8
4731.5,-21.8,-20.8
4731.6,-21.9,-20.8
4731.7,-21.8,-20.8
4731.8,-21.6,-21.1
4731.9,-21.7,-21.4
4732.0,-21.4,-21.5
4732.1,-21.5,-21.6
4732.2,-21.2,-21.6
4732.3,-21.0,-21.6
4732.4,-20.9,-21.6
4732.5,-20.8,-21.6
4732.6,-21.2,-21.6
4732.7,-21.2,-21.6
4732.8,-21.4,-21.6
4732.9,-21.4,-21.5
4733.0,-21.5,-21.5
4733.1,-21.5,-21.5
4733.2,-21.7,-21.5
4733.3,-21.7,-21.4
4733.4,-21.4,-21.4
4733.5,-21.5,-21.4
4733.6,-21.2,-21.4
4733.7,-21.4,-21.4
4733.8,-21.4,-21.4
4733.9,-21.4,-21.5
4734.0,-21.6,-21.5
4734.1,-21.5,-21.5
4734.2,-21.5,-21.4
4734.3,-21.6,-21.4
4734.4,-21.6,-21.4
4734.5,-21.8,-21.5
4734.6,-21.8,-21.4
4734.7,-21.8,-21.4
4734.8,-21.8,-21.4
4734.9,-21.3,-21.4
4735.0,-21.3,-21.4
4735.1,-21.4,-21.4
4735.2,-21.4,-21.5
4735.3,-21.6,-21.5
4735.4,-21.8,-21.5
4735.5,-21.9,-21.6
4735.6,-22.0,-21.6
4735.7,-21.9,-21.6
4735.8,-21.9,-21.6
4735.9,-21.8,-21.6
4736.0,-21.8,-21.6
4736.1,-21.9,-21.6
4736.2,-21.7,-21.6
4736.3,-21.5,-21.6
4736.4,-21.4,-21.6
4736.5,-21.3,-21.6
4736.6,-21.6,-21.7
4736.7,-21.7,-21.6
4736.8,-21.6,-21.6
4736.9,-21.5,-21.6
4737.0,-21.4,-21.6
4737.1,-21.3,-21.6
4737.2,-21.5,-21.6
4737.3,-21.7,-21.6
4737.4,-21.7,-21.7
4737.5,-21.9,-21.6
4737.6,-21.7,-21.6
4737.7,-21.4,-21.6
4737.8,-21.0,-21.6
4737.9,-21.0,-21.6
4738.0,-20.8,-21.5
4738.1,-20.9,-21.5
4738.2,-21.2,-21.5
4738.3,-21.2,-21.5
4738.4,-21.5,-21.5
4738.5,-21.3,-21.4
4738.6,-21.1,-21.4
4738.7,-21.1,-21.4
4738.8,-21.3,-21.4
4738.9,-21.2,-21.4
4739.0,-21.3,-21.3
4739.1,-21.1,-21.3
4739.2,-20.7,-21.3
4739.3,-20.8,-21.3
4739.4,-20.7,-21.3
4739.5,-21.2,-21.3
4739.6,-21.2,-21.2
4739.7,-20.9,-21.2
4739.8,-20.9,-21.2
4739.9,-20.8,-21.2
4740.0,-20.9,-21.2
4740.1,-21.2,-21.2
4740.2,-21.6,-21.2
4740.3,-21.7,-21.2
4740.4,-21.4,-21.1
4740.5,-21.0,-21.1
4740.6,-20.9,-21.1
4740.7,-20.5,-21.1
4740.8,-20.6,-21.1
4740.9,-21.0,-21.1
4741.0,-21.1,-21.1
4741.1,-21.3,-21.1
4741.2,-21.3,-21.1
4741.3,-21.4,-21.1
4741.4,-21.2,-21.1
4741.5,-21.0,-21.1
4741.6,-21.1,-21.1
4741.7,-21.2,-21.1
4741.8,-21.3,-21.1
4741.9,-21.4,-21.1
4742.0,-21.1,-21.1
4742.1,-20.7,-21.1
4742.2,-20.6,-21.1
4742.3,-20.6,-21.0
4742.4,-21.1,-21.1
4742.5,-21.1,-21.0
4742.6,-21.3,-21.1
4742.7,-21.3,-21.1
4742.8,-20.9,-21.1
4742.9,-20.9,-21.1
4743.0,-20.6,-21.0
4743.1,-20.8,-21.0
4743.2,-21.0,-21.0
4743.3,-21.3,-21.0
4743.4,-21.3,-21.0
4743.5,-21.4,-21.1
4743.6,-21.3,-21.1
4743.7,-21.2,-21.1
4743.8,-21.5,-21.1
4743.9,-21.7,-21.2
4744.0,-21.6,-21.1
4744.1,-21.3,-21.1
4744.2,-21.1,-21.1
4744.3,-20.8,-21.1
4744.4,-20.8,-21.1
4744.5,-21.0,-21.1
4744.6,-21.0,-21.1
4744.7,-21.0,-21.1
4744.8,-20.9,-21.0
4744.9,-21.0,-21.0
4745.0,-21.0,-21.1
4745.1,-20.9,-21.1
4745.2,-20.9,-21.1
4745.3,-20.9,-21.1
4745.4,-20.8,-21.0
4745.5,-20.8,-21.0
4745.6,-21.0,-21.0
4745.7,-20.9,-21.0
4745.8,-20.6,-21.0
4745.9,-20.7,-21.0
4746.0,-20.7,-21.0
4746.1,-20.8,-21.0
4746.2,-20.9,-21.0
4746.3,-21.1,-21.0
4746.4,-21.0,-21.0
4746.5,-18.6,-20.6
4746.6,-17.9,-20.4
4746.7,-17.9,-20.4
4746.8,-18.1,-20.4
4746.9,-20.5,-20.4
4747.0,-21.6,-20.4
4747.1,-21.8,-20.5
4747.2,-21.3,-20.4
4747.3,-21.3,-20.5
4747.4,-22.6,-20.6
4747.5,-23.5,-20.7
4747.6,-24.7,-20.7
4747.7,-24.7,-20.8
4747.8,-24.8,-20.9
4747.9,-24.7,-21.0
4748.0,-24.6,-21.1
4748.1,-25.0,-21.2
4748.2,-24.9,-21.3
4748.3,-24.8,-21.4
4748.4,-25.1,-21.5
4748.5,-25.1,-21.6
4748.6,-25.3,-21.7
4748.7,-25.2,-21.8
4748.8,-25.2,-22.0
4748.9,-24.9,-22.1
4749.0,-24.0,-22.1
4749.1,-23.4,-22.2
4749.2,-23.3,-22.3
4749.3,-23.3,-22.4
4749.4,-23.7,-22.5
4749.5,-24.4,-23.3
4749.6,-24.2,-23.7
4749.7,-24.2,-23.8
4749.8,-23.7,-23.8
4749.9,-23.3,-23.8
4750.0,-23.1,-24.0
4750.1,-22.7,-24.0
4750.2,-22.4,-24.1
4750.3,-21.9,-23.9
4750.4,-21.2,-23.7
4750.5,-20.8,-23.5
4750.6,-19.6,-23.1
4750.7,-18.6,-22.6
4750.8,-17.6,-22.1
4750.9,-16.6,-21.6
4751.0,-16.2,-21.1
4751.1,-15.9,-20.7
4751.2,-15.7,-20.3
4751.3,-15.3,-19.8
4751.4,-15.1,-19.4
4751.5,-15.3,-19.2
4751.6,-15.7,-19.0
4751.7,-16.7,-18.9
4751.8,-17.8,-18.8
4751.9,-18.5,-18.7
4752.0,-19.2,-18.7
4752.1,-19.7,-18.6
4752.2,-19.6,-18.5
4752.3,-19.6,-18.5
4752.4,-19.8,-18.4
4752.5,-20.0,-18.4
4752.6,-20.3,-18.3
4752.7,-20.6,-18.3
4752.8,-19.9,-18.2
4752.9,-20.0,-18.1
4753.0,-20.0,-18.1
4753.1,-19.9,-18.1
4753.2,-20.3,-18.1
4753.3,-20.4,-18.0
4753.4,-20.2,-18.0
4753.5,-18.7,-17.9
4753.6,-16.2,-17.6
4753.7,-15.9,-17.6
4753.8,-16.0,-17.7
4753.9,-16.8,-17.9
4754.0,-19.7,-18.1
4754.1,-19.3,-18.1
4754.2,-17.1,-18.0
4754.3,-15.7,-18.0
4754.4,-15.5,-18.2
4754.5,-15.9,-18.3
4754.6,-17.4,-18.3
4754.7,-19.6,-18.4
4754.8,-20.4,-18.5
4754.9,-20.9,-18.5
4755.0,-20.1,-18.4
4755.1,-19.5,-18.4
4755.2,-19.1,-18.4
4755.3,-19.1,-18.4
4755.4,-19.6,-18.4
4755.5,-20.3,-18.4
4755.6,-20.8,-18.5
4755.7,-19.4,-18.3
4755.8,-17.9,-18.2
4755.9,-17.1,-18.1
4756.0,-16.4,-18.0
4756.1,-17.0,-17.9
4756.2,-18.1,-17.9
4756.3,-18.6,-17.9
4756.4,-19.6,-17.9
4756.5,-19.1,-18.0
4756.6,-16.9,-18.1
4756.7,-16.0,-17.9
4756.8,-15.0,-17.7
4756.9,-14.4,-17.5
4757.0,-15.0,-17.4
4757.1,-15.0,-17.3
4757.2,-15.4,-17.4
4757.3,-16.1,-17.6
4757.4,-16.6,-17.6
4757.5,-17.9,-17.6
4757.6,-18.5,-17.5
4757.7,-17.3,-17.3
4757.8,-17.5,-17.3
4757.9,-17.4,-17.2
4758.0,-17.3,-17.2
4758.1,-17.4,-17.1
4758.2,-17.3,-17.1
4758.3,-17.0,-17.0
4758.4,-17.1,-17.0
4758.5,-18.1,-16.9
4758.6,-18.7,-16.9
4758.7,-18.6,-17.0
4758.8,-18.5,-17.0
4758.9,-18.0,-17.0
4759.0,-17.3,-17.0
4759.1,-16.9,-16.9
4759.2,-16.8,-16.9
4759.3,-17.4,-16.9
4759.4,-17.7,-16.9
4759.5,-18.2,-16.9
4759.6,-18.1,-17.0
4759.7,-18.1,-17.2
4759.8,-18.1,-17.3
4759.9,-18.1,-17.5
4760.0,-18.2,-17.6
4760.1,-17.9,-17.7
4760.2,-17.7,-17.7
4760.3,-17.6,-17.7
4760.4,-17.9,-17.7
4760.5,-18.0,-17.7
4760.6,-18.6,-17.7
4760.7,-19.1,-17.9
4760.8,-19.4,-18.0
4760.9,-19.0,-17.9
4761.0,-18.5,-17.9
4761.1,-18.1,-18.0
4761.2,-18.2,-18.1
4761.3,-18.3,-18.1
4761.4,-18.6,-18.1
4761.5,-19.1,-18.2
4761.6,-18.8,-18.1
4761.7,-18.8,-18.1
4761.8,-18.5,-18.1
4761.9,-18.4,-18.2
4762.0,-18.5,-18.3
4762.1,-18.7,-18.4
4762.2,-19.3,-18.5
4762.3,-17.3,-18.2
4762.4,-16.7,-18.1
4762.5,-16.1,-18.0
4762.6,-15.8,-18.0
4762.7,-16.7,-18.0
4762.8,-17.6,-18.0
4762.9,-18.9,-18.1
4763.0,-20.6,-18.3
4763.1,-21.0,-18.3
4763.2,-19.7,-18.3
4763.3,-16.7,-18.0
4763.4,-14.8,-17.7
4763.5,-14.3,-17.5
4763.6,-13.9,-17.3
4763.7,-14.7,-17.3
4763.8,-16.0,-17.2
4763.9,-16.7,-17.2
4764.0,-17.3,-17.2
4764.1,-17.4,-17.2
4764.2,-17.5,-17.1
4764.3,-18.1,-17.2
4764.4,-18.2,-17.2
4764.5,-16.7,-16.9
4764.6,-15.2,-16.7
4764.7,-14.2,-16.5
4764.8,-14.8,-16.6
4764.9,-16.5,-16.7
4765.0,-19.8,-16.8
4765.1,-28.0,-16.8
4765.2,-32.1,-16.9
4765.3,-25.0,-17.1
4765.4,-22.3,-17.2
4765.5,-21.2,-17.3
4765.6,-20.6,-17.5
4765.7,-21.4,-17.6
4765.8,-22.2,-17.6
4765.9,-22.3,-17.6
4766.0,-21.2,-17.5
4766.1,-20.3,-17.5
4766.2,-20.3,-17.6
4766.3,-20.3,-18.0
4766.4,-20.8,-18.4
4766.5,-21.7,-18.7
4766.6,-21.5,-18.9
4766.7,-20.6,-19.0
4766.8,-20.0,-19.0
4766.9,-19.9,-19.1
4767.0,-20.0,-19.3
4767.1,-20.8,-19.5
4767.2,-21.9,-19.6
4767.3,-21.6,-19.6
4767.4,-20.7,-19.7
4767.5,-19.7,-20.1
4767.6,-19.0,-20.7
4767.7,-18.3,-21.0
4767.8,-17.6,-20.7
4767.9,-17.7,-20.4
4768.0,-16.6,-20.0
4768.1,-15.8,-19.5
4768.2,-15.0,-19.0
4768.3,-14.6,-18.8
4768.4,-14.9,-18.7
4768.5,-15.5,-18.5
4768.6,-16.4,-18.4
4768.7,-16.7,-18.2
4768.8,-16.6,-18.0
4768.9,-16.1,-17.8
4769.0,-16.0,-17.7
4769.1,-16.0,-17.6
4769.2,-16.2,-17.5
4769.3,-16.9,-17.5
4769.4,-16.1,-17.2
4769.5,-15.4,-16.9
4769.6,-15.0,-16.8
4769.7,-14.3,-16.6
4769.8,-14.8,-16.6
4769.9,-15.4,-16.4
4770.0,-15.8,-16.3
4770.1,-16.4,-16.3
4770.2,-16.8,-16.2
4770.3,-17.3,-16.2
4770.4,-18.1,-16.2
4770.5,-19.2,-16.2
4770.6,-20.1,-16.3
4770.7,-20.1,-16.3
4770.8,-18.3,-16.2
4770.9,-16.5,-16.1
4771.0,-15.7,-16.1
4771.1,-15.3,-16.2
4771.2,-15.8,-16.4
4771.3,-16.6,-16.4
4771.4,-17.2,-16.5
4771.5,-17.5,-16.5
4771.6,-17.8,-16.5
4771.7,-18.3,-16.6
4771.8,-19.0,-16.7
4771.9,-20.4,-16.9
4772.0,-21.5,-17.0
4772.1,-20.5,-17.0
4772.2,-17.8,-16.9
4772.3,-16.3,-16.8
4772.4,-15.5,-16.9
4772.5,-15.2,-17.0
4772.6,-15.9,-17.1
4772.7,-16.5,-17.2
4772.8,-16.8,-17.3
4772.9,-17.5,-17.3
4773.0,-17.9,-17.4
4773.1,-18.2,-17.5
4773.2,-19.0,-17.5
4773.3,-19.9,-17.6
4773.4,-21.3,-17.6
4773.5,-19.1,-17.5
4773.6,-17.3,-17.2
4773.7,-16.0,-17.1
4773.8,-15.0,-17.1
4773.9,-15.3,-17.2
4774.0,-16.0,-17.3
4774.1,-16.4,-17.3
4774.2,-17.2,-17.3
4774.3,-17.8,-17.4
4774.4,-18.1,-17.4
4774.5,-19.0,-17.5
4774.6,-20.1,-17.6
4774.7,-21.1,-17.6
4774.8,-22.1,-17.6
4774.9,-19.4,-17.4
4775.0,-17.3,-17.2
4775.1,-16.2,-17.1
4775.2,-15.5,-17.3
4775.3,-16.2,-17.4
4775.4,-17.1,-17.5
4775.5,-17.7,-17.5
4775.6,-18.0,-17.6
4775.7,-18.2,-17.6
4775.8,-18.7,-17.7
4775.9,-19.5,-17.8
4776.0,-20.9,-17.9
4776.1,-22.1,-17.9
4776.2,-21.4,-17.9
4776.3,-18.5,-17.6
4776.4,-16.9,-17.4
4776.5,-15.9,-17.5
4776.6,-15.7,-17.6
4776.7,-16.5,-17.7
4776.8,-17.3,-17.9
4776.9,-17.5,-17.9
4777.0,-17.5,-17.9
4777.1,-17.3,-17.9
4777.2,-17.6,-17.9
4777.3,-18.2,-17.9
4777.4,-19.2,-18.0
4777.5,-20.6,-18.0
4777.6,-18.7,-17.8
4777.7,-17.1,-17.5
4777.8,-16.2,-17.4
4777.9,-15.5,-17.4
4778.0,-16.0,-17.6
4778.1,-16.8,-17.6
4778.2,-17.4,-17.7
4778.3,-17.2,-17.6
4778.4,-16.9,-17.5
4778.5,-16.8,-17.5
4778.6,-17.2,-17.6
4778.7,-18.1,-17.6
4778.8,-19.6,-17.6
4778.9,-21.4,-17.6
4779.0,-19.0,-17.4
4779.1,-17.3,-17.2
4779.2,-16.6,-17.2
4779.3,-15.9,-17.3
4779.4,-16.5,-17.4
4779.5,-17.4,-17.4
4779.6,-18.0,-17.5
4779.7,-17.9,-17.5
4779.8,-17.9,-17.4
4779.9,-17.6,-17.4
4780.0,-17.7,-17.5
4780.1,-18.4,-17.6
4780.2,-19.4,-17.6
4780.3,-20.7,-17.7
4780.4,-21.5,-17.7
4780.5,-18.6,-17.4
4780.6,-16.7,-17.4
4780.7,-15.9,-17.5
4780.8,-15.2,-17.5
4780.9,-15.9,-17.5
4781.0,-17.0,-17.5
4781.1,-17.7,-17.6
4781.2,-17.6,-17.5
4781.3,-17.5,-17.6
4781.4,-17.2,-17.6
4781.5,-17.2,-17.6
4781.6,-17.8,-17.6
4781.7,-18.5,-17.6
4781.8,-19.1,-17.5
4781.9,-19.6,-17.5
4782.0,-18.1,-17.5
4782.1,-16.8,-17.5
4782.2,-16.1,-17.5
4782.3,-15.7,-17.5
4782.4,-16.1,-17.5
4782.5,-16.7,-17.4
4782.6,-17.3,-17.4
4782.7,-17.3,-17.4
4782.8,-17.2,-17.4
4782.9,-17.1,-17.4
4783.0,-17.3,-17.3
4783.1,-17.7,-17.3
4783.2,-18.3,-17.3
4783.3,-19.1,-17.2
4783.4,-19.6,-17.2
4783.5,-19.6,-17.4
4783.6,-17.7,-17.4
4783.7,-16.0,-17.3
4783.8,-15.3,-17.2
4783.9,-15.0,-17.2
4784.0,-15.8,-17.2
4784.1,-17.1,-17.2
4784.2,-17.7,-17.2
4784.3,-17.9,-17.3
4784.4,-17.7,-17.3
4784.5,-17.5,-17.2
4784.6,-17.8,-17.2
4784.7,-18.3,-17.3
4784.8,-19.4,-17.3
4784.9,-19.3,-17.2
4785.0,-17.4,-17.2
4785.1,-17.0,-17.3
4785.2,-15.4,-17.2
4785.3,-15.0,-17.1
4785.4,-15.6,-17.1
4785.5,-15.5,-17.1
4785.6,-16.8,-17.1
4785.7,-17.9,-17.1
4785.8,-18.4,-17.2
4785.9,-18.8,-17.3
4786.0,-18.9,-17.3
4786.1,-18.5,-17.2
4786.2,-18.6,-17.2
4786.3,-18.9,-17.3
4786.4,-18.4,-17.2
4786.5,-19.6,-17.2
4786.6,-20.2,-17.5
4786.7,-20.5,-17.8
4786.8,-21.9,-17.9
4786.9,-19.8,-17.9
4787.0,-15.2,-17.3
4787.1,-12.9,-16.8
4787.2,-12.1,-16.6
4787.3,-11.6,-16.3
4787.4,-12.2,-16.2
4787.5,-12.7,-15.9
4787.6,-12.9,-15.7
4787.7,-13.2,-15.6
4787.8,-13.6,-15.5
4787.9,-14.1,-15.4
4788.0,-14.3,-15.3
4788.1,-14.7,-15.3
4788.2,-15.1,-15.4
4788.3,-16.3,-15.5
4788.4,-18.2,-15.6
4788.5,-19.0,-15.6
4788.6,-17.7,-15.5
4788.7,-15.5,-15.3
4788.8,-13.9,-15.1
4788.9,-13.0,-14.9
4789.0,-12.8,-14.8
4789.1,-12.8,-14.6
4789.2,-11.8,-14.2
4789.3,-11.5,-14.0
4789.4,-11.4,-13.8
4789.5,-11.4,-13.7
4789.6,-12.5,-13.5
4789.7,-13.2,-13.4
4789.8,-13.7,-13.4
4789.9,-14.4,-13.3
4790.0,-14.7,-13.5
4790.1,-15.0,-13.7
4790.2,-15.8,-13.8
4790.3,-16.8,-14.0
4790.4,-18.6,-14.1
4790.5,-18.3,-14.2
4790.6,-17.2,-14.3
4790.7,-15.9,-14.3
4790.8,-14.5,-14.2
4790.9,-14.0,-14.2
4791.0,-13.1,-14.1
4791.1,-12.7,-14.0
4791.2,-12.6,-13.9
4791.3,-11.6,-13.6
4791.4,-11.5,-13.4
4791.5,-11.4,-13.2
4791.6,-11.9,-13.2
4791.7,-13.2,-13.3
4791.8,-14.5,-13.4
4791.9,-15.3,-13.5
4792.0,-14.9,-13.5
4792.1,-14.9,-13.6
4792.2,-14.6,-13.9
4792.3,-14.9,-14.0
4792.4,-15.4,-14.1
4792.5,-16.0,-14.3
4792.6,-17.1,-14.4
4792.7,-18.1,-14.5
4792.8,-19.5,-14.6
4792.9,-20.7,-14.7
4793.0,-21.9,-14.9
4793.1,-24.4,-15.0
4793.2,-26.2,-15.0
4793.3,-26.7,-15.1
4793.4,-27.0,-15.1
4793.5,-27.2,-15.2
4793.6,-27.3,-15.4
4793.7,-27.5,-15.5
4793.8,-27.7,-15.8
4793.9,-27.9,-16.0
4794.0,-27.9,-16.4
4794.1,-28.1,-16.8
4794.2,-28.2,-17.2
4794.3,-28.2,-18.0
4794.4,-28.2,-18.7
4794.5,-28.4,-19.4
4794.6,-28.3,-19.7
4794.7,-28.2,-20.1
4794.8,-28.2,-20.4
4794.9,-28.0,-21.0
4795.0,-28.0,-21.8
4795.1,-28.0,-22.4
4795.2,-28.0,-23.3
4795.3,-28.0,-24.3
4795.4,-27.9,-25.2
4795.5,-27.8,-25.8
4795.6,-27.6,-26.4
4795.7,-27.5,-27.2
4795.8,-27.4,-27.6
4795.9,-27.4,-27.7
4796.0,-27.5,-27.8
4796.1,-27.7,-27.8
4796.2,-27.8,-27.8
4796.3,-28.0,-27.9
4796.4,-28.1,-27.9
4796.5,-28.3,-28.0
4796.6,-28.6,-28.0
4796.7,-28.9,-28.1
4796.8,-29.4,-28.1
4796.9,-29.8,-28.2
4797.0,-30.1,-28.2
4797.1,-30.5,-28.3
4797.2,-30.8,-28.4
4797.3,-31.1,-28.5
4797.4,-31.4,-28.5
4797.5,-31.6,-28.6
4797.6,-31.9,-28.7
4797.7,-32.1,-28.8
4797.8,-32.3,-29.0
4797.9,-32.5,-29.1
4798.0,-32.6,-29.2
4798.1,-32.8,-29.3
4798.2,-32.9,-29.5
4798.3,-33.2,-29.6
4798.4,-33.5,-29.8
4798.5,-33.8,-30.0
4798.6,-34.1,-30.2
4798.7,-34.4,-30.4
4798.8,-34.6,-30.7
4798.9,-34.9,-31.0
4799.0,-35.2,-31.2
4799.1,-35.4,-31.5
4799.2,-35.6,-31.8
4799.3,-35.9,-32.0
4799.4,-36.2,-32.3
4799.5,-36.4,-32.6
4799.6,-36.7,-32.9
4799.7,-36.8,-33.2
4799.8,-37.0,-33.4
4799.9,-37.3,-33.7
4800.0,-37.5,-33.9
4800.1,-37.8,-34.1
4800.2,-37.9,-34.4
4800.3,-38.0,-34.6
4800.4,-38.4,-34.8
4800.5,-38.5,-35.1
4800.6,-38.8,-35.3
4800.7,-38.4,-35.5
4800.8,-37.9,-35.7
4800.9,-37.6,-35.9
4801.0,-37.1,-36.0
4801.1,-37.0,-36.2
4801.2,-37.4,-36.4
4801.3,-37.7,-36.6
4801.4,-38.2,-36.8
4801.5,-37.7,-36.9
4801.6,-37.6,-37.0
4801.7,-35.5,-36.8
4801.8,-33.1,-36.4
4801.9,-32.8,-36.3
4802.0,-32.7,-36.4
4802.1,-33.6,-36.4
4802.2,-36.2,-36.5
4802.3,-37.6,-36.5
4802.4,-37.2,-36.5
4802.5,-35.5,-36.3
4802.6,-33.2,-35.9
4802.7,-32.0,-35.5
4802.8,-29.4,-34.5
4802.9,-29.6,-34.5
4803.0,-30.3,-34.5
4803.1,-31.2,-34.5
4803.2,-36.3,-34.4
4803.3,-36.2,-34.4
4803.4,-36.6,-34.3
4803.5,-36.5,-34.3
4803.6,-36.8,-34.3
4803.7,-37.7,-34.3
4803.8,-37.5,-34.3
4803.9,-37.3,-34.3
4804.0,-36.7,-34.3
4804.1,-36.2,-34.2
4804.2,-35.9,-34.2
4804.3,-35.3,-34.1
4804.4,-35.2,-34.1
4804.5,-35.1,-34.0
4804.6,-34.7,-33.9
4804.7,-34.8,-34.1
4804.8,-34.3,-34.2
4804.9,-34.3,-34.3
4805.0,-34.9,-34.3
4805.1,-34.0,-34.1
4805.2,-34.6,-34.1
4805.3,-35.2,-34.1
4805.4,-35.4,-34.1
4805.5,-36.1,-34.2
4805.6,-36.7,-34.5
4805.7,-37.0,-34.8
4805.8,-36.9,-35.8
4805.9,-35.6,-35.6
4806.0,-35.2,-35.7
4806.1,-35.1,-35.7
4806.2,-35.4,-35.7
4806.3,-38.5,-35.9
4806.4,-40.1,-35.9
4806.5,-40.7,-36.0
4806.6,-41.1,-36.0
4806.7,-40.5,-36.0
4806.8,-40.2,-36.1
4806.9,-39.9,-36.1
4807.0,-32.2,-35.2
4807.1,-29.2,-34.2
4807.2,-28.5,-34.0
4807.3,-28.0,-33.8
4807.4,-29.6,-33.9
4807.5,-32.4,-33.8
4807.6,-34.2,-33.9
4807.7,-37.1,-34.0
4807.8,-37.6,-34.2
4807.9,-39.9,-34.2
4808.0,-38.8,-34.2
4808.1,-38.1,-34.4
4808.2,-35.3,-34.2
4808.3,-35.2,-34.2
4808.4,-34.3,-34.1
4808.5,-34.3,-34.2
4808.6,-35.7,-34.1
4808.7,-35.1,-34.1
4808.8,-35.5,-34.0
4808.9,-34.8,-34.1
4809.0,-32.1,-33.7
4809.1,-31.9,-33.6
4809.2,-31.9,-33.5
4809.3,-32.0,-33.4
4809.4,-34.4,-33.3
4809.5,-34.8,-33.3
4809.6,-35.3,-33.2
4809.7,-35.6,-33.2
4809.8,-36.0,-33.2
4809.9,-36.0,-33.1
4810.0,-35.5,-33.7
4810.1,-35.2,-34.5
4810.2,-34.7,-34.7
4810.3,-34.3,-34.8
4810.4,-34.0,-34.7
4810.5,-33.9,-34.8
4810.6,-34.1,-34.6
4810.7,-34.3,-34.5
4810.8,-34.5,-34.4
4810.9,-34.3,-34.3
4811.0,-32.7,-34.0
4811.1,-29.4,-33.1
4811.2,-25.9,-31.8
4811.3,-25.8,-31.7
4811.4,-26.1,-31.7
4811.5,-27.5,-31.7
4811.6,-34.7,-31.7
4811.7,-35.7,-31.7
4811.8,-35.6,-31.7
4811.9,-33.7,-31.6
4812.0,-32.8,-31.8
4812.1,-32.6,-31.8
4812.2,-32.7,-31.8
4812.3,-34.2,-31.8
4812.4,-35.5,-31.9
4812.5,-37.0,-31.9
4812.6,-37.6,-31.9
4812.7,-31.6,-31.5
4812.8,-30.4,-31.3
4812.9,-29.6,-31.2
4813.0,-27.8,-30.8
4813.1,-28.0,-30.5
4813.2,-28.2,-30.5
4813.3,-28.9,-30.6
4813.4,-31.0,-30.6
4813.5,-32.9,-30.5
4813.6,-32.5,-30.4
4813.7,-30.6,-30.2
4813.8,-30.8,-30.3
4813.9,-30.8,-30.2
4814.0,-30.1,-30.1
4814.1,-30.7,-30.4
4814.2,-30.6,-31.5
4814.3,-31.7,-31.6
4814.4,-33.5,-31.5
4814.5,-34.4,-31.5
4814.6,-30.3,-31.0
4814.7,-28.1,-30.6
4814.8,-26.2,-30.0
4814.9,-25.3,-29.8
4815.0,-26.2,-29.8
4815.1,-27.1,-29.8
4815.2,-29.7,-29.7
4815.3,-33.3,-29.7
4815.4,-33.7,-29.7
4815.5,-35.0,-29.7
4815.6,-35.5,-29.7
4815.7,-35.1,-29.9
4815.8,-34.4,-30.0
4815.9,-26.1,-29.0
4816.0,-24.7,-28.8
4816.1,-24.7,-29.0
4816.2,-24.8,-29.1
4816.3,-29.2,-29.1
4816.4,-33.7,-29.0
4816.5,-28.8,-28.7
4816.6,-27.5,-28.5
4816.7,-24.8,-28.1
4816.8,-23.6,-27.6
4816.9,-23.5,-27.3
4817.0,-22.6,-27.0
4817.1,-23.5,-26.9
4817.2,-25.0,-26.9
4817.3,-26.8,-26.9
4817.4,-31.3,-26.9
4817.5,-28.1,-26.6
4817.6,-24.2,-26.2
4817.7,-22.8,-26.0
4817.8,-22.3,-26.0
4817.9,-23.1,-26.1
4818.0,-24.2,-25.9
4818.1,-25.0,-25.7
4818.2,-24.1,-25.4
4818.3,-22.5,-25.0
4818.4,-21.7,-24.6
4818.5,-21.3,-24.4
4818.6,-22.2,-24.4
4818.7,-24.0,-24.4
4818.8,-27.4,-24.4
4818.9,-33.6,-24.7
4819.0,-33.7,-24.9
4819.1,-33.8,-24.9
4819.2,-33.7,-24.9
4819.3,-34.0,-24.9
4819.4,-34.5,-24.9
4819.5,-34.6,-25.1
4819.6,-34.8,-25.1
4819.7,-33.8,-25.4
4819.8,-33.4,-25.7
4819.9,-33.4,-25.9
4820.0,-33.4,-26.2
4820.1,-34.5,-26.3
4820.2,-34.5,-26.3
4820.3,-34.2,-26.3
4820.4,-34.1,-26.3
4820.5,-34.0,-26.6
4820.6,-34.1,-27.2
4820.7,-34.3,-27.7
4820.8,-34.1,-27.9
4820.9,-34.2,-28.0
4821.0,-34.7,-28.5
4821.1,-35.0,-28.8
4821.2,-34.8,-29.4
4821.3,-34.5,-30.7
4821.4,-33.8,-32.4
4821.5,-33.8,-34.1
4821.6,-34.2,-34.2
4821.7,-34.4,-34.2
4821.8,-34.9,-34.2
4821.9,-34.7,-34.2
4822.0,-34.4,-34.2
4822.1,-34.3,-34.2
4822.2,-34.0,-34.2
4822.3,-33.8,-34.2
4822.4,-33.0,-34.0
4822.5,-32.6,-33.9
4822.6,-32.5,-33.8
4822.7,-32.2,-33.9
4822.8,-32.6,-33.9
4822.9,-32.8,-33.8
4823.0,-32.9,-33.8
4823.1,-32.6,-33.6
4823.2,-31.9,-33.5
4823.3,-31.1,-33.3
4823.4,-30.4,-33.1
4823.5,-30.1,-32.9
4823.6,-29.9,-32.8
4823.7,-29.9,-32.6
4823.8,-30.0,-32.4
4823.9,-30.3,-32.3
4824.0,-30.5,-32.2
4824.1,-30.1,-31.9
4824.2,-29.8,-31.8
4824.3,-29.5,-31.6
4824.4,-29.4,-31.5
4824.5,-29.5,-31.4
4824.6,-29.9,-31.2
4824.7,-30.2,-31.2
4824.8,-30.6,-31.1
4824.9,-31.1,-31.0
4825.0,-31.5,-31.0
4825.1,-31.8,-30.9
4825.2,-32.2,-31.0
4825.3,-32.4,-30.9
4825.4,-32.2,-30.9
4825.5,-32.0,-30.9
4825.6,-31.7,-30.9
4825.7,-31.4,-30.8
4825.8,-30.9,-30.7
4825.9,-30.3,-30.6
4826.0,-29.6,-30.5
4826.1,-29.1,-30.4
4826.2,-29.0,-30.3
4826.3,-29.0,-30.3
4826.4,-29.1,-30.3
4826.5,-29.2,-30.2
4826.6,-28.7,-30.1
4826.7,-28.2,-30.0
4826.8,-27.8,-29.9
4826.9,-27.4,-29.7
4827.0,-27.3,-29.6
4827.1,-27.4,-29.5
4827.2,-27.2,-29.4
4827.3,-27.3,-29.4
4827.4,-27.3,-29.2
4827.5,-27.5,-29.2
4827.6,-27.7,-29.1
4827.7,-27.7,-29.0
4827.8,-28.0,-28.9
4827.9,-28.0,-28.8
4828.0,-28.2,-28.7
4828.1,-28.1,-28.6
4828.2,-28.0,-28.5
4828.3,-27.6,-28.3
4828.4,-27.6,-28.3
4828.5,-27.6,-28.2
4828.6,-27.7,-28.1
4828.7,-27.7,-28.0
4828.8,-27.6,-27.9
4828.9,-28.1,-28.0
4829.0,-28.7,-28.0
4829.1,-29.1,-28.0
4829.2,-29.3,-28.0
4829.3,-28.7,-27.9
4829.4,-28.2,-27.9
4829.5,-28.1,-27.9
4829.6,-27.6,-27.8
4829.7,-27.5,-27.8
4829.8,-27.2,-27.8
4829.9,-27.2,-27.8
4830.0,-27.6,-27.9
4830.1,-27.9,-27.9
4830.2,-28.1,-27.9
4830.3,-28.0,-27.9
4830.4,-27.8,-27.9
4830.5,-27.7,-27.9
4830.6,-27.9,-27.9
4830.7,-28.2,-28.0
4830.8,-28.4,-28.0
4830.9,-28.3,-28.0
4831.0,-28.1,-27.9
4831.1,-27.9,-27.9
4831.2,-27.6,-27.9
4831.3,-27.6,-28.0
4831.4,-27.7,-27.9
4831.5,-27.7,-28.0
4831.6,-28.0,-28.0
4831.7,-28.3,-28.0
4831.8,-28.6,-28.1
4831.9,-29.0,-28.1
4832.0,-29.0,-28.0
4832.1,-28.6,-28.0
4832.2,-27.7,-27.9
4832.3,-27.0,-27.8
4832.4,-26.6,-27.8
4832.5,-26.3,-27.7
4832.6,-26.0,-27.6
4832.7,-26.0,-27.6
4832.8,-25.7,-27.5
4832.9,-25.6,-27.4
4833.0,-25.7,-27.3
4833.1,-25.2,-27.1
4833.2,-25.2,-27.0
4833.3,-25.1,-27.0
4833.4,-24.8,-26.8
4833.5,-24.6,-26.7
4833.6,-24.3,-26.5
4833.7,-23.6,-26.2
4833.8,-23.2,-26.0
4833.9,-23.0,-25.8
4834.0,-22.5,-25.5
4834.1,-22.3,-25.3
4834.2,-22.2,-25.1
4834.3,-22.0,-24.9
4834.4,-22.0,-24.7
4834.5,-22.2,-24.5
4834.6,-22.1,-24.3
4834.7,-21.9,-24.1
4834.8,-21.9,-23.9
4834.9,-21.8,-23.7
4835.0,-22.1,-23.6
4835.1,-22.5,-23.5
4835.2,-22.7,-23.4
4835.3,-22.7,-23.3
4835.4,-22.6,-23.2
4835.5,-22.3,-23.0
4835.6,-21.9,-22.9
4835.7,-21.5,-22.8
4835.8,-21.1,-22.6
4835.9,-20.8,-22.4
4836.0,-20.7,-22.3
4836.1,-20.8,-22.2
4836.2,-21.0,-22.1
4836.3,-21.3,-22.0
4836.4,-20.9,-21.9
4836.5,-20.6,-21.7
4836.6,-20.7,-21.7
4836.7,-21.1,-21.7
4836.8,-22.2,-21.7
4836.9,-23.1,-21.7
4837.0,-22.9,-21.7
4837.1,-22.8,-21.8
4837.2,-22.6,-21.8
4837.3,-22.3,-21.8
4837.4,-22.1,-21.7
4837.5,-21.9,-21.7
4837.6,-21.8,-21.8
4837.7,-21.8,-21.8
4837.8,-21.6,-21.7
4837.9,-21.5,-21.7
4838.0,-21.4,-21.7
4838.1,-21.4,-21.6
4838.2,-21.7,-21.6
4838.3,-21.3,-21.5
4838.4,-20.7,-21.4
4838.5,-20.2,-21.3
4838.6,-20.0,-21.3
4838.7,-19.9,-21.2
4838.8,-19.8,-21.2
4838.9,-19.8,-21.2
4839.0,-19.7,-21.1
4839.1,-19.7,-21.1
4839.2,-19.8,-21.0
4839.3,-19.8,-20.9
4839.4,-20.1,-21.0
4839.5,-20.5,-21.1
4839.6,-20.6,-21.0
4839.7,-20.9,-20.9
4839.8,-20.7,-20.9
4839.9,-20.5,-20.8
4840.0,-20.3,-20.7
4840.1,-20.1,-20.6
4840.2,-20.1,-20.6
4840.3,-20.3,-20.6
4840.4,-21.0,-20.6
4840.5,-21.5,-20.6
4840.6,-20.9,-20.5
4840.7,-20.2,-20.4
4840.8,-19.3,-20.3
4840.9,-19.0,-20.2
4841.0,-19.5,-20.2
4841.1,-20.3,-20.2
4841.2,-21.6,-20.3
4841.3,-22.6,-20.3
4841.4,-23.0,-20.4
4841.5,-23.2,-20.5
4841.6,-23.0,-20.6
4841.7,-23.1,-20.7
4841.8,-23.1,-20.8
4841.9,-23.4,-20.9
4842.0,-23.8,-21.0
4842.1,-24.2,-21.2
4842.2,-24.5,-21.3
4842.3,-24.4,-21.4
4842.4,-24.3,-21.5
4842.5,-23.9,-21.6
4842.6,-23.4,-21.6
4842.7,-23.3,-21.7
4842.8,-23.6,-21.9
4842.9,-24.1,-22.0
4843.0,-24.9,-22.2
4843.1,-24.8,-22.3
4843.2,-24.5,-22.5
4843.3,-24.1,-22.5
4843.4,-23.7,-22.5
4843.5,-23.5,-22.6
4843.6,-22.9,-22.8
4843.7,-22.9,-23.0
4843.8,-23.0,-23.3
4843.9,-23.2,-23.5
4844.0,-22.6,-23.5
4844.1,-22.6,-23.5
4844.2,-22.2,-23.4
4844.3,-22.0,-23.4
4844.4,-22.9,-23.4
4844.5,-23.0,-23.5
4844.6,-22.9,-23.4
4844.7,-22.8,-23.4
4844.8,-22.4,-23.3
4844.9,-22.2,-23.3
4845.0,-22.5,-23.2
4845.1,-22.9,-23.2
4845.2,-23.8,-23.3
4845.3,-23.7,-23.2
4845.4,-23.2,-23.1
4845.5,-23.1,-23.1
4845.6,-22.8,-23.2
4845.7,-23.2,-23.2
4845.8,-24.5,-23.2
4845.9,-25.0,-23.2
4846.0,-25.1,-23.2
4846.1,-25.4,-23.2
4846.2,-25.1,-23.2
4846.3,-24.5,-23.3
4846.4,-24.1,-23.2
4846.5,-23.6,-23.3
4846.6,-22.8,-23.2
4846.7,-22.1,-23.1
4846.8,-21.5,-23.0
4846.9,-20.9,-22.9
4847.0,-20.5,-22.8
4847.1,-20.1,-22.7
4847.2,-20.0,-22.6
4847.3,-20.0,-22.5
4847.4,-20.2,-22.4
4847.5,-20.5,-22.3
4847.6,-20.8,-22.2
4847.7,-21.0,-22.2
4847.8,-21.3,-22.2
4847.9,-21.8,-22.2
4848.0,-22.4,-22.2
4848.1,-22.9,-22.2
4848.2,-23.3,-22.2
4848.3,-23.4,-22.2
4848.4,-23.2,-22.2
4848.5,-23.3,-22.2
4848.6,-23.6,-22.3
4848.7,-23.9,-22.2
4848.8,-24.7,-22.2
4848.9,-25.0,-22.2
4849.0,-25.3,-22.3
4849.1,-25.4,-22.3
4849.2,-25.4,-22.3
4849.3,-25.7,-22.3
4849.4,-25.8,-22.4
4849.5,-26.1,-22.4
4849.6,-26.4,-22.6
4849.7,-26.5,-22.7
4849.8,-26.8,-22.9
4849.9,-27.3,-23.1
4850.0,-28.0,-23.4
4850.1,-28.6,-23.7
4850.2,-29.4,-24.0
4850.3,-29.7,-24.3
4850.4,-29.9,-24.7
4850.5,-30.3,-25.0
4850.6,-30.5,-25.3
4850.7,-31.3,-25.6
4850.8,-31.7,-26.0
4850.9,-32.3,-26.2
4851.0,-32.8,-26.5
4851.1,-33.0,-26.7
4851.2,-33.6,-27.0
4851.3,-34.0,-27.4
4851.4,-34.7,-27.8
4851.5,-35.1,-28.1
4851.6,-35.4,-28.5
4851.7,-35.3,-28.8
4851.8,-35.6,-29.1
4851.9,-35.7,-29.4
4852.0,-36.1,-29.7
4852.1,-36.5,-30.1
4852.2,-36.6,-30.5
4852.3,-36.8,-30.8
4852.4,-37.3,-31.3
4852.5,-37.5,-31.7
4852.6,-37.6,-32.2
4852.7,-37.6,-32.6
4852.8,-37.3,-33.1
4852.9,-37.3,-33.5
4853.0,-37.5,-33.8
4853.1,-37.9,-34.2
4853.2,-38.1,-34.5
4853.3,-38.2,-34.9
4853.4,-38.5,-35.3
4853.5,-38.8,-35.6
4853.6,-39.3,-36.0
4853.7,-39.9,-36.2
4853.8,-40.5,-36.6
4853.9,-40.9,-36.8
4854.0,-41.6,-37.2
4854.1,-42.6,-37.4
4854.2,-43.2,-37.7
4854.3,-43.8,-37.9
4854.4,-44.5,-38.2
4854.5,-45.1,-38.4
4854.6,-46.3,-38.7
4854.7,-47.4,-39.0
4854.8,-48.5,-39.3
4854.9,-49.5,-39.6
4855.0,-50.8,-39.9
4855.1,-52.1,-40.2
4855.2,-53.2,-40.5
4855.3,-54.6,-40.8
4855.4,-56.1,-41.1
4855.5,-57.3,-41.4
4855.6,-58.8,-41.8
4855.7,-60.5,-42.3
4855.8,-62.2,-42.8
4855.9,-63.5,-43.3
4856.0,-65.5,-43.8
4856.1,-67.6,-44.3
4856.2,-69.6,-44.9
4856.3,-71.4,-45.7
4856.4,-73.5,-46.4
4856.5,-75.3,-47.0
4856.6,-77.4,-47.8
4856.7,-80.1,-48.7
4856.8,-81.8,-49.5
4856.9,-83.2,-50.4
4857.0,-85.0,-51.2
4857.1,-87.0,-52.1
4857.2,-88.5,-53.3
4857.3,-90.7,-54.5
4857.4,-92.5,-55.6
4857.5,-93.3,-56.8
4857.6,-93.8,-58.1
4857.7,-93.9,-59.4
4857.8,-94.2,-60.6
4857.9,-95.2,-62.1
4858.0,-95.9,-63.7
4858.1,-97.2,-64.9
4858.2,-97.6,-66.6
4858.3,-97.7,-68.4
4858.4,-97.5,-70.1
4858.5,-97.5,-71.5
4858.6,-97.9,-73.5
4858.7,-98.9,-75.6
4858.8,-100.2,-77.5
4858.9,-101.1,-79.5
4859.0,-101.0,-81.4
4859.1,-100.8,-83.2
4859.2,-100.3,-85.2
4859.3,-100.5,-87.6
4859.4,-101.0,-89.2
4859.5,-101.6,-90.6
4859.6,-102.6,-92.1
4859.7,-102.9,-93.6
4859.8,-102.8,-94.7
4859.9,-102.6,-96.0
4860.0,-102.4,-96.9
4860.1,-102.5,-97.6
4860.2,-103.6,-98.0
4860.3,-104.4,-98.5
4860.4,-105.2,-98.8
4860.5,-105.7,-99.4
4860.6,-105.3,-99.8
4860.7,-105.0,-100.4
4860.8,-105.1,-100.7
4860.9,-105.1,-101.1
4861.0,-105.7,-101.3
4861.1,-106.3,-101.6
4861.2,-106.7,-101.9
4861.3,-106.8,-102.3
4861.4,-106.7,-102.8
4861.5,-106.6,-103.1
4861.6,-106.6,-103.4
4861.7,-107.7,-103.6
4861.8,-109.1,-103.8
4861.9,-111.4,-104.1
4862.0,-115.1,-104.5
4862.1,-116.2,-104.8
4862.2,-114.6,-105.3
4862.3,-111.9,-105.5
4862.4,-108.0,-105.7
4862.5,-103.2,-105.2
4862.6,-99.5,-104.3
4862.7,-96.2,-102.7
4862.8,-92.3,-100.0
4862.9,-85.3,-93.8
4863.0,-78.9,-87.6
4863.1,-70.7,-79.4
4863.2,-66.6,-75.4
4863.3,-64.7,-73.4
4863.4,-62.7,-71.4
4863.5,-62.2,-70.4
4863.6,-61.7,-69.3
4863.7,-61.6,-68.6
4863.8,-62.0,-68.0
4863.9,-62.1,-67.6
4864.0,-62.6,-67.2
4864.1,-61.2,-66.2
4864.2,-60.8,-65.7
4864.3,-60.3,-65.3
4864.4,-60.0,-64.9
4864.5,-61.2,-64.7
4864.6,-61.9,-64.5
4864.7,-62.6,-64.3
4864.8,-63.2,-64.1
4864.9,-63.0,-63.9
4865.0,-62.2,-63.6
4865.1,-62.1,-63.4
4865.2,-61.9,-63.2
4865.3,-61.5,-63.0
4865.4,-61.2,-62.7
4865.5,-61.0,-62.5
4865.6,-61.1,-62.4
4865.7,-61.2,-62.2
4865.8,-62.0,-62.1
4865.9,-61.9,-61.9
4866.0,-61.9,-61.8
4866.1,-62.4,-61.7
4866.2,-62.4,-61.7
4866.3,-62.8,-61.8
4866.4,-63.3,-61.8
4866.5,-63.5,-61.9
4866.6,-63.3,-61.9
4866.7,-63.2,-61.9
4866.8,-63.1,-62.0
4866.9,-63.0,-62.0
4867.0,-63.6,-62.0
4867.1,-64.2,-62.3
4867.2,-64.4,-62.4
4867.3,-64.8,-62.6
4867.4,-63.8,-62.6
4867.5,-63.7,-62.6
4867.6,-63.7,-62.7
4867.7,-63.6,-62.7
4867.8,-64.4,-62.7
4867.9,-64.5,-62.8
4868.0,-63.9,-62.9
4868.1,-62.9,-62.8
4868.2,-61.4,-62.7
4868.3,-60.9,-62.7
4868.4,-60.7,-62.8
4868.5,-60.8,-62.8
4868.6,-61.4,-62.7
4868.7,-61.7,-62.8
4868.8,-62.0,-62.8
4868.9,-61.2,-62.6
4869.0,-61.0,-62.5
4869.1,-59.5,-62.2
4869.2,-59.0,-62.1
4869.3,-59.3,-62.0
4869.4,-59.1,-61.8
4869.5,-59.5,-61.6
4869.6,-58.0,-61.1
4869.7,-57.7,-61.0
4869.8,-58.0,-60.9
4869.9,-58.1,-60.8
4870.0,-59.7,-60.7
4870.1,-60.3,-60.6
4870.2,-60.4,-60.6
4870.3,-58.6,-60.1
4870.4,-58.7,-60.1
4870.5,-58.7,-60.0
4870.6,-58.5,-60.0
4870.7,-60.6,-59.9
4870.8,-60.5,-59.8
4870.9,-60.4,-59.7
4871.0,-60.2,-59.6
4871.1,-57.9,-59.3
4871.2,-43.6,-51.7
4871.3,-42.3,-50.6
4871.4,-41.2,-49.6
4871.5,-41.3,-49.6
4871.6,-44.9,-49.6
4871.7,-47.4,-49.5
4871.8,-58.2,-49.5
4871.9,-59.4,-49.6
4872.0,-60.2,-49.6
4872.1,-61.2,-49.6
4872.2,-60.7,-49.6
4872.3,-60.4,-49.6
4872.4,-60.1,-49.6
4872.5,-60.3,-49.6
4872.6,-58.3,-49.6
4872.7,-55.9,-49.5
4872.8,-54.4,-49.5
4872.9,-53.4,-49.4
4873.0,-53.1,-49.4
4873.1,-53.6,-49.3
4873.2,-53.5,-49.3
4873.3,-53.9,-49.3
4873.4,-54.9,-49.3
4873.5,-55.1,-49.3
4873.6,-56.1,-49.2
4873.7,-43.0,-47.4
4873.8,-39.1,-45.5
4873.9,-39.0,-45.5
4874.0,-39.0,-45.4
4874.1,-40.9,-45.4
4874.2,-50.7,-46.3
4874.3,-49.1,-46.5
4874.4,-49.1,-46.9
4874.5,-50.4,-47.0
4874.6,-51.5,-47.0
4874.7,-55.9,-47.0
4874.8,-63.0,-47.0
4874.9,-63.3,-47.0
4875.0,-64.5,-47.0
4875.1,-64.3,-47.0
4875.2,-64.1,-47.0
4875.3,-63.6,-47.0
4875.4,-61.7,-47.0
4875.5,-60.5,-47.0
4875.6,-59.3,-47.0
4875.7,-57.6,-47.0
4875.8,-58.0,-47.0
4875.9,-58.6,-47.1
4876.0,-59.6,-47.1
4876.1,-52.4,-47.0
4876.2,-43.8,-46.1
4876.3,-41.7,-45.5
4876.4,-39.5,-44.7
4876.5,-37.9,-43.9
4876.6,-38.8,-43.8
4876.7,-39.0,-44.2
4876.8,-37.9,-44.1
4876.9,-38.3,-43.5
4877.0,-38.2,-43.4
4877.1,-38.6,-43.4
4877.2,-42.2,-43.4
4877.3,-47.6,-43.5
4877.4,-51.0,-43.5
4877.5,-53.2,-43.5
4877.6,-54.5,-43.5
4877.7,-54.9,-43.5
4877.8,-55.6,-43.4
4877.9,-56.5,-43.4
4878.0,-56.6,-43.4
4878.1,-57.4,-43.4
4878.2,-58.7,-43.4
4878.3,-60.3,-43.4
4878.4,-62.6,-43.4
4878.5,-63.6,-43.4
4878.6,-63.8,-43.4
4878.7,-63.0,-43.4
4878.8,-61.7,-43.4
4878.9,-60.2,-43.4
4879.0,-54.8,-43.4
4879.1,-54.1,-43.5
4879.2,-54.0,-44.0
4879.3,-51.0,-44.3
4879.4,-48.0,-44.8
4879.5,-47.5,-45.9
4879.6,-46.7,-45.9
4879.7,-47.1,-46.4
4879.8,-49.6,-48.9
4879.9,-49.9,-51.3
4880.0,-50.4,-52.0
4880.1,-50.3,-52.2
4880.2,-49.4,-51.9
4880.3,-49.4,-51.8
4880.4,-49.8,-51.7
4880.5,-49.4,-51.6
4880.6,-51.1,-51.5
4880.7,-52.0,-51.5
4880.8,-53.0,-51.6
4880.9,-56.8,-51.6
4881.0,-56.3,-51.5
4881.1,-56.5,-51.5
4881.2,-56.6,-51.5
4881.3,-55.8,-51.4
4881.4,-56.5,-51.4
4881.5,-57.1,-51.4
4881.6,-58.0,-51.4
4881.7,-59.6,-51.4
4881.8,-59.2,-51.4
4881.9,-57.3,-51.3
4882.0,-53.1,-51.3
4882.1,-51.5,-51.1
4882.2,-51.0,-51.0
4882.3,-50.9,-51.3
4882.4,-52.0,-52.1
4882.5,-50.3,-51.8
4882.6,-50.2,-52.0
4882.7,-49.8,-52.1
4882.8,-49.6,-52.1
4882.9,-51.8,-52.2
4883.0,-52.4,-52.4
4883.1,-44.9,-50.3
4883.2,-43.8,-49.9
4883.3,-43.7,-49.9
4883.4,-43.5,-49.9
4883.5,-47.3,-49.9
4883.6,-50.5,-49.8
4883.7,-51.0,-49.8
4883.8,-51.9,-49.8
4883.9,-53.0,-49.8
4884.0,-53.0,-49.7
4884.1,-52.5,-49.6
4884.2,-53.2,-49.6
4884.3,-52.9,-49.6
4884.4,-53.7,-49.6
4884.5,-55.4,-49.6
4884.6,-54.8,-49.5
4884.7,-54.7,-49.5
4884.8,-55.2,-49.5
4884.9,-54.3,-49.5
4885.0,-53.2,-49.5
4885.1,-53.7,-49.6
4885.2,-53.7,-49.7
4885.3,-54.5,-49.7
4885.4,-56.1,-49.8
4885.5,-55.0,-50.0
4885.6,-52.9,-49.9
4885.7,-51.5,-49.9
4885.8,-50.9,-49.9
4885.9,-50.7,-49.9
4886.0,-51.4,-49.9
4886.1,-52.0,-51.7
4886.2,-52.7,-52.7
4886.3,-52.1,-52.7
4886.4,-51.1,-52.6
4886.5,-50.9,-52.7
4886.6,-50.3,-52.7
4886.7,-50.6,-52.6
4886.8,-51.2,-52.5
4886.9,-52.1,-52.6
4887.0,-52.9,-52.6
4887.1,-52.5,-52.6
4887.2,-52.3,-52.4
4887.3,-51.5,-52.4
4887.4,-51.5,-52.4
4887.5,-52.7,-52.3
4887.6,-53.6,-52.3
4887.7,-54.4,-52.3
4887.8,-54.9,-52.3
4887.9,-54.9,-52.4
4888.0,-55.1,-52.5
4888.1,-55.7,-52.5
4888.2,-56.3,-52.5
4888.3,-54.8,-52.4
4888.4,-52.6,-52.2
4888.5,-50.3,-51.9
4888.6,-49.4,-51.9
4888.7,-49.5,-52.0
4888.8,-49.8,-52.0
4888.9,-50.5,-51.9
4889.0,-51.2,-51.9
4889.1,-50.9,-51.8
4889.2,-51.7,-51.8
4889.3,-52.3,-51.9
4889.4,-51.1,-51.9
4889.5,-50.2,-51.7
4889.6,-49.6,-51.7
4889.7,-50.0,-51.8
4889.8,-50.8,-51.8
4889.9,-52.3,-51.7
4890.0,-53.5,-51.8
4890.1,-53.3,-51.9
4890.2,-54.4,-52.0
4890.3,-54.3,-52.1
4890.4,-54.5,-52.1
4890.5,-54.9,-52.1
4890.6,-55.1,-52.1
4890.7,-55.7,-52.1
4890.8,-56.1,-52.2
4890.9,-55.5,-52.1
4891.0,-54.9,-52.1
4891.1,-55.3,-52.1
4891.2,-55.1,-52.1
4891.3,-56.1,-52.2
4891.4,-55.0,-52.3
4891.5,-53.1,-52.6
4891.6,-52.5,-52.7
4891.7,-51.8,-52.7
4891.8,-51.4,-52.7
4891.9,-50.4,-52.5
4892.0,-48.8,-52.1
4892.1,-47.7,-51.8
4892.2,-46.8,-51.4
4892.3,-46.6,-51.1
4892.4,-47.2,-51.2
4892.5,-47.4,-51.1
4892.6,-48.3,-51.1
4892.7,-48.3,-50.8
4892.8,-46.1,-50.1
4892.9,-44.9,-49.5
4893.0,-44.3,-49.1
4893.1,-44.0,-48.8
4893.2,-45.1,-48.7
4893.3,-46.6,-48.6
4893.4,-47.7,-48.5
4893.5,-49.3,-48.5
4893.6,-49.4,-48.3
4893.7,-48.7,-48.2
4893.8,-48.7,-48.1
4893.9,-48.7,-48.1
4894.0,-48.6,-48.0
4894.1,-49.2,-47.9
4894.2,-48.5,-47.7
4894.3,-48.1,-47.6
4894.4,-48.1,-47.5
4894.5,-48.0,-47.5
4894.6,-48.4,-47.4
4894.7,-48.8,-47.4
4894.8,-49.2,-47.4
4894.9,-48.6,-47.3
4895.0,-48.3,-47.4
4895.1,-48.0,-47.4
4895.2,-47.0,-47.4
4895.3,-47.2,-47.4
4895.4,-47.5,-47.4
4895.5,-47.9,-47.5
4895.6,-47.5,-47.3
4895.7,-46.9,-47.2
4895.8,-46.4,-47.5
4895.9,-46.0,-47.7
4896.0,-47.0,-47.9
4896.1,-48.0,-48.1
4896.2,-48.6,-48.1
4896.3,-47.6,-47.9
4896.4,-46.6,-47.7
4896.5,-46.3,-47.6
4896.6,-45.9,-47.6
4896.7,-45.9,-47.5
4896.8,-46.4,-47.4
4896.9,-46.4,-47.3
4897.0,-46.7,-47.3
4897.1,-48.0,-47.3
4897.2,-48.2,-47.4
4897.3,-48.6,-47.4
4897.4,-49.4,-47.5
4897.5,-34.6,-42.0
4897.6,-31.8,-39.8
4897.7,-31.0,-39.1
4897.8,-30.3,-38.5
4897.9,-31.6,-38.2
4898.0,-32.7,-37.6
4898.1,-32.1,-36.9
4898.2,-32.5,-36.7
4898.3,-33.1,-36.7
4898.4,-33.9,-36.5
4898.5,-37.3,-36.5
4898.6,-39.6,-36.4
4898.7,-35.6,-36.0
4898.8,-32.0,-35.2
4898.9,-31.8,-35.1
4899.0,-31.6,-35.0
4899.1,-32.8,-35.0
4899.2,-39.6,-35.0
4899.3,-37.4,-34.8
4899.4,-38.4,-34.8
4899.5,-38.8,-34.8
4899.6,-38.8,-34.8
4899.7,-47.2,-34.8
4899.8,-40.6,-34.7
4899.9,-40.2,-34.7
4900.0,-40.4,-34.7
4900.1,-40.4,-34.7
4900.2,-46.8,-34.7
4900.3,-51.3,-34.7
4900.4,-51.8,-34.7
4900.5,-53.3,-35.3
4900.6,-53.5,-35.9
4900.7,-53.9,-36.3
4900.8,-53.7,-36.7
4900.9,-53.1,-36.9
4901.0,-52.6,-37.4
4901.1,-52.7,-38.1
4901.2,-52.3,-38.5
4901.3,-52.4,-38.5
4901.4,-53.2,-38.9
4901.5,-53.0,-38.9
4901.6,-45.9,-38.9
4901.7,-41.4,-39.5
4901.8,-37.1,-41.4
4901.9,-36.5,-41.5
4902.0,-35.1,-41.0
4902.1,-33.4,-39.8
4902.2,-32.7,-38.9
4902.3,-32.7,-39.3
4902.4,-33.4,-39.2
4902.5,-35.7,-39.1
4902.6,-40.6,-39.1
4902.7,-38.9,-38.7
4902.8,-36.7,-38.6
4902.9,-36.7,-38.6
4903.0,-36.7,-38.6
4903.1,-38.6,-38.5
4903.2,-44.7,-38.5
4903.3,-43.2,-38.4
4903.4,-44.0,-38.4
4903.5,-42.5,-38.3
4903.6,-42.3,-38.3
4903.7,-44.9,-38.3
4903.8,-45.0,-38.3
4903.9,-48.5,-38.3
4904.0,-49.4,-38.3
4904.1,-49.3,-38.3
4904.2,-48.8,-38.3
4904.3,-49.2,-38.3
4904.4,-49.6,-38.3
4904.5,-50.1,-38.3
4904.6,-50.9,-38.3
4904.7,-51.3,-38.5
4904.8,-51.6,-39.1
4904.9,-51.9,-39.2
4905.0,-51.9,-39.8
4905.1,-52.1,-41.0
4905.2,-52.4,-42.7
4905.3,-53.0,-43.1
4905.4,-53.9,-43.4
4905.5,-53.9,-43.6
4905.6,-53.9,-43.7
4905.7,-53.7,-44.9
4905.8,-53.8,-47.5
4905.9,-54.4,-48.0
4906.0,-54.8,-48.4
4906.1,-55.1,-48.6
4906.2,-55.1,-48.6
4906.3,-54.8,-50.0
4906.4,-54.6,-50.1
4906.5,-54.6,-51.6
4906.6,-54.7,-52.0
4906.7,-51.7,-51.9
4906.8,-45.5,-50.4
4906.9,-44.3,-50.0
4907.0,-43.4,-49.6
4907.1,-41.4,-48.4
4907.2,-39.8,-46.7
4907.3,-36.9,-44.5
4907.4,-31.4,-39.7
4907.5,-30.7,-39.0
4907.6,-30.9,-38.9
4907.7,-31.1,-38.6
4907.8,-34.4,-38.1
4907.9,-36.2,-38.0
4908.0,-36.0,-37.9
4908.1,-36.9,-37.9
4908.2,-39.7,-37.7
4908.3,-37.7,-37.5
4908.4,-38.3,-37.5
4908.5,-38.6,-37.4
4908.6,-39.5,-37.4
4908.7,-41.6,-37.3
4908.8,-41.2,-37.2
4908.9,-40.2,-37.1
4909.0,-38.7,-37.0
4909.1,-38.6,-36.9
4909.2,-39.0,-36.9
4909.3,-39.6,-36.8
4909.4,-40.6,-36.8
4909.5,-41.6,-36.7
4909.6,-40.8,-36.6
4909.7,-41.4,-36.6
4909.8,-42.7,-36.7
4909.9,-42.0,-36.6
4910.0,-40.7,-36.5
4910.1,-40.1,-36.6
4910.2,-39.0,-36.6
4910.3,-39.3,-36.9
4910.4,-40.8,-38.7
4910.5,-41.7,-39.3
4910.6,-44.0,-39.4
4910.7,-47.4,-39.8
4910.8,-44.8,-40.4
4910.9,-41.5,-40.3
4911.0,-40.5,-40.3
4911.1,-40.3,-40.4
4911.2,-41.1,-40.6
4911.3,-43.7,-41.1
4911.4,-45.9,-41.1
4911.5,-45.9,-41.2
4911.6,-46.6,-41.3
4911.7,-48.6,-41.5
4911.8,-50.4,-41.7
4911.9,-52.5,-42.0
4912.0,-53.1,-42.4
4912.1,-52.7,-42.8
4912.2,-52.8,-42.8
4912.3,-53.3,-43.0
4912.4,-53.7,-43.3
4912.5,-54.2,-43.6
4912.6,-54.6,-43.8
4912.7,-41.2,-43.0
4912.8,-38.8,-42.4
4912.9,-37.6,-42.3
4913.0,-36.6,-42.3
4913.1,-36.9,-41.9
4913.2,-37.6,-42.0
4913.3,-38.4,-42.1
4913.4,-39.9,-42.1
4913.5,-42.8,-42.1
4913.6,-45.5,-42.1
4913.7,-48.2,-42.1
4913.8,-49.5,-42.3
4913.9,-53.1,-42.7
4914.0,-53.6,-43.0
4914.1,-54.0,-43.0
4914.2,-54.6,-43.1
4914.3,-54.5,-43.2
4914.4,-54.3,-43.2
4914.5,-53.9,-43.3
4914.6,-53.4,-43.3
4914.7,-53.3,-43.3
4914.8,-52.8,-43.3
4914.9,-52.5,-43.3
4915.0,-52.3,-43.3
4915.1,-52.4,-43.3
4915.2,-52.6,-43.3
4915.3,-52.7,-43.3
4915.4,-52.6,-43.3
4915.5,-52.6,-43.3
4915.6,-52.2,-43.2
4915.7,-52.3,-44.2
4915.8,-52.1,-45.1
4915.9,-51.4,-46.0
4916.0,-51.5,-47.2
4916.1,-51.8,-49.4
4916.2,-52.1,-50.8
4916.3,-52.7,-51.8
4916.4,-52.9,-52.1
4916.5,-52.7,-52.8
4916.6,-52.5,-52.8
4916.7,-52.6,-52.7
4916.8,-52.2,-52.7
4916.9,-51.9,-52.6
4917.0,-51.8,-52.5
4917.1,-49.7,-52.0
4917.2,-48.6,-51.7
4917.3,-47.4,-51.3
4917.4,-46.7,-51.0
4917.5,-47.1,-50.8
4917.6,-46.9,-50.5
4917.7,-47.4,-50.4
4917.8,-47.9,-50.2
4917.9,-47.8,-50.1
4918.0,-48.6,-50.0
4918.1,-48.9,-49.9
4918.2,-49.1,-49.8
4918.3,-49.8,-49.8
4918.4,-49.6,-49.7
4918.5,-49.5,-49.6
4918.6,-49.7,-49.6
4918.7,-46.8,-49.0
4918.8,-35.4,-43.2
4918.9,-35.1,-42.9
4919.0,-35.0,-42.9
4919.1,-34.3,-42.1
4919.2,-38.4,-41.8
4919.3,-36.6,-41.0
4919.4,-35.6,-40.6
4919.5,-35.4,-40.0
4919.6,-33.3,-38.9
4919.7,-32.6,-38.2
4919.8,-32.3,-37.8
4919.9,-31.9,-37.3
4920.0,-32.9,-37.1
4920.1,-33.8,-36.8
4920.2,-33.0,-36.4
4920.3,-34.0,-36.3
4920.4,-34.1,-36.1
4920.5,-33.3,-35.7
4920.6,-34.2,-35.6
4920.7,-34.2,-35.5
4920.8,-35.0,-35.4
4920.9,-31.4,-34.4
4921.0,-30.8,-34.1
4921.1,-30.6,-34.0
4921.2,-30.5,-34.0
4921.3,-34.5,-33.9
4921.4,-37.2,-33.9
4921.5,-38.7,-33.8
4921.6,-39.2,-33.8
4921.7,-40.8,-33.8
4921.8,-41.9,-34.2
4921.9,-46.1,-34.2
4922.0,-47.8,-34.2
4922.1,-50.0,-34.4
4922.2,-51.5,-34.4
4922.3,-51.5,-34.6
4922.4,-51.2,-34.7
4922.5,-50.9,-34.8
4922.6,-50.8,-35.2
4922.7,-50.7,-35.6
4922.8,-51.1,-35.8
4922.9,-51.1,-36.1
4923.0,-51.0,-36.3
4923.1,-51.1,-36.5
4923.2,-50.8,-37.0
4923.3,-41.9,-37.0
4923.4,-31.3,-35.5
4923.5,-29.4,-35.1
4923.6,-27.8,-34.4
4923.7,-27.8,-34.3
4923.8,-29.3,-34.0
4923.9,-29.6,-34.4
4924.0,-31.9,-34.7
4924.1,-32.3,-34.8
4924.2,-33.9,-34.8
4924.3,-35.1,-34.5
4924.4,-35.1,-34.5
4924.5,-34.6,-34.4
4924.6,-33.0,-34.2
4924.7,-33.9,-34.0
4924.8,-34.2,-34.0
4924.9,-34.9,-34.0
4925.0,-38.3,-34.0
4925.1,-46.8,-34.0
4925.2,-50.7,-34.0
4925.3,-51.4,-34.0
4925.4,-37.3,-33.7
4925.5,-34.3,-33.5
4925.6,-34.2,-33.5
4925.7,-33.1,-33.3
4925.8,-33.5,-33.2
4925.9,-34.6,-33.1
4926.0,-34.6,-33.1
4926.1,-35.4,-33.0
4926.2,-36.7,-32.9
4926.3,-36.9,-32.9
4926.4,-37.1,-33.7
4926.5,-38.1,-34.3
4926.6,-38.3,-35.1
4926.7,-40.3,-35.2
4926.8,-40.5,-35.6
4926.9,-40.7,-36.3
4927.0,-43.5,-36.4
4927.1,-46.4,-36.4
4927.2,-46.7,-36.5
4927.3,-48.4,-37.1
4927.4,-50.9,-37.2
4927.5,-51.9,-37.4
4927.6,-51.9,-38.0
4927.7,-52.0,-38.5
4927.8,-52.2,-38.5
4927.9,-52.1,-38.5
4928.0,-52.3,-38.5
4928.1,-52.4,-38.5
4928.2,-52.1,-38.5
4928.3,-52.3,-38.5
4928.4,-52.2,-39.4
4928.5,-51.7,-40.4
4928.6,-51.0,-40.4
4928.7,-50.2,-41.2
4928.8,-47.1,-42.3
4928.9,-45.2,-43.1
4929.0,-42.4,-42.9
4929.1,-42.2,-43.5
4929.2,-40.8,-43.7
4929.3,-37.0,-43.1
4929.4,-37.6,-43.1
4929.5,-37.5,-43.2
4929.6,-38.4,-43.8
4929.7,-48.2,-44.1
4929.8,-48.1,-44.1
4929.9,-44.7,-43.8
4930.0,-37.4,-42.2
4930.1,-34.0,-40.5
4930.2,-33.3,-40.1
4930.3,-33.5,-40.1
4930.4,-34.2,-39.6
4930.5,-36.6,-39.3
4930.6,-36.9,-39.0
4930.7,-35.9,-38.8
4930.8,-37.3,-38.7
4930.9,-36.2,-38.3
4931.0,-34.9,-37.8
4931.1,-35.4,-37.7
4931.2,-35.4,-37.7
4931.3,-37.1,-37.6
4931.4,-41.5,-37.5
4931.5,-41.5,-37.5
4931.6,-41.6,-37.5
4931.7,-42.0,-37.4
4931.8,-43.2,-37.5
4931.9,-44.7,-37.5
4932.0,-46.9,-37.6
4932.1,-46.0,-37.5
4932.2,-45.4,-37.6
4932.3,-44.4,-38.1
4932.4,-44.5,-38.1
4932.5,-44.4,-38.0
4932.6,-41.8,-37.9
4932.7,-37.8,-37.5
4932.8,-34.0,-36.8
4932.9,-34.1,-36.9
4933.0,-34.5,-37.3
4933.1,-36.1,-38.1
4933.2,-49.1,-38.3
4933.3,-47.9,-38.3
4933.4,-46.4,-38.6
4933.5,-45.7,-38.8
4933.6,-46.1,-39.1
4933.7,-46.7,-39.3
4933.8,-39.9,-39.0
4933.9,-34.9,-38.5
4934.0,-33.2,-38.4
4934.1,-32.2,-38.0
4934.2,-32.7,-38.0
4934.3,-33.3,-37.5
4934.4,-33.2,-37.0
4934.5,-33.0,-36.7
4934.6,-32.7,-36.6
4934.7,-33.4,-36.4
4934.8,-34.5,-36.2
4934.9,-36.1,-36.1
4935.0,-37.4,-36.2
4935.1,-39.6,-36.2
4935.2,-41.1,-36.1
4935.3,-42.7,-36.1
4935.4,-42.8,-36.1
4935.5,-44.1,-36.1
4935.6,-48.2,-36.2
4935.7,-52.3,-36.5
4935.8,-52.6,-37.2
4935.9,-52.4,-37.2
4936.0,-49.0,-37.1
4936.1,-40.4,-36.9
4936.2,-34.4,-36.2
4936.3,-33.8,-36.1
4936.4,-33.8,-36.1
4936.5,-34.6,-36.1
4936.6,-40.9,-36.1
4936.7,-46.6,-36.1
4936.8,-46.2,-36.3
4936.9,-42.0,-36.8
4937.0,-40.0,-37.1
4937.1,-39.6,-37.4
4937.2,-39.8,-37.5
4937.3,-38.7,-37.8
4937.4,-35.9,-37.8
4937.5,-35.6,-38.2
4937.6,-32.3,-37.3
4937.7,-29.9,-36.2
4937.8,-29.4,-35.6
4937.9,-29.4,-35.7
4938.0,-30.6,-35.6
4938.1,-34.1,-35.6
4938.2,-41.2,-35.6
4938.3,-41.6,-35.6
4938.4,-45.4,-35.6
4938.5,-50.5,-35.6
4938.6,-47.0,-35.6
4938.7,-36.4,-35.2
4938.8,-35.8,-35.1
4938.9,-35.4,-35.1
4939.0,-35.4,-35.1
4939.1,-40.5,-35.2
4939.2,-40.1,-35.7
4939.3,-40.3,-35.7
4939.4,-40.0,-35.7
4939.5,-40.3,-35.7
4939.6,-42.0,-35.7
4939.7,-44.4,-35.7
4939.8,-45.3,-35.7
4939.9,-45.8,-35.8
4940.0,-46.9,-35.9
4940.1,-44.7,-35.9
4940.2,-44.3,-35.9
4940.3,-44.8,-36.0
4940.4,-44.9,-36.4
4940.5,-46.5,-36.5
4940.6,-47.5,-37.4
4940.7,-47.4,-39.3
4940.8,-47.4,-41.2
4940.9,-48.9,-41.2
4941.0,-49.3,-41.6
4941.1,-49.7,-41.7
4941.2,-48.7,-41.7
4941.3,-39.4,-40.9
4941.4,-35.1,-39.7
4941.5,-35.0,-39.7
4941.6,-34.6,-39.5
4941.7,-35.7,-40.6
4941.8,-36.8,-40.0
4941.9,-36.3,-40.0
4942.0,-36.9,-40.0
4942.1,-34.5,-39.1
4942.2,-34.6,-38.8
4942.3,-34.3,-38.6
4942.4,-33.9,-38.5
4942.5,-36.3,-38.5
4942.6,-39.3,-38.5
4942.7,-42.9,-38.5
4942.8,-49.8,-38.5
4942.9,-50.2,-38.6
4943.0,-50.2,-38.6
4943.1,-49.9,-38.6
4943.2,-34.9,-37.5
4943.3,-31.9,-36.5
4943.4,-30.0,-35.7
4943.5,-29.6,-35.5
4943.6,-30.5,-35.3
4943.7,-31.9,-35.1
4943.8,-34.6,-35.1
4943.9,-35.2,-35.0
4944.0,-35.8,-34.8
4944.1,-36.8,-34.8
4944.2,-36.1,-34.7
4944.3,-36.7,-34.8
4944.4,-38.4,-35.1
4944.5,-38.6,-35.1
4944.6,-40.4,-35.1
4944.7,-39.1,-35.1
4944.8,-38.5,-35.2
4944.9,-37.8,-35.2
4945.0,-38.2,-35.2
4945.1,-40.4,-35.6
4945.2,-42.0,-35.8
4945.3,-45.5,-36.0
4945.4,-49.9,-36.1
4945.5,-49.6,-36.1
4945.6,-48.7,-36.1
4945.7,-48.0,-36.1
4945.8,-47.5,-36.1
4945.9,-48.1,-36.0
4946.0,-48.7,-36.0
4946.1,-49.4,-36.1
4946.2,-50.2,-36.9
4946.3,-50.4,-37.9
4946.4,-50.5,-39.3
4946.5,-50.4,-39.9
4946.6,-41.5,-40.2
4946.7,-37.2,-39.9
4946.8,-34.7,-39.4
4946.9,-34.4,-39.6
4947.0,-32.9,-38.9
4947.1,-33.4,-38.7
4947.2,-34.6,-38.9
4947.3,-34.5,-38.9
4947.4,-37.6,-38.8
4947.5,-35.0,-38.0
4947.6,-34.6,-37.8
4947.7,-34.8,-38.0
4947.8,-34.8,-38.1
4947.9,-35.5,-37.6
4948.0,-35.9,-37.5
4948.1,-35.9,-37.5
4948.2,-36.0,-37.4
4948.3,-40.8,-37.4
4948.4,-44.4,-37.4
4948.5,-46.2,-37.4
4948.6,-50.7,-37.4
4948.7,-50.9,-37.4
4948.8,-50.7,-37.4
4948.9,-50.3,-37.4
4949.0,-48.3,-37.4
4949.1,-47.4,-37.4
4949.2,-46.6,-37.4
4949.3,-47.0,-37.4
4949.4,-48.2,-37.4
4949.5,-49.2,-37.4
4949.6,-51.0,-37.6
4949.7,-51.1,-38.0
4949.8,-51.2,-38.6
4949.9,-51.3,-38.7
4950.0,-50.9,-39.7
4950.1,-50.3,-40.1
4950.2,-50.2,-40.3
4950.3,-50.3,-40.5
4950.4,-50.5,-40.7
4950.5,-50.8,-42.5
4950.6,-50.8,-43.3
4950.7,-50.6,-43.4
4950.8,-50.2,-43.7
4950.9,-41.9,-45.6
4951.0,-39.7,-45.7
4951.1,-36.3,-43.7
4951.2,-35.7,-43.4
4951.3,-33.4,-41.1
4951.4,-32.8,-40.3
4951.5,-33.7,-40.2
4951.6,-33.5,-39.8
4951.7,-34.6,-39.1
4951.8,-35.9,-39.0
4951.9,-36.2,-39.0
4952.0,-37.2,-38.9
4952.1,-41.4,-38.9
4952.2,-42.1,-38.8
4952.3,-41.9,-38.8
4952.4,-42.1,-38.7
4952.5,-43.2,-38.7
4952.6,-44.5,-38.7
4952.7,-44.9,-38.7
4952.8,-44.8,-38.6
4952.9,-44.5,-38.6
4953.0,-45.1,-38.6
4953.1,-45.6,-38.6
4953.2,-46.6,-38.6
4953.3,-47.5,-38.6
4953.4,-47.7,-38.6
4953.5,-47.3,-38.5
4953.6,-47.2,-38.5
4953.7,-47.0,-38.5
4953.8,-46.5,-38.5
4953.9,-46.9,-38.7
4954.0,-46.9,-38.9
4954.1,-46.7,-39.5
4954.2,-46.8,-39.7
4954.3,-46.7,-41.2
4954.4,-39.4,-41.3
4954.5,-33.9,-39.6
4954.6,-32.8,-39.3
4954.7,-32.7,-39.9
4954.8,-32.6,-39.5
4954.9,-33.7,-38.7
4955.0,-34.8,-38.7
4955.1,-34.8,-38.7
4955.2,-33.2,-37.8
4955.3,-34.3,-37.5
4955.4,-33.6,-37.3
4955.5,-32.7,-37.0
4955.6,-34.5,-36.8
4955.7,-34.6,-36.6
4955.8,-35.2,-36.5
4955.9,-36.9,-36.5
4956.0,-35.5,-36.1
4956.1,-34.6,-35.8
4956.2,-34.0,-35.6
4956.3,-33.2,-35.4
4956.4,-34.7,-35.4
4956.5,-36.0,-35.4
4956.6,-36.8,-35.3
4956.7,-38.1,-35.2
4956.8,-35.6,-34.9
4956.9,-35.9,-34.9
4957.0,-36.5,-34.9
4957.1,-36.9,-34.8
4957.2,-37.9,-34.7
4957.3,-38.4,-34.7
4957.4,-38.5,-34.8
4957.5,-39.1,-35.4
4957.6,-43.8,-35.6
4957.7,-43.7,-35.6
4957.8,-44.7,-35.8
4957.9,-44.6,-36.3
4958.0,-44.5,-36.3
4958.1,-45.0,-36.3
4958.2,-45.6,-37.0
4958.3,-46.7,-37.2
4958.4,-47.7,-37.5
4958.5,-48.3,-37.8
4958.6,-48.4,-38.1
4958.7,-48.5,-38.3
4958.8,-47.1,-38.5
4958.9,-46.4,-38.5
4959.0,-46.4,-39.2
4959.1,-46.9,-39.9
4959.2,-48.1,-40.4
4959.3,-49.0,-41.1
4959.4,-48.0,-41.2
4959.5,-47.3,-41.4
4959.6,-47.2,-41.9
4959.7,-47.0,-42.3
4959.8,-47.4,-43.7
4959.9,-48.3,-44.0
4960.0,-47.7,-44.2
4960.1,-46.7,-44.6
4960.2,-46.6,-46.2
4960.3,-46.1,-46.3
4960.4,-46.7,-46.6
4960.5,-47.6,-46.8
4960.6,-47.7,-46.9
4960.7,-48.3,-47.0
4960.8,-48.1,-47.2
4960.9,-48.4,-47.4
4961.0,-48.3,-47.5
4961.1,-48.3,-47.5
4961.2,-48.4,-47.6
4961.3,-48.4,-47.7
4961.4,-49.1,-47.6
4961.5,-49.1,-47.6
4961.6,-48.0,-47.5
4961.7,-43.7,-46.8
4961.8,-38.2,-44.6
4961.9,-35.8,-43.1
4962.0,-35.0,-42.4
4962.1,-34.0,-41.5
4962.2,-35.3,-41.4
4962.3,-37.0,-41.3
4962.4,-37.0,-40.9
4962.5,-38.0,-40.5
4962.6,-37.9,-40.4
4962.7,-37.8,-40.3
4962.8,-39.1,-40.2
4962.9,-42.5,-40.2
4963.0,-44.2,-40.2
4963.1,-46.5,-40.3
4963.2,-46.1,-40.2
4963.3,-38.8,-39.6
4963.4,-37.4,-39.4
4963.5,-36.7,-39.2
4963.6,-37.1,-39.2
4963.7,-40.7,-39.2
4963.8,-44.3,-39.2
4963.9,-51.5,-39.3
4964.0,-51.8,-39.3
4964.1,-51.8,-39.3
4964.2,-52.4,-39.3
4964.3,-53.1,-39.3
4964.4,-53.2,-39.3
4964.5,-46.0,-39.2
4964.6,-36.7,-38.4
4964.7,-34.8,-38.1
4964.8,-34.2,-38.3
4964.9,-33.5,-38.4
4965.0,-35.8,-38.6
4965.1,-38.3,-39.1
4965.2,-39.8,-39.2
4965.3,-46.4,-39.2
4965.4,-44.9,-39.4
4965.5,-42.4,-39.6
4965.6,-42.6,-39.7
4965.7,-43.1,-39.8
4965.8,-44.6,-39.9
4965.9,-52.0,-39.9
4966.0,-51.6,-39.9
4966.1,-51.6,-39.9
4966.2,-52.1,-40.0
4966.3,-52.1,-40.7
4966.4,-52.0,-41.0
4966.5,-51.8,-41.2
4966.6,-51.7,-41.2
4966.7,-51.8,-41.2
4966.8,-52.2,-41.2
4966.9,-52.8,-41.2
4967.0,-52.2,-41.2
4967.1,-36.5,-39.8
4967.2,-34.1,-39.0
4967.3,-32.9,-38.5
4967.4,-32.7,-38.4
4967.5,-33.6,-38.0
4967.6,-34.2,-38.3
4967.7,-33.8,-38.1
4967.8,-33.7,-38.2
4967.9,-35.1,-38.5
4968.0,-36.3,-38.4
4968.1,-37.1,-38.0
4968.2,-35.6,-37.6
4968.3,-35.0,-37.4
4968.4,-33.1,-36.9
4968.5,-29.9,-35.4
4968.6,-29.6,-35.0
4968.7,-29.6,-34.9
4968.8,-30.3,-34.9
4968.9,-35.3,-34.8
4969.0,-38.4,-34.8
4969.1,-34.0,-34.3
4969.2,-34.0,-34.2
4969.3,-34.0,-34.2
4969.4,-32.9,-34.0
4969.5,-33.6,-33.7
4969.6,-33.8,-33.6
4969.7,-33.3,-33.6
4969.8,-34.9,-33.6
4969.9,-40.0,-33.5
4970.0,-41.1,-33.5
4970.1,-48.1,-33.8
4970.2,-49.0,-34.1
4970.3,-49.0,-34.2
4970.4,-38.4,-34.1
4970.5,-33.5,-33.8
4970.6,-33.1,-33.9
4970.7,-32.8,-34.1
4970.8,-33.8,-34.1
4970.9,-36.5,-34.0
4971.0,-33.4,-33.6
4971.1,-33.0,-33.6
4971.2,-32.6,-33.7
4971.3,-33.4,-33.8
4971.4,-37.3,-34.0
4971.5,-39.6,-35.1
4971.6,-34.9,-34.9
4971.7,-35.0,-35.0
4971.8,-34.5,-35.0
4971.9,-33.2,-34.8
4972.0,-36.5,-34.8
4972.1,-33.1,-34.8
4972.2,-33.4,-34.9
4972.3,-34.7,-34.9
4972.4,-34.8,-35.1
4972.5,-42.1,-35.5
4972.6,-40.6,-35.5
4972.7,-40.8,-35.6
4972.8,-41.8,-35.6
4972.9,-42.2,-35.6
4973.0,-48.0,-35.6
4973.1,-51.8,-35.6
4973.2,-51.8,-35.6
4973.3,-51.5,-35.6
4973.4,-51.0,-35.9
4973.5,-50.5,-36.7
4973.6,-50.6,-36.8
4973.7,-40.7,-36.7
4973.8,-37.6,-36.5
4973.9,-34.9,-36.4
4974.0,-34.3,-37.0
4974.1,-34.7,-37.1
4974.2,-33.8,-36.9
4974.3,-35.5,-36.9
4974.4,-35.7,-36.8
4974.5,-35.6,-36.7
4974.6,-38.0,-37.4
4974.7,-35.2,-36.9
4974.8,-34.2,-36.7
4974.9,-34.3,-37.0
4975.0,-34.4,-36.9
4975.1,-36.4,-37.7
4975.2,-37.6,-37.6
4975.3,-36.4,-37.3
4975.4,-36.8,-37.3
4975.5,-35.1,-36.9
4975.6,-35.5,-37.0
4975.7,-36.8,-36.9
4975.8,-37.0,-36.9
4975.9,-38.8,-36.7
4976.0,-36.0,-36.3
4976.1,-36.2,-36.3
4976.2,-36.0,-36.2
4976.3,-37.1,-36.2
4976.4,-41.9,-36.2
4976.5,-35.2,-35.6
4976.6,-31.8,-34.9
4976.7,-31.0,-34.8
4976.8,-30.4,-34.7
4976.9,-30.8,-34.7
4977.0,-32.2,-34.5
4977.1,-33.1,-34.5
4977.2,-34.4,-34.8
4977.3,-36.8,-34.8
4977.4,-36.2,-34.6
4977.5,-34.4,-34.4
4977.6,-33.2,-34.3
4977.7,-33.1,-34.5
4977.8,-34.7,-34.6
4977.9,-36.9,-34.7
4978.0,-40.8,-34.7
4978.1,-40.9,-34.7
4978.2,-35.2,-34.4
4978.3,-33.0,-34.2
4978.4,-32.2,-34.1
4978.5,-31.9,-34.2
4978.6,-33.8,-34.2
4978.7,-36.6,-34.2
4978.8,-37.8,-34.2
4978.9,-36.8,-34.1
4979.0,-35.5,-34.2
4979.1,-33.6,-33.9
4979.2,-34.0,-33.9
4979.3,-35.3,-33.9
4979.4,-37.0,-34.0
4979.5,-44.3,-34.3
4979.6,-46.8,-35.0
4979.7,-48.2,-35.2
4979.8,-40.2,-35.3
4979.9,-36.1,-35.4
4980.0,-35.7,-35.6
4980.1,-35.3,-35.6
4980.2,-34.9,-35.4
4980.3,-36.9,-35.4
4980.4,-36.5,-35.7
4980.5,-34.9,-35.7
4980.6,-36.3,-35.9
4980.7,-34.9,-35.7
4980.8,-35.1,-35.7
4980.9,-36.6,-35.7
4981.0,-35.3,-35.5
4981.1,-36.5,-35.4
4981.2,-32.8,-35.3
4981.3,-31.9,-35.4
4981.4,-32.6,-35.6
4981.5,-30.8,-35.0
4981.6,-31.6,-34.8
4981.7,-32.0,-34.6
4981.8,-31.9,-34.7
4981.9,-35.0,-34.8
4982.0,-38.4,-35.0
4982.1,-42.5,-35.3
4982.2,-44.4,-35.3
4982.3,-45.5,-35.3
4982.4,-45.8,-35.4
4982.5,-46.1,-35.3
4982.6,-46.2,-35.3
4982.7,-46.5,-35.3
4982.8,-46.9,-35.5
4982.9,-41.9,-35.7
4983.0,-37.3,-35.5
4983.1,-37.1,-35.5
4983.2,-36.6,-35.7
4983.3,-34.5,-35.4
4983.4,-35.1,-35.3
4983.5,-35.1,-35.6
4983.6,-35.3,-35.6
4983.7,-39.4,-35.8
4983.8,-43.8,-35.9
4983.9,-42.7,-35.9
4984.0,-41.3,-36.1
4984.1,-39.2,-36.1
4984.2,-39.1,-36.9
4984.3,-39.7,-37.4
4984.4,-40.8,-37.3
4984.5,-43.7,-38.5
4984.6,-43.4,-39.3
4984.7,-44.1,-39.8
4984.8,-45.2,-39.9
4984.9,-46.7,-39.9
4985.0,-46.4,-39.9
4985.1,-42.8,-39.8
4985.2,-42.4,-39.8
4985.3,-40.0,-39.5
4985.4,-40.3,-39.6
4985.5,-42.1,-39.6
4985.6,-42.7,-39.6
4985.7,-50.2,-39.6
4985.8,-50.5,-39.6
4985.9,-50.3,-39.9
4986.0,-49.9,-40.6
4986.1,-49.7,-40.7
4986.2,-49.8,-40.9
4986.3,-49.9,-42.5
4986.4,-49.9,-43.3
4986.5,-50.0,-43.5
4986.6,-50.3,-43.7
4986.7,-50.7,-43.7
4986.8,-51.4,-43.8
4986.9,-51.9,-44.1
4987.0,-51.8,-44.7
4987.1,-51.9,-45.7
4987.2,-51.8,-45.7
4987.3,-51.4,-45.9
4987.4,-51.5,-46.2
4987.5,-51.4,-46.5
4987.6,-50.8,-46.6
4987.7,-50.8,-46.7
4987.8,-50.7,-46.8
4987.9,-50.7,-46.8
4988.0,-50.6,-47.0
4988.1,-50.5,-48.1
4988.2,-50.4,-48.4
4988.3,-50.0,-50.6
4988.4,-49.7,-50.5
4988.5,-49.0,-50.4
4988.6,-48.3,-50.2
4988.7,-47.7,-50.1
4988.8,-47.6,-50.0
4988.9,-47.5,-49.9
4989.0,-47.3,-49.8
4989.1,-46.9,-49.6
4989.2,-46.5,-49.4
4989.3,-46.4,-49.2
4989.4,-46.3,-49.1
4989.5,-46.7,-49.0
4989.6,-46.6,-48.8
4989.7,-46.2,-48.5
4989.8,-46.0,-48.3
4989.9,-45.8,-48.2
4990.0,-45.8,-48.0
4990.1,-45.7,-47.8
4990.2,-45.9,-47.6
4990.3,-45.9,-47.5
4990.4,-46.0,-47.4
4990.5,-46.1,-47.2
4990.6,-45.9,-47.1
4990.7,-45.4,-46.9
4990.8,-45.4,-46.8
4990.9,-45.6,-46.7
4991.0,-45.5,-46.5
4991.1,-45.6,-46.4
4991.2,-45.3,-46.3
4991.3,-45.1,-46.1
4991.4,-45.5,-46.1
4991.5,-45.7,-46.1
4991.6,-46.1,-46.0
4991.7,-41.4,-45.0
4991.8,-37.1,-43.2
4991.9,-34.4,-41.5
4992.0,-31.8,-39.6
4992.1,-30.5,-38.3
4992.2,-31.1,-38.3
4992.3,-32.1,-38.3
4992.4,-35.1,-38.3
4992.5,-44.3,-38.3
4992.6,-45.4,-38.3
4992.7,-45.9,-38.3
4992.8,-45.7,-38.3
4992.9,-45.5,-38.3
4993.0,-45.9,-38.3
4993.1,-45.9,-38.3
4993.2,-45.9,-38.3
4993.3,-45.9,-38.3
4993.4,-42.7,-38.2
4993.5,-30.0,-35.5
4993.6,-28.7,-34.9
4993.7,-27.7,-34.3
4993.8,-27.1,-33.9
4993.9,-29.5,-33.7
4994.0,-28.7,-33.0
4994.1,-29.6,-32.9
4994.2,-29.6,-32.6
4994.3,-29.5,-32.4
4994.4,-32.4,-32.4
4994.5,-32.8,-32.4
4994.6,-35.6,-32.3
4994.7,-37.4,-32.3
4994.8,-38.0,-32.4
4994.9,-38.7,-32.6
4995.0,-39.0,-32.9
4995.1,-38.0,-33.1
4995.2,-38.3,-33.1
4995.3,-37.3,-33.1
4995.4,-37.8,-33.0
4995.5,-40.1,-33.0
4995.6,-40.4,-33.0
4995.7,-42.7,-33.0
4995.8,-46.1,-33.0
4995.9,-46.3,-33.0
4996.0,-46.6,-33.0
4996.1,-46.7,-33.1
4996.2,-47.0,-33.1
4996.3,-47.2,-33.1
4996.4,-47.4,-33.1
4996.5,-48.0,-34.4
4996.6,-48.1,-35.0
4996.7,-48.3,-35.6
4996.8,-48.2,-36.4
4996.9,-47.8,-36.6
4997.0,-48.1,-38.6
4997.1,-48.1,-38.9
4997.2,-48.2,-40.6
4997.3,-47.5,-41.6
4997.4,-46.2,-41.9
4997.5,-45.4,-42.1
4997.6,-44.6,-42.7
4997.7,-45.0,-43.1
4997.8,-43.1,-43.0
4997.9,-40.5,-42.5
4998.0,-40.2,-43.0
4998.1,-40.3,-43.9
4998.2,-41.5,-44.0
4998.3,-46.3,-44.7
4998.4,-50.5,-45.3
4998.5,-49.9,-45.3
4998.6,-49.7,-45.4
4998.7,-49.9,-45.5
4998.8,-49.9,-45.6
4998.9,-50.1,-45.6
4999.0,-42.2,-44.7
4999.1,-37.3,-43.0
4999.2,-35.8,-42.2
4999.3,-35.0,-41.7
4999.4,-35.5,-41.6
4999.5,-37.8,-41.5
4999.6,-40.3,-41.5
4999.7,-43.3,-41.5
4999.8,-41.5,-41.2
4999.9,-37.6,-40.4
5000.0,-37.3,-40.3
5000.1,-37.4,-40.3
5000.2,-38.4,-40.3
5000.3,-44.4,-40.3
5000.4,-46.3,-40.3
5000.5,-47.4,-40.3
5000.6,-47.3,-40.4
5000.7,-48.7,-40.4
5000.8,-49.2,-40.5
5000.9,-49.1,-40.9
5001.0,-49.5,-41.0
5001.1,-49.7,-41.0
5001.2,-49.6,-41.0
5001.3,-50.4,-41.0
5001.4,-50.7,-41.0
5001.5,-51.5,-41.0
5001.6,-52.2,-41.0
5001.7,-53.1,-41.0
5001.8,-54.3,-41.0
5001.9,-53.2,-41.0
5002.0,-52.8,-41.4
5002.1,-52.9,-42.6
5002.2,-53.1,-43.5
5002.3,-54.4,-44.3
5002.4,-55.4,-44.6
5002.5,-55.4,-44.7
5002.6,-55.7,-44.8
5002.7,-55.5,-45.0
5002.8,-55.2,-45.8
5002.9,-52.0,-49.5
5003.0,-50.8,-50.3
5003.1,-49.6,-50.6
5003.2,-43.5,-48.9
5003.3,-41.6,-48.1
5003.4,-40.5,-47.4
5003.5,-39.8,-47.0
5003.6,-37.4,-44.6
5003.7,-35.6,-43.0
5003.8,-35.2,-42.4
5003.9,-35.4,-42.5
5004.0,-37.5,-42.5
5004.1,-42.3,-42.5
5004.2,-52.6,-42.5
5004.3,-53.2,-42.5
5004.4,-54.0,-42.5
5004.5,-54.3,-42.5
5004.6,-54.2,-42.5
5004.7,-53.9,-42.5
5004.8,-46.8,-42.3
5004.9,-39.7,-41.6
5005.0,-38.3,-41.2
5005.1,-37.8,-41.1
5005.2,-38.1,-41.1
5005.3,-41.6,-41.1
5005.4,-45.5,-41.0
5005.5,-49.1,-41.0
5005.6,-49.2,-41.0
5005.7,-49.0,-41.0
5005.8,-48.9,-41.0
5005.9,-49.7,-41.0
5006.0,-50.4,-41.0
5006.1,-50.2,-41.0
5006.2,-50.1,-41.2
5006.3,-49.9,-41.4
5006.4,-49.9,-41.6
5006.5,-50.9,-41.8
5006.6,-52.0,-42.8
5006.7,-52.9,-44.4
5006.8,-53.2,-45.4
5006.9,-51.0,-45.3
5007.0,-47.8,-45.2
5007.1,-46.5,-45.0
5007.2,-46.1,-45.0
5007.3,-46.4,-45.0
5007.4,-47.9,-44.9
5007.5,-49.7,-44.9
5007.6,-50.9,-44.9
5007.7,-51.5,-44.9
5007.8,-52.2,-45.2
5007.9,-51.9,-47.3
5008.0,-51.9,-48.8
5008.1,-51.7,-49.7
5008.2,-51.7,-49.8
5008.3,-51.9,-49.8
5008.4,-51.4,-49.8
5008.5,-51.3,-49.9
5008.6,-51.6,-50.0
5008.7,-51.6,-50.1
5008.8,-46.4,-49.3
5008.9,-45.1,-48.9
5009.0,-42.6,-48.0
5009.1,-41.6,-47.5
5009.2,-42.3,-47.4
5009.3,-41.8,-46.9
5009.4,-42.8,-46.7
5009.5,-44.2,-46.6
5009.6,-44.7,-46.6
5009.7,-47.5,-46.6
5009.8,-49.0,-46.5
5009.9,-48.4,-46.5
5010.0,-47.8,-46.6
5010.1,-47.1,-46.6
5010.2,-47.6,-46.7
5010.3,-48.0,-46.6
5010.4,-48.5,-46.6
5010.5,-49.2,-46.6
5010.6,-49.0,-46.5
5010.7,-47.9,-46.4
5010.8,-44.7,-45.9
5010.9,-43.9,-45.8
5011.0,-43.5,-45.6
5011.1,-43.4,-45.5
5011.2,-44.9,-45.4
5011.3,-45.6,-45.3
5011.4,-46.0,-45.3
5011.5,-47.1,-45.3
5011.6,-48.1,-45.2
5011.7,-48.4,-45.2
5011.8,-48.3,-45.4
5011.9,-48.1,-45.6
5012.0,-48.3,-46.1
5012.1,-48.1,-46.4
5012.2,-48.8,-46.5
5012.3,-49.0,-46.9
5012.4,-47.1,-46.9
5012.5,-46.7,-46.8
5012.6,-45.8,-46.7
5012.7,-45.5,-46.6
5012.8,-45.2,-46.4
5012.9,-44.8,-46.3
5013.0,-44.9,-46.3
5013.1,-44.8,-46.3
5013.2,-45.7,-46.2
5013.3,-46.3,-46.1
5013.4,-47.0,-46.2
5013.5,-47.6,-46.1
5013.6,-48.4,-46.2
5013.7,-49.5,-46.3
5013.8,-47.9,-46.6
5013.9,-47.5,-46.7
5014.0,-46.8,-46.7
5014.1,-45.9,-46.8
5014.2,-46.8,-46.9
5014.3,-47.3,-47.0
5014.4,-48.3,-47.0
5014.5,-50.0,-47.1
5014.6,-50.6,-47.1
5014.7,-51.1,-47.2
5014.8,-49.1,-47.1
5014.9,-46.1,-46.8
5015.0,-44.6,-46.6
5015.1,-43.9,-46.5
5015.2,-43.7,-46.3
5015.3,-44.5,-46.2
5015.4,-44.9,-46.3
5015.5,-44.8,-46.2
5015.6,-45.2,-46.2
5015.7,-45.6,-46.2
5015.8,-45.7,-46.3
5015.9,-45.8,-46.3
5016.0,-45.1,-46.2
5016.1,-41.8,-45.5
5016.2,-36.9,-43.3
5016.3,-35.3,-42.3
5016.4,-34.3,-41.5
5016.5,-34.6,-41.4
5016.6,-36.0,-41.0
5016.7,-35.5,-40.2
5016.8,-36.5,-40.1
5016.9,-36.5,-40.0
5017.0,-37.2,-40.0
5017.1,-40.9,-39.9
5017.2,-40.6,-39.7
5017.3,-40.6,-39.6
5017.4,-39.8,-39.5
5017.5,-39.8,-39.4
5017.6,-40.5,-39.3
5017.7,-40.4,-39.2
5017.8,-38.9,-38.9
5017.9,-38.1,-38.8
5018.0,-38.1,-38.7
5018.1,-38.5,-38.7
5018.2,-41.4,-38.8
5018.3,-45.4,-38.8
5018.4,-50.3,-38.8
5018.5,-51.4,-38.9
5018.6,-51.7,-38.9
5018.7,-50.4,-38.9
5018.8,-47.0,-38.9
5018.9,-46.1,-38.9
5019.0,-45.6,-38.9
5019.1,-43.3,-39.0
5019.2,-37.7,-39.0
5019.3,-35.1,-38.8
5019.4,-33.7,-38.7
5019.5,-31.9,-37.8
5019.6,-32.5,-37.8
5019.7,-31.4,-37.2
5019.8,-30.8,-36.6
5019.9,-32.0,-36.6
5020.0,-31.6,-36.3
5020.1,-33.9,-36.3
5020.2,-36.6,-36.3
5020.3,-36.5,-36.2
5020.4,-35.8,-35.9
5020.5,-34.5,-35.7
5020.6,-34.3,-35.6
5020.7,-34.1,-35.6
5020.8,-35.9,-35.7
5020.9,-38.7,-35.7
5021.0,-40.2,-35.8
5021.1,-44.4,-35.8
5021.2,-46.1,-35.8
5021.3,-48.5,-35.8
5021.4,-49.2,-35.8
5021.5,-49.9,-35.8
5021.6,-51.1,-35.8
5021.7,-51.5,-35.8
5021.8,-47.4,-35.8
5021.9,-46.0,-35.8
5022.0,-38.1,-35.5
5022.1,-36.7,-35.4
5022.2,-35.2,-35.5
5022.3,-35.1,-35.8
5022.4,-36.7,-35.9
5022.5,-36.2,-36.3
5022.6,-37.5,-36.3
5022.7,-37.4,-37.2
5022.8,-38.0,-37.9
5022.9,-40.1,-37.9
5023.0,-42.0,-38.3
5023.1,-43.6,-38.5
5023.2,-45.1,-38.6
5023.3,-52.1,-38.7
5023.4,-55.7,-39.5
5023.5,-55.6,-40.2
5023.6,-56.4,-40.5
5023.7,-56.8,-40.9
5023.8,-57.0,-41.0
5023.9,-57.1,-41.1
5024.0,-57.1,-41.1
5024.1,-57.5,-41.1
5024.2,-57.9,-41.2
5024.3,-58.3,-41.2
5024.4,-58.7,-41.2
5024.5,-58.7,-41.2
5024.6,-58.6,-41.2
5024.7,-58.7,-41.2
5024.8,-59.0,-41.3
5024.9,-58.7,-41.4
5025.0,-58.6,-42.6
5025.1,-57.7,-43.3
5025.2,-57.5,-44.8
5025.3,-57.6,-45.0
5025.4,-57.8,-45.7
5025.5,-58.7,-48.2
5025.6,-59.1,-50.1
5025.7,-59.1,-51.4
5025.8,-58.5,-52.6
5025.9,-58.3,-56.6
5026.0,-57.1,-57.5
5026.1,-57.1,-57.6
5026.2,-57.6,-57.8
5026.3,-57.1,-57.8
5026.4,-57.4,-57.8
5026.5,-56.9,-57.8
5026.6,-56.7,-57.8
5026.7,-57.6,-58.0
5026.8,-58.2,-58.0
5026.9,-59.1,-58.1
5027.0,-59.0,-58.1
5027.1,-58.1,-58.0
5027.2,-58.4,-58.1
5027.3,-59.3,-58.2
5027.4,-59.3,-58.1
5027.5,-57.1,-57.8
5027.6,-54.2,-57.3
5027.7,-53.0,-57.0
5027.8,-52.4,-56.7
5027.9,-52.5,-56.5
5028.0,-53.7,-56.4
5028.1,-54.6,-56.5
5028.2,-55.5,-56.4
5028.3,-56.3,-56.4
5028.4,-56.9,-56.3
5028.5,-57.2,-56.3
5028.6,-57.8,-56.3
5028.7,-59.2,-56.4
5028.8,-60.1,-56.5
5028.9,-60.8,-56.5
5029.0,-61.4,-56.6
5029.1,-60.8,-56.7
5029.2,-60.7,-56.7
5029.3,-61.0,-56.8
5029.4,-61.3,-56.9
5029.5,-61.5,-57.1
5029.6,-61.7,-57.1
5029.7,-61.2,-57.1
5029.8,-61.1,-57.1
5029.9,-61.1,-57.2
5030.0,-61.0,-57.3
5030.1,-60.8,-57.3
5030.2,-60.7,-57.3
5030.3,-60.9,-57.3
5030.4,-61.2,-57.4
5030.5,-60.9,-57.7
5030.6,-61.2,-58.4
5030.7,-61.0,-58.8
5030.8,-61.0,-59.4
5030.9,-62.1,-59.9
5031.0,-62.2,-60.2
5031.1,-61.4,-60.3
5031.2,-59.0,-60.2
5031.3,-57.5,-60.2
5031.4,-57.1,-60.3
5031.5,-56.8,-60.2
5031.6,-56.5,-59.9
5031.7,-56.3,-59.5
5031.8,-53.0,-58.3
5031.9,-50.1,-56.7
5032.0,-48.4,-55.5
5032.1,-47.1,-54.4
5032.2,-46.7,-53.8
5032.3,-46.6,-53.1
5032.4,-46.8,-52.6
5032.5,-47.1,-52.1
5032.6,-47.0,-51.7
5032.7,-46.9,-51.2
5032.8,-46.6,-50.8
5032.9,-46.0,-50.3
5033.0,-45.4,-49.8
5033.1,-45.1,-49.4
5033.2,-44.7,-48.9
5033.3,-44.4,-48.5
5033.4,-44.2,-48.1
5033.5,-43.8,-47.7
5033.6,-43.5,-47.3
5033.7,-43.1,-46.9
5033.8,-42.7,-46.5
5033.9,-42.3,-46.1
5034.0,-41.7,-45.6
5034.1,-40.9,-45.1
5034.2,-40.3,-44.6
5034.3,-39.8,-44.1
5034.4,-39.3,-43.7
5034.5,-39.0,-43.2
5034.6,-38.9,-42.9
5034.7,-38.9,-42.5
5034.8,-39.0,-42.3
5034.9,-39.1,-42.0
5035.0,-39.3,-41.8
5035.1,-39.4,-41.7
5035.2,-39.6,-41.5
5035.3,-39.8,-41.3
5035.4,-39.8,-41.2
5035.5,-39.7,-41.0
5035.6,-39.5,-40.8
5035.7,-39.4,-40.7
5035.8,-39.6,-40.5
5035.9,-40.0,-40.4
5036.0,-40.5,-40.4
5036.1,-40.9,-40.3
5036.2,-41.1,-40.3
5036.3,-41.4,-40.2
5036.4,-41.6,-40.2
5036.5,-41.9,-40.2
5036.6,-42.2,-40.2
5036.7,-41.9,-40.1
5036.8,-41.6,-40.1
5036.9,-41.4,-40.1
5037.0,-41.3,-40.1
5037.1,-41.8,-40.2
5037.2,-42.2,-40.3
5037.3,-42.6,-40.4
5037.4,-43.1,-40.6
5037.5,-43.6,-40.7
5037.6,-44.1,-40.9
5037.7,-44.3,-41.0
5037.8,-44.5,-41.2
5037.9,-44.8,-41.4
5038.0,-44.9,-41.6
5038.1,-45.0,-41.7
5038.2,-44.9,-41.9
5038.3,-44.8,-42.0
5038.4,-44.8,-42.2
5038.5,-45.0,-42.4
5038.6,-45.1,-42.7
5038.7,-45.3,-42.9
5038.8,-45.4,-43.0
5038.9,-45.6,-43.2
5039.0,-45.7,-43.4
5039.1,-45.8,-43.5
5039.2,-45.9,-43.7
5039.3,-45.9,-43.8
5039.4,-45.2,-43.9
5039.5,-44.4,-43.9
5039.6,-43.9,-43.9
5039.7,-43.3,-44.1
5039.8,-43.6,-44.3
5039.9,-44.0,-44.4
5040.0,-44.4,-44.5
5040.1,-45.1,-44.7
5040.2,-45.4,-44.8
5040.3,-45.6,-44.9
5040.4,-45.7,-44.9
5040.5,-45.9,-45.0
5040.6,-46.3,-45.1
5040.7,-46.7,-45.2
5040.8,-47.3,-45.2
5040.9,-46.8,-45.2
5041.0,-46.6,-45.3
5041.1,-46.7,-45.4
5041.2,-46.9,-45.5
5041.3,-48.2,-45.6
5041.4,-48.9,-45.7
5041.5,-49.4,-45.8
5041.6,-49.8,-45.9
5041.7,-50.4,-46.0
5041.8,-51.5,-46.2
5041.9,-52.4,-46.3
5042.0,-53.2,-46.4
5042.1,-53.5,-46.6
5042.2,-53.4,-46.7
5042.3,-53.3,-46.8
5042.4,-53.5,-47.1
5042.5,-53.6,-47.5
5042.6,-50.5,-47.7
5042.7,-49.4,-47.9
5042.8,-48.2,-48.1
5042.9,-47.3,-48.2
5043.0,-47.5,-48.3
5043.1,-47.7,-48.5
5043.2,-48.6,-48.7
5043.3,-49.4,-48.9
5043.4,-49.9,-49.1
5043.5,-50.0,-49.2
5043.6,-49.9,-49.3
5043.7,-50.0,-49.4
5043.8,-51.1,-49.6
5043.9,-52.4,-50.0
5044.0,-52.6,-50.2
5044.1,-53.0,-50.4
5044.2,-53.0,-50.5
5044.3,-52.9,-50.6
5044.4,-53.8,-50.8
5044.5,-54.5,-50.9
5044.6,-54.7,-51.0
5044.7,-55.8,-51.1
5044.8,-55.0,-51.0
5044.9,-55.3,-51.1
5045.0,-55.9,-51.2
5045.1,-55.0,-51.2
5045.2,-55.3,-51.2
5045.3,-54.9,-51.2
5045.4,-52.9,-51.1
5045.5,-52.0,-51.0
5045.6,-51.8,-51.3
5045.7,-51.8,-51.6
5045.8,-50.3,-51.6
5045.9,-49.5,-51.6
5046.0,-48.8,-51.7
5046.1,-48.1,-51.7
5046.2,-48.6,-51.6
5046.3,-49.2,-51.6
5046.4,-49.9,-51.7
5046.5,-50.7,-51.8
5046.6,-51.7,-51.9
5046.7,-52.4,-51.9
5046.8,-52.3,-51.8
5046.9,-52.7,-51.9
5047.0,-53.0,-51.9
5047.1,-52.4,-51.9
5047.2,-53.1,-51.8
5047.3,-52.9,-51.9
5047.4,-53.3,-51.9
5047.5,-54.7,-51.9
5047.6,-54.6,-51.8
5047.7,-54.6,-51.8
5047.8,-54.7,-51.8
5047.9,-54.7,-51.8
5048.0,-55.1,-51.8
5048.1,-55.2,-51.8
5048.2,-54.7,-51.8
5048.3,-54.8,-51.8
5048.4,-55.2,-52.0
5048.5,-55.9,-52.1
5048.6,-56.5,-52.2
5048.7,-56.8,-52.2
5048.8,-57.3,-52.7
5048.9,-57.3,-53.1
5049.0,-56.8,-53.4
5049.1,-56.4,-53.8
5049.2,-55.8,-54.2
5049.3,-55.9,-54.4
5049.4,-56.7,-54.6
5049.5,-53.3,-54.4
5049.6,-45.8,-51.9
5049.7,-44.4,-51.2
5049.8,-43.6,-50.7
5049.9,-43.4,-50.4
5050.0,-45.5,-50.2
5050.1,-46.7,-50.1
5050.2,-47.8,-50.0
5050.3,-48.8,-49.9
5050.4,-47.2,-49.4
5050.5,-43.8,-48.3
5050.6,-39.4,-46.0
5050.7,-37.6,-44.8
5050.8,-36.2,-43.7
5050.9,-36.2,-43.3
5051.0,-37.1,-43.0
5051.1,-38.4,-42.8
5051.2,-41.3,-42.8
5051.3,-42.9,-42.8
5051.4,-47.0,-42.8
5051.5,-51.7,-42.8
5051.6,-54.8,-42.8
5051.7,-55.8,-42.8
5051.8,-56.1,-42.8
5051.9,-55.0,-42.8
5052.0,-55.7,-42.8
5052.1,-55.8,-42.8
5052.2,-56.0,-42.8
5052.3,-59.1,-42.8
5052.4,-59.6,-42.8
5052.5,-58.0,-42.8
5052.6,-51.8,-43.0
5052.7,-50.4,-43.1
5052.8,-49.6,-43.2
5052.9,-49.3,-43.2
5053.0,-50.9,-43.2
5053.1,-51.7,-43.3
5053.2,-52.4,-43.3
5053.3,-53.2,-43.3
5053.4,-54.0,-43.4
5053.5,-55.0,-43.8
5053.6,-56.5,-45.0
5053.7,-58.0,-46.3
5053.8,-59.6,-48.7
5053.9,-60.6,-49.9
5054.0,-60.4,-52.2
5054.1,-60.3,-53.8
5054.2,-60.3,-54.4
5054.3,-60.6,-54.5
5054.4,-61.3,-54.6
5054.5,-61.9,-54.7
5054.6,-62.5,-54.8
5054.7,-62.3,-54.9
5054.8,-61.9,-54.9
5054.9,-61.6,-55.2
5055.0,-61.2,-55.2
5055.1,-61.2,-55.2
5055.2,-59.9,-55.2
5055.3,-50.5,-53.9
5055.4,-48.8,-53.4
5055.5,-47.5,-52.9
5055.6,-46.6,-53.0
5055.7,-47.7,-52.9
5055.8,-48.4,-52.9
5055.9,-49.5,-52.9
5056.0,-50.5,-52.9
5056.1,-51.0,-52.8
5056.2,-51.1,-52.7
5056.3,-51.4,-52.7
5056.4,-51.8,-52.6
5056.5,-52.5,-52.5
5056.6,-53.3,-52.4
5056.7,-54.0,-52.4
5056.8,-51.0,-51.9
5056.9,-49.9,-51.6
5057.0,-49.2,-51.4
5057.1,-48.5,-51.2
5057.2,-49.5,-51.1
5057.3,-50.3,-51.0
5057.4,-51.2,-50.9
5057.5,-52.1,-50.8
5057.6,-53.1,-50.8
5057.7,-54.0,-50.7
5057.8,-54.7,-50.7
5057.9,-55.4,-50.7
5058.0,-56.6,-50.7
5058.1,-57.2,-50.7
5058.2,-57.1,-50.7
5058.3,-57.1,-51.2
5058.4,-57.0,-51.5
5058.5,-57.0,-51.9
5058.6,-56.8,-52.2
5058.7,-56.4,-52.5
5058.8,-56.0,-52.6
5058.9,-55.2,-52.7
5059.0,-54.5,-52.8
5059.1,-53.8,-52.9
5059.2,-53.3,-53.0
5059.3,-53.0,-52.9
5059.4,-51.2,-52.7
5059.5,-47.7,-51.8
5059.6,-45.9,-51.0
5059.7,-44.6,-50.4
5059.8,-43.8,-50.1
5059.9,-44.0,-49.8
5060.0,-44.4,-49.6
5060.1,-44.7,-49.3
5060.2,-45.4,-49.1
5060.3,-45.8,-48.9
5060.4,-45.9,-48.7
5060.5,-46.1,-48.5
5060.6,-45.4,-48.1
5060.7,-44.6,-47.7
5060.8,-43.8,-47.3
5060.9,-43.3,-47.0
5061.0,-43.2,-46.7
5061.1,-43.1,-46.4
5061.2,-43.1,-46.1
5061.3,-43.0,-45.8
5061.4,-43.0,-45.5
5061.5,-42.8,-45.2
5061.6,-42.5,-44.9
5061.7,-41.3,-44.4
5061.8,-40.1,-43.9
5061.9,-39.5,-43.5
5062.0,-39.2,-43.2
5062.1,-39.2,-42.9
5062.2,-39.6,-42.6
5062.3,-39.6,-42.3
5062.4,-39.8,-42.2
5062.5,-39.9,-42.0
5062.6,-39.6,-41.8
5062.7,-39.0,-41.5
5062.8,-38.2,-41.2
5062.9,-38.4,-41.1
5063.0,-38.5,-41.0
5063.1,-38.6,-40.7
5063.2,-38.6,-40.5
5063.3,-38.0,-40.2
5063.4,-37.3,-39.9
5063.5,-36.6,-39.6
5063.6,-36.2,-39.3
5063.7,-35.7,-39.0
5063.8,-35.7,-38.8
5063.9,-35.8,-38.6
5064.0,-35.4,-38.2
5064.1,-35.1,-37.9
5064.2,-34.7,-37.7
5064.3,-33.8,-37.3
5064.4,-33.2,-36.8
5064.5,-32.6,-36.5
5064.6,-32.2,-36.2
5064.7,-32.2,-35.9
5064.8,-31.9,-35.5
5064.9,-32.0,-35.3
5065.0,-31.8,-35.0
5065.1,-31.6,-34.8
5065.2,-32.0,-34.6
5065.3,-31.2,-34.2
5065.4,-30.4,-33.7
5065.5,-30.3,-33.5
5065.6,-29.9,-33.3
5065.7,-30.1,-33.1
5065.8,-30.7,-32.9
5065.9,-30.2,-32.6
5066.0,-29.6,-32.2
5066.1,-28.8,-31.9
5066.2,-28.0,-31.5
5066.3,-28.1,-31.3
5066.4,-27.8,-31.0
5066.5,-28.1,-30.8
5066.6,-28.2,-30.6
5066.7,-27.8,-30.4
5066.8,-27.9,-30.1
5066.9,-27.7,-29.9
5067.0,-27.7,-29.7
5067.1,-27.6,-29.5
5067.2,-27.7,-29.4
5067.3,-27.8,-29.3
5067.4,-27.6,-29.1
5067.5,-27.5,-28.9
5067.6,-27.3,-28.8
5067.7,-27.1,-28.6
5067.8,-27.1,-28.5
5067.9,-27.2,-28.4
5068.0,-27.2,-28.3
5068.1,-27.0,-28.1
5068.2,-26.8,-27.9
5068.3,-26.2,-27.8
5068.4,-25.4,-27.6
5068.5,-25.4,-27.5
5068.6,-25.8,-27.4
5068.7,-26.2,-27.3
5068.8,-26.8,-27.2
5068.9,-26.7,-27.1
5069.0,-26.1,-27.0
5069.1,-26.3,-27.0
5069.2,-26.7,-27.0
5069.3,-26.4,-26.9
5069.4,-26.3,-26.8
5069.5,-26.2,-26.8
5069.6,-26.1,-26.8
5069.7,-26.6,-26.7
5069.8,-26.8,-26.7
5069.9,-26.2,-26.6
5070.0,-25.8,-26.5
5070.1,-25.7,-26.5
5070.2,-26.1,-26.5
5070.3,-26.6,-26.4
5070.4,-27.1,-26.4
5070.5,-26.9,-26.4
5070.6,-26.6,-26.4
5070.7,-26.6,-26.4
5070.8,-26.8,-26.4
5070.9,-27.2,-26.4
5071.0,-27.7,-26.4
5071.1,-28.4,-26.5
5071.2,-28.4,-26.6
5071.3,-28.6,-26.7
5071.4,-28.9,-26.9
5071.5,-28.2,-26.9
5071.6,-28.0,-26.9
5071.7,-28.1,-26.9
5071.8,-28.1,-27.0
5071.9,-29.0,-27.1
5072.0,-29.7,-27.3
5072.1,-30.1,-27.3
5072.2,-29.7,-27.3
5072.3,-28.7,-27.4
5072.4,-27.8,-27.5
5072.5,-27.3,-27.5
5072.6,-27.2,-27.5
5072.7,-27.5,-27.6
5072.8,-28.0,-27.7
5072.9,-28.6,-27.9
5073.0,-29.5,-28.0
5073.1,-30.2,-28.2
5073.2,-30.9,-28.3
5073.3,-31.1,-28.4
5073.4,-31.3,-28.5
5073.5,-31.2,-28.7
5073.6,-30.7,-28.8
5073.7,-30.4,-28.9
5073.8,-30.1,-29.0
5073.9,-30.3,-29.1
5074.0,-30.7,-29.2
5074.1,-31.6,-29.3
5074.2,-32.2,-29.4
5074.3,-32.2,-29.5
5074.4,-32.3,-29.6
5074.5,-32.1,-29.7
5074.6,-31.8,-29.9
5074.7,-31.8,-30.0
5074.8,-30.6,-29.9
5074.9,-28.9,-29.7
5075.0,-28.1,-29.6
5075.1,-27.8,-29.6
5075.2,-27.6,-29.6
5075.3,-28.4,-29.7
5075.4,-29.0,-29.8
5075.5,-29.6,-30.0
5075.6,-30.7,-30.2
5075.7,-31.4,-30.3
5075.8,-31.9,-30.4
5075.9,-31.3,-30.4
5076.0,-30.6,-30.3
5076.1,-30.1,-30.3
5076.2,-29.4,-30.2
5076.3,-29.4,-30.2
5076.4,-29.7,-30.1
5076.5,-30.0,-30.1
5076.6,-30.6,-30.2
5076.7,-31.2,-30.2
5076.8,-31.3,-30.3
5076.9,-31.1,-30.2
5077.0,-30.8,-30.2
5077.1,-30.7,-30.1
5077.2,-30.4,-30.1
5077.3,-30.0,-30.0
5077.4,-29.4,-29.9
5077.5,-28.7,-29.7
5077.6,-28.4,-29.6
5077.7,-28.5,-29.6
5077.8,-28.7,-29.6
5077.9,-29.1,-29.8
5078.0,-29.2,-29.8
5078.1,-29.5,-29.9
5078.2,-29.7,-30.0
5078.3,-29.8,-30.0
5078.4,-30.2,-30.0
5078.5,-30.0,-29.9
5078.6,-29.7,-29.8
5078.7,-29.8,-29.8
5078.8,-29.7,-29.7
5078.9,-29.5,-29.7
5079.0,-29.5,-29.7
5079.1,-29.7,-29.8
5079.2,-30.1,-29.8
5079.3,-30.6,-29.9
5079.4,-31.0,-29.9
5079.5,-30.7,-29.8
5079.6,-30.7,-29.8
5079.7,-30.8,-29.8
5079.8,-31.2,-29.9
5079.9,-31.0,-29.8
5080.0,-29.4,-29.7
5080.1,-24.9,-28.7
5080.2,-22.4,-27.7
5080.3,-22.0,-27.6
5080.4,-21.3,-27.2
5080.5,-22.4,-27.1
5080.6,-23.3,-26.7
5080.7,-23.2,-26.6
5080.8,-24.7,-26.6
5080.9,-24.5,-26.5
5081.0,-25.9,-26.4
5081.1,-26.8,-26.3
5081.2,-26.2,-26.3
5081.3,-26.8,-26.2
5081.4,-27.7,-26.2
5081.5,-27.8,-26.2
5081.6,-28.2,-26.1
5081.7,-28.2,-26.1
5081.8,-28.3,-26.1
5081.9,-28.5,-26.1
5082.0,-28.3,-26.1
5082.1,-28.3,-26.0
5082.2,-28.0,-26.0
5082.3,-28.1,-25.9
5082.4,-28.4,-25.9
5082.5,-28.5,-25.9
5082.6,-28.5,-25.8
5082.7,-27.7,-25.7
5082.8,-27.2,-25.7
5082.9,-26.8,-25.6
5083.0,-26.4,-25.6
5083.1,-26.6,-26.0
5083.2,-27.0,-26.6
5083.3,-27.5,-26.7
5083.4,-28.0,-27.0
5083.5,-28.3,-27.1
5083.6,-28.8,-27.5
5083.7,-29.1,-27.8
5083.8,-29.1,-27.7
5083.9,-29.1,-27.9
5084.0,-28.6,-27.9
5084.1,-28.1,-27.9
5084.2,-27.9,-28.0
5084.3,-28.1,-28.0
5084.4,-28.8,-28.1
5084.5,-29.4,-28.1
5084.6,-29.7,-28.2
5084.7,-29.6,-28.2
5084.8,-29.2,-28.2
5084.9,-29.2,-28.2
5085.0,-29.3,-28.3
5085.1,-29.3,-28.3
5085.2,-28.9,-28.3
5085.3,-28.2,-28.2
5085.4,-27.7,-28.2
5085.5,-27.1,-28.1
5085.6,-26.5,-28.0
5085.7,-26.2,-28.0
5085.8,-25.6,-27.9
5085.9,-25.3,-27.8
5086.0,-25.1,-27.7
5086.1,-25.0,-27.6
5086.2,-25.3,-27.6
5086.3,-25.6,-27.5
5086.4,-26.4,-27.5
5086.5,-26.9,-27.4
5086.6,-27.1,-27.3
5086.7,-27.3,-27.3
5086.8,-27.4,-27.3
5086.9,-27.4,-27.2
5087.0,-27.6,-27.2
5087.1,-27.6,-27.2
5087.2,-27.3,-27.2
5087.3,-27.4,-27.2
5087.4,-27.7,-27.1
5087.5,-28.1,-27.1
5087.6,-28.4,-27.1
5087.7,-28.6,-27.1
5087.8,-28.4,-27.1
5087.9,-27.8,-27.0
5088.0,-27.8,-26.9
5088.1,-27.7,-26.9
5088.2,-27.6,-26.9
5088.3,-28.3,-27.0
5088.4,-28.6,-27.0
5088.5,-28.8,-27.1
5088.6,-29.0,-27.2
5088.7,-28.9,-27.3
5088.8,-28.9,-27.5
5088.9,-28.7,-27.6
5089.0,-28.9,-27.8
5089.1,-28.9,-27.9
5089.2,-29.2,-28.1
5089.3,-29.7,-28.2
5089.4,-29.9,-28.3
5089.5,-30.1,-28.4
5089.6,-30.1,-28.5
5089.7,-30.1,-28.6
5089.8,-30.0,-28.6
5089.9,-28.3,-28.5
5090.0,-26.7,-28.3
5090.1,-26.2,-28.3
5090.2,-25.9,-28.3
5090.3,-26.4,-28.3
5090.4,-27.4,-28.3
5090.5,-28.0,-28.3
5090.6,-28.1,-28.3
5090.7,-28.4,-28.3
5090.8,-28.3,-28.3
5090.9,-28.0,-28.3
5091.0,-28.2,-28.3
5091.1,-27.8,-28.3
5091.2,-28.1,-28.3
5091.3,-28.4,-28.3
5091.4,-28.6,-28.3
5091.5,-29.0,-28.3
5091.6,-29.1,-28.3
5091.7,-29.2,-28.3
5091.8,-29.4,-28.4
5091.9,-29.1,-28.4
5092.0,-28.5,-28.3
5092.1,-28.1,-28.2
5092.2,-28.0,-28.2
5092.3,-28.7,-28.2
5092.4,-29.2,-28.2
5092.5,-30.1,-28.2
5092.6,-30.2,-28.2
5092.7,-30.1,-28.2
5092.8,-30.2,-28.3
5092.9,-30.1,-28.4
5093.0,-29.9,-28.7
5093.1,-29.9,-28.8
5093.2,-29.8,-28.9
5093.3,-29.3,-28.9
5093.4,-28.7,-28.9
5093.5,-28.2,-28.8
5093.6,-28.0,-28.9
5093.7,-28.4,-28.9
5093.8,-28.9,-29.0
5093.9,-28.4,-28.9
5094.0,-27.3,-28.7
5094.1,-26.5,-28.6
5094.2,-26.0,-28.5
5094.3,-26.1,-28.5
5094.4,-26.8,-28.4
5094.5,-26.9,-28.3
5094.6,-26.8,-28.2
5094.7,-26.9,-28.1
5094.8,-26.5,-28.0
5094.9,-26.6,-28.0
5095.0,-26.9,-28.0
5095.1,-27.3,-28.0
5095.2,-28.0,-28.0
5095.3,-28.5,-28.0
5095.4,-28.6,-27.9
5095.5,-28.2,-27.8
5095.6,-27.9,-27.8
5095.7,-27.9,-27.7
5095.8,-28.1,-27.7
5095.9,-28.3,-27.7
5096.0,-28.6,-27.7
5096.1,-29.0,-27.7
5096.2,-28.8,-27.6
5096.3,-29.1,-27.7
5096.4,-29.2,-27.7
5096.5,-29.2,-27.7
5096.6,-29.6,-27.8
5096.7,-29.9,-27.8
5096.8,-29.7,-27.8
5096.9,-29.7,-27.9
5097.0,-29.7,-28.1
5097.1,-30.0,-28.3
5097.2,-30.6,-28.4
5097.3,-30.9,-28.5
5097.4,-31.0,-28.6
5097.5,-30.9,-28.8
5097.6,-30.9,-29.0
5097.7,-31.1,-29.1
5097.8,-31.5,-29.3
5097.9,-30.9,-29.4
5098.0,-31.1,-29.6
5098.1,-31.3,-29.6
5098.2,-31.3,-29.7
5098.3,-31.2,-29.7
5098.4,-30.5,-29.8
5098.5,-30.3,-29.9
5098.6,-28.6,-29.8
5098.7,-27.8,-29.7
5098.8,-27.9,-29.8
5098.9,-27.4,-29.7
5099.0,-28.2,-29.7
5099.1,-29.1,-29.7
5099.2,-28.6,-29.7
5099.3,-28.8,-29.7
5099.4,-29.1,-29.7
5099.5,-28.9,-29.7
5099.6,-28.0,-29.5
5099.7,-27.7,-29.3
5099.8,-27.2,-29.3
5099.9,-26.1,-29.0
5100.0,-26.3,-28.9
5100.1,-26.4,-28.8
5100.2,-25.9,-28.5
5100.3,-26.6,-28.4
5100.4,-26.7,-28.3
5100.5,-26.2,-28.1
5100.6,-26.9,-28.1
5100.7,-27.7,-28.1
5100.8,-27.6,-27.9
5100.9,-27.1,-27.7
5101.0,-26.5,-27.5
5101.1,-26.3,-27.5
5101.2,-26.6,-27.4
5101.3,-28.0,-27.4
5101.4,-28.1,-27.3
5101.5,-27.0,-27.2
5101.6,-26.4,-27.2
5101.7,-26.4,-27.2
5101.8,-27.2,-27.2
5101.9,-27.6,-27.2
5102.0,-28.3,-27.2
5102.1,-28.5,-27.2
5102.2,-28.1,-27.2
5102.3,-29.3,-27.3
5102.4,-29.4,-27.2
5102.5,-28.1,-27.1
5102.6,-27.9,-27.2
5102.7,-27.8,-27.3
5102.8,-28.6,-27.3
5102.9,-30.0,-27.6
5103.0,-31.2,-27.7
5103.1,-31.3,-27.8
5103.2,-29.7,-27.8
5103.3,-28.1,-27.8
5103.4,-28.0,-27.9
5103.5,-27.9,-28.0
5103.6,-29.0,-28.1
5103.7,-32.1,-28.2
5103.8,-33.7,-28.4
5103.9,-33.4,-28.6
5104.0,-32.4,-28.8
5104.1,-31.6,-28.8
5104.2,-30.5,-28.9
5104.3,-30.6,-28.9
5104.4,-31.6,-29.2
5104.5,-32.1,-29.5
5104.6,-32.4,-29.8
5104.7,-32.8,-29.8
5104.8,-32.1,-29.9
5104.9,-31.3,-30.0
5105.0,-31.6,-30.2
5105.1,-31.7,-30.3
5105.2,-32.3,-30.4
5105.3,-33.2,-30.5
5105.4,-34.0,-30.7
5105.5,-33.5,-31.0
5105.6,-32.4,-31.2
5105.7,-31.9,-31.2
5105.8,-32.0,-31.2
5105.9,-33.0,-31.4
5106.0,-34.5,-31.5
5106.1,-36.7,-31.6
5106.2,-35.2,-31.9
5106.3,-33.6,-32.3
5106.4,-32.8,-32.5
5106.5,-32.5,-32.6
5106.6,-33.5,-32.7
5106.7,-35.3,-32.7
5106.8,-36.9,-32.7
5106.9,-37.1,-32.9
5107.0,-36.0,-33.0
5107.1,-35.2,-33.1
5107.2,-34.2,-33.3
5107.3,-34.4,-33.5
5107.4,-35.6,-33.5
5107.5,-36.7,-33.6
5107.6,-38.0,-33.9
5107.7,-38.3,-34.0
5107.8,-37.4,-34.1
5107.9,-34.1,-34.1
5108.0,-31.8,-33.9
5108.1,-30.5,-33.7
5108.2,-29.4,-33.4
5108.3,-29.1,-33.1
5108.4,-29.1,-32.9
5108.5,-29.1,-32.8
5108.6,-29.1,-32.6
5108.7,-28.9,-32.4
5108.8,-28.9,-32.2
5108.9,-28.8,-31.9
5109.0,-28.8,-31.7
5109.1,-29.1,-31.5
5109.2,-29.5,-31.5
5109.3,-30.0,-31.5
5109.4,-30.5,-31.4
5109.5,-30.9,-31.3
5109.6,-31.0,-31.2
5109.7,-31.0,-31.1
5109.8,-31.2,-31.0
5109.9,-31.7,-30.9
5110.0,-32.2,-30.9
5110.1,-32.7,-30.9
5110.2,-32.9,-30.9
5110.3,-33.3,-30.9
5110.4,-33.7,-30.8
5110.5,-34.0,-30.8
5110.6,-34.3,-30.7
5110.7,-34.4,-30.7
5110.8,-34.5,-30.7
5110.9,-34.9,-30.8
5111.0,-35.0,-31.0
5111.1,-34.6,-31.1
5111.2,-34.0,-31.2
5111.3,-33.5,-31.4
5111.4,-33.4,-31.6
5111.5,-34.0,-31.8
5111.6,-34.7,-32.0
5111.7,-35.3,-32.3
5111.8,-35.4,-32.5
5111.9,-35.1,-32.8
5112.0,-35.0,-33.0
5112.1,-35.0,-33.3
5112.2,-35.3,-33.5
5112.3,-36.2,-33.7
5112.4,-37.0,-33.9
5112.5,-37.6,-34.1
5112.6,-37.1,-34.4
5112.7,-36.1,-34.5
5112.8,-35.2,-34.6
5112.9,-34.7,-34.7
5113.0,-34.7,-34.8
5113.1,-35.0,-34.9
5113.2,-35.5,-35.0
5113.3,-36.1,-35.1
5113.4,-36.1,-35.1
5113.5,-35.3,-35.1
5113.6,-34.7,-35.0
5113.7,-34.3,-35.1
5113.8,-34.4,-35.1
5113.9,-35.1,-35.1
5114.0,-36.1,-35.2
5114.1,-37.2,-35.4
5114.2,-37.4,-35.5
5114.3,-34.3,-35.3
5114.4,-33.0,-35.1
5114.5,-32.4,-35.0
5114.6,-32.1,-35.0
5114.7,-33.5,-35.0
5114.8,-34.8,-35.0
5114.9,-35.8,-35.1
5115.0,-36.6,-35.2
5115.1,-35.8,-35.1
5115.2,-35.1,-35.0
5115.3,-34.5,-34.9
5115.4,-34.2,-34.8
5115.5,-34.7,-34.8
5115.6,-35.4,-34.8
5115.7,-36.1,-34.9
5115.8,-35.3,-34.8
5115.9,-31.7,-34.2
5116.0,-30.1,-33.8
5116.1,-29.3,-33.6
5116.2,-29.0,-33.4
5116.3,-30.3,-33.3
5116.4,-31.7,-33.3
5116.5,-33.2,-33.3
5116.6,-34.8,-33.4
5116.7,-34.8,-33.3
5116.8,-34.6,-33.3
5116.9,-34.3,-33.2
5117.0,-34.2,-33.2
5117.1,-35.3,-33.2
5117.2,-36.7,-33.2
5117.3,-38.3,-33.5
5117.4,-39.4,-33.7
5117.5,-38.4,-33.8
5117.6,-37.4,-33.8
5117.7,-36.4,-33.8
5117.8,-35.8,-33.8
5117.9,-36.0,-33.8
5118.0,-36.4,-33.8
5118.1,-37.0,-33.9
5118.2,-36.9,-34.0
5118.3,-35.5,-33.9
5118.4,-34.5,-33.8
5118.5,-33.8,-33.8
5118.6,-33.8,-33.8
5118.7,-34.6,-33.8
5118.8,-35.6,-33.9
5118.9,-36.7,-34.5
5119.0,-36.8,-35.0
5119.1,-36.2,-35.3
5119.2,-35.3,-35.5
5119.3,-34.5,-35.6
5119.4,-34.2,-35.6
5119.5,-34.4,-35.5
5119.6,-34.9,-35.5
5119.7,-35.5,-35.7
5119.8,-36.1,-35.8
5119.9,-35.5,-35.7
5120.0,-35.1,-35.7
5120.1,-34.8,-35.6
5120.2,-34.7,-35.5
5120.3,-35.4,-35.4
5120.4,-36.1,-35.4
5120.5,-36.8,-35.4
5120.6,-37.2,-35.5
5120.7,-36.5,-35.5
5120.8,-35.8,-35.4
5120.9,-35.2,-35.3
5121.0,-34.8,-35.3
5121.1,-35.3,-35.3
5121.2,-36.0,-35.3
5121.3,-36.8,-35.5
5121.4,-37.6,-35.7
5121.5,-36.6,-35.7
5121.6,-35.8,-35.6
5121.7,-35.0,-35.5
5121.8,-34.6,-35.5
5121.9,-35.0,-35.5
5122.0,-35.6,-35.5
5122.1,-36.4,-35.6
5122.2,-36.2,-35.6
5122.3,-31.9,-34.9
5122.4,-29.4,-34.1
5122.5,-27.9,-33.5
5122.6,-27.1,-33.1
5122.7,-27.4,-32.8
5122.8,-28.1,-32.5
5122.9,-29.2,-32.4
5123.0,-30.1,-32.4
5123.1,-30.7,-32.2
5123.2,-31.3,-32.1
5123.3,-31.7,-32.1
5123.4,-32.1,-32.0
5123.5,-32.8,-31.9
5123.6,-33.4,-31.9
5123.7,-33.7,-31.9
5123.8,-33.0,-31.8
5123.9,-29.8,-31.3
5124.0,-28.6,-31.0
5124.1,-28.2,-30.9
5124.2,-28.3,-30.8
5124.3,-30.3,-30.8
5124.4,-32.4,-30.7
5124.5,-34.1,-30.8
5124.6,-35.5,-30.8
5124.7,-35.7,-30.8
5124.8,-35.4,-30.8
5124.9,-35.1,-30.8
5125.0,-34.9,-30.8
5125.1,-35.8,-30.8
5125.2,-37.1,-30.8
5125.3,-38.5,-31.2
5125.4,-39.2,-31.6
5125.5,-37.4,-31.9
5125.6,-36.0,-32.2
5125.7,-35.0,-32.5
5125.8,-34.5,-32.7
5125.9,-35.0,-32.8
5126.0,-35.8,-33.0
5126.1,-36.6,-33.2
5126.2,-37.4,-33.3
5126.3,-36.1,-33.3
5126.4,-34.9,-33.3
5126.5,-34.0,-33.3
5126.6,-33.5,-33.3
5126.7,-34.1,-33.4
5126.8,-35.0,-33.6
5126.9,-36.0,-34.4
5127.0,-36.6,-35.1
5127.1,-35.8,-35.4
5127.2,-34.9,-35.4
5127.3,-34.3,-35.4
5127.4,-33.9,-35.4
5127.5,-34.2,-35.4
5127.6,-34.8,-35.3
5127.7,-35.4,-35.4
5127.8,-35.9,-35.5
5127.9,-34.7,-35.3
5128.0,-33.7,-35.1
5128.1,-33.0,-34.9
5128.2,-32.7,-34.8
5128.3,-33.3,-34.7
5128.4,-34.1,-34.7
5128.5,-34.9,-34.7
5128.6,-35.3,-34.8
5128.7,-32.1,-34.2
5128.8,-31.1,-34.0
5128.9,-30.9,-33.9
5129.0,-30.9,-33.9
5129.1,-33.5,-33.9
5129.2,-36.0,-33.9
5129.3,-37.7,-34.0
5129.4,-38.5,-34.2
5129.5,-36.3,-34.1
5129.6,-34.8,-34.1
5129.7,-33.9,-34.0
5129.8,-33.5,-34.0
5129.9,-34.3,-33.9
5130.0,-35.4,-34.0
5130.1,-36.4,-34.1
5130.2,-36.1,-34.1
5130.3,-29.7,-33.1
5130.4,-27.8,-32.4
5130.5,-26.8,-32.1
5130.6,-26.4,-31.8
5130.7,-27.9,-31.7
5130.8,-29.6,-31.7
5130.9,-31.6,-31.7
5131.0,-33.6,-31.8
5131.1,-33.9,-31.8
5131.2,-33.3,-31.7
5131.3,-32.6,-31.7
5131.4,-32.3,-31.6
5131.5,-32.8,-31.6
5131.6,-33.7,-31.6
5131.7,-34.6,-31.9
5131.8,-34.7,-32.0
5131.9,-34.6,-32.0
5132.0,-34.1,-32.0
5132.1,-33.8,-31.9
5132.2,-33.8,-31.9
5132.3,-34.2,-31.8
5132.4,-34.9,-31.8
5132.5,-35.5,-31.9
5132.6,-35.3,-31.9
5132.7,-34.4,-31.9
5132.8,-33.9,-31.9
5132.9,-33.6,-31.8
5133.0,-34.1,-31.8
5133.1,-35.1,-31.8
5133.2,-36.1,-31.9
5133.3,-36.9,-32.7
5133.4,-35.9,-33.3
5133.5,-35.0,-33.8
5133.6,-34.3,-34.1
5133.7,-33.9,-34.2
5133.8,-34.4,-34.3
5133.9,-35.2,-34.3
5134.0,-36.1,-34.3
5134.1,-36.9,-34.6
5134.2,-36.2,-34.7
5134.3,-35.5,-34.8
5134.4,-34.8,-34.8
5134.5,-34.4,-34.8
5134.6,-35.0,-34.9
5134.7,-35.9,-34.9
5134.8,-37.1,-35.0
5134.9,-33.0,-34.6
5135.0,-30.0,-33.9
5135.1,-28.4,-33.4
5135.2,-27.5,-33.0
5135.3,-27.7,-32.8
5135.4,-28.5,-32.6
5135.5,-29.4,-32.4
5135.6,-30.1,-32.3
5135.7,-30.1,-32.2
5135.8,-30.3,-32.1
5135.9,-30.6,-32.0
5136.0,-30.9,-31.9
5136.1,-31.9,-31.9
5136.2,-32.8,-31.8
5136.3,-33.3,-31.8
5136.4,-33.6,-31.8
5136.5,-33.4,-31.7
5136.6,-33.1,-31.7
5136.7,-32.8,-31.7
5136.8,-32.8,-31.6
5136.9,-33.2,-31.6
5137.0,-33.9,-31.6
5137.1,-34.7,-31.6
5137.2,-35.2,-31.6
5137.3,-35.1,-31.6
5137.4,-34.9,-31.6
5137.5,-34.7,-31.6
5137.6,-34.8,-31.6
5137.7,-35.5,-31.5
5137.8,-36.4,-31.5
5137.9,-37.4,-31.8
5138.0,-33.0,-32.0
5138.1,-30.2,-32.0
5138.2,-28.7,-31.9
5138.3,-27.8,-31.9
5138.4,-28.1,-31.9
5138.5,-29.0,-31.9
5138.6,-30.2,-31.9
5138.7,-31.4,-32.1
5138.8,-32.6,-32.2
5138.9,-32.9,-32.2
5139.0,-32.8,-32.2
5139.1,-32.7,-32.2
5139.2,-32.6,-32.2
5139.3,-33.3,-32.2
5139.4,-34.1,-32.3
5139.5,-35.1,-32.3
5139.6,-35.6,-32.4
5139.7,-35.2,-32.4
5139.8,-34.6,-32.4
5139.9,-34.0,-32.4
5140.0,-33.7,-32.4
5140.1,-34.0,-32.4
5140.2,-34.6,-32.4
5140.3,-35.5,-32.4
5140.4,-35.3,-32.4
5140.5,-34.2,-32.4
5140.6,-33.6,-32.3
5140.7,-33.3,-32.3
5140.8,-33.7,-32.2
5140.9,-35.1,-32.2
5141.0,-36.3,-32.6
5141.1,-37.5,-33.1
5141.2,-37.0,-33.5
5141.3,-36.0,-33.9
5141.4,-35.1,-34.1
5141.5,-34.3,-34.3
5141.6,-34.3,-34.4
5141.7,-34.7,-34.4
5141.8,-35.4,-34.5
5141.9,-36.0,-34.7
5142.0,-35.1,-34.7
5142.1,-34.4,-34.7
5142.2,-33.8,-34.7
5142.3,-33.6,-34.7
5142.4,-34.4,-34.8
5142.5,-35.4,-34.8
5142.6,-36.5,-34.8
5142.7,-36.0,-34.8
5142.8,-29.9,-33.7
5142.9,-27.4,-32.8
5143.0,-26.3,-32.3
5143.1,-25.7,-32.0
5143.2,-26.4,-31.7
5143.3,-27.5,-31.4
5143.4,-27.9,-31.2
5143.5,-27.9,-31.0
5143.6,-27.6,-30.7
5143.7,-27.3,-30.4
5143.8,-27.2,-30.2
5143.9,-26.9,-29.9
5144.0,-26.9,-29.6
5144.1,-26.4,-29.2
5144.2,-25.5,-28.8
5144.3,-24.2,-28.2
5144.4,-23.5,-27.8
5144.5,-23.1,-27.5
5144.6,-23.1,-27.2
5144.7,-23.5,-26.9
5144.8,-23.4,-26.5
5144.9,-23.4,-26.3
5145.0,-23.0,-25.9
5145.1,-22.7,-25.6
5145.2,-22.6,-25.4
5145.3,-22.7,-25.2
5145.4,-23.1,-25.0
5145.5,-23.6,-24.9
5145.6,-24.0,-24.7
5145.7,-24.4,-24.6
5145.8,-24.6,-24.6
5145.9,-25.2,-24.6
5146.0,-25.7,-24.6
5146.1,-26.0,-24.6
5146.2,-26.4,-24.6
5146.3,-26.3,-24.5
5146.4,-26.3,-24.5
5146.5,-26.7,-24.5
5146.6,-26.7,-24.5
5146.7,-26.8,-24.5
5146.8,-26.7,-24.5
5146.9,-26.6,-24.5
5147.0,-26.9,-24.5
5147.1,-27.6,-24.6
5147.2,-28.4,-24.7
5147.3,-29.3,-24.9
5147.4,-29.6,-25.1
5147.5,-29.7,-25.3
5147.6,-30.0,-25.4
5147.7,-29.9,-25.6
5147.8,-30.4,-25.9
5147.9,-30.9,-26.1
5148.0,-31.0,-26.4
5148.1,-31.4,-26.7
5148.2,-31.1,-27.0
5148.3,-30.7,-27.3
5148.4,-30.4,-27.6
5148.5,-30.3,-27.8
5148.6,-30.5,-28.1
5148.7,-31.0,-28.3
5148.8,-31.2,-28.5
5148.9,-31.6,-28.7
5149.0,-31.5,-28.9
5149.1,-31.0,-29.0
5149.2,-31.0,-29.2
5149.3,-31.0,-29.4
5149.4,-31.6,-29.7
5149.5,-32.4,-29.9
5149.6,-33.3,-30.1
5149.7,-33.9,-30.4
5149.8,-33.2,-30.7
5149.9,-32.6,-30.9
5150.0,-32.0,-31.0
5150.1,-31.7,-31.2
5150.2,-32.3,-31.3
5150.3,-33.2,-31.4
5150.4,-34.1,-31.6
5150.5,-34.1,-31.7
5150.6,-33.9,-31.8
5150.7,-33.4,-31.9
5150.8,-32.9,-31.9
5150.9,-33.1,-32.0
5151.0,-33.4,-32.1
5151.1,-33.9,-32.2
5151.2,-34.5,-32.3
5151.3,-33.8,-32.4
5151.4,-33.0,-32.5
5151.5,-32.4,-32.5
5151.6,-32.2,-32.6
5151.7,-32.8,-32.7
5151.8,-33.7,-32.8
5151.9,-34.8,-32.9
5152.0,-34.7,-33.0
5152.1,-32.9,-33.0
5152.2,-31.8,-33.0
5152.3,-31.2,-32.9
5152.4,-30.9,-32.9
5152.5,-31.7,-32.9
5152.6,-32.4,-32.9
5152.7,-33.1,-32.8
5152.8,-33.6,-33.0
5152.9,-33.6,-33.0
5153.0,-33.2,-33.0
5153.1,-32.9,-33.0
5153.2,-32.6,-33.0
5153.3,-33.0,-33.0
5153.4,-33.7,-33.0
5153.5,-34.6,-33.1
5153.6,-32.3,-32.8
5153.7,-29.4,-32.3
5153.8,-28.0,-31.9
5153.9,-27.2,-31.7
5154.0,-27.4,-31.5
5154.1,-28.8,-31.5
5154.2,-30.4,-31.4
5154.3,-32.3,-31.5
5154.4,-33.8,-31.6
5154.5,-34.4,-31.6
5154.6,-34.5,-31.6
5154.7,-34.3,-31.6
5154.8,-34.6,-31.7
5154.9,-35.5,-31.7
5155.0,-36.3,-31.7
5155.1,-36.8,-31.9
5155.2,-35.7,-32.0
5155.3,-34.5,-32.0
5155.4,-33.6,-32.1
5155.5,-33.0,-32.1
5155.6,-33.3,-32.1
5155.7,-33.9,-32.1
5155.8,-34.6,-32.1
5155.9,-35.2,-32.2
5156.0,-34.2,-32.2
5156.1,-33.4,-32.2
5156.2,-32.9,-32.2
5156.3,-32.8,-32.2
5156.4,-33.7,-32.2
5156.5,-34.7,-32.2
5156.6,-35.8,-32.5
5156.7,-35.4,-33.1
5156.8,-34.8,-33.6
5156.9,-34.1,-34.0
5157.0,-33.5,-34.2
5157.1,-33.6,-34.3
5157.2,-34.1,-34.3
5157.3,-34.8,-34.3
5157.4,-35.4,-34.4
5157.5,-35.8,-34.5
5157.6,-34.5,-34.3
5157.7,-33.5,-34.2
5157.8,-32.8,-34.1
5157.9,-32.4,-34.0
5158.0,-33.2,-34.0
5158.1,-34.1,-33.9
5158.2,-35.2,-34.0
5158.3,-35.8,-34.2
5158.4,-35.2,-34.2
5158.5,-34.5,-34.2
5158.6,-33.8,-34.1
5158.7,-33.6,-34.1
5158.8,-34.0,-34.1
5158.9,-34.7,-34.1
5159.0,-35.4,-34.3
5159.1,-36.1,-34.4
5159.2,-34.8,-34.4
5159.3,-33.9,-34.3
5159.4,-33.4,-34.2
5159.5,-33.2,-34.2
5159.6,-34.2,-34.2
5159.7,-35.5,-34.3
5159.8,-35.5,-34.3
5159.9,-30.7,-33.6
5160.0,-28.2,-32.8
5160.1,-26.6,-32.1
5160.2,-25.7,-31.7
5160.3,-25.9,-31.3
5160.4,-26.3,-31.0
5160.5,-27.0,-30.7
5160.6,-27.5,-30.6
5160.7,-27.7,-30.4
5160.8,-28.1,-30.3
5160.9,-28.5,-30.2
5161.0,-29.1,-30.1
5161.1,-30.5,-30.1
5161.2,-32.0,-30.1
5161.3,-33.5,-30.1
5161.4,-34.4,-30.1
5161.5,-34.4,-30.1
5161.6,-33.8,-30.1
5161.7,-33.1,-30.1
5161.8,-33.0,-30.0
5161.9,-33.1,-30.0
5162.0,-33.5,-30.0
5162.1,-34.1,-30.0
5162.2,-34.1,-30.0
5162.3,-33.5,-30.0
5162.4,-33.4,-30.0
5162.5,-33.3,-30.0
5162.6,-33.8,-30.0
5162.7,-34.9,-30.0
5162.8,-35.6,-30.0
5162.9,-36.5,-30.4
5163.0,-30.6,-30.4
5163.1,-27.9,-30.3
5163.2,-26.8,-30.3
5163.3,-26.1,-30.5
5163.4,-26.9,-30.6
5163.5,-28.3,-30.7
5163.6,-29.3,-30.8
5163.7,-30.1,-30.9
5163.8,-29.9,-30.9
5163.9,-29.6,-30.9
5164.0,-29.4,-30.8
5164.1,-29.5,-30.8
5164.2,-30.3,-30.7
5164.3,-31.4,-30.7
5164.4,-32.6,-30.7
5164.5,-33.7,-30.7
5164.6,-33.8,-30.7
5164.7,-33.7,-30.7
5164.8,-33.3,-30.7
5164.9,-33.1,-30.7
5165.0,-33.7,-30.7
5165.1,-34.3,-30.7
5165.2,-35.1,-30.8
5165.3,-35.4,-30.8
5165.4,-34.1,-30.8
5165.5,-33.2,-30.7
5165.6,-32.5,-30.7
5165.7,-32.3,-30.6
5165.8,-33.1,-30.6
5165.9,-34.2,-30.6
5166.0,-35.4,-31.1
5166.1,-34.2,-31.6
5166.2,-28.5,-31.1
5166.3,-26.1,-30.6
5166.4,-25.0,-30.3
5166.5,-24.5,-30.1
5166.6,-25.2,-29.9
5166.7,-26.3,-29.8
5166.8,-27.0,-29.8
5166.9,-27.5,-29.7
5167.0,-27.8,-29.6
5167.1,-28.2,-29.6
5167.2,-28.9,-29.6
5167.3,-30.0,-29.6
5167.4,-31.5,-29.6
5167.5,-32.9,-29.6
5167.6,-33.4,-29.6
5167.7,-32.6,-29.5
5167.8,-31.7,-29.5
5167.9,-31.0,-29.4
5168.0,-30.7,-29.3
5168.1,-31.0,-29.3
5168.2,-31.7,-29.3
5168.3,-32.5,-29.3
5168.4,-32.1,-29.2
5168.5,-31.7,-29.2
5168.6,-31.3,-29.2
5168.7,-31.1,-29.2
5168.8,-31.8,-29.1
5168.9,-32.5,-29.1
5169.0,-33.1,-29.1
5169.1,-33.5,-29.1
5169.2,-33.3,-29.6
5169.3,-32.8,-30.1
5169.4,-32.2,-30.5
5169.5,-31.8,-30.8
5169.6,-31.8,-31.1
5169.7,-32.3,-31.3
5169.8,-32.8,-31.6
5169.9,-33.3,-31.8
5170.0,-33.5,-32.1
5170.1,-32.9,-32.2
5170.2,-32.4,-32.2
5170.3,-32.1,-32.2
5170.4,-32.1,-32.2
5170.5,-32.7,-32.2
5170.6,-33.5,-32.2
5170.7,-34.5,-32.4
5170.8,-34.6,-32.5
5170.9,-34.3,-32.6
5171.0,-33.7,-32.6
5171.1,-33.0,-32.7
5171.2,-33.0,-32.7
5171.3,-33.2,-32.7
5171.4,-33.7,-32.9
5171.5,-34.2,-33.0
5171.6,-34.5,-33.1
5171.7,-34.5,-33.2
5171.8,-34.2,-33.2
5171.9,-34.1,-33.2
5172.0,-33.9,-33.2
5172.1,-34.1,-33.2
5172.2,-34.7,-33.3
5172.3,-35.3,-33.5
5172.4,-36.0,-33.7
5172.5,-36.7,-33.8
5172.6,-37.4,-34.0
5172.7,-35.5,-33.9
5172.8,-33.5,-33.8
5172.9,-32.2,-33.6
5173.0,-31.2,-33.5
5173.1,-31.2,-33.6
5173.2,-31.6,-33.6
5173.3,-32.0,-33.6
5173.4,-32.4,-33.6
5173.5,-33.0,-33.6
5173.6,-33.6,-33.6
5173.7,-33.8,-33.5
5173.8,-34.0,-33.5
5173.9,-34.0,-33.6
5174.0,-33.9,-33.7
5174.1,-34.5,-33.7
5174.2,-35.1,-33.8
5174.3,-35.7,-33.9
5174.4,-36.0,-33.9
5174.5,-36.3,-33.9
5174.6,-36.3,-34.0
5174.7,-36.4,-34.1
5174.8,-37.1,-34.2
5174.9,-38.0,-34.3
5175.0,-38.7,-34.4
5175.1,-39.3,-34.5
5175.2,-39.5,-34.5
5175.3,-39.8,-34.6
5175.4,-39.9,-34.6
5175.5,-40.1,-34.7
5175.6,-40.6,-34.7
5175.7,-40.9,-34.9
5175.8,-41.1,-35.3
5175.9,-41.3,-35.7
5176.0,-41.2,-36.1
5176.1,-41.2,-36.4
5176.2,-41.3,-36.7
5176.3,-41.6,-37.1
5176.4,-42.2,-37.4
5176.5,-42.3,-37.7
5176.6,-42.2,-37.9
5176.7,-42.3,-38.3
5176.8,-42.0,-38.7
5176.9,-41.8,-39.0
5177.0,-42.4,-39.4
5177.1,-42.7,-39.7
5177.2,-42.8,-39.9
5177.3,-42.8,-40.1
5177.4,-42.6,-40.4
5177.5,-42.3,-40.8
5177.6,-42.2,-41.0
5177.7,-42.3,-41.3
5177.8,-42.3,-41.4
5177.9,-41.8,-41.5
5178.0,-41.9,-41.6
5178.1,-41.8,-41.7
5178.2,-41.3,-41.7
5178.3,-41.3,-41.7
5178.4,-41.4,-41.8
5178.5,-41.6,-41.9
5178.6,-42.3,-42.0
5178.7,-43.3,-42.0
5178.8,-43.7,-42.1
5178.9,-43.4,-42.2
5179.0,-42.6,-42.2
5179.1,-37.8,-41.3
5179.2,-36.4,-40.8
5179.3,-36.0,-40.7
5179.4,-36.0,-40.6
5179.5,-38.2,-40.6
5179.6,-40.3,-40.6
5179.7,-41.2,-40.6
5179.8,-42.0,-40.6
5179.9,-42.8,-40.7
5180.0,-42.9,-40.7
5180.1,-42.6,-40.6
5180.2,-42.2,-40.6
5180.3,-42.0,-40.6
5180.4,-41.8,-40.6
5180.5,-37.5,-39.9
5180.6,-32.9,-38.3
5180.7,-31.1,-37.4
5180.8,-30.1,-36.8
5180.9,-30.0,-36.4
5181.0,-31.4,-36.3
5181.1,-33.1,-36.2
5181.2,-35.2,-36.2
5181.3,-37.6,-36.2
5181.4,-40.0,-36.2
5181.5,-41.8,-36.2
5181.6,-42.7,-36.2
5181.7,-43.1,-36.2
5181.8,-43.1,-36.2
5181.9,-43.6,-36.2
5182.0,-44.6,-36.2
5182.1,-44.9,-36.5
5182.2,-44.9,-36.7
5182.3,-45.1,-36.8
5182.4,-45.5,-36.8
5182.5,-45.8,-36.9
5182.6,-45.8,-36.9
5182.7,-46.3,-36.9
5182.8,-46.6,-36.9
5182.9,-46.3,-37.0
5183.0,-46.3,-37.0
5183.1,-46.6,-37.0
5183.2,-46.7,-37.1
5183.3,-46.5,-37.1
5183.4,-46.7,-37.1
5183.5,-46.7,-37.5
5183.6,-46.5,-38.8
5183.7,-46.6,-40.2
5183.8,-47.1,-41.8
5183.9,-47.3,-43.2
5184.0,-47.7,-44.3
5184.1,-48.2,-45.1
5184.2,-48.4,-45.6
5184.3,-48.5,-45.8
5184.4,-48.6,-45.9
5184.5,-48.5,-46.2
5184.6,-48.6,-46.5
5184.7,-48.8,-46.7
5184.8,-49.0,-46.8
5184.9,-49.2,-47.0
5185.0,-49.5,-47.2
5185.1,-39.8,-45.1
5185.2,-35.4,-42.6
5185.3,-34.1,-41.7
5185.4,-33.1,-40.9
5185.5,-33.2,-40.4
5185.6,-34.3,-40.0
5185.7,-34.9,-39.7
5185.8,-35.5,-39.4
5185.9,-36.0,-39.1
5186.0,-36.6,-39.0
5186.1,-37.3,-38.9
5186.2,-38.2,-38.8
5186.3,-39.2,-38.7
5186.4,-39.9,-38.6
5186.5,-40.5,-38.6
5186.6,-41.3,-38.5
5186.7,-42.2,-38.5
5186.8,-43.0,-38.5
5186.9,-43.2,-38.5
5187.0,-42.9,-38.4
5187.1,-42.2,-38.3
5187.2,-41.6,-38.3
5187.3,-41.3,-38.2
5187.4,-41.6,-38.2
5187.5,-42.3,-38.2
5187.6,-43.6,-38.2
5187.7,-45.3,-38.2
5187.8,-47.1,-38.2
5187.9,-49.0,-38.2
5188.0,-50.8,-38.2
5188.1,-52.0,-38.5
5188.2,-52.4,-39.4
5188.3,-51.8,-40.0
5188.4,-50.8,-40.5
5188.5,-49.7,-41.1
5188.6,-49.1,-41.7
5188.7,-49.1,-42.2
5188.8,-49.5,-42.9
5188.9,-50.0,-43.5
5189.0,-50.7,-44.0
5189.1,-50.9,-44.4
5189.2,-50.4,-44.8
5189.3,-49.3,-45.2
5189.4,-48.5,-45.5
5189.5,-48.0,-45.8
5189.6,-48.2,-46.0
5189.7,-48.9,-46.2
5189.8,-49.6,-46.4
5189.9,-50.3,-46.7
5190.0,-50.9,-47.2
5190.1,-51.8,-47.8
5190.2,-52.4,-48.5
5190.3,-52.3,-49.1
5190.4,-51.5,-49.6
5190.5,-50.7,-50.0
5190.6,-50.3,-50.2
5190.7,-50.3,-50.2
5190.8,-50.5,-50.2
5190.9,-50.7,-50.2
5191.0,-50.7,-50.1
5191.1,-50.5,-50.1
5191.2,-49.8,-50.0
5191.3,-48.1,-49.7
5191.4,-45.7,-49.2
5191.5,-43.8,-48.5
5191.6,-42.2,-47.8
5191.7,-40.9,-47.0
5191.8,-40.2,-46.3
5191.9,-39.8,-45.7
5192.0,-39.6,-45.2
5192.1,-39.8,-44.8
5192.2,-40.3,-44.6
5192.3,-40.8,-44.4
5192.4,-40.8,-44.1
5192.5,-39.9,-43.5
5192.6,-38.7,-42.9
5192.7,-37.4,-42.3
5192.8,-36.6,-41.7
5192.9,-36.3,-41.3
5193.0,-36.0,-40.8
5193.1,-35.6,-40.2
5193.2,-34.9,-39.6
5193.3,-34.1,-39.0
5193.4,-33.3,-38.4
5193.5,-32.6,-37.8
5193.6,-31.8,-37.1
5193.7,-31.0,-36.4
5193.8,-30.2,-35.7
5193.9,-29.5,-35.0
5194.0,-28.7,-34.3
5194.1,-27.9,-33.5
5194.2,-27.3,-32.9
5194.3,-26.8,-32.3
5194.4,-26.6,-31.8
5194.5,-26.7,-31.4
5194.6,-26.9,-31.1
5194.7,-27.2,-30.8
5194.8,-27.3,-30.5
5194.9,-27.0,-30.1
5195.0,-26.3,-29.7
5195.1,-25.4,-29.2
5195.2,-24.7,-28.7
5195.3,-24.0,-28.3
5195.4,-23.7,-27.9
5195.5,-23.7,-27.6
5195.6,-23.8,-27.3
5195.7,-24.3,-27.1
5195.8,-24.9,-26.9
5195.9,-25.5,-26.8
5196.0,-26.0,-26.6
5196.1,-26.4,-26.5
5196.2,-26.4,-26.4
5196.3,-26.0,-26.2
5196.4,-25.6,-26.1
5196.5,-25.2,-25.9
5196.6,-24.7,-25.8
5196.7,-24.5,-25.6
5196.8,-24.3,-25.5
5196.9,-24.3,-25.4
5197.0,-24.5,-25.3
5197.1,-24.8,-25.3
5197.2,-25.2,-25.2
5197.3,-25.6,-25.2
5197.4,-25.8,-25.2
5197.5,-26.1,-25.2
5197.6,-26.3,-25.2
5197.7,-26.6,-25.2
5197.8,-26.8,-25.2
5197.9,-26.9,-25.2
5198.0,-26.9,-25.2
5198.1,-27.1,-25.3
5198.2,-27.3,-25.5
5198.3,-27.7,-25.6
5198.4,-28.4,-25.8
5198.5,-29.2,-26.0
5198.6,-30.0,-26.2
5198.7,-30.9,-26.3
5198.8,-31.8,-26.4
5198.9,-32.6,-26.5
5199.0,-33.1,-26.7
5199.1,-33.3,-26.8
5199.2,-33.2,-26.9
5199.3,-32.8,-27.1
5199.4,-32.3,-27.3
5199.5,-31.7,-27.5
5199.6,-31.1,-27.7
5199.7,-30.6,-28.0
5199.8,-30.4,-28.3
5199.9,-30.1,-28.5
5200.0,-30.0,-28.7
5200.1,-29.7,-28.9
5200.2,-29.4,-29.0
5200.3,-28.9,-29.2
5200.4,-28.4,-29.2
5200.5,-27.7,-29.2
5200.6,-27.1,-29.2
5200.7,-26.5,-29.1
5200.8,-26.1,-29.1
5200.9,-25.9,-29.0
5201.0,-25.9,-29.0
5201.1,-26.1,-28.9
5201.2,-26.4,-28.9
5201.3,-26.9,-28.8
5201.4,-27.3,-28.8
5201.5,-27.7,-28.7
5201.6,-28.0,-28.6
5201.7,-28.3,-28.6
5201.8,-28.6,-28.5
5201.9,-28.9,-28.4
5202.0,-29.1,-28.3
5202.1,-29.0,-28.2
5202.2,-28.6,-28.1
5202.3,-28.0,-28.0
5202.4,-27.3,-27.9
5202.5,-26.7,-27.7
5202.6,-26.3,-27.6
5202.7,-26.2,-27.5
5202.8,-26.3,-27.4
5202.9,-26.5,-27.3
5203.0,-26.8,-27.2
5203.1,-27.0,-27.2
5203.2,-26.8,-27.1
5203.3,-26.4,-27.0
5203.4,-25.7,-26.9
5203.5,-25.1,-26.8
5203.6,-24.7,-26.7
5203.7,-24.5,-26.6
5203.8,-24.6,-26.6
5203.9,-25.0,-26.6
5204.0,-25.6,-26.6
5204.1,-26.2,-26.6
5204.2,-26.7,-26.6
5204.3,-26.9,-26.6
5204.4,-26.7,-26.6
5204.5,-26.4,-26.5
5204.6,-26.1,-26.4
5204.7,-25.9,-26.3
5204.8,-25.7,-26.2
5204.9,-25.5,-26.1
5205.0,-25.3,-26.0
5205.1,-25.3,-25.9
5205.2,-25.2,-25.8
5205.3,-25.2,-25.8
5205.4,-25.2,-25.7
5205.5,-25.1,-25.7
5205.6,-24.8,-25.6
5205.7,-24.3,-25.5
5205.8,-23.8,-25.4
5205.9,-23.5,-25.2
5206.0,-23.2,-25.1
5206.1,-23.1,-24.9
5206.2,-23.0,-24.8
5206.3,-23.1,-24.7
5206.4,-23.2,-24.7
5206.5,-23.6,-24.7
5206.6,-24.1,-24.7
5206.7,-24.8,-24.8
5206.8,-25.7,-24.8
5206.9,-26.5,-24.9
5207.0,-27.7,-24.9
5207.1,-28.7,-25.0
5207.2,-29.7,-25.0
5207.3,-30.4,-25.1
5207.4,-30.5,-25.2
5207.5,-30.1,-25.2
5207.6,-29.6,-25.3
5207.7,-29.3,-25.4
5207.8,-29.2,-25.5
5207.9,-29.2,-25.5
5208.0,-29.3,-25.7
5208.1,-29.6,-25.8
5208.2,-30.1,-25.9
5208.3,-30.4,-26.0
5208.4,-30.8,-26.2
5208.5,-30.8,-26.3
5208.6,-30.5,-26.5
5208.7,-30.0,-26.7
5208.8,-29.6,-26.9
5208.9,-29.1,-27.2
5209.0,-28.8,-27.5
5209.1,-28.8,-27.8
5209.2,-28.9,-28.2
5209.3,-28.9,-28.5
5209.4,-29.0,-28.8
5209.5,-29.1,-29.0
5209.6,-28.9,-29.2
5209.7,-28.8,-29.4
5209.8,-28.6,-29.4
5209.9,-28.3,-29.4
5210.0,-28.1,-29.3
5210.1,-28.0,-29.2
5210.2,-27.9,-29.1
5210.3,-27.9,-29.1
5210.4,-27.8,-29.0
5210.5,-27.3,-28.8
5210.6,-26.8,-28.7
5210.7,-26.3,-28.5
5210.8,-25.8,-28.4
5210.9,-25.5,-28.2
5211.0,-25.1,-28.0
5211.1,-24.7,-27.7
5211.2,-24.3,-27.4
5211.3,-23.9,-27.1
5211.4,-23.7,-26.9
5211.5,-23.8,-26.7
5211.6,-24.0,-26.5
5211.7,-24.4,-26.4
5211.8,-25.0,-26.3
5211.9,-25.7,-26.3
5212.0,-26.4,-26.2
5212.1,-27.2,-26.2
5212.2,-27.9,-26.2
5212.3,-28.8,-26.3
5212.4,-29.6,-26.3
5212.5,-30.0,-26.3
5212.6,-30.2,-26.3
5212.7,-30.2,-26.4
5212.8,-30.1,-26.4
5212.9,-30.2,-26.4
5213.0,-30.4,-26.5
5213.1,-30.7,-26.5
5213.2,-30.9,-26.6
5213.3,-31.1,-26.7
5213.4,-31.2,-26.7
5213.5,-30.9,-26.8
5213.6,-30.3,-26.9
5213.7,-29.6,-27.0
5213.8,-28.8,-27.1
5213.9,-28.3,-27.2
5214.0,-28.1,-27.4
5214.1,-27.9,-27.6
5214.2,-27.9,-27.8
5214.3,-27.7,-28.0
5214.4,-27.5,-28.2
5214.5,-27.2,-28.4
5214.6,-26.9,-28.5
5214.7,-26.6,-28.6
5214.8,-26.5,-28.6
5214.9,-26.4,-28.6
5215.0,-26.4,-28.5
5215.1,-26.3,-28.4
5215.2,-26.4,-28.3
5215.3,-26.5,-28.2
5215.4,-26.5,-28.1
5215.5,-26.7,-28.0
5215.6,-27.1,-27.9
5215.7,-27.7,-27.9
5215.8,-28.5,-27.9
5215.9,-29.5,-27.9
5216.0,-30.3,-27.9
5216.1,-30.6,-27.9
5216.2,-30.7,-27.9
5216.3,-30.7,-27.9
5216.4,-30.9,-27.9
5216.5,-31.2,-27.9
5216.6,-31.7,-28.0
5216.7,-32.2,-28.1
5216.8,-33.0,-28.2
5216.9,-33.9,-28.3
5217.0,-34.7,-28.5
5217.1,-35.1,-28.6
5217.2,-35.2,-28.7
5217.3,-35.1,-28.9
5217.4,-35.0,-29.1
5217.5,-34.7,-29.3
5217.6,-34.0,-29.5
5217.7,-32.9,-29.7
5217.8,-31.9,-29.9
5217.9,-31.0,-30.1
5218.0,-30.4,-30.3
5218.1,-30.0,-30.5
5218.2,-29.8,-30.7
5218.3,-29.8,-30.9
5218.4,-30.1,-31.2
5218.5,-30.7,-31.5
5218.6,-31.7,-31.7
5218.7,-32.9,-31.9
5218.8,-34.3,-32.0
5218.9,-35.7,-32.2
5219.0,-37.1,-32.4
5219.1,-38.7,-32.6
5219.2,-40.4,-32.8
5219.3,-42.1,-33.0
5219.4,-44.0,-33.2
5219.5,-46.3,-33.4
5219.6,-48.9,-33.6
5219.7,-51.8,-33.8
5219.8,-55.5,-33.9
5219.9,-60.9,-34.0
5220.0,-68.8,-34.1
5220.1,-79.9,-34.2
5220.2,-81.9,-34.3
5220.3,-83.8,-34.5
5220.4,-85.9,-34.6
5220.5,-87.9,-34.8
5220.6,-89.8,-35.0
5220.7,-91.6,-35.4
5220.8,-93.4,-35.8
5220.9,-95.8,-36.4
5221.0,-98.9,-37.1
5221.1,-103.2,-38.0
5221.2,-116.8,-39.1
5221.3,-116.9,-40.5
5221.4,-116.9,-41.9
5221.5,-116.8,-43.4
5221.6,-116.9,-45.0
5221.7,-116.8,-46.7
5221.8,-116.8,-48.5
5221.9,-116.9,-50.4
