time_seconds,timestamp,candidate,score,rms_db,onset_strength,spectral_centroid_hz,bandwidth_hz,zcr
1.1377777777777778,00:00:01.14,SWELL,12.097221374511719,-46.34652328491211,0.29512253403663635,436.2368641956858,1083.887916873952,0.0146484375
6.757006802721088,00:00:06.76,HARSH,3.8306763220293214,-32.606868743896484,0.01553809642791748,4445.703070907019,2659.3186012175233,0.455078125
11.354557823129252,00:00:11.35,SWELL,5.838644027709961,-52.947593688964844,1.0381666421890259,1302.7661135810893,1279.762641630652,0.0693359375
23.219954648526077,00:00:23.22,SWELL,5.068630218505859,-37.117897033691406,0.7049921751022339,867.3207108654119,1093.0463122022286,0.03955078125
37.10548752834467,00:00:37.11,IMPACT,8.572122674386783,-28.469432830810547,7.244069576263428,2615.6676014149334,2390.300366744753,0.15283203125
41.84235827664399,00:00:41.84,IMPACT,5.519384025287495,-30.888526916503906,4.826603412628174,2577.2995695964687,2585.528263302781,0.16162109375
57.72480725623583,00:00:57.72,HARSH,2.8195292734189294,-21.152790069580078,0.40325993299484253,4158.048179425348,3198.6112298710573,0.23486328125
58.026666666666664,00:00:58.03,IMPACT,4.792596797318192,-35.39417266845703,3.951427459716797,4838.808811068388,2521.1964992155927,0.3974609375
62.09015873015873,00:01:02.09,HARSH,2.960559937524411,-37.76847457885742,2.3022215366363525,4648.4836150789815,3011.655347051043,0.3134765625
62.577777777777776,00:01:02.58,IMPACT,5.725326316402078,-34.71265411376953,4.577396392822266,5280.985931287869,2853.5227894010673,0.40380859375
65.99111111111111,00:01:05.99,HARSH,2.967134284182317,-39.77983856201172,1.875340461730957,4439.8019277219955,2821.158193463343,0.34326171875
66.80380952380952,00:01:06.80,IMPACT,9.317721454100353,-27.833580017089844,7.682134628295898,3338.191525996633,2654.5780403274657,0.2509765625
74.7914739229025,00:01:14.79,IMPACT,11.907477985944576,-28.399642944335938,9.811469078063965,3042.5592626380912,2656.2640808885762,0.25390625
76.39365079365079,00:01:16.39,IMPACT,7.314735883036493,-38.90284729003906,6.2205891609191895,3136.2772223863753,3319.090885356207,0.169921875
76.39365079365079,00:01:16.39,HIGH_LOAD,5.006650044291621,-38.90284729003906,6.2205891609191895,3136.2772223863753,3319.090885356207,0.169921875
83.24353741496599,00:01:23.24,IMPACT,11.518449613527734,-29.66668701171875,9.770627975463867,1913.7835604046802,2072.0459150480156,0.06640625
84.6831746031746,00:01:24.68,IMPACT,9.052210850803183,-35.27117919921875,7.582037925720215,3257.419698238402,2852.909029156036,0.19775390625
85.70485260770975,00:01:25.70,IMPACT,6.211562200682317,-32.334232330322266,5.124642848968506,4131.856576575222,2789.7004743983994,0.24072265625
90.27918367346939,00:01:30.28,HARSH,3.022884075576625,-33.429866790771484,1.0666024684906006,4276.390991841351,3215.675320025793,0.3154296875
101.12290249433107,00:01:41.12,IMPACT,6.397681615631448,-36.846229553222656,5.42017936706543,3569.1842190898124,2968.5801013629007,0.2568359375
102.70185941043084,00:01:42.70,IMPACT,8.743873690141166,-28.88962173461914,7.6160783767700195,1595.0821236600764,1844.0914088861532,0.08056640625
103.88607709750566,00:01:43.89,HIGH_LOAD,7.543506428128254,-35.37053298950195,8.852604866027832,3850.52748594007,2849.2098063702188,0.30517578125
103.88607709750566,00:01:43.89,IMPACT,10.76068767810502,-35.37053298950195,8.852604866027832,3850.52748594007,2849.2098063702188,0.30517578125
105.11673469387755,00:01:45.12,IMPACT,5.415868583280056,-27.599464416503906,4.515237808227539,3736.812947503463,2434.949045557048,0.283203125
106.4867120181406,00:01:46.49,IMPACT,4.871738897160955,-42.90032196044922,4.008645057678223,5227.730069269273,3105.9513184867005,0.4638671875
106.95111111111112,00:01:46.95,HARSH,4.517149213961596,-46.09635543823242,1.3177495002746582,5933.151160434631,2801.0320111572432,0.53759765625
107.81024943310658,00:01:47.81,IMPACT,7.692514905726563,-35.21397399902344,6.24673318862915,4735.325889470898,2876.35527878346,0.365234375
109.08734693877551,00:01:49.09,IMPACT,11.315773489148034,-32.29100036621094,9.18903923034668,4412.952608287642,2523.8710634072763,0.3408203125
109.08734693877551,00:01:49.09,HIGH_LOAD,8.03269379001635,-32.29100036621094,9.18903923034668,4412.952608287642,2523.8710634072763,0.3408203125
110.5966439909297,00:01:50.60,IMPACT,5.923465073296728,-37.56263732910156,4.950089454650879,4220.608764224442,2919.7841712494674,0.33349609375
112.03628117913833,00:01:52.04,IMPACT,11.802009500622047,-31.184619903564453,9.899967193603516,2634.0183547704714,2099.938929214705,0.1826171875
113.15083900226757,00:01:53.15,IMPACT,6.998410557597424,-30.607620239257812,5.610731601715088,4966.222087146143,2581.5193738040393,0.3798828125
114.40471655328798,00:01:54.40,IMPACT,6.362493941768929,-28.718082427978516,5.196328163146973,4450.332323197899,2216.022288725106,0.337890625
114.40471655328798,00:01:54.40,HIGH_LOAD,5.060491186411737,-28.718082427978516,5.196328163146973,4450.332323197899,2216.022288725106,0.337890625
119.51310657596372,00:01:59.51,HIGH_LOAD,4.215135313149551,-26.140514373779297,4.653530120849609,3398.80980075643,2344.5601423964918,0.2392578125
140.43428571428572,00:02:20.43,IMPACT,4.936443818342013,-27.404407501220703,4.199662208557129,2821.7872634960136,3175.0141141896843,0.041015625
140.9451247165533,00:02:20.95,HARSH,3.3284055656140126,-21.19112777709961,2.9498891830444336,4559.490013944,2533.4668892393,0.32275390625
143.0117006802721,00:02:23.01,IMPACT,6.170901519023193,-30.543987274169922,5.0530571937561035,4060.261543578192,2991.9974328700923,0.16455078125
144.03337868480725,00:02:24.03,IMPACT,5.357067693644268,-32.0262336730957,4.485376358032227,3452.9900649803503,3371.17212640878,0.08740234375
146.4714739229025,00:02:26.47,IMPACT,10.756457695002133,-21.095979690551758,8.751018524169922,2925.0263757748153,3034.3609253001114,0.02294921875
151.20834467120181,00:02:31.21,HIGH_LOAD,5.606408331232016,-23.598369598388672,6.945830821990967,3363.5793332661433,3041.661670330255,0.072265625
151.20834467120181,00:02:31.21,IMPACT,8.540585197992623,-23.598369598388672,6.945830821990967,3363.5793332661433,3041.661670330255,0.072265625
153.18204081632652,00:02:33.18,IMPACT,6.390109901914324,-24.963088989257812,5.323083400726318,3100.933366985845,2747.359710967576,0.05908203125
156.68825396825397,00:02:36.69,HIGH_LOAD,5.811387556265283,-31.33690643310547,6.992959976196289,4036.3225679328334,2540.4730127416515,0.17431640625
169.92362811791384,00:02:49.92,IMPACT,6.275969856199804,-34.06908416748047,5.287534236907959,3421.6301815054157,3104.4337317827435,0.091796875
177.05215419501133,00:02:57.05,IMPACT,11.917212072158414,-18.177783966064453,9.830867767333984,2231.5300362696266,2258.629076600111,0.14599609375
177.9112925170068,00:02:57.91,HIGH_LOAD,4.715148699280119,-31.48078155517578,4.632461071014404,4392.647186997081,2602.318922571965,0.36279296875
178.37569160997734,00:02:58.38,IMPACT,12.07659746165425,-27.149036407470703,9.934854507446289,2978.239362203492,2677.2476202210114,0.09375
182.4391836734694,00:03:02.44,IMPACT,5.100426121244337,-23.948394775390625,4.180034637451172,3436.3384149837884,3112.959716189911,0.134765625
218.08181405895692,00:03:38.08,IMPACT,5.779759217601876,-18.815580368041992,5.225277423858643,859.787918814731,1643.597677491953,0.029296875
224.16544217687076,00:03:44.17,IMPACT,8.200812554843179,-18.366466522216797,6.962545871734619,1650.8301855070818,2209.416295599347,0.0390625
229.9239909297052,00:03:49.92,IMPACT,5.60982388306249,-8.39006233215332,5.0679097175598145,386.51448122583196,1005.324984289651,0.005859375
234.24290249433108,00:03:54.24,IMPACT,4.737525434966876,-24.968955993652344,3.7952322959899902,4282.247009506944,2847.513374370752,0.2548828125
237.30793650793652,00:03:57.31,HIGH_LOAD,4.15714013406564,-30.617809295654297,3.7781529426574707,4964.5549010108225,2883.6097417649626,0.32666015625
238.9101133786848,00:03:58.91,IMPACT,6.008792565723153,-27.815284729003906,5.481034278869629,1395.2231885313956,1501.9408241584877,0.0556640625
308.1984580498866,00:05:08.20,IMPACT,7.127309689599847,-20.604053497314453,6.246275901794434,1487.8441764099948,1477.7843262017434,0.08447265625
308.1984580498866,00:05:08.20,HIGH_LOAD,4.487526600706776,-20.604053497314453,6.246275901794434,1487.8441764099948,1477.7843262017434,0.08447265625
314.8625850340136,00:05:14.86,IMPACT,5.846327132904006,-29.37677764892578,5.229519367218018,2003.30725891801,1929.8575617910394,0.1162109375
337.3859410430839,00:05:37.39,IMPACT,8.504598530941902,-31.632553100585938,7.291720390319824,2366.9317039944362,2304.0211870086746,0.10693359375
341.49587301587303,00:05:41.50,IMPACT,6.098796575389473,-31.999248504638672,5.348957061767578,2489.573044862016,2341.665635050159,0.1298828125
348.36897959183676,00:05:48.37,IMPACT,5.219249377717884,-36.031578063964844,4.803107261657715,1962.8563394035707,2292.2378361847823,0.072265625
358.95727891156463,00:05:58.96,IMPACT,6.4535662740505035,-35.96710205078125,5.5401082038879395,2995.379623185403,3018.147921421972,0.13232421875
365.8071655328798,00:06:05.81,IMPACT,7.481175834002142,-21.30113983154297,6.574766159057617,1107.1795336142995,1743.2844359868914,0.0341796875
403.5860317460317,00:06:43.59,IMPACT,6.929021214913675,-21.228031158447266,5.80564022064209,2845.4220676286095,2103.5129289142565,0.13037109375
405.74548752834465,00:06:45.75,IMPACT,5.508186292054033,-24.960407257080078,4.956442356109619,1785.3391981292368,1626.3509294768112,0.09716796875
408.1835827664399,00:06:48.18,IMPACT,5.243039409505393,-22.26244354248047,4.6579718589782715,1839.9321102240806,1937.3422510191936,0.09130859375
408.83374149659863,00:06:48.83,HARSH,4.296568677031729,-29.320404052734375,1.5932265520095825,5539.0215232203045,2305.9575844924466,0.4697265625
409.3445804988662,00:06:49.34,IMPACT,9.47616115559785,-23.509857177734375,8.136163711547852,1619.8700718178054,1608.3179930522454,0.080078125
410.9467573696145,00:06:50.95,IMPACT,8.812889556058703,-29.328033447265625,7.52475118637085,2186.4933436354113,2360.111822766625,0.08154296875
412.31673469387755,00:06:52.32,IMPACT,15.00104349928505,-22.67405891418457,12.393486022949219,2265.3386066476505,1993.509293171913,0.1162109375
412.40961451247165,00:06:52.41,HARSH,3.037365739833734,-28.705238342285156,0.42873871326446533,4913.444460475795,2791.1837382079334,0.27978515625
413.4312925170068,00:06:53.43,IMPACT,11.60669550724135,-24.108566284179688,9.767207145690918,2082.640915264634,1666.8826046262072,0.15234375
413.4312925170068,00:06:53.43,HIGH_LOAD,7.41787804324973,-24.108566284179688,9.767207145690918,2082.640915264634,1666.8826046262072,0.15234375
415.7532879818594,00:06:55.75,IMPACT,5.157186331458225,-27.0726318359375,4.748260498046875,1648.0990976869764,1481.405705382299,0.10546875
418.0056235827664,00:06:58.01,IMPACT,9.749941646121215,-20.646509170532227,8.329671859741211,1455.7171023633978,1666.0700804353544,0.07177734375
419.02730158730157,00:06:59.03,IMPACT,7.422824018941346,-23.890384674072266,6.323581695556641,2186.133533274794,2372.1947687169936,0.10009765625
421.3260770975057,00:07:01.33,IMPACT,7.180093690224571,-24.973926544189453,6.100015640258789,2651.126779392339,2096.195690826529,0.19970703125
423.6248526077097,00:07:03.62,IMPACT,9.584546521971253,-20.46158218383789,8.279335975646973,1350.6858133037153,1041.9622734993457,0.087890625
424.0195918367347,00:07:04.02,HIGH_LOAD,4.194108434012643,-18.394699096679688,5.718755722045898,1610.3917937811684,1577.4073175879203,0.08544921875
424.87873015873015,00:07:04.88,IMPACT,5.07404774231251,-21.414203643798828,4.543580055236816,1969.7011371742376,1420.6719675312345,0.158203125
425.9004081632653,00:07:05.90,IMPACT,11.836843049189307,-21.60886573791504,9.898710250854492,1907.1484715353668,2046.5444532037234,0.103515625
451.5584580498866,00:07:31.56,IMPACT,6.471706438928113,-25.0489501953125,5.378112316131592,3279.569730774825,2582.1525089125303,0.16650390625
498.25378684807254,00:08:18.25,IMPACT,9.058101799159681,-22.665756225585938,7.51930570602417,2383.0972584319034,2925.476459223665,0.056640625
498.671746031746,00:08:18.67,SWELL,2.822687864303589,-18.271896362304688,0.4796755313873291,550.7481501275433,730.388837460356,0.0341796875
500.6918820861678,00:08:20.69,IMPACT,10.426799299010437,-15.787179946899414,8.720455169677734,1545.8930481555274,2192.784858489512,0.037109375
514.693514739229,00:08:34.69,IMPACT,5.787042359666408,-14.066326141357422,5.326658725738525,444.09621476401645,685.7311893496502,0.013671875
517.3638095238096,00:08:37.36,IMPACT,5.288332754437285,-17.580427169799805,4.976415634155273,464.26751641259,730.9158692882884,0.01611328125
520.1966439909297,00:08:40.20,IMPACT,7.357699601565878,-16.236881256103516,6.339817047119141,1296.6048048376879,1954.612886839407,0.03955078125
521.3112018140589,00:08:41.31,IMPACT,4.925649371152438,-14.145343780517578,4.408101558685303,1050.9433626094137,1890.939146540581,0.0263671875
522.681179138322,00:08:42.68,IMPACT,5.2589037168336,-14.467315673828125,4.701330661773682,993.9066048317911,1779.897823861979,0.0205078125
523.4009977324263,00:08:43.40,HIGH_LOAD,4.389160142836329,-18.770166397094727,6.259346961975098,1200.128934412253,1916.7134813964137,0.0263671875
531.9227210884354,00:08:51.92,IMPACT,6.500774842490976,-19.06552505493164,5.38469123840332,2450.1877140135057,3107.2172834931275,0.03759765625
538.6332879818594,00:08:58.63,IMPACT,6.611395090869821,-17.50769805908203,5.600327491760254,2095.227198012504,2241.991738546549,0.1025390625
546.8299319727892,00:09:06.83,IMPACT,9.819023235556823,-16.864551544189453,8.032069206237793,2656.9374240761736,2525.7589369478596,0.1337890625
558.7185487528345,00:09:18.72,IMPACT,5.336720298569078,-13.357345581054688,4.340161323547363,2681.302714137212,2948.56595421148,0.115234375
577.5267120181406,00:09:37.53,SWELL,4.437081813812256,-37.20735549926758,1.4532296657562256,2140.1517488487734,2290.4039724840172,0.11083984375
589.4849886621315,00:09:49.48,IMPACT,21.48613554308298,-23.196245193481445,17.388826370239258,3027.5358478541784,2680.8738393331414,0.177734375
607.7126530612245,00:10:07.71,HIGH_LOAD,4.494493021596943,-12.258260726928711,5.153948783874512,2707.4054283010228,2500.0461252595574,0.13671875
607.7126530612245,00:10:07.71,IMPACT,6.321012525110852,-12.258260726928711,5.153948783874512,2707.4054283010228,2500.0461252595574,0.13671875
615.0037188208616,00:10:15.00,IMPACT,5.718758239886672,-25.98199462890625,4.842315196990967,2935.1462650107624,2633.4426379285783,0.19287109375
618.7653514739229,00:10:18.77,IMPACT,5.368893970019944,-28.302921295166016,4.668877601623535,2539.838734477419,2601.0652945186357,0.13134765625
622.5966439909297,00:10:22.60,IMPACT,7.278010523847442,-16.209423065185547,6.123474597930908,2154.6624260499075,2050.1749000740824,0.12890625
626.2421768707483,00:10:26.24,IMPACT,10.208490128918463,-14.147586822509766,8.439702987670898,2030.8510432313328,2187.6120624463947,0.09375
641.0797278911565,00:10:41.08,IMPACT,5.191731041127237,-20.510238647460938,4.6247782707214355,1546.8685074962127,2050.151246109169,0.07958984375
642.3336054421769,00:10:42.33,IMPACT,6.001688646062632,-22.193885803222656,5.217583656311035,1894.3399238157542,2280.0211161100515,0.0732421875
643.842902494331,00:10:43.84,IMPACT,8.59993260435555,-12.683673858642578,7.298432350158691,1209.3640822247844,1879.964991833669,0.02734375
645.9094784580499,00:10:45.91,IMPACT,8.80352729763089,-8.63047981262207,7.3949408531188965,1082.1204636742832,2080.7929436801187,0.0234375
647.0472562358277,00:10:47.05,IMPACT,6.442543960424062,-22.841163635253906,5.603280067443848,1804.8620806262938,2208.023189472644,0.09521484375
649.485351473923,00:10:49.49,IMPACT,8.398261545541304,-9.796646118164062,7.094832897186279,1171.349642395858,1896.8561484240342,0.02099609375
649.8104308390023,00:10:49.81,HARSH,3.16250900068683,-22.858436584472656,4.172196865081787,4043.461305583397,2502.4296295294134,0.33349609375
653.4095238095238,00:10:53.41,IMPACT,5.859071271188578,-22.582643508911133,5.225159168243408,1377.3761339075659,2003.748053911957,0.0439453125
655.7779591836735,00:10:55.78,HIGH_LOAD,4.671873080675773,-25.24449920654297,6.030036926269531,2493.187463714489,2474.7285680652226,0.10009765625
666.6448979591837,00:11:06.64,IMPACT,6.031002345417883,-23.514514923095703,5.072100639343262,2852.9707004320826,2574.4028587287726,0.12548828125
674.2378231292518,00:11:14.24,IMPACT,5.072728021466341,-28.353599548339844,4.4134697914123535,2649.5200097583515,2612.1853366780556,0.1455078125
678.6728344671202,00:11:18.67,IMPACT,5.082812818289088,-27.393962860107422,4.4003520011901855,2703.561604762183,2581.8737619076155,0.150390625
679.764172335601,00:11:19.76,IMPACT,5.992838537093567,-26.867088317871094,4.967273712158203,3578.2981643595576,2654.7906314729125,0.25146484375
686.3818594104308,00:11:26.38,IMPACT,12.085170255888542,-25.328811645507812,9.93461799621582,2879.895430648324,2620.721350936478,0.171875
692.9298866213152,00:11:32.93,IMPACT,5.230744113641376,-28.137439727783203,4.565934658050537,2482.4437476542694,2594.0985388902213,0.10986328125
697.7364172335601,00:11:37.74,IMPACT,4.946250049510613,-29.468021392822266,4.255099296569824,2978.9368498469767,2804.2700892494972,0.1171875
699.013514739229,00:11:39.01,IMPACT,5.614576163873171,-28.565711975097656,4.863397598266602,2567.538292488216,2616.5101172318728,0.1259765625
715.8479818594104,00:11:55.85,IMPACT,9.660752692613006,-23.727149963378906,7.9116597175598145,3244.9892059113995,2597.1515524770602,0.1806640625
723.6963265306123,00:12:03.70,IMPACT,8.130035396664079,-25.730674743652344,6.861344337463379,2487.7121049180655,2444.9089048273163,0.056640625
727.6901587301587,00:12:07.69,IMPACT,6.64166279679447,-26.070903778076172,5.433743000030518,4043.0358881737216,2311.4997230932886,0.31787109375
730.7319727891156,00:12:10.73,HARSH,4.686572589165039,-26.945648193359375,2.460003137588501,5575.222396648262,2998.7277160279777,0.4892578125
732.1716099773242,00:12:12.17,IMPACT,5.301663361000869,-24.023117065429688,4.627935409545898,2516.185399366071,1878.9268242570813,0.12744140625
734.2381859410431,00:12:14.24,IMPACT,4.810933686591036,-21.89876937866211,4.234701156616211,2322.9607608042493,1862.7678894536848,0.09326171875
756.0881632653061,00:12:36.09,IMPACT,5.920387634730566,-19.28773307800293,5.369707107543945,835.1035811357638,1456.9109156775,0.0234375
761.9163718820862,00:12:41.92,IMPACT,4.885094665601631,-30.4774169921875,4.7211012840271,1239.6526434809182,854.8895795311472,0.1181640625
763.3327891156463,00:12:43.33,IMPACT,9.122422317397103,-21.106246948242188,7.708747863769531,2015.9345954356227,1978.5326554598862,0.0791015625
764.7492063492064,00:12:44.75,IMPACT,6.090664128383321,-30.530845642089844,5.323825836181641,2343.9748138512414,2516.3109713821436,0.1796875
766.6996825396825,00:12:46.70,HIGH_LOAD,6.459693471199854,-41.0229606628418,7.982071876525879,3852.4525412366106,2934.1830600360904,0.2060546875
766.6996825396825,00:12:46.70,IMPACT,9.56985643981712,-41.0229606628418,7.982071876525879,3852.4525412366106,2934.1830600360904,0.2060546875
769.2074376417233,00:12:49.21,IMPACT,9.8787571781022,-32.418296813964844,8.059720993041992,4074.160727853233,2874.053152431788,0.25830078125
770.5309750566894,00:12:50.53,IMPACT,10.215035430556284,-27.244606018066406,8.118988037109375,5146.8618363839705,2400.1903072014516,0.4384765625
771.5758730158731,00:12:51.58,IMPACT,6.4653391007056324,-25.537437438964844,5.682865142822266,1876.8090561537692,1934.8232498866732,0.06591796875
771.9241723356009,00:12:51.92,HIGH_LOAD,4.496734647905582,-32.807167053222656,3.9735710620880127,5454.193798638695,2065.505073638351,0.42578125
772.2956916099773,00:12:52.30,HARSH,3.062225636912897,-33.238468170166016,3.826801300048828,4430.312254898743,2126.3188570563925,0.359375
773.5727891156463,00:12:53.57,IMPACT,6.615269971841918,-27.21825408935547,5.962425231933594,1391.0530210479697,1453.3940287929142,0.06689453125
774.710566893424,00:12:54.71,IMPACT,11.955256578062071,-24.034887313842773,10.154698371887207,1502.6044304267862,1537.4596487674419,0.0859375
776.8932426303855,00:12:56.89,IMPACT,13.551523792705394,-21.891075134277344,10.739075660705566,5135.085123247137,2067.6048117513915,0.38818359375
777.6362811791383,00:12:57.64,HIGH_LOAD,5.244475146724926,-23.74855613708496,6.400196075439453,2651.3912630774475,2545.5066311687756,0.16748046875
778.0078004535147,00:12:58.01,IMPACT,7.1768611474825486,-26.809093475341797,6.444693565368652,1208.687178259857,1365.236832974583,0.033203125
779.1455782312925,00:12:59.15,HARSH,3.849330547686947,-30.309661865234375,3.284374952316284,5236.998340738284,2319.420321687701,0.4189453125
780.3994557823129,00:13:00.40,IMPACT,6.738559373132307,-31.924163818359375,5.361381530761719,5631.001958015476,2147.1213739210616,0.42431640625
782.1873922902495,00:13:02.19,IMPACT,8.399498542836941,-33.455169677734375,6.958554267883301,3916.6588475118297,2511.6841162709275,0.28466796875
782.3034920634921,00:13:02.30,HARSH,3.4797611718434402,-28.125926971435547,2.365609884262085,4740.034227471171,2377.0614448017973,0.375
788.2245804988662,00:13:08.22,IMPACT,4.958241453217965,-22.383895874023438,4.4348225593566895,1700.607389075748,2125.109087292473,0.0810546875
789.4784580498866,00:13:09.48,IMPACT,7.336966374136782,-29.784332275390625,6.116329669952393,3659.6384638276254,2284.3034492486167,0.19677734375
790.8252154195011,00:13:10.83,IMPACT,13.86463972335619,-25.874691009521484,11.213150978088379,3919.9268098434745,2452.5712199516247,0.201171875
793.5651700680272,00:13:13.57,IMPACT,5.411794654005877,-32.644927978515625,5.00691556930542,1472.2329129961304,2074.8828271302323,0.06591796875
795.7246258503401,00:13:15.72,SWELL,2.596416473388672,-51.05624771118164,0.3364714980125427,3294.535368409164,2889.500849765112,0.19140625
797.2803628117914,00:13:17.28,IMPACT,7.149435969606139,-27.53398895263672,5.507052898406982,6057.197508834508,2530.0106371331635,0.40771484375
798.5110204081633,00:13:18.51,IMPACT,7.837770036078216,-36.81819534301758,6.612819194793701,3749.5961904033925,2312.951841104463,0.279296875
799.1379591836735,00:13:19.14,HIGH_LOAD,5.888774906322072,-41.08159255981445,6.899609565734863,4361.29086747107,2342.4328582468147,0.2880859375
800.7169160997732,00:13:20.72,IMPACT,4.913727198427811,-31.40245819091797,4.517542839050293,1744.317446067561,2313.9907268585307,0.0869140625
804.3624489795918,00:13:24.36,HIGH_LOAD,5.15503724785993,-18.54611587524414,7.188270092010498,1110.9236156957809,1641.5222681983587,0.0703125
804.3624489795918,00:13:24.36,IMPACT,8.290926860541349,-18.54611587524414,7.188270092010498,1110.9236156957809,1641.5222681983587,0.0703125
805.7092063492064,00:13:25.71,IMPACT,12.445390896917765,-26.19647216796875,10.177909851074219,3416.6151061665214,2345.4730552139126,0.26123046875
808.472380952381,00:13:28.47,SWELL,3.3275930881500244,-40.50816345214844,0.5785269141197205,1056.1362409268452,1964.798718397902,0.029296875
808.5420408163266,00:13:28.54,IMPACT,8.223943309612379,-27.89187240600586,7.2226104736328125,1576.6588965183694,1516.1106964890528,0.07470703125
809.9120181405896,00:13:29.91,HIGH_LOAD,6.50719125664471,-33.15614318847656,8.13482666015625,3741.7686304048943,2417.2799350012456,0.16455078125
809.9120181405896,00:13:29.91,IMPACT,9.827194413590226,-33.15614318847656,8.13482666015625,3741.7686304048943,2417.2799350012456,0.16455078125
812.977052154195,00:13:32.98,IMPACT,13.30740514249106,-22.971139907836914,10.886896133422852,2926.293314201048,2431.688097266758,0.189453125
817.78358276644,00:13:37.78,IMPACT,7.23552843711996,-27.380626678466797,6.247432708740234,2165.8168420960437,2244.768183670632,0.08203125
818.8981405895692,00:13:38.90,IMPACT,4.941168866301159,-31.624359130859375,4.250631332397461,3716.672004760555,2004.6467945480874,0.26220703125
818.9910204081633,00:13:38.99,HARSH,3.002130066539136,-27.916107177734375,1.8951153755187988,4226.314737093214,1946.5335739189513,0.3447265625
820.2681179138322,00:13:40.27,IMPACT,6.2215143415522025,-34.37238693237305,5.550919055938721,2121.6688340105397,2299.3740672553718,0.09033203125
820.2681179138322,00:13:40.27,HIGH_LOAD,3.947746473729155,-34.37238693237305,5.550919055938721,2121.6688340105397,2299.3740672553718,0.09033203125
826.5375056689343,00:13:46.54,IMPACT,5.549981581466161,-34.237022399902344,4.904016494750977,2800.0969218188834,2257.323329302426,0.16064453125
831.7155555555555,00:13:51.72,IMPACT,4.998910811709817,-31.961284637451172,4.039427280426025,4800.638210406643,2777.476003767217,0.26513671875
832.3889342403628,00:13:52.39,HARSH,3.4560663348683662,-32.797447204589844,2.981435775756836,5665.691855325533,2756.0874198187125,0.3251953125
833.1319727891156,00:13:53.13,IMPACT,6.472404328064791,-30.18094253540039,5.881133556365967,1459.4344732977918,1487.3722234302174,0.07421875
835.6165079365079,00:13:55.62,HIGH_LOAD,4.2335708087627175,-28.516151428222656,5.655730724334717,2182.211748512286,2074.6179691784296,0.12158203125
835.6165079365079,00:13:55.62,IMPACT,6.45315473432621,-28.516151428222656,5.655730724334717,2182.211748512286,2074.6179691784296,0.12158203125
838.4029024943311,00:13:58.40,IMPACT,5.4551367328282065,-31.15900421142578,4.733463287353516,3133.912654980776,2162.1213039944523,0.1904296875
839.4942403628118,00:13:59.49,HARSH,3.3599030512321244,-30.933364868164062,2.258854866027832,5249.904127087767,3164.83887729888,0.306640625
839.8657596371883,00:13:59.87,IMPACT,13.54566516952499,-21.079845428466797,11.219442367553711,2058.8534919346207,2161.8135341743996,0.1083984375
840.7945578231293,00:14:00.79,HIGH_LOAD,4.401816904641429,-24.540882110595703,6.292211532592773,1506.599700074291,1903.8910596456794,0.0478515625
843.4648526077098,00:14:03.46,IMPACT,5.9755393898099864,-25.603622436523438,5.2775678634643555,1717.1360735194505,2313.1423493698635,0.03564453125
851.0345578231293,00:14:11.03,IMPACT,4.885541134366752,-23.803905487060547,4.456119060516357,1600.3763418250032,1756.772768804433,0.06787109375
852.9153741496599,00:14:12.92,IMPACT,6.049619115905372,-28.60814666748047,5.1941680908203125,2951.3689171677797,2196.1004654514177,0.134765625
861.9943764172335,00:14:21.99,HIGH_LOAD,4.970683349169209,-21.59881591796875,6.723186016082764,1961.7201391212052,1271.8136320493707,0.1142578125
862.5980952380952,00:14:22.60,IMPACT,6.9603887941725695,-24.072595596313477,6.057744026184082,2043.3318741402302,1656.603161948999,0.07861328125
865.500589569161,00:14:25.50,SWELL,3.967015027999878,-35.424991607666016,0.9054924249649048,1900.5231350839258,2570.057452460095,0.08349609375
867.4278458049887,00:14:27.43,HIGH_LOAD,4.2803344326676935,-27.767181396484375,6.076364040374756,1769.0078572538491,1285.9419408954473,0.1083984375
868.2405442176871,00:14:28.24,IMPACT,5.901393694958077,-24.980587005615234,5.219212055206299,1989.87883328991,1795.0626042775245,0.08056640625
869.6105215419501,00:14:29.61,HARSH,4.36228554440223,-35.321250915527344,1.6648967266082764,6047.696621805659,3299.5336651365205,0.4365234375
869.7034013605443,00:14:29.70,IMPACT,7.895202873408944,-27.636516571044922,6.780517101287842,2436.4164212995593,1820.0506740607166,0.14453125
871.0269387755102,00:14:31.03,IMPACT,5.726753274885056,-32.06367492675781,5.230688095092773,2003.6606037512047,1437.086712471225,0.1416015625
872.3040362811792,00:14:32.30,IMPACT,6.745821769858639,-21.595481872558594,5.957641124725342,1541.2996897157598,1391.9823331273599,0.08203125
872.6291156462585,00:14:32.63,HIGH_LOAD,5.2261228851844725,-24.347633361816406,7.084043502807617,1889.7385619867623,1983.6007488050284,0.08935546875
873.4185941043083,00:14:33.42,IMPACT,8.478115250506335,-24.60464859008789,7.23305606842041,2250.7706002367827,1776.8103323137148,0.0986328125
875.6941496598639,00:14:35.69,IMPACT,7.87613896001522,-21.779624938964844,6.780379772186279,1939.2365310051607,1563.681696024571,0.111328125
876.8783673469388,00:14:36.88,IMPACT,4.84230481914763,-21.04314613342285,4.364198207855225,1757.7221404307038,1633.399738383182,0.0703125
878.0161451247166,00:14:38.02,IMPACT,8.63421926654828,-20.303070068359375,7.375985145568848,1912.1400013705825,1483.7377492506703,0.1240234375
880.8025396825396,00:14:40.80,IMPACT,7.5230544644152735,-24.954788208007812,6.632635116577148,1602.8853575837193,1308.0309162890278,0.11279296875
887.0719274376418,00:14:47.07,IMPACT,7.6345958138423144,-35.75825500488281,6.263267517089844,4302.898572311069,3037.133493761035,0.17724609375
888.186485260771,00:14:48.19,IMPACT,6.6730237052381804,-37.895111083984375,6.020451545715332,1820.3930233743797,2284.9949405487373,0.09033203125
888.186485260771,00:14:48.19,HIGH_LOAD,4.149220974278557,-37.895111083984375,6.020451545715332,1820.3930233743797,2284.9949405487373,0.09033203125
897.9620861678004,00:14:57.96,IMPACT,14.536135058901337,-19.529773712158203,12.024365425109863,1777.7695028168423,2242.068492158876,0.05517578125
905.0441723356009,00:15:05.04,HIGH_LOAD,4.414937023539474,-35.90907669067383,5.586385250091553,3537.5175642437957,3370.5753750371455,0.080078125
912.5442176870748,00:15:12.54,IMPACT,6.358885809589442,-31.974334716796875,5.487381935119629,2596.2984568461047,2817.8414235577347,0.0791015625
928.4498866213152,00:15:28.45,IMPACT,7.764270743278594,-33.328155517578125,6.782891750335693,2088.921848643372,2212.1629584727293,0.12255859375
931.886439909297,00:15:31.89,IMPACT,6.495272753110161,-26.633026123046875,5.780105113983154,1618.6212805478933,1815.808999201349,0.0703125
932.8848979591837,00:15:32.88,HARSH,4.438012037891639,-34.32671356201172,2.929860830307007,5851.966799117028,2399.4265302284407,0.49365234375
932.9545578231292,00:15:32.95,IMPACT,5.16138283443941,-26.90320587158203,4.674149036407471,1681.897910009644,2119.756599936285,0.1376953125
934.579954648526,00:15:34.58,IMPACT,7.7464128268931915,-25.236419677734375,6.289295673370361,4320.203065850944,2023.4325770918374,0.25244140625
935.6248526077097,00:15:35.62,IMPACT,9.188033302536253,-23.515478134155273,7.7672905921936035,2227.2371943172043,1960.270295159183,0.15673828125
938.4112471655329,00:15:38.41,IMPACT,7.719270951939238,-29.261592864990234,6.340607166290283,3522.8230072913666,3167.586862077836,0.169921875
940.756462585034,00:15:40.76,IMPACT,8.237513073719171,-24.01833152770996,7.049942970275879,2036.8995012522123,1929.2696818109719,0.1171875
945.9809523809524,00:15:45.98,IMPACT,5.1564276194447185,-36.017799377441406,4.615941524505615,2735.1450381393306,2375.90240485704,0.20458984375
950.11410430839,00:15:50.11,IMPACT,6.088855833573139,-34.20122146606445,5.608109474182129,1760.5852607229126,1317.0179785585865,0.12890625
964.2318367346938,00:16:04.23,IMPACT,5.838571367485403,-27.183277130126953,5.210756778717041,2346.0011095201658,1195.0372186299855,0.1943359375
966.0894331065759,00:16:06.09,HARSH,3.5597246910056617,-27.050079345703125,2.445901393890381,4848.167799162697,2127.922179103124,0.3876953125
966.6002721088436,00:16:06.60,IMPACT,11.211307846741136,-28.50078582763672,9.227363586425781,3297.702767750379,2533.69171304027,0.224609375
968.0399092970522,00:16:08.04,IMPACT,8.899315063647538,-23.354232788085938,7.038137912750244,4674.080038164082,2802.557885431575,0.3525390625
985.4780952380952,00:16:25.48,SWELL,3.4523820877075195,-44.17375946044922,0.6055909991264343,1798.0646738930182,2118.788253541993,0.0830078125
985.8031746031746,00:16:25.80,HARSH,4.3797345189043,-19.962074279785156,0.8874906301498413,5274.860396812728,1958.4293724401723,0.47021484375
996.1360544217687,00:16:36.14,SWELL,2.858013391494751,-49.289405822753906,0.4400489926338196,852.8613796062789,1386.1038510321878,0.03125
998.2955102040817,00:16:38.30,IMPACT,9.390532789089647,-35.85328674316406,8.061236381530762,2562.1974685256446,2074.9303997469992,0.15966796875
999.8048072562358,00:16:39.80,IMPACT,9.932123701886713,-34.283329010009766,8.530092239379883,2203.07953886132,2059.091062349657,0.13623046875
1002.9859410430839,00:16:42.99,IMPACT,7.065742938654338,-23.952777862548828,5.888736724853516,2957.00494221798,2583.03369205758,0.1787109375
1004.7274376417233,00:16:44.73,IMPACT,8.517081889664254,-29.20946502685547,7.011991024017334,3729.097865897923,2538.2405459267984,0.24462890625
1005.3079365079365,00:16:45.31,HIGH_LOAD,8.667525019166389,-27.172508239746094,10.658289909362793,3639.9376342299684,2510.796421970068,0.2041015625
1006.2599546485261,00:16:46.26,IMPACT,8.044916492964033,-37.43013000488281,6.935384750366211,2846.547143277307,2333.958927619052,0.0869140625
1008.6516099773243,00:16:48.65,IMPACT,7.677107647918999,-29.81683349609375,6.459864616394043,3239.383889822395,2270.603884957584,0.15087890625
1012.0881632653061,00:16:52.09,IMPACT,7.448096018404309,-25.639122009277344,6.429187297821045,1959.7113803736777,2190.677048616882,0.0869140625
1013.2259410430839,00:16:53.23,IMPACT,6.139682944476665,-33.17481994628906,5.684821605682373,1142.6160030862925,1773.622580390972,0.048828125
1014.5262585034013,00:16:54.53,HARSH,3.273718199039875,-33.44889831542969,3.4263267517089844,4645.5414090746235,2508.4434398567273,0.36572265625
1015.7801360544217,00:16:55.78,IMPACT,5.832819666024949,-36.45492172241211,5.058375835418701,3202.3867029267212,2638.642019161669,0.2021484375
1016.0355555555556,00:16:56.04,HIGH_LOAD,4.071859836896687,-19.950992584228516,5.652965545654297,1530.0773339951136,2384.425925097601,0.02734375
1026.8792743764172,00:17:06.88,HIGH_LOAD,4.557689551421787,-16.225749969482422,5.875316143035889,2078.9464117141297,2468.3816034733804,0.05859375
1026.8792743764172,00:17:06.88,IMPACT,7.008419885369372,-16.225749969482422,5.875316143035889,2078.9464117141297,2468.3816034733804,0.05859375
1037.86231292517,00:17:17.86,HIGH_LOAD,4.0906382384374105,-24.063737869262695,5.18670129776001,2323.9563941596634,2569.8695475309783,0.1123046875
1038.4195918367348,00:17:18.42,IMPACT,6.3955157069308415,-23.218034744262695,5.456826210021973,2311.6939147410358,2495.8764128302078,0.13916015625
1043.6673015873016,00:17:23.67,IMPACT,6.438442417032415,-22.201297760009766,5.911528587341309,625.1139286448267,1036.2061729823818,0.03271484375
1063.2881632653061,00:17:43.29,IMPACT,5.217830066204568,-25.19239044189453,4.729104995727539,1475.7899426418912,2087.995303298066,0.0576171875
1066.9104761904762,00:17:46.91,IMPACT,4.9310583993856305,-26.4759521484375,3.8317689895629883,4544.4723701343555,3764.590022299116,0.134765625
1072.018866213152,00:17:52.02,IMPACT,7.131378828691838,-29.527000427246094,6.177584171295166,2094.9166679251284,2549.5234720876483,0.0849609375
1073.3424036281178,00:17:53.34,IMPACT,7.096035790018722,-26.964008331298828,5.788952827453613,4195.283397427105,2288.71658875702,0.29052734375
1076.1984580498865,00:17:56.20,IMPACT,8.431907698355216,-28.730430603027344,7.242349624633789,2359.6748614623866,1800.29237936907,0.11865234375
1077.313015873016,00:17:57.31,IMPACT,6.779220258708776,-28.32636260986328,5.9917311668396,1861.8113583691568,1840.9429793384636,0.07421875
1078.7990929705215,00:17:58.80,IMPACT,7.053238787554495,-31.921066284179688,6.14913272857666,2271.2207775882744,2323.9775321743246,0.07275390625
1081.0049886621316,00:18:01.00,HIGH_LOAD,3.867992085073809,-27.132118225097656,3.8741776943206787,4091.811311548251,2663.146918231601,0.25634765625
1110.2389115646258,00:18:30.24,IMPACT,6.050777621513227,-21.992748260498047,4.958937644958496,3656.9646884621943,2311.0148694178265,0.19091796875
1122.1275283446712,00:18:42.13,IMPACT,4.790298863622729,-16.4611873626709,4.2677459716796875,1562.7769546040868,1752.4133891689578,0.068359375
1127.0965986394558,00:18:47.10,IMPACT,5.276584877048883,-15.054830551147461,4.30666971206665,2931.9722381344213,2684.929009192623,0.109375
1128.0950566893423,00:18:48.10,SWELL,3.4564409255981445,-19.31580924987793,2.390970468521118,1998.1123356164928,2425.7817406903255,0.05859375
1131.1600907029479,00:18:51.16,IMPACT,8.065151878632223,-12.905328750610352,6.742932319641113,1692.4510750857817,2355.371858230328,0.048828125
1135.8040816326532,00:18:55.80,IMPACT,5.457497402995514,-15.369699478149414,5.011410713195801,587.3930370849233,1138.7963720457944,0.01904296875
1164.1324263038548,00:19:24.13,IMPACT,6.164336175431639,-15.558784484863281,5.321721076965332,1476.5165701539695,2165.459162634663,0.04150390625
1165.4559637188208,00:19:25.46,HIGH_LOAD,4.591157073045826,-16.827978134155273,6.21224308013916,1440.600092867224,2502.665716086628,0.033203125
1165.4559637188208,00:19:25.46,IMPACT,7.290205841188155,-16.827978134155273,6.21224308013916,1440.600092867224,2502.665716086628,0.033203125
1167.0813605442177,00:19:27.08,IMPACT,11.455383320220095,-17.7055606842041,9.3980073928833,2468.6344591949114,2412.099968959234,0.03564453125
1171.9807709750567,00:19:31.98,IMPACT,5.087700269010625,-19.01816177368164,4.448068618774414,1830.475626382579,2257.6224249798133,0.0341796875
1174.418866213152,00:19:34.42,IMPACT,8.779924843584357,-25.632102966308594,7.370796203613281,2368.045334053939,2708.6237590883075,0.10791015625
1183.8926077097506,00:19:43.89,IMPACT,7.409729940704738,-23.86355972290039,6.530063152313232,1134.9829385276248,1968.9782515436239,0.03515625
1185.2625850340137,00:19:45.26,IMPACT,5.801878665832763,-26.699050903320312,5.168788909912109,1574.3370371774542,2416.600937714682,0.02099609375
1213.1729705215419,00:20:13.17,HIGH_LOAD,7.603453487907032,-10.090835571289062,9.045297622680664,3068.2366541850793,2786.6836377586615,0.13818359375
1213.9160090702949,00:20:13.92,IMPACT,6.150956960945167,-15.202215194702148,5.1023077964782715,2411.008567602736,2613.2613675410134,0.12451171875
1214.9609070294784,00:20:14.96,IMPACT,8.147445657757423,-16.34479331970215,6.576599597930908,3152.484931196929,2785.170913547009,0.173828125
1217.4918820861678,00:20:17.49,SWELL,2.6808242797851562,-16.216094970703125,1.0506664514541626,2328.316433105673,2680.4852344894616,0.09130859375
1229.728798185941,00:20:29.73,IMPACT,6.835779590763522,-5.2400736808776855,5.513947010040283,2285.0732214429404,2573.2400331004146,0.11328125
1239.968798185941,00:20:39.97,IMPACT,6.267973638353421,-23.235097885131836,5.652029514312744,1058.8523989288783,1665.88320414199,0.0390625
1246.2149659863946,00:20:46.21,IMPACT,6.046138599871595,-20.723796844482422,5.319200038909912,1577.0977823994049,1934.4074831590412,0.06640625
1257.6391836734695,00:20:57.64,IMPACT,6.719810372703582,-9.415090560913086,5.432710647583008,2202.725789410739,3216.548128106837,0.0185546875
1261.0525170068026,00:21:01.05,IMPACT,11.247363018984972,-12.62546157836914,8.9162015914917,3317.604158305147,3269.5114838202103,0.06103515625
1261.0525170068026,00:21:01.05,HIGH_LOAD,7.352441233038514,-12.62546157836914,8.9162015914917,3317.604158305147,3269.5114838202103,0.06103515625
1267.9720634920634,00:21:07.97,IMPACT,4.817403572901558,-12.932426452636719,4.451051712036133,592.5850516969981,1213.0624829943267,0.0126953125
1269.2956009070294,00:21:09.30,IMPACT,4.901766281959097,-17.386491775512695,4.534111976623535,761.2004848991787,1477.7088275150709,0.01513671875
1272.8714739229024,00:21:12.87,IMPACT,7.285372713769313,-19.416872024536133,5.8234477043151855,3823.6688488138197,2807.4198924159655,0.15185546875
1275.5649886621316,00:21:15.56,IMPACT,7.930974880734986,-19.34427833557129,6.303578853607178,4106.8785351273455,2699.3405377873414,0.123046875
1277.399365079365,00:21:17.40,HARSH,3.5721211651593956,-20.845596313476562,5.427705764770508,4891.821179688889,2352.025919626011,0.349609375
1284.6672108843538,00:21:24.67,IMPACT,7.871682777650992,-22.915313720703125,6.817619323730469,1825.4122844670574,1530.3860718343108,0.087890625
1285.781768707483,00:21:25.78,IMPACT,8.684589216352203,-18.72307586669922,7.363431930541992,1813.0428267671168,1886.6607598519747,0.06298828125
1286.9195464852608,00:21:26.92,IMPACT,9.80916677623415,-19.00257682800293,8.422557830810547,1229.7649027858984,1344.8936348850066,0.07177734375
1287.546485260771,00:21:27.55,HIGH_LOAD,3.941243851477837,-18.036027908325195,5.447179794311523,1548.0255527795512,1408.7915470470568,0.08203125
1288.4520634920634,00:21:28.45,IMPACT,9.003274457380043,-19.84641456604004,7.697261333465576,1870.0302861538328,1238.9741506631476,0.12255859375
1289.9845804988663,00:21:29.98,IMPACT,8.10179546927516,-17.169811248779297,6.864823818206787,2011.5522260777434,1651.1315197401595,0.09375
1294.3267120181406,00:21:34.33,IMPACT,9.643852206063357,-19.312644958496094,8.003351211547852,2165.618218950589,2612.8578753511642,0.0732421875
1296.6254875283446,00:21:36.63,IMPACT,9.646467625439946,-19.905738830566406,8.188225746154785,1511.0683072850607,2012.663883113528,0.078125
1299.110022675737,00:21:39.11,IMPACT,12.244122614224226,-23.075376510620117,9.91757583618164,3395.1197702801774,2828.9610656792165,0.111328125
1308.2122448979592,00:21:48.21,HIGH_LOAD,6.271469690213359,-19.59869956970215,8.026365280151367,2372.756642743517,2364.535394601393,0.10400390625
1310.1162811791382,00:21:50.12,IMPACT,5.935075849052626,-24.617694854736328,4.751586437225342,4449.981256147069,2553.317552647274,0.26904296875
1310.1395011337868,00:21:50.14,HARSH,3.159800027596846,-24.39291000366211,3.8415069580078125,4509.9339202095325,2501.3610982047826,0.314453125
1326.0451700680271,00:22:06.05,HARSH,2.9037575746443047,-29.97793197631836,2.7096195220947266,4855.1399151102505,2742.868676078354,0.26953125
1326.9275283446711,00:22:06.93,IMPACT,5.5946910350663215,-26.791706085205078,5.066438674926758,1712.6027549115379,1634.3513125896864,0.08154296875
1331.780498866213,00:22:11.78,IMPACT,4.869539393120988,-23.126558303833008,4.308863162994385,1977.709825408438,2321.181414297792,0.05712890625
1338.5375056689343,00:22:18.54,IMPACT,4.770762197882636,-21.369720458984375,4.475969314575195,825.7931422588932,1543.8847445242277,0.0185546875
1340.9059410430839,00:22:20.91,HIGH_LOAD,5.443385565088251,-14.180652618408203,7.3653435707092285,1441.6121532407687,2235.6180087184403,0.02587890625
1355.3719727891157,00:22:35.37,IMPACT,5.477123286055555,-25.264434814453125,5.155050277709961,693.0555311897322,1275.3448305708985,0.03173828125
1358.878185941043,00:22:38.88,IMPACT,7.500020163179987,-28.73311996459961,6.539577960968018,1798.404391199409,2263.53773649821,0.06689453125
1378.6383673469388,00:22:58.64,IMPACT,5.606110972993062,-29.650733947753906,5.100210189819336,1877.992873004141,1581.876560692408,0.0791015625
1383.0037188208616,00:23:03.00,HIGH_LOAD,5.184254366174197,-29.653324127197266,7.332272529602051,1825.8027927220871,1771.5461285721237,0.07568359375
1383.282358276644,00:23:03.28,IMPACT,9.627811992216099,-24.603759765625,8.283658027648926,1658.631953594359,1470.8578021047365,0.099609375
1388.5765079365078,00:23:08.58,IMPACT,4.8480194078118695,-30.47528076171875,4.514141082763672,1749.2231404887596,1714.0596868423775,0.0888671875
1398.5610884353741,00:23:18.56,HIGH_LOAD,3.9587576151150277,-31.635292053222656,5.184422492980957,2653.088737101096,2416.571067817955,0.11767578125
1398.5610884353741,00:23:18.56,IMPACT,5.944390597664972,-31.635292053222656,5.184422492980957,2653.088737101096,2416.571067817955,0.11767578125
1399.0951473922903,00:23:19.10,HARSH,3.706398383580526,-26.132522583007812,2.1420443058013916,4830.121952044759,1883.2453342867936,0.41845703125
1402.2530612244898,00:23:22.25,IMPACT,6.902439385010335,-24.347633361816406,6.070215225219727,1745.2652955826077,1609.4105075237235,0.083984375
1406.2933333333333,00:23:26.29,IMPACT,5.223682869919794,-32.010128021240234,4.9293212890625,1443.7272394991246,1350.671212346118,0.0654296875
1407.4543310657596,00:23:27.45,IMPACT,5.3705590829462295,-32.86368942260742,5.040257453918457,1498.469651930878,1455.1797365375414,0.1005859375
1415.813514739229,00:23:35.81,IMPACT,5.293861414651523,-27.795318603515625,4.936092376708984,1517.8558807259594,1063.3144424559034,0.0947265625
1419.7609070294784,00:23:39.76,HIGH_LOAD,4.013305454405308,-22.954553604125977,4.835925579071045,2772.782720488577,2140.657670176203,0.1611328125
1419.7609070294784,00:23:39.76,IMPACT,5.671773652953324,-22.954553604125977,4.835925579071045,2772.782720488577,2140.657670176203,0.1611328125
1428.793469387755,00:23:48.79,IMPACT,7.938335416436663,-26.73443603515625,6.916581630706787,1606.493879350432,2013.8287689965305,0.060546875
1451.8044444444445,00:24:11.80,HIGH_LOAD,4.009128628818791,-25.656387329101562,5.383495330810547,2108.50339040804,2417.441057791384,0.07568359375
1451.8044444444445,00:24:11.80,IMPACT,6.201883842745518,-25.656387329101562,5.383495330810547,2108.50339040804,2417.441057791384,0.07568359375
1473.3757823129251,00:24:33.38,IMPACT,5.01531385544183,-33.37914276123047,4.0316338539123535,5264.926632593776,2474.0741705885275,0.34814453125
1482.7102040816326,00:24:42.71,IMPACT,6.429598605220695,-42.74665451049805,5.655274868011475,3446.244169323456,2103.2602572240385,0.298828125
1483.917641723356,00:24:43.92,SWELL,4.056393146514893,-36.320682525634766,1.4067412614822388,2105.555469779639,2531.6742407929028,0.05908203125
1484.3123809523809,00:24:44.31,IMPACT,9.231895620351423,-33.79475402832031,7.782180309295654,3037.835563575294,2446.388519409185,0.2099609375
1484.9857596371883,00:24:44.99,HIGH_LOAD,3.960814602085298,-27.552295684814453,2.9687061309814453,5481.373878874283,1772.5542372377593,0.4716796875
1485.7984580498867,00:24:45.80,HARSH,3.434717238301559,-45.242576599121094,1.5994216203689575,6083.415547558052,2633.1716933973507,0.3603515625
1487.0987755102042,00:24:47.10,IMPACT,4.766472855255295,-31.751415252685547,3.872847318649292,5274.84804430006,1843.944565643882,0.44873046875
1504.0261224489795,00:25:04.03,IMPACT,5.939879163650627,-25.93564224243164,5.411324501037598,1677.4818043666385,924.9734933812649,0.15185546875
1505.9069387755103,00:25:05.91,HARSH,3.1902351259455597,-41.15401840209961,1.2967534065246582,4956.018360981261,3211.615330438496,0.33984375
1510.3883900226758,00:25:10.39,IMPACT,8.891803013815153,-23.504314422607422,7.628448486328125,1773.137173185737,1745.6936632402874,0.1181640625
1511.8048072562358,00:25:11.80,IMPACT,4.726830205774608,-40.899410247802734,4.1191277503967285,3676.825542609204,3083.072454465448,0.20556640625
1515.6593197278912,00:25:15.66,IMPACT,7.62555476018651,-27.778209686279297,6.051141262054443,5255.628069754826,2282.3312352574744,0.3818359375
1516.889977324263,00:25:16.89,HARSH,5.018652634456554,-29.023765563964844,0.9096658229827881,6182.693570928718,2209.5726795789033,0.55224609375
1520.1872108843538,00:25:20.19,SWELL,2.6582205295562744,-31.354759216308594,1.495335340499878,1857.424838775499,1712.9055799718312,0.138671875
1522.3002267573697,00:25:22.30,IMPACT,7.27687243705619,-39.580810546875,6.022505760192871,4496.976802010191,2893.451512328162,0.2587890625
1522.9503854875284,00:25:22.95,HIGH_LOAD,3.9197886759865397,-47.56574630737305,5.545811653137207,2642.623231171552,2360.3935255462393,0.146484375
1525.9921995464852,00:25:25.99,IMPACT,7.755897274976219,-37.63818359375,6.495296955108643,3814.8398170272767,2816.3895020206123,0.267578125
1526.8977777777777,00:25:26.90,HARSH,4.247751684089703,-32.85770034790039,3.126356601715088,5903.470089721868,1873.9126327519268,0.4765625
1527.5014965986395,00:25:27.50,IMPACT,5.731537936736318,-30.398948669433594,4.574723243713379,5576.168998119673,1828.8746021311015,0.46142578125
1529.1268934240363,00:25:29.13,IMPACT,5.246638780454562,-29.896717071533203,4.943326473236084,1262.6521848768189,1351.2866765110243,0.08056640625
1530.5433106575963,00:25:30.54,IMPACT,6.746678617720986,-31.812416076660156,6.212491989135742,1443.383731751188,721.9174897620562,0.13134765625
1538.4380952380952,00:25:38.44,IMPACT,7.1880076609423345,-35.181236267089844,6.306549072265625,2253.0228318039135,2380.955132154898,0.12890625
1539.9009523809523,00:25:39.90,IMPACT,15.557951502086729,-24.99449920654297,12.998165130615234,1741.9935641508914,1668.857727235481,0.08935546875
1540.9226303854875,00:25:40.92,HARSH,4.483448205167931,-36.540306091308594,3.105069160461426,5941.24511597438,2085.2882136069484,0.51953125
1541.5960090702947,00:25:41.60,IMPACT,9.86128379435052,-23.62920570373535,8.169560432434082,2590.6576220818897,2680.7175895416995,0.072265625
1543.546485260771,00:25:43.55,SWELL,3.374833583831787,-37.56208419799805,0.854537844657898,903.8247146115812,1217.1074770385135,0.04541015625
1554.0651247165533,00:25:54.07,IMPACT,7.074165935360212,-22.824100494384766,5.718286514282227,3800.7638283571846,2762.812529820889,0.19140625
1561.1936507936507,00:26:01.19,IMPACT,5.180111306290019,-25.71190643310547,4.545940399169922,2128.374794823819,2582.46793289634,0.0517578125
1562.3778684807255,00:26:02.38,IMPACT,7.06754473038351,-18.841341018676758,5.932703018188477,2492.309761136459,2135.4224645597214,0.07666015625
1562.4243083900226,00:26:02.42,SWELL,2.4722371101379395,-22.12216567993164,2.4076004028320312,2158.789510563084,2473.3188752029882,0.08544921875
1563.492426303855,00:26:03.49,IMPACT,5.030951183844792,-18.79848289489746,4.4359636306762695,1697.1938197055047,2120.817901705737,0.04443359375
1566.1162811791382,00:26:06.12,IMPACT,5.4478881981969955,-19.399887084960938,4.912815570831299,1316.259627040318,1468.4150660188793,0.0556640625
1566.8128798185942,00:26:06.81,HIGH_LOAD,3.922873007615712,-26.018707275390625,5.182257652282715,2186.9341722686577,2548.5618667219505,0.08544921875
1567.4398185941043,00:26:07.44,IMPACT,5.328332155581396,-14.846336364746094,4.555927753448486,2030.494364240065,2110.0912581480425,0.068359375
1568.4614965986395,00:26:08.46,IMPACT,6.125102887057868,-16.314579010009766,5.183755397796631,2253.5032758784982,2076.93589672456,0.09814453125
1569.6921541950114,00:26:09.69,IMPACT,6.344789195641595,-23.786651611328125,5.533278465270996,1876.7033376940258,2164.10999213185,0.0673828125
1569.808253968254,00:26:09.81,HARSH,3.7740270170686494,-29.202457427978516,3.141315460205078,5086.849942254563,2456.0538185157093,0.404296875
1572.1070294784581,00:26:12.11,HIGH_LOAD,6.386099043364175,-17.080110549926758,8.65221118927002,1634.5681739691322,1595.6239365207427,0.06982421875
1572.1070294784581,00:26:12.11,IMPACT,10.252774334312843,-17.080110549926758,8.65221118927002,1634.5681739691322,1595.6239365207427,0.06982421875
1579.7463945578231,00:26:19.75,IMPACT,8.646388019074456,-13.205810546875,7.2983784675598145,1356.5625843317287,2076.9929407530612,0.02978515625
1582.4166893424035,00:26:22.42,IMPACT,5.600014145475263,-14.212505340576172,4.95843505859375,1078.5063613105358,1758.078010003373,0.0361328125
1583.6937868480725,00:26:23.69,IMPACT,4.746900248163484,-14.30662727355957,4.091450214385986,1847.9702112000411,2302.395813978697,0.041015625
1587.98947845805,00:26:27.99,HIGH_LOAD,4.168671592400469,-10.3402099609375,5.908414363861084,885.0082596796977,1334.01560399126,0.033203125
1587.98947845805,00:26:27.99,IMPACT,6.768641808548673,-10.3402099609375,5.908414363861084,885.0082596796977,1334.01560399126,0.033203125
1589.3826757369613,00:26:29.38,IMPACT,9.173808673006386,-13.081453323364258,7.747788429260254,1425.3373124122322,1699.21793731505,0.03662109375
1590.775873015873,00:26:30.78,IMPACT,8.55581736806149,-11.960243225097656,7.236569404602051,1335.6863847427653,1824.4552234707128,0.04150390625
1592.1690702947847,00:26:32.17,IMPACT,6.563503044362287,-10.557830810546875,5.5898118019104,1475.8914527275015,1891.5611809590675,0.03076171875
1606.8440816326531,00:26:46.84,IMPACT,6.149646022962676,-25.56735610961914,5.2317214012146,2713.306969802979,2496.8108943114426,0.13720703125
1609.9091156462584,00:26:49.91,IMPACT,4.98330567342095,-29.004257202148438,4.802380561828613,1116.478695506986,797.4958093889172,0.07373046875
1614.042267573696,00:26:54.04,IMPACT,4.807421053059807,-27.923431396484375,4.62942361831665,1118.130210172225,931.3647240958211,0.07666015625
1615.4586848072563,00:26:55.46,IMPACT,4.891386804570781,-32.333091735839844,4.78768253326416,1091.099381850397,790.6741685268178,0.07080078125
1616.8751020408163,00:26:56.88,IMPACT,8.126865407238993,-25.48086166381836,6.8618316650390625,2489.19012140581,2377.403776881854,0.22119140625
1620.2884353741497,00:27:00.29,IMPACT,6.175605261038694,-34.603328704833984,5.777143955230713,1317.5296828632834,1133.1530994009383,0.08642578125
1625.466485260771,00:27:05.47,HIGH_LOAD,4.572454153264867,-27.195560455322266,5.857914924621582,2344.106091013293,2349.2591184229323,0.142578125
1635.0795464852608,00:27:15.08,IMPACT,5.317515576080748,-33.63263702392578,4.5675249099731445,3591.788398316259,2348.9434143386497,0.275390625
1654.027029478458,00:27:34.03,IMPACT,5.971994442929792,-31.982830047607422,5.034130096435547,4027.710678415083,1962.5320644161095,0.30859375
1661.3413151927439,00:27:41.34,SWELL,2.6672072410583496,-37.34624099731445,1.5802295207977295,3774.7588917810617,2636.3159951192592,0.16845703125
1661.5038548752834,00:27:41.50,IMPACT,9.166137089815175,-24.123319625854492,7.818434715270996,1739.0437077297433,2162.136093662304,0.09814453125
1662.595192743764,00:27:42.60,IMPACT,5.589985200639014,-36.84457015991211,4.623565196990967,4824.341325927735,2443.1804538595775,0.3427734375
1668.0983219954649,00:27:48.10,IMPACT,6.499733865727787,-29.00763702392578,5.585894584655762,2528.6506576000197,2608.2452178004264,0.09912109375
1669.8398185941044,00:27:49.84,IMPACT,5.808802887099904,-28.10936737060547,5.258062362670898,1743.6116215782308,1596.0166459916786,0.0947265625
1676.3878458049887,00:27:56.39,IMPACT,6.631640402810034,-26.541805267333984,5.876038074493408,1803.7423345478119,1641.0710780724387,0.1162109375
1709.29052154195,00:28:29.29,IMPACT,5.160993945933314,-30.35370635986328,4.912592887878418,1013.5128044524392,1451.0030757536608,0.05419921875
1712.9360544217686,00:28:32.94,IMPACT,6.845571034206218,-28.411781311035156,5.976142406463623,2133.565173537904,2072.994194726978,0.0888671875
1715.513469387755,00:28:35.51,HARSH,4.977971288926465,-32.20689392089844,2.2714626789093018,6159.60611822946,1912.3304090524775,0.57421875
1724.197732426304,00:28:44.20,IMPACT,5.210937598349755,-33.09495162963867,4.767223358154297,1964.5934204621706,2120.558085042821,0.150390625
1726.1249886621315,00:28:46.12,IMPACT,5.1900993797621515,-41.07965850830078,4.797160625457764,2309.397860361377,2357.666286940198,0.15283203125
1728.9113832199546,00:28:48.91,IMPACT,6.696482283724698,-41.66503143310547,5.96455717086792,2451.889975571767,2574.249549107832,0.13134765625
1759.817142857143,00:29:19.82,IMPACT,10.941998754876055,-27.23587417602539,9.059675216674805,2814.9234817957013,2640.60928580369,0.12353515625
1761.1174603174604,00:29:21.12,IMPACT,11.011011761935668,-31.71435546875,9.197553634643555,2763.3180575175566,2625.449490577786,0.2255859375
1762.162358276644,00:29:22.16,IMPACT,5.886766135004307,-43.74481964111328,5.547384262084961,1657.9489189017745,1968.3703503110057,0.06787109375
1763.2072562358276,00:29:23.21,IMPACT,5.920731033973945,-33.28398895263672,5.584995746612549,1410.0911185760365,686.4906089173894,0.109375
1764.3450340136055,00:29:24.35,HARSH,3.904449663053251,-27.67607879638672,1.864295244216919,5036.983613597304,2026.2383045198737,0.439453125
1764.4843537414965,00:29:24.48,IMPACT,5.995737071818212,-27.150135040283203,5.340832233428955,1619.0319792838923,2259.060841682915,0.078125
1769.5927437641724,00:29:29.59,IMPACT,5.611191598943977,-27.427650451660156,5.060423374176025,1622.1977301163981,2044.7487052895365,0.072265625
1769.9410430839002,00:29:29.94,HIGH_LOAD,5.510345070211611,-28.621719360351562,6.829566478729248,2764.95198173033,2668.074718798698,0.171875
1778.8575056689342,00:29:38.86,IMPACT,6.361738753278074,-21.49472999572754,5.5314412117004395,1613.9520274015235,2364.576825532062,0.056640625
1781.8296598639456,00:29:41.83,IMPACT,8.69664087358788,-24.24245834350586,7.569127082824707,1403.3103437811415,1526.7299309655507,0.05126953125
1783.083537414966,00:29:43.08,IMPACT,5.677258020763557,-25.20885467529297,5.2729172706604,978.7501362975754,1220.888870377235,0.0361328125
1790.5835827664398,00:29:50.58,IMPACT,5.5137649825570225,-23.013957977294922,4.784186840057373,2130.326105712735,2440.607330891593,0.08203125
1809.4614058956915,00:30:09.46,IMPACT,8.534894764703125,-42.14422607421875,7.437727451324463,2574.626213758357,2434.045992714768,0.1572265625
1851.1412244897958,00:30:51.14,SWELL,2.7576704025268555,-42.72003936767578,0.20758962631225586,955.3878388948448,1711.237171329155,0.037109375
1860.6149659863945,00:31:00.61,HIGH_LOAD,5.295905062894056,-27.964881896972656,6.759769439697266,2732.995634396336,2805.1729789397878,0.1083984375
1864.1676190476192,00:31:04.17,IMPACT,5.588202256583113,-25.097335815429688,4.974583148956299,1722.0343177375348,2166.850958789328,0.05810546875
1865.6769160997733,00:31:05.68,HIGH_LOAD,5.886967388908464,-30.633758544921875,7.727713584899902,2678.646926549646,2590.3947520523257,0.103515625
1865.6769160997733,00:31:05.68,IMPACT,9.17306870631457,-30.633758544921875,7.727713584899902,2678.646926549646,2590.3947520523257,0.103515625
1867.8595918367346,00:31:07.86,SWELL,3.6246819496154785,-21.671865463256836,0.7307274341583252,901.9967618216103,1356.7565650150384,0.0283203125
1883.0686621315192,00:31:23.07,IMPACT,9.343212238352447,-28.349693298339844,7.8899970054626465,2306.7205715524206,2574.68992474844,0.06396484375
1886.1569160997733,00:31:26.16,IMPACT,9.245011473617078,-31.834678649902344,7.859748363494873,2427.202000456727,2465.8265960717868,0.07080078125
1886.458775510204,00:31:26.46,HIGH_LOAD,6.083888690598697,-32.120094299316406,5.9429240226745605,6003.467970288155,1852.5725572034087,0.43310546875
1888.084172335601,00:31:28.08,SWELL,2.5720455646514893,-52.43012237548828,0.03885623812675476,1724.5309871240975,1794.2127973582094,0.1240234375
1893.3318820861678,00:31:33.33,SWELL,3.530437469482422,-54.08303451538086,0.138938307762146,3216.157665297656,2445.9385677532778,0.14990234375
1925.7237188208617,00:32:05.72,IMPACT,5.918410991968516,-20.827865600585938,5.092141151428223,2041.2310352332543,2394.8683618086766,0.06201171875
1926.9079365079365,00:32:06.91,IMPACT,6.233868742622836,-25.85124969482422,5.471040725708008,1751.0731363849577,2419.87649885266,0.05810546875
1944.0674829931972,00:32:24.07,IMPACT,4.8437370527366195,-18.032489776611328,4.214211940765381,2009.057557131886,2195.2514310985407,0.07177734375
1949.965351473923,00:32:29.97,IMPACT,4.794660906917256,-19.6691837310791,4.3570733070373535,1432.760466807903,1637.7925604447948,0.044921875
1952.6124263038548,00:32:32.61,IMPACT,6.585155947574796,-23.9091796875,5.23412561416626,4324.02927206943,2985.340097123759,0.23779296875
1952.6124263038548,00:32:32.61,HIGH_LOAD,5.02155214557185,-23.9091796875,5.23412561416626,4324.02927206943,2985.340097123759,0.23779296875
1953.7037641723357,00:32:33.70,IMPACT,7.463889605132494,-21.93427848815918,6.172417163848877,2857.887536516313,2753.756739907115,0.1767578125
1974.7874829931973,00:32:54.79,IMPACT,5.636425101166667,-33.78153991699219,5.070801734924316,2023.1122452356346,2473.3011716938813,0.140625
1977.9918367346938,00:32:57.99,HARSH,4.360210971483729,-41.30318832397461,0.38899463415145874,5932.0810512050175,3170.4405082745893,0.47509765625
1978.9438548752835,00:32:58.94,IMPACT,6.460241271207318,-3.8766236305236816,5.007315635681152,3061.36805192638,3089.152467777072,0.15234375
1985.0042630385487,00:33:05.00,HIGH_LOAD,4.740096425481411,-14.104745864868164,5.5443220138549805,2374.889462816689,2705.8541082095567,0.14453125
1985.0042630385487,00:33:05.00,IMPACT,6.7308454373384565,-14.104745864868164,5.5443220138549805,2374.889462816689,2705.8541082095567,0.14453125
1989.2767346938776,00:33:09.28,IMPACT,5.4134623109032365,-16.999670028686523,4.655725002288818,1852.7480427768537,2410.4701263584748,0.08056640625
1990.6931519274376,00:33:10.69,IMPACT,5.392064811896658,-15.84135627746582,4.520742893218994,2437.878156436107,2432.7500585821654,0.09912109375
1992.9454875283448,00:33:12.95,IMPACT,5.40478850260118,-20.584308624267578,4.583037376403809,2440.6394926052103,2656.306282425741,0.06982421875
1994.3154648526076,00:33:14.32,IMPACT,5.532461810580659,-14.295501708984375,4.67706823348999,1983.2179835416562,2488.9511969176233,0.08251953125
1995.4532426303854,00:33:15.45,IMPACT,4.87046360764984,-21.900527954101562,4.0749735832214355,2904.017282203473,2890.795416474927,0.12255859375
1996.6374603174604,00:33:16.64,IMPACT,6.243363761258548,-19.31882667541504,5.112558841705322,3088.949855748593,2781.9529960372206,0.13720703125
2008.9440362811793,00:33:28.94,IMPACT,5.476786975070882,-19.248865127563477,5.082841396331787,895.4964663572254,731.4695166782701,0.0576171875
2010.2443537414965,00:33:30.24,IMPACT,5.80639121529396,-18.16676902770996,5.362446308135986,720.9267957909271,688.7260753178207,0.05029296875
2011.4285714285713,00:33:31.43,IMPACT,7.456022384585824,-18.807092666625977,6.675722122192383,792.3891876758687,732.9353991691823,0.0537109375
2014.7025850340135,00:33:34.70,IMPACT,8.018826704324688,-18.957176208496094,7.1164045333862305,794.1261609411799,840.3752320827273,0.041015625
2016.6298412698413,00:33:36.63,HIGH_LOAD,4.839541156272341,-19.801708221435547,7.093502521514893,911.1500043744506,1138.725644558114,0.0478515625
2018.3481179138323,00:33:38.35,IMPACT,6.315924516446842,-21.906787872314453,5.5907769203186035,1321.3724213049222,1986.4249356477046,0.05810546875
2031.9085714285713,00:33:51.91,IMPACT,4.830553351672089,-32.139190673828125,4.1747355461120605,3000.640324365285,3057.9789326366067,0.076171875
2034.4163265306122,00:33:54.42,IMPACT,5.733034999258771,-37.31352996826172,5.346409797668457,1557.399163667944,1880.6989899631635,0.03955078125
2039.4086167800453,00:33:59.41,IMPACT,7.483461827639982,-30.858741760253906,6.006281852722168,4443.222894195775,3347.2108637370197,0.16796875
2044.6098866213151,00:34:04.61,IMPACT,10.72803719234218,-22.620676040649414,9.165329933166504,1203.2198236942245,1854.3391807517125,0.041015625
2046.0727437641724,00:34:06.07,IMPACT,8.63101973487033,-24.888652801513672,7.198202133178711,2680.8143070307146,2614.1008672678695,0.08154296875
2049.2306575963717,00:34:09.23,HARSH,4.177303016498666,-27.749568939208984,3.906637191772461,5208.508117712496,1996.9297695004914,0.47509765625
2049.5325170068027,00:34:09.53,IMPACT,10.205856453907984,-24.81561279296875,8.506673812866211,2435.507183880686,2527.0071623417016,0.07373046875
2052.643990929705,00:34:12.64,IMPACT,5.23230927507043,-39.61543655395508,4.464105606079102,3901.001969260714,3097.0075487351182,0.12451171875
2053.526349206349,00:34:13.53,HIGH_LOAD,4.646644795486269,-31.57245635986328,3.626021385192871,5828.193740789301,2094.8528594044233,0.5205078125
2059.1920181405894,00:34:19.19,HIGH_LOAD,7.597393590117805,-29.70877456665039,8.938390731811523,3898.831185791364,2675.3092080662623,0.26611328125
2059.1920181405894,00:34:19.19,IMPACT,10.968963149369502,-29.70877456665039,8.938390731811523,3898.831185791364,2675.3092080662623,0.26611328125
2061.722993197279,00:34:21.72,IMPACT,5.4345540594528385,-27.219268798828125,4.758378028869629,2127.4519353431347,2726.8921290186704,0.0576171875
2067.69052154195,00:34:27.69,IMPACT,4.962491030780104,-19.91286849975586,4.381363391876221,1736.1969738398702,2226.4062469870664,0.07861328125
2086.452244897959,00:34:46.45,IMPACT,9.160098150189155,-15.241157531738281,7.129115104675293,4313.800699159347,3225.5288627144846,0.234375
2092.6519727891155,00:34:52.65,IMPACT,6.76675183043373,-23.75458526611328,5.523073196411133,3446.1191025872376,2975.104470207391,0.11474609375
2094.997188208617,00:34:55.00,IMPACT,6.648848793864763,-21.917720794677734,5.94472599029541,892.9411312462167,1832.5297421392818,0.02294921875
2102.520453514739,00:35:02.52,IMPACT,5.293407168976296,-19.15361785888672,4.680469036102295,1683.3051251890242,1875.8967610968957,0.0595703125
2104.7263492063494,00:35:04.73,SWELL,2.9818084239959717,-20.963943481445312,0.8496489524841309,3493.4287205453656,3408.9217047200455,0.1240234375
2105.1443083900226,00:35:05.14,HARSH,3.344237930970558,-10.442007064819336,0.5972447991371155,3897.0234969562443,3203.91817435194,0.2841796875
2105.167528344671,00:35:05.17,IMPACT,5.9341891587378175,-9.593011856079102,4.4903764724731445,4115.649588274535,3222.7757418834444,0.25439453125
2106.3981859410433,00:35:06.40,IMPACT,5.889247939871882,-8.499011993408203,4.544615745544434,3688.001096610257,2879.0937816556707,0.2265625
2107.001904761905,00:35:07.00,HIGH_LOAD,5.299655132331002,-10.479372024536133,5.119232654571533,4017.300633602512,2911.3426815194557,0.27490234375
2107.675283446712,00:35:07.68,IMPACT,5.830760215471287,-9.923110961914062,4.496779918670654,3794.9759722906356,2938.4586276486307,0.2529296875
2108.2325623582765,00:35:08.23,HARSH,3.3168456199538676,-12.854293823242188,0.050718024373054504,4421.839114320323,3061.442211069476,0.26806640625
2142.644535147392,00:35:42.64,IMPACT,5.2139497995471045,-19.433650970458984,4.366642951965332,2661.904044581336,2735.250188721986,0.109375
2144.0145124716555,00:35:44.01,IMPACT,4.861670945219549,-22.48990821838379,3.9929606914520264,3409.835701158601,2899.3609711838367,0.1953125
2147.7297052154195,00:35:47.73,SWELL,3.174957275390625,-22.25002670288086,1.267381191253662,1679.2694634917834,1750.1907027250877,0.10009765625
2162.5672562358277,00:36:02.57,IMPACT,4.9924960145688315,-16.49454116821289,4.262942314147949,2094.014702383568,2484.4193463267707,0.1015625
2174.9899319727892,00:36:14.99,IMPACT,5.656605528843405,-36.16712951660156,4.8162431716918945,4008.1558346604825,2300.338291485066,0.302734375
2179.5410430839,00:36:19.54,IMPACT,5.590695657803111,-25.54909896850586,5.182337284088135,992.4428609971002,1447.8875424221033,0.0439453125
2180.9342403628116,00:36:20.93,HARSH,3.398794850829078,-33.73524856567383,1.7843761444091797,5366.605337149303,2264.5321393042545,0.35791015625
2181.259319727891,00:36:21.26,IMPACT,10.921369805014459,-33.46345520019531,8.915227890014648,4264.594010425526,2540.818048653355,0.28271484375
2182.513197278912,00:36:22.51,IMPACT,8.112744763971882,-22.17844009399414,6.9425554275512695,1800.8365044481072,2084.503427695861,0.169921875
2182.675736961451,00:36:22.68,SWELL,5.691658973693848,-19.13817024230957,1.351405143737793,1375.63162266765,1587.7503357707042,0.06298828125
2185.2067120181405,00:36:25.21,IMPACT,7.532115040596421,-10.108932495117188,6.297560691833496,1660.532161064995,2161.5584793405014,0.06982421875
2186.2283900226757,00:36:26.23,IMPACT,7.0961762005108175,-8.08308219909668,5.692624568939209,2536.8996362571393,2887.3249592632123,0.05810546875
2194.285714285714,00:36:34.29,HIGH_LOAD,8.090344754008935,-11.73532485961914,10.666390419006348,1618.2655396914263,2083.683784948117,0.0595703125
2194.750113378685,00:36:34.75,IMPACT,8.093520855340072,-13.695140838623047,6.834494590759277,1555.6491525927884,2046.30473999502,0.05908203125
2196.4683900226755,00:36:36.47,IMPACT,9.027559468645329,-11.314329147338867,7.415035724639893,2103.8799322231116,2391.8946342418635,0.08447265625
2198.9064852607708,00:36:38.91,HARSH,3.356549089107032,-11.256004333496094,3.051504611968994,4439.4128671138715,3335.4557203699983,0.25439453125
2199.55664399093,00:36:39.56,HIGH_LOAD,5.398224368591323,-14.218761444091797,5.878048419952393,3757.454700188933,3230.282298622325,0.150390625
2201.019501133787,00:36:41.02,IMPACT,7.748995483373359,-8.293270111083984,6.294110298156738,2218.142451158589,2672.8785003347107,0.0595703125
2220.199183673469,00:37:00.20,HIGH_LOAD,7.636792029520474,-10.677734375,9.196671485900879,2924.0239974915557,3099.2367736772826,0.1064453125
2220.199183673469,00:37:00.20,IMPACT,11.533052051013803,-10.677734375,9.196671485900879,2924.0239974915557,3099.2367736772826,0.1064453125
2223.7750566893424,00:37:03.78,IMPACT,9.51206528353031,-5.4857001304626465,7.5386128425598145,2776.8355124973045,2931.005219463479,0.10400390625
2226.1667120181405,00:37:06.17,IMPACT,4.803194878265384,-4.907156467437744,3.9706451892852783,1934.109098789032,2297.074567688237,0.0888671875
2229.9051247165535,00:37:09.91,IMPACT,7.567903905355898,-10.36720085144043,6.270884037017822,1834.8744407745635,2444.7521175736906,0.0810546875
2231.298321995465,00:37:11.30,IMPACT,6.254181090834191,-12.118932723999023,5.192449569702148,2193.9659835504976,2413.6196816299357,0.10205078125
2235.013514739229,00:37:15.01,IMPACT,16.353762049595556,-9.197763442993164,13.012681007385254,3193.146977699543,2836.532895772542,0.14501953125
2236.1280725623583,00:37:16.13,IMPACT,9.052792334561532,-10.41922378540039,7.476003646850586,1769.8817865221395,2391.17116023616,0.087890625
2240.7256235827663,00:37:20.73,IMPACT,5.674538149737492,-11.73001480102539,4.5782470703125,2806.3181799756653,2811.1986056876585,0.12109375
2243.1172789115644,00:37:23.12,IMPACT,6.012314261978123,-11.270938873291016,4.854223251342773,2751.99846843846,2771.9487464440745,0.13037109375
2257.978049886621,00:37:37.98,IMPACT,7.679264388861195,-5.576706409454346,6.031739234924316,3081.4243380436446,2857.0267996580014,0.1513671875
2262.831020408163,00:37:42.83,IMPACT,6.231196677299662,-8.218883514404297,5.03610372543335,2452.997766483695,2709.181028744229,0.0947265625
2262.831020408163,00:37:42.83,HIGH_LOAD,4.362287108808887,-8.218883514404297,5.03610372543335,2452.997766483695,2709.181028744229,0.0947265625
2265.1994557823127,00:37:45.20,IMPACT,5.452727383171056,-7.403069972991943,4.529061317443848,1894.0662914794893,2372.395109533889,0.08447265625
2279.8976870748297,00:37:59.90,IMPACT,5.4925594958212605,-15.613361358642578,5.047789096832275,728.8973057545495,882.369052689457,0.0400390625
2288.0014512471657,00:38:08.00,IMPACT,5.4865429200348235,-16.818998336791992,5.02448034286499,877.2142192194575,1007.0428398116701,0.04296875
2295.8497959183674,00:38:15.85,IMPACT,5.198625897437265,-19.195409774780273,4.508645057678223,2140.173117547898,2071.4747680368823,0.10986328125
2301.5386848072562,00:38:21.54,HARSH,3.4802538008039976,-8.300302505493164,0.6388364434242249,4774.550742342113,3328.5395262655366,0.24267578125
2313.4737414965984,00:38:33.47,IMPACT,5.396114127324926,-15.964256286621094,4.623378753662109,1876.3028919039484,2390.2849908542757,0.0654296875
2339.3639909297053,00:38:59.36,HARSH,3.638911985795453,-33.39026641845703,3.3366281986236572,5393.037055681309,2934.3040864831096,0.3642578125
2339.7355102040815,00:38:59.74,IMPACT,4.844661234206295,-25.629409790039062,4.394376277923584,2031.0312567171427,1640.6841728448146,0.1201171875
2348.094693877551,00:39:08.09,IMPACT,5.296567844289608,-35.432861328125,4.813063144683838,2449.6616622662573,1939.0434678642096,0.15185546875
2348.442993197279,00:39:08.44,HIGH_LOAD,4.064892666982755,-25.557720184326172,6.075562477111816,1278.390494030762,1391.3716676905572,0.04833984375
2350.7649886621316,00:39:10.76,IMPACT,4.818453006628772,-28.213886260986328,4.576366424560547,1224.9452161262768,1383.1336438671835,0.068359375
2362.932244897959,00:39:22.93,IMPACT,6.419555601913653,-38.08826446533203,5.814256191253662,1933.1871368554825,2173.626613931305,0.09228515625
2374.1939229024943,00:39:34.19,IMPACT,6.578751199013175,-30.72937774658203,5.521781921386719,3719.0029412267063,2224.8013812694358,0.23291015625
2374.1939229024943,00:39:34.19,HIGH_LOAD,4.7768691683241045,-30.72937774658203,5.521781921386719,3719.0029412267063,2224.8013812694358,0.23291015625
2376.4230385487526,00:39:36.42,IMPACT,5.9442582082564135,-30.004589080810547,4.811727523803711,4831.695457723719,2288.634883731724,0.41064453125
2381.50820861678,00:39:41.51,IMPACT,9.818804327838919,-26.701824188232422,8.197172164916992,2822.1400648098816,2218.146514428239,0.12255859375
2383.017505668934,00:39:43.02,IMPACT,5.964542665846802,-35.73936080932617,5.232965469360352,2840.546253531726,2444.636552983386,0.19677734375
2384.6196825396823,00:39:44.62,HIGH_LOAD,4.486979486861213,-28.331035614013672,6.0866169929504395,2034.1915361386914,2493.349149090313,0.08056640625
2386.0593197278913,00:39:46.06,IMPACT,4.92895155293519,-29.023235321044922,4.2136688232421875,2872.3662497274818,3155.1669077718716,0.0947265625
2387.429297052154,00:39:47.43,IMPACT,8.949218170586144,-28.51956558227539,7.027043342590332,5474.041346084198,2825.007328080748,0.45703125
2388.7296145124715,00:39:48.73,IMPACT,8.935344331637072,-32.7347526550293,7.392338275909424,3578.851071149128,2871.6957703387825,0.30322265625
2389.6584126984126,00:39:49.66,HARSH,3.661828795919285,-31.060047149658203,2.7276034355163574,5057.990279362453,2103.0021901202967,0.41162109375
2389.983492063492,00:39:49.98,IMPACT,12.150735362358436,-30.875682830810547,9.979447364807129,3276.7288711850024,2914.642266441195,0.1943359375
2392.9324263038548,00:39:52.93,HARSH,3.857670171964484,-37.88787841796875,2.1764886379241943,5410.3404604714615,2696.3200981940413,0.4287109375
2394.697142857143,00:39:54.70,IMPACT,7.61789755994575,-28.384525299072266,6.329178333282471,3126.4494888016834,2998.155935952081,0.17431640625
2394.697142857143,00:39:54.70,HIGH_LOAD,5.290155472216594,-28.384525299072266,6.329178333282471,3126.4494888016834,2998.155935952081,0.17431640625
2396.3689795918367,00:39:56.37,IMPACT,5.9211508493572715,-31.9696044921875,5.226259231567383,2286.6394637638,2467.7879059852503,0.19287109375
2396.461859410431,00:39:56.46,HARSH,3.8422952437172464,-40.45317077636719,2.298215627670288,5625.6355080742815,2985.1549627719287,0.41357421875
2397.715736961451,00:39:57.72,IMPACT,6.754369864423232,-26.332637786865234,6.000460624694824,1582.04603909797,1705.6873362741658,0.05224609375
2424.975963718821,00:40:24.98,IMPACT,6.171991264097983,-37.96487045288086,5.4557785987854,2559.7791713045453,2680.552922951886,0.16015625
2430.4094331065758,00:40:30.41,SWELL,4.364012718200684,-49.593841552734375,0.3955158293247223,1299.861845156688,1773.7895902079802,0.03125
2430.5719727891155,00:40:30.57,IMPACT,10.667348609514566,-21.721939086914062,9.072339057922363,1453.7305881076502,1748.1304137368527,0.07275390625
2430.9202721088436,00:40:30.92,HARSH,2.819165913995581,-29.775100708007812,2.598863124847412,4428.566866596422,1808.2758996159625,0.31884765625
2433.7066666666665,00:40:33.71,IMPACT,6.881242480330266,-32.161468505859375,5.999924659729004,2250.3898224262985,2499.0865204692054,0.1162109375
2440.440453514739,00:40:40.44,IMPACT,6.919661158321937,-37.08528137207031,6.049473285675049,2631.811350793239,2479.3454184660663,0.154296875
2443.1107482993198,00:40:43.11,SWELL,4.0412492752075195,-41.58909606933594,0.9040935039520264,2212.6650782584175,2771.5250797722724,0.091796875
2443.5519274376416,00:40:43.55,IMPACT,5.813711584946756,-26.004009246826172,5.329527854919434,1144.7563065794866,1571.498883038455,0.037109375
2444.5271655328797,00:40:44.53,HARSH,4.372264847276252,-33.85140609741211,1.2944433689117432,5681.596951313944,2368.8332629124757,0.49169921875
2444.7361451247166,00:40:44.74,IMPACT,6.858614051004773,-27.024368286132812,5.983077049255371,1905.246404388873,2246.2854436163884,0.0908203125
2449.1943764172333,00:40:49.19,SWELL,2.477743148803711,-50.59467315673828,0.29010817408561707,1425.3221955255876,2005.590985308516,0.06640625
2452.5612698412697,00:40:52.56,IMPACT,6.000199109485774,-33.701080322265625,5.318237781524658,2301.827474728403,2437.9936086711837,0.099609375
2453.8615873015874,00:40:53.86,IMPACT,5.339959066738756,-25.03783416748047,4.704792499542236,2090.219147505416,2253.7759726779204,0.06787109375
2454.6278458049887,00:40:54.63,HARSH,3.4502527311318296,-35.85952377319336,3.7947874069213867,4922.137889041656,2494.791610449043,0.39013671875
2457.8089795918368,00:40:57.81,IMPACT,4.8126614365498925,-34.294097900390625,3.989039421081543,4599.869077463856,2522.264421917817,0.35986328125
2457.8089795918368,00:40:57.81,HARSH,3.2009936334405515,-34.294097900390625,3.989039421081543,4599.869077463856,2522.264421917817,0.35986328125
2486.5785034013606,00:41:26.58,IMPACT,5.826565868495627,-14.150712966918945,4.877220630645752,2084.4071683190837,2636.940028388353,0.03759765625
2489.063038548753,00:41:29.06,IMPACT,5.434588806590698,-23.834205627441406,4.696218013763428,2280.867038259181,2560.983268932446,0.06640625
2491.7565532879817,00:41:31.76,IMPACT,7.28412358261315,-18.97624969482422,6.205422401428223,1997.3986894043614,1992.2476339222726,0.0859375
2521.1530158730156,00:42:01.15,IMPACT,15.013306404432637,-16.27266502380371,12.286357879638672,1991.4664117419234,2534.1962972692345,0.06640625
2522.1979138321994,00:42:02.20,IMPACT,5.177595696375645,-22.672086715698242,4.497746467590332,2104.445605157688,2590.9856172386867,0.04443359375
2523.405351473923,00:42:03.41,IMPACT,6.295546134392794,-17.481708526611328,5.559117794036865,1234.1111550419046,1599.9328545920139,0.060546875
2525.309387755102,00:42:05.31,IMPACT,7.240481533235692,-22.012683868408203,6.303262710571289,1766.0534387563202,1573.478380884566,0.08251953125
2528.0261224489795,00:42:08.03,IMPACT,5.516343888915388,-29.430477142333984,4.855435848236084,2268.552865867876,2550.029580293099,0.13916015625
2542.213514739229,00:42:22.21,IMPACT,6.11446627130685,-10.51704216003418,4.873819828033447,3032.4566216900544,2804.79898026213,0.10107421875
2549.1795011337867,00:42:29.18,IMPACT,6.181383096970968,-22.634296417236328,5.352035999298096,2034.8811959235477,2217.101872666931,0.10107421875
2550.6191383219953,00:42:30.62,IMPACT,5.205430276266867,-21.564363479614258,4.543623447418213,1947.1271005006674,2447.440076823123,0.0419921875
2553.126893424036,00:42:33.13,IMPACT,5.373338274196512,-23.509708404541016,4.331478118896484,4197.822329809247,2502.7235743453434,0.34033203125
2553.126893424036,00:42:33.13,HIGH_LOAD,4.551983852762828,-23.509708404541016,4.331478118896484,4197.822329809247,2502.7235743453434,0.34033203125
2556.9349659863947,00:42:36.93,HARSH,3.0108671871700476,-38.600616455078125,1.1623053550720215,4458.732198316292,3220.100052337388,0.32666015625
2560.8126984126984,00:42:40.81,HARSH,3.2984640468651696,-34.605743408203125,3.216775417327881,5149.815826845208,2781.556161726379,0.33544921875
2562.647074829932,00:42:42.65,IMPACT,5.721230117021912,-32.6761474609375,4.918833255767822,3043.4054989043416,2780.651732179382,0.13525390625
2563.7384126984125,00:42:43.74,IMPACT,9.557600028954733,-18.385637283325195,7.994542121887207,1951.8141008161733,2244.874504712119,0.0947265625
2564.899410430839,00:42:44.90,IMPACT,9.018847390114551,-20.009008407592773,7.658942699432373,1772.2772014368434,1881.2295317957835,0.08203125
2566.153287981859,00:42:46.15,IMPACT,7.121529312980574,-21.79543113708496,6.253184795379639,1356.3712794671599,1749.9974386797928,0.0966796875
2573.908752834467,00:42:53.91,HIGH_LOAD,7.193079508393572,-25.832508087158203,7.92608642578125,4216.523439750828,3387.5055263401605,0.2822265625
2573.908752834467,00:42:53.91,IMPACT,9.943926265694685,-25.832508087158203,7.92608642578125,4216.523439750828,3387.5055263401605,0.2822265625
2575.092970521542,00:42:55.09,IMPACT,6.174145756457137,-31.66919708251953,5.006908416748047,4604.953094788501,2779.115288318941,0.2314453125
2576.3004081632653,00:42:56.30,IMPACT,5.000758367649217,-23.370330810546875,4.540411472320557,1602.0057087895852,1762.1150988115564,0.0947265625
2581.9196371882085,00:43:01.92,IMPACT,4.95044045359229,-24.24514389038086,4.600086212158203,1257.084703322585,1496.60690251357,0.05712890625
2588.7463038548754,00:43:08.75,IMPACT,5.121951080144189,-23.149547576904297,4.605932712554932,1799.603933203904,1717.6926819731323,0.09130859375
2589.698321995465,00:43:09.70,HIGH_LOAD,4.367103891935416,-24.26453971862793,4.374486923217773,4528.314281819677,2908.501582913796,0.22900390625
2589.8608616780043,00:43:09.86,IMPACT,5.844227108202805,-19.046667098999023,4.959433078765869,2318.275217899644,2383.3020688032343,0.14501953125
2604.6519727891155,00:43:24.65,IMPACT,4.939489520506706,-18.856136322021484,4.445138454437256,1445.6532199923781,1753.0807110538574,0.0751953125
2617.1443083900226,00:43:37.14,IMPACT,5.658848145244784,-22.34579849243164,4.590828895568848,3575.016485330525,2993.0504597045297,0.15478515625
2617.1443083900226,00:43:37.14,HIGH_LOAD,4.16319277392914,-22.34579849243164,4.590828895568848,3575.016485330525,2993.0504597045297,0.15478515625
2619.5591836734693,00:43:39.56,IMPACT,5.3079851678,-27.781959533691406,4.755006313323975,1959.3727915547638,2163.8676385023746,0.0576171875
2621.7882993197277,00:43:41.79,IMPACT,9.855933349295107,-27.94515609741211,8.460953712463379,1880.9190610702874,1678.9138917574073,0.07275390625
2622.763537414966,00:43:42.76,HIGH_LOAD,4.908777088194389,-29.59587860107422,6.498544692993164,2601.0882370617774,2359.171188552659,0.09765625
2624.5050340136054,00:43:44.51,IMPACT,6.031222290600788,-30.604568481445312,5.407489776611328,2013.470791467075,1820.1887408781859,0.099609375
2625.666031746032,00:43:45.67,IMPACT,7.8623090241587335,-28.603382110595703,6.860562324523926,1991.9346186569064,1660.8146699046279,0.10302734375
2628.429206349206,00:43:48.43,IMPACT,6.165030118607224,-31.607994079589844,5.664279460906982,1309.4982418747024,1661.634310379446,0.04296875
2633.5608163265306,00:43:53.56,SWELL,3.5772604942321777,-39.96888732910156,0.21212242543697357,4724.133186228203,2391.386989342255,0.31103515625
2633.6072562358277,00:43:53.61,HIGH_LOAD,4.077255399722088,-35.551029205322266,4.65745735168457,3682.9267695064877,2472.4287601962087,0.240234375
2638.8085260770977,00:43:58.81,IMPACT,6.411071024067169,-32.83635330200195,5.284331798553467,4405.071703185631,2446.8949391482006,0.3046875
2638.8085260770977,00:43:58.81,HIGH_LOAD,4.959780241343149,-32.83635330200195,5.284331798553467,4405.071703185631,2446.8949391482006,0.3046875
2639.2032653061224,00:43:59.20,HARSH,4.287038962561466,-34.3867073059082,3.0023558139801025,5785.212145517363,2182.166772626247,0.48291015625
2640.155283446712,00:44:00.16,IMPACT,6.28116282765092,-30.420616149902344,5.7076802253723145,1354.375609342036,1872.6180536585666,0.1142578125
2641.4323809523808,00:44:01.43,IMPACT,4.907457825753284,-28.996631622314453,4.01158332824707,4690.6591438908845,2083.8280257158613,0.37255859375
2642.6862585034014,00:44:02.69,IMPACT,6.68172257601924,-37.334651947021484,5.619865894317627,4082.1655139676723,2512.8731407548316,0.21826171875
2652.113560090703,00:44:12.11,IMPACT,4.8703815211769195,-24.884132385253906,4.291101455688477,2221.2190485758256,2382.547189432277,0.03759765625
2706.541133786848,00:45:06.54,IMPACT,6.056417579117372,-24.936573028564453,5.2357869148254395,2188.1328080633675,2477.8180072995065,0.07373046875
2739.954648526077,00:45:39.95,IMPACT,5.776166716674224,-28.779918670654297,5.378424644470215,919.8244609616968,1600.9187429305243,0.03125
2740.0939682539683,00:45:40.09,HIGH_LOAD,4.107313949052093,-28.644989013671875,4.248512268066406,4255.539126990406,2397.8576476973503,0.26123046875
2741.6032653061225,00:45:41.60,IMPACT,4.8035133321989845,-30.409610748291016,3.8075594902038574,5174.625064136979,2672.6442048598774,0.2626953125
2742.764263038549,00:45:42.76,IMPACT,5.080768162332929,-32.630088806152344,4.851536750793457,1199.4864688961075,1478.7422280655903,0.05078125
2748.499591836735,00:45:48.50,IMPACT,5.772891050868856,-27.415630340576172,5.170039176940918,1835.2933425528952,1899.9099279147995,0.05615234375
2753.7473015873015,00:45:53.75,IMPACT,5.0514132107056895,-31.493927001953125,4.708828926086426,1600.632000449243,1797.6264544439841,0.0478515625
2756.278276643991,00:45:56.28,HIGH_LOAD,3.9397308038724717,-34.57564926147461,2.5659799575805664,6494.387634260643,2520.16603132933,0.50048828125
2759.1807709750565,00:45:59.18,HARSH,3.985271199608488,-37.36030197143555,2.8326942920684814,5694.055081260348,2876.069237292082,0.42333984375
2761.17768707483,00:46:01.18,IMPACT,7.570900418028231,-32.556705474853516,6.100386619567871,5133.688907072772,2324.3641559746466,0.3232421875
2762.3851247165535,00:46:02.39,HARSH,4.8951532593554905,-31.704238891601562,3.523667097091675,6800.620259972172,2504.914033244739,0.498046875
2762.478004535147,00:46:02.48,IMPACT,5.157181678332113,-29.833396911621094,4.770840167999268,1654.0952105490737,1676.4169809612981,0.080078125
2763.5925623582766,00:46:03.59,IMPACT,7.173064485654093,-35.843753814697266,5.891799449920654,4758.061058500373,2376.6229570498967,0.27490234375
2771.8356462585034,00:46:11.84,IMPACT,5.283769972457045,-36.16147994995117,4.21046781539917,5610.480558769402,2694.150397170192,0.3486328125
2772.2536054421766,00:46:12.25,HARSH,2.9081401880672146,-36.68681335449219,2.1151583194732666,5465.932642417867,2740.9820753751983,0.26708984375
2772.8573242630387,00:46:12.86,IMPACT,8.527125154423763,-31.63475799560547,7.522702693939209,1551.8819477827617,1581.7379810910963,0.0751953125
2777.0369160997734,00:46:17.04,IMPACT,6.2134677870692085,-31.92413330078125,5.697964668273926,1348.745563528285,1695.7138137830045,0.06640625
2779.939410430839,00:46:19.94,IMPACT,9.195277805891376,-27.904708862304688,8.054006576538086,1346.3501556516408,1366.768642934747,0.05859375
2781.1004081632655,00:46:21.10,IMPACT,7.108881475199048,-26.994632720947266,6.327158451080322,1428.27375680468,1641.0547396378063,0.06494140625
2782.2614058956915,00:46:22.26,HARSH,2.9950144835766666,-31.569355010986328,2.274376153945923,4531.333880110124,1925.987419332598,0.34423828125
2782.679365079365,00:46:22.68,IMPACT,5.890037177492333,-32.2239990234375,5.38940954208374,1453.2613609271552,2041.3070692014783,0.07421875
2783.7707029478456,00:46:23.77,IMPACT,5.190802657742235,-35.57295227050781,4.766849040985107,2050.648346429978,2214.409461480537,0.0791015625
2786.5338775510204,00:46:26.53,IMPACT,5.332705985960813,-29.137351989746094,4.918762683868408,1546.1877326565998,1667.5562191670074,0.06396484375
2788.066394557823,00:46:28.07,HIGH_LOAD,4.606129784872866,-30.431442260742188,6.8656439781188965,1389.9016527562876,1600.069526028359,0.048828125
2788.066394557823,00:46:28.07,IMPACT,7.699049982523569,-30.431442260742188,6.8656439781188965,1389.9016527562876,1600.069526028359,0.048828125
2790.4812698412698,00:46:30.48,IMPACT,6.3459136945378765,-28.626041412353516,5.7410759925842285,1350.2003430541963,1780.599313014214,0.04443359375
2794.428662131519,00:46:34.43,IMPACT,5.126800839668522,-23.523258209228516,4.517255783081055,1823.1825750753826,2592.130301179379,0.01123046875
2824.7307029478457,00:47:04.73,IMPACT,5.266509879353705,-23.930986404418945,4.572609901428223,2160.9552443625366,2658.3777128518345,0.05029296875
2826.193560090703,00:47:06.19,IMPACT,4.911896328153423,-20.29304313659668,4.352282524108887,1584.6183284678666,2409.3675378627618,0.0185546875
2831.6038095238096,00:47:11.60,IMPACT,8.4082578621724,-24.04947853088379,7.014506816864014,2610.534755148437,2646.795288730128,0.04638671875
2834.6456235827663,00:47:14.65,IMPACT,11.408563453196402,-22.439682006835938,9.281485557556152,3352.1787992018517,2501.634874137986,0.18359375
2835.342222222222,00:47:15.34,HIGH_LOAD,4.427789484350284,-35.417476654052734,4.199769496917725,5513.234973063648,2637.1275945884727,0.3291015625
2836.64253968254,00:47:16.64,HARSH,3.3983078804900266,-24.66961669921875,4.848127365112305,4700.8093011266965,1787.161402300169,0.3740234375
2838.035736961451,00:47:18.04,IMPACT,7.149774012246163,-34.03644561767578,6.229539394378662,2245.509180121847,2649.9557652536387,0.10595703125
2841.727709750567,00:47:21.73,IMPACT,5.977677884209991,-37.09537124633789,5.374349117279053,2104.4670057766566,2562.111649821967,0.060546875
2841.7741496598637,00:47:21.77,SWELL,3.830193042755127,-43.651485443115234,0.05545206367969513,2959.027836957025,2660.6946868885566,0.15576171875
2842.9583673469388,00:47:22.96,IMPACT,6.744099835248576,-34.497039794921875,5.688431739807129,3514.385483860935,2782.667664719404,0.18017578125
2861.511111111111,00:47:41.51,IMPACT,4.996329778277986,-33.08186721801758,4.673600196838379,1572.6300385013606,1996.1754062656019,0.125
2861.9290702947847,00:47:41.93,HIGH_LOAD,4.090897338514511,-35.12132263183594,5.756834030151367,1822.7112522582834,2018.4878148943562,0.13037109375
2862.532789115646,00:47:42.53,IMPACT,5.02888648540177,-34.7318229675293,4.776561737060547,1522.6277252497644,1608.9115736360711,0.09033203125
2863.2990476190475,00:47:43.30,HARSH,5.826035184368777,-38.171226501464844,1.8280364274978638,6850.141964383608,2650.2350207557056,0.66650390625
2864.5761451247167,00:47:44.58,SWELL,3.276796579360962,-37.871002197265625,2.7215168476104736,3052.165483115341,2658.9934698496845,0.17236328125
2870.868752834467,00:47:50.87,IMPACT,5.885400259712003,-38.76493835449219,4.920610427856445,4402.861727637259,2812.4667628344987,0.33447265625
2872.703129251701,00:47:52.70,SWELL,3.0752298831939697,-36.135772705078125,2.482367992401123,5030.951831950391,2609.537641827597,0.40966796875
2873.330068027211,00:47:53.33,HARSH,3.869925228531402,-32.19255065917969,2.720958709716797,5531.811212210853,2557.2422062429428,0.404296875
2873.3532879818595,00:47:53.35,IMPACT,5.587253777344049,-29.926101684570312,4.476809978485107,5022.671468123702,2441.2032127695115,0.396484375
2875.466303854875,00:47:55.47,IMPACT,6.040048058806589,-37.54794692993164,5.20494270324707,3668.4061218969973,2268.133331133225,0.2001953125
2881.666031746032,00:48:01.67,IMPACT,4.72316473138811,-36.47084045410156,4.094338893890381,3908.7798251347967,2268.97851835108,0.310546875
2912.3860317460317,00:48:32.39,IMPACT,5.095836100931351,-22.376373291015625,4.66030216217041,1308.5562879712352,1656.5378757981898,0.05322265625
2914.661587301587,00:48:34.66,IMPACT,5.006071658155277,-28.078086853027344,4.2427544593811035,3120.301703855289,2936.574870534786,0.0693359375
2915.752925170068,00:48:35.75,IMPACT,9.733851836163469,-22.6068115234375,7.951459884643555,3151.986411558797,2743.9688685080123,0.19287109375
2916.8674829931974,00:48:36.87,IMPACT,7.776479041314298,-25.676185607910156,6.881054401397705,1271.2502432430892,1499.8594844569707,0.03857421875
2917.5408616780046,00:48:37.54,HARSH,2.889990831593942,-25.16954803466797,2.3622612953186035,4668.684344645373,2527.890221006147,0.26513671875
2919.444897959184,00:48:39.44,IMPACT,6.008829553503641,-21.761089324951172,5.378835678100586,1272.0643365997023,1728.7562788215823,0.080078125
2919.5377777777776,00:48:39.54,HIGH_LOAD,4.307642792052859,-22.917760848999023,3.9814155101776123,4594.242126008696,2126.061886741029,0.33984375
2921.9990929705214,00:48:42.00,IMPACT,7.7532712807816715,-21.974506378173828,6.75576639175415,1415.8700776686346,1711.244823198217,0.04345703125
2924.6926077097505,00:48:44.69,IMPACT,6.41956825441225,-28.362987518310547,5.2155561447143555,4565.831311827221,2230.6840545699974,0.3486328125
2924.6926077097505,00:48:44.69,HARSH,3.207858941784699,-28.362987518310547,5.2155561447143555,4565.831311827221,2230.6840545699974,0.3486328125
2924.6926077097505,00:48:44.69,HIGH_LOAD,5.144104454097809,-28.362987518310547,5.2155561447143555,4565.831311827221,2230.6840545699974,0.3486328125
2925.7839455782314,00:48:45.78,IMPACT,5.473516528670839,-37.68921661376953,4.884101867675781,2647.804217063813,2624.8834194362685,0.1142578125
2930.009977324263,00:48:50.01,HIGH_LOAD,4.200697380467179,-31.810543060302734,6.383015155792236,1331.204115242775,1897.780647517545,0.0302734375
2930.009977324263,00:48:50.01,IMPACT,7.0959451263717215,-31.810543060302734,6.383015155792236,1331.204115242775,1897.780647517545,0.0302734375
2931.4496145124717,00:48:51.45,IMPACT,11.48624525681796,-15.700469970703125,9.802528381347656,787.4357335865316,1170.7023666862917,0.02490234375
2932.8892517006802,00:48:52.89,IMPACT,10.19148250499332,-20.44125747680664,8.598847389221191,1801.5572410268594,1883.2833130495287,0.04541015625
2934.3288888888887,00:48:54.33,IMPACT,8.350366508302876,-20.034282684326172,7.288815498352051,1082.7729067538114,1417.5806258648806,0.02783203125
2935.048707482993,00:48:55.05,HIGH_LOAD,6.803010487685634,-14.125144958496094,9.364636421203613,1339.8413425073306,1665.5281157538195,0.0244140625
2935.7917460317462,00:48:55.79,IMPACT,8.082621717777645,-14.492727279663086,6.999025821685791,1004.0199660258204,1407.6487526761105,0.04443359375
2938.6710204081633,00:48:58.67,IMPACT,8.107288332900001,-10.907686233520508,6.901853561401367,1227.5385053588543,1610.0524967330177,0.04248046875
2940.1338775510203,00:49:00.13,IMPACT,7.316594377804124,-13.53066635131836,6.291816234588623,1355.5431124129339,1599.780106633697,0.05029296875
2940.1338775510203,00:49:00.13,HIGH_LOAD,4.583624861088369,-13.53066635131836,6.291816234588623,1355.5431124129339,1599.780106633697,0.05029296875
2941.573514739229,00:49:01.57,IMPACT,12.683617866088113,-16.001209259033203,10.627485275268555,1286.3035121866494,1680.5535201958592,0.041015625
2943.013151927438,00:49:03.01,IMPACT,5.1184172173060825,-14.522024154663086,4.58327054977417,1231.7848775979935,1477.6226815197726,0.05615234375
2944.476009070295,00:49:04.48,IMPACT,8.70934756508882,-17.47207260131836,7.5123114585876465,1120.2220032459052,1565.0733725307186,0.03076171875
2945.195827664399,00:49:05.20,HIGH_LOAD,4.601675868109905,-16.635404586791992,6.4782843589782715,1293.284214702746,1525.1702034260195,0.04443359375
2947.355283446712,00:49:07.36,IMPACT,10.543871386625899,-19.881664276123047,8.977816581726074,1229.1975068182746,1776.4727210744288,0.02783203125
2948.841360544218,00:49:08.84,IMPACT,4.826463231713181,-20.124460220336914,4.55790901184082,692.4495661811625,1216.0373999130522,0.01806640625
2951.720634920635,00:49:11.72,IMPACT,4.86824594132349,-19.753664016723633,4.6176676750183105,626.7435172338195,1017.7014419799515,0.0263671875
2959.98693877551,00:49:19.99,IMPACT,4.798396632504609,-20.26658821105957,4.369529724121094,1359.5504281989408,1751.3783876311613,0.0634765625
2972.4792743764174,00:49:32.48,IMPACT,6.211147299390122,-37.47120666503906,5.328317642211914,3412.8376847371514,2771.11914471753,0.18603515625
2977.982403628118,00:49:37.98,IMPACT,4.768915245677227,-31.33905792236328,4.566946983337402,1113.1602441170667,1741.9704777236327,0.033203125
2991.5660770975055,00:49:51.57,IMPACT,6.3155856945152,-32.19101333618164,5.5077314376831055,2373.895649523165,2681.9212626573494,0.080078125
3022.4021768707485,00:50:22.40,IMPACT,6.569116122787313,-24.850967407226562,5.89232873916626,1397.2091566386925,1396.482703315033,0.07275390625
3030.0183219954647,00:50:30.02,IMPACT,5.939604122690042,-27.075958251953125,4.786703586578369,4455.6218679617705,2621.375802010223,0.2705078125
3031.2257596371883,00:50:31.23,IMPACT,8.541100822405491,-31.101425170898438,7.450562477111816,1599.5704787930729,2198.516323284185,0.03662109375
3036.0090702947846,00:50:36.01,IMPACT,5.64436900252461,-24.450756072998047,4.47526741027832,4562.511981602517,2760.94817187417,0.19873046875
3040.0261224489795,00:50:40.03,IMPACT,7.138642964806503,-22.63623809814453,6.108585834503174,2186.4415737843938,2070.55856698009,0.11328125
3051.0091609977326,00:50:51.01,IMPACT,5.309562924015426,-15.070049285888672,4.4648051261901855,2503.085464125153,2125.1322264015794,0.1298828125
3104.1131972789117,00:51:44.11,SWELL,4.252740383148193,-35.240440368652344,1.7736883163452148,1168.7406088736248,1701.6560750123188,0.0283203125
3104.4150566893422,00:51:44.42,IMPACT,10.095834739618011,-28.185443878173828,8.743724822998047,1459.7261279225977,1518.4459021154948,0.07666015625
3108.153469387755,00:51:48.15,IMPACT,7.186035016376415,-28.337169647216797,6.256924629211426,2089.245421776445,2051.4327047861125,0.06787109375
3108.153469387755,00:51:48.15,HIGH_LOAD,4.496340987535611,-28.337169647216797,6.256924629211426,2089.245421776445,2051.4327047861125,0.06787109375
3108.362448979592,00:51:48.36,HARSH,2.9051336251365445,-33.98324203491211,2.207144021987915,5400.762636213488,2756.2810349776814,0.25732421875
3127.077732426304,00:52:07.08,IMPACT,6.61537261793623,-24.723011016845703,5.524616718292236,2945.7365884301303,2751.159393441602,0.1552734375
3133.091700680272,00:52:13.09,IMPACT,5.203090641416396,-30.551189422607422,4.4382100105285645,3764.9881710327054,1972.9590723429008,0.28173828125
3140.7078458049887,00:52:20.71,IMPACT,6.8641226362629,-33.8557243347168,6.085078716278076,2026.0218956266647,2182.049712261994,0.10986328125
3143.865759637188,00:52:23.87,IMPACT,6.256251925498371,-40.06218719482422,5.582475662231445,2664.6235526839537,2286.5802730324613,0.171875
3148.579410430839,00:52:28.58,IMPACT,6.369465183105561,-27.30142593383789,5.142589569091797,4769.088266921499,2065.5330133260322,0.3720703125
3148.6026303854874,00:52:28.60,HARSH,3.413081358698216,-26.30506134033203,3.342392921447754,4604.695530306033,2033.1600837448786,0.37841796875
3156.799274376417,00:52:36.80,IMPACT,6.666650440515345,-36.31877517700195,5.680193901062012,3803.197115096392,2118.378639328456,0.28173828125
3172.797823129252,00:52:52.80,IMPACT,6.178968484384056,-20.395429611206055,5.56369161605835,1184.683510218117,1207.7127922325774,0.0751953125
3178.718911564626,00:52:58.72,IMPACT,6.497654038232111,-27.959705352783203,5.883720874786377,1200.6353803050379,1712.8213919259647,0.04638671875
3180.0192290249433,00:53:00.02,IMPACT,7.149112333928691,-29.30031967163086,6.195015907287598,2102.2004212913685,2474.5464536560144,0.12890625
3185.2204988662133,00:53:05.22,HARSH,2.8615127715110513,-26.506206512451172,0.677111029624939,4549.494616499098,2736.7887533047365,0.26416015625
3185.2901587301585,00:53:05.29,IMPACT,5.641566119970652,-26.590606689453125,5.0521159172058105,1573.457922952338,2295.021264639093,0.0751953125
3202.9373242630386,00:53:22.94,IMPACT,8.5910893510005,-28.520965576171875,7.504197597503662,1595.8855928550083,1692.391339565027,0.08984375
3204.33052154195,00:53:24.33,IMPACT,8.105906624290448,-27.336196899414062,7.077131748199463,1694.288224477271,1725.0209620359192,0.07470703125
3204.911020408163,00:53:24.91,HARSH,4.981739495588542,-36.66532897949219,0.8610143661499023,6476.794287034795,2363.0195300349733,0.55810546875
3205.421859410431,00:53:25.42,IMPACT,5.854334491499944,-35.692935943603516,5.415174961090088,1548.4348592693923,1913.0569285575286,0.072265625
3211.296507936508,00:53:31.30,IMPACT,6.648012948142386,-30.356616973876953,5.406123161315918,4806.475128193936,2089.12537158637,0.39697265625
3214.7795011337867,00:53:34.78,SWELL,3.536379337310791,-46.44828796386719,0.48949673771858215,1560.8671305497885,1992.0021511063035,0.08642578125
3215.0349206349206,00:53:35.03,IMPACT,5.047223022059953,-30.507606506347656,4.166781902313232,4617.145935097882,2021.1194082209604,0.3701171875
3219.6789115646257,00:53:39.68,IMPACT,6.412942407370413,-35.71665954589844,5.684854507446289,2349.7194170161106,2329.4611385103462,0.15673828125
3221.5132879818593,00:53:41.51,IMPACT,9.952978209202271,-29.88372802734375,8.438444137573242,2419.318566801341,2071.6839610125744,0.16357421875
3222.60462585034,00:53:42.60,IMPACT,7.870857625938413,-33.893184661865234,6.951592445373535,1749.303484547334,2044.4069920638951,0.08642578125
3224.0674829931972,00:53:44.07,HIGH_LOAD,4.503791619906128,-33.932708740234375,6.508691787719727,1756.1919666873414,1705.8380071649729,0.09765625
3224.0674829931972,00:53:44.07,IMPACT,7.271928045995172,-33.932708740234375,6.508691787719727,1756.1919666873414,1705.8380071649729,0.09765625
3235.491700680272,00:53:55.49,IMPACT,6.999359472640803,-34.94804000854492,6.092045783996582,2641.688357745911,2340.3261405762805,0.1943359375
3237.1867573696145,00:53:57.19,IMPACT,4.804646228334985,-32.18708801269531,4.375283718109131,2074.361434759186,2435.548130605652,0.0693359375
3246.126439909297,00:54:06.13,IMPACT,4.956008611262828,-16.655746459960938,4.678472995758057,489.2351281618664,851.1875838238033,0.02294921875
3247.542857142857,00:54:07.54,IMPACT,8.68546488116754,-12.583751678466797,7.397528171539307,1168.2571593571524,1644.4870886987903,0.01953125
3248.982494331066,00:54:08.98,IMPACT,14.592857310430185,-12.319442749023438,12.203161239624023,840.007080304908,1363.289678145369,0.0234375
3249.70231292517,00:54:09.70,HIGH_LOAD,7.7470315877555755,-12.140043258666992,10.717133522033691,904.6509627227335,1357.6815117673866,0.03515625
3250.398911564626,00:54:10.40,IMPACT,8.108156181499702,-12.787494659423828,6.96884822845459,1111.990155485059,1455.2131438659019,0.02783203125
3251.8385487528344,00:54:11.84,IMPACT,7.483342203980753,-10.031021118164062,6.525547981262207,742.8868132923299,1084.9452595108455,0.0224609375
3253.092426303855,00:54:13.09,IMPACT,7.177063925999418,-9.242727279663086,6.251081943511963,671.2042018300931,1348.6731217754186,0.01513671875
3254.6946031746033,00:54:14.69,IMPACT,12.712140410313975,-10.90247917175293,10.693994522094727,818.4583183450065,1228.8515692294072,0.02685546875
3255.4144217687076,00:54:15.41,HIGH_LOAD,8.645307947599123,-10.784391403198242,11.882241249084473,872.0050449730752,1393.7772623578946,0.0322265625
3256.134240362812,00:54:16.13,IMPACT,8.750376162820814,-13.158174514770508,7.517029285430908,968.0984110050854,1411.8152812438857,0.04541015625
3257.550657596372,00:54:17.55,IMPACT,8.181255264352865,-11.831640243530273,7.0915069580078125,799.3426726836027,1196.74894610822,0.02587890625
3258.9902947845803,00:54:18.99,IMPACT,7.814732372323284,-8.29283332824707,6.690974712371826,930.4479154089478,1458.9489015666013,0.0283203125
3260.4067120181408,00:54:20.41,IMPACT,14.691675852734443,-9.532600402832031,12.18056869506836,1047.3598031816418,1568.7163366102218,0.0283203125
3261.126530612245,00:54:21.13,HIGH_LOAD,6.206407832243706,-9.254539489746094,8.57917308807373,969.8095892214835,1355.0645476740037,0.02880859375
3261.4283900226756,00:54:21.43,IMPACT,6.918423234235074,-11.088018417358398,5.462369441986084,3164.525569518374,3192.000601326186,0.09716796875
3262.5661678004535,00:54:22.57,IMPACT,4.9687881516841665,-10.35556411743164,4.404289245605469,1181.990439601468,1478.283803579481,0.025390625
3263.9825850340135,00:54:23.98,IMPACT,13.228704052495607,-9.770347595214844,11.048296928405762,942.3814623786825,1414.2285396726993,0.0341796875
3265.050702947846,00:54:25.05,IMPACT,7.7770643167288815,-11.874086380004883,6.771503925323486,826.0409950132723,1131.8753997774775,0.02734375
3266.118820861678,00:54:26.12,IMPACT,13.980368716366744,-13.899263381958008,11.63913345336914,1243.2413542597399,1668.4050644156282,0.0322265625
3266.4903401360543,00:54:26.49,HIGH_LOAD,4.198071193626432,-13.935924530029297,6.057734489440918,875.3622882928227,1367.0989640781534,0.033203125
3267.2101587301586,00:54:27.21,IMPACT,6.536828646625853,-13.40780258178711,5.815893650054932,813.3506612943621,1044.1402312935315,0.0341796875
3268.3479365079365,00:54:28.35,IMPACT,5.188232030419988,-18.33911895751953,4.553514003753662,1546.2821036788162,2358.643089277818,0.0576171875
3271.6451700680273,00:54:31.65,HIGH_LOAD,4.963572857597789,-20.987396240234375,6.138141632080078,2759.646253739749,2791.90430023487,0.09619140625
3273.17768707483,00:54:33.18,IMPACT,5.692019822101033,-23.06742286682129,5.201824188232422,1167.7933971554123,1377.7525493081812,0.06298828125
3276.9160997732424,00:54:36.92,HIGH_LOAD,5.132106481020819,-22.99040412902832,7.30477237701416,1256.1740027245223,1399.0470718019612,0.07568359375
3276.9160997732424,00:54:36.92,IMPACT,8.343800796025057,-22.99040412902832,7.30477237701416,1256.1740027245223,1399.0470718019612,0.07568359375
3278.425396825397,00:54:38.43,IMPACT,5.637764527246599,-23.285730361938477,5.161305904388428,1217.4470453652677,1308.0328707418394,0.0859375
3284.0214058956917,00:54:44.02,HARSH,2.9074596420447376,-36.24089431762695,2.389582872390747,4789.9849701547955,3075.827264021844,0.28759765625
3286.5291609977326,00:54:46.53,IMPACT,10.122727146595135,-15.94326400756836,8.46251106262207,1927.9559788661832,1769.0798181053171,0.0849609375
3288.804716553288,00:54:48.80,IMPACT,5.661292740625267,-31.34998321533203,4.591570854187012,4645.500513009534,2716.7680592348775,0.37353515625
3290.7087528344673,00:54:50.71,HARSH,3.711544719424425,-33.19585037231445,2.2517659664154053,5344.4535056754285,2666.5715939785223,0.38916015625
3291.6143310657594,00:54:51.61,IMPACT,7.870832834125713,-29.141067504882812,6.968356609344482,1481.0165578464319,1588.47744104275,0.0810546875
3293.3790476190475,00:54:53.38,HIGH_LOAD,4.009239914135652,-30.23421859741211,3.694031238555908,4888.817497937809,2361.426078136115,0.33544921875
3294.0988662131517,00:54:54.10,HARSH,2.9356674114310186,-37.567955017089844,2.6378822326660156,5033.19000738309,2749.214787353462,0.298828125
3296.536961451247,00:54:56.54,IMPACT,6.484189435655096,-22.111862182617188,5.827978134155273,1273.7638846925752,1142.349094521327,0.0654296875
3297.7443990929705,00:54:57.74,IMPACT,5.647343136580563,-22.087905883789062,5.205405235290527,1089.329290295499,988.0559204726671,0.0537109375
3300.2521541950114,00:55:00.25,IMPACT,7.602570518288723,-16.141084671020508,6.58961820602417,1335.3239908467217,1383.2538835529497,0.06640625
3302.1561904761907,00:55:02.16,IMPACT,5.667623230200679,-23.046131134033203,5.1320719718933105,1468.2836601866366,1379.9006823711932,0.04541015625
3319.617596371882,00:55:19.62,HARSH,3.5182618497950457,-31.19609832763672,3.2037172317504883,4963.827454303588,2057.7873513124264,0.396484375
3322.055691609977,00:55:22.06,IMPACT,7.746716514943777,-37.855133056640625,6.744527339935303,2722.991782783903,2145.91418949788,0.2119140625
3323.448888888889,00:55:23.45,IMPACT,5.371306878833225,-40.27898406982422,4.78106164932251,3255.073247722366,2281.908640783461,0.22705078125
3324.725986394558,00:55:24.73,IMPACT,9.154469618765466,-32.8266487121582,7.758173942565918,2623.8580320610217,2583.1847646758556,0.21728515625
3325.3761451247165,00:55:25.38,HIGH_LOAD,4.878181741991192,-28.92013168334961,5.002155780792236,4322.473627841526,1744.470663948462,0.36669921875
3327.21052154195,00:55:27.21,IMPACT,5.476230232364108,-31.30544662475586,4.880617618560791,2169.569557570776,2452.5838849869733,0.09423828125
3328.2786394557825,00:55:28.28,IMPACT,6.2097954356574325,-36.710479736328125,5.545373439788818,2488.5652239087044,2053.6911443260774,0.1591796875
3335.6858049886623,00:55:35.69,IMPACT,5.853283436233268,-36.141845703125,5.235363960266113,2304.2672922811034,2479.270447355383,0.083984375
3337.009342403628,00:55:37.01,IMPACT,6.564382232356709,-40.094520568847656,5.796403408050537,2744.1089330080113,2470.5670616310726,0.1240234375
3338.4489795918366,00:55:38.45,IMPACT,5.676474833461568,-35.29866027832031,5.2479143142700195,1662.7744505683606,1910.421432681754,0.060546875
3339.02947845805,00:55:39.03,HARSH,3.5714938772554374,-31.99874496459961,4.19035005569458,5079.862213238439,2088.9028334360946,0.40087890625
3340.1672562358276,00:55:40.17,IMPACT,6.549166038886709,-30.67182159423828,5.867772579193115,1590.4743943597011,2051.05750773607,0.07080078125
3341.4675736961453,00:55:41.47,IMPACT,9.564759845626893,-31.28543472290039,8.185460090637207,2318.3270520534206,1904.0111038486218,0.1123046875
3342.3731519274374,00:55:42.37,HARSH,5.011255157316844,-35.65497970581055,4.595955848693848,6673.571486920174,2489.672280753839,0.5419921875
3342.7678911564626,00:55:42.77,IMPACT,7.167538104236775,-33.97373962402344,6.257136821746826,2418.9696417213036,2252.2948572849546,0.095703125
3346.390204081633,00:55:46.39,SWELL,2.5258002281188965,-38.929134368896484,2.238715648651123,3463.723548171034,2845.026787549947,0.173828125
3347.551201814059,00:55:47.55,IMPACT,4.977208888916834,-39.25214767456055,4.669157028198242,2053.1352415143606,2085.120162267014,0.1435546875
3351.521814058957,00:55:51.52,HIGH_LOAD,4.1142154355299825,-41.366249084472656,5.355768203735352,2841.0303295546923,2155.5552896133677,0.2060546875
3351.521814058957,00:55:51.52,IMPACT,5.965136148199847,-41.366249084472656,5.355768203735352,2841.0303295546923,2155.5552896133677,0.2060546875
3355.8175056689342,00:55:55.82,IMPACT,5.96001933980804,-39.007049560546875,5.055312156677246,4087.998685881262,2636.485694008082,0.2294921875
3357.0017233560093,00:55:57.00,HIGH_LOAD,4.833431802597981,-34.91801452636719,3.6178715229034424,6138.41039672107,2736.6280396619127,0.5458984375
3357.0713832199544,00:55:57.07,IMPACT,5.27065313857016,-28.21363067626953,4.334550857543945,3668.2402565981474,3227.198400109166,0.298828125
3358.185941043084,00:55:58.19,IMPACT,6.343941945860343,-32.228302001953125,5.60504150390625,2080.7093548626126,2445.825930279383,0.09619140625
3359.6255782312924,00:55:59.63,IMPACT,9.811723727027458,-34.5078239440918,8.136183738708496,3948.8529117559146,2176.5678967284352,0.33203125
3364.060589569161,00:56:04.06,IMPACT,5.444653435524712,-34.24340057373047,4.8211445808410645,2474.5367676803576,2742.3062856927368,0.09033203125
3384.86566893424,00:56:24.87,IMPACT,5.029315470970112,-29.44672393798828,4.7733612060546875,1083.9392977650837,1521.0031195209472,0.04052734375
3385.422947845805,00:56:25.42,HARSH,3.3946062215882895,-33.283782958984375,2.883208751678467,4825.926473651889,2198.745468481465,0.3876953125
3386.1427664399093,00:56:26.14,IMPACT,6.1113836705356,-31.313045501708984,5.600955009460449,1489.3703864671616,1531.5627957474,0.06982421875
3387.373424036281,00:56:27.37,IMPACT,6.257269513635201,-30.862537384033203,5.635395050048828,1735.8264336431832,1847.5791470276743,0.0498046875
3388.905941043084,00:56:28.91,HARSH,3.097509226666018,-31.125633239746094,3.6649374961853027,4816.657605286554,2280.1392974194755,0.32763671875
3388.9291609977327,00:56:28.93,IMPACT,7.3411701327851215,-31.149547576904297,6.003729343414307,4379.639618302197,2460.416753518263,0.29736328125
3388.9291609977327,00:56:28.93,HIGH_LOAD,5.514876236669006,-31.149547576904297,6.003729343414307,4379.639618302197,2460.416753518263,0.29736328125
3389.9972789115645,00:56:30.00,IMPACT,7.554747066450728,-22.744356155395508,6.7247314453125,1074.1311973144861,1168.1713720643734,0.04833984375
3392.4585941043083,00:56:32.46,IMPACT,8.81987897666814,-27.872024536132812,7.726051330566406,1255.7069384609736,1755.7644454581555,0.0478515625
3401.398276643991,00:56:41.40,IMPACT,8.9058815144035,-40.20408248901367,7.758350372314453,2039.347072909236,2740.3288944673955,0.06298828125
3410.5237188208616,00:56:50.52,IMPACT,6.703408546985268,-27.495742797851562,5.916791915893555,1759.03213158167,2005.6332721436859,0.05859375
3410.6862585034014,00:56:50.69,HIGH_LOAD,4.66955813359314,-32.137611389160156,4.509088039398193,4963.787959448835,2323.503245316044,0.36328125
3418.163083900227,00:56:58.16,IMPACT,4.9406194048563234,-36.38460159301758,4.831389427185059,1126.2150716550739,1302.7505386247217,0.0478515625
3420.9494784580497,00:57:00.95,IMPACT,4.771987131542467,-31.220409393310547,4.49346399307251,1542.870864168416,1769.6994451734063,0.052734375
3425.3844897959184,00:57:05.38,IMPACT,5.407022624917197,-26.920303344726562,4.941920280456543,1355.0969410585851,1962.7672409587565,0.03466796875
3433.1631746031744,00:57:13.16,IMPACT,5.971075172409416,-17.671255111694336,5.4422125816345215,670.5620436957195,1171.2577037996846,0.0263671875
3450.88,00:57:30.88,IMPACT,6.133835598738106,-21.513080596923828,5.438460350036621,1490.7011443407573,1730.7588054973426,0.05126953125
3454.0843537414967,00:57:34.08,HIGH_LOAD,4.412175485768979,-25.232025146484375,4.389625549316406,4600.803324238872,2520.218973461245,0.267578125
3463.3491156462587,00:57:43.35,IMPACT,5.871130909371673,-21.83890724182129,5.274951457977295,1369.8318281743746,1533.4284371459894,0.0634765625
3464.5797732426304,00:57:44.58,HIGH_LOAD,4.498462354361391,-24.20501708984375,6.014354705810547,2300.9248259857695,2723.7418556421576,0.037109375
3464.5797732426304,00:57:44.58,IMPACT,7.101183462942601,-24.20501708984375,6.014354705810547,2300.9248259857695,2723.7418556421576,0.037109375
3469.5256235827665,00:57:49.53,IMPACT,4.978569781100552,-28.147212982177734,4.790408134460449,742.7926778921301,1315.140408742298,0.01904296875
3470.965260770975,00:57:50.97,IMPACT,5.693484639171628,-27.518692016601562,5.364100456237793,745.0426474222772,1200.716753195258,0.0244140625
3472.4048979591835,00:57:52.40,IMPACT,7.9316726305542495,-19.45706558227539,6.839386463165283,1302.1598027550053,2053.9220923924695,0.03515625
3475.3073922902495,00:57:55.31,HIGH_LOAD,5.624082625862775,-18.872451782226562,8.194602966308594,794.6681973030363,1296.9492967055533,0.02490234375
3475.3073922902495,00:57:55.31,IMPACT,9.430425745858035,-18.872451782226562,8.194602966308594,794.6681973030363,1296.9492967055533,0.02490234375
3476.747029478458,00:57:56.75,IMPACT,8.471149864197702,-18.19354820251465,7.3638739585876465,877.397325723299,1654.8074441486376,0.02587890625
3478.1866666666665,00:57:58.19,IMPACT,8.248732245110647,-21.244487762451172,7.230310440063477,942.4160316330501,1602.2180062073328,0.0244140625
3479.347664399093,00:57:59.35,IMPACT,5.281173424839052,-23.0167236328125,4.6136088371276855,2131.5084606030555,2296.4079494977886,0.09521484375
3487.0334693877553,00:58:07.03,IMPACT,4.7750728774431925,-29.10961151123047,4.0642499923706055,3577.2204314600117,2335.7145864753297,0.24365234375
3490.702222222222,00:58:10.70,IMPACT,4.72700393970357,-31.16677474975586,4.095849514007568,2834.368476510741,3129.94361829813,0.09716796875
3492.583038548753,00:58:12.58,IMPACT,8.131727987614678,-32.179527282714844,6.554396629333496,5242.872077266501,2051.3915811689385,0.40869140625
3496.5768707482994,00:58:16.58,SWELL,4.440451145172119,-36.468414306640625,1.2375693321228027,1461.290540259099,1853.3130704101563,0.0439453125
3497.9468480725623,00:58:17.95,IMPACT,9.09144422667547,-27.83141326904297,7.309960842132568,4767.0588156230715,2239.133441319132,0.3662109375
3498.9685260770975,00:58:18.97,IMPACT,5.40694176883737,-33.84969711303711,4.372841835021973,5425.921939729741,2040.6781599251701,0.47900390625
3501.754920634921,00:58:21.75,SWELL,2.7445452213287354,-30.799457550048828,1.5731704235076904,1756.9323124742964,2370.2633156805964,0.060546875
3502.474739229025,00:58:22.47,IMPACT,6.586897609248377,-23.43267250061035,5.81734037399292,1639.3500787766538,1638.682588763384,0.06591796875
3503.682176870748,00:58:23.68,IMPACT,7.227091160713889,-28.332210540771484,6.365691184997559,1828.2179765043943,1747.9651255162037,0.0908203125
3506.445351473923,00:58:26.45,HIGH_LOAD,6.03686695069129,-25.678436279296875,8.258909225463867,1889.991686217224,1644.2538108701233,0.09912109375
3506.445351473923,00:58:26.45,IMPACT,9.646400003537504,-25.678436279296875,8.258909225463867,1889.991686217224,1644.2538108701233,0.09912109375
3508.5583673469387,00:58:28.56,IMPACT,9.377397376429556,-31.836761474609375,8.05093765258789,2013.904815470662,2309.2481145982806,0.09033203125
3509.7425850340137,00:58:29.74,IMPACT,4.9563153545029675,-36.74424362182617,4.656367301940918,1877.163228568303,1942.5401894783909,0.0654296875
3511.0661224489795,00:58:31.07,IMPACT,5.009522368282799,-29.43838882446289,3.9998152256011963,5391.990488434649,1942.144189096765,0.4150390625
3511.600181405896,00:58:31.60,HIGH_LOAD,5.212692526233696,-32.21913528442383,7.125012397766113,2143.531316490402,2268.1565355319804,0.10107421875
3513.480997732426,00:58:33.48,IMPACT,4.7531020055904465,-31.27294158935547,4.455551624298096,1622.1648117482919,1867.1305882283593,0.0537109375
3513.6203174603174,00:58:33.62,HARSH,3.1906082635723454,-44.53194808959961,2.522432327270508,5006.858293943134,2992.3506552672948,0.36181640625
3514.7580952380954,00:58:34.76,IMPACT,10.068808117688647,-28.734642028808594,8.545469284057617,2243.5120034147285,2035.4576773464582,0.099609375
3516.3138321995466,00:58:36.31,IMPACT,5.512564412598344,-32.26297378540039,4.897100925445557,2368.4330543784463,2408.4239065799384,0.115234375
3517.335510204082,00:58:37.34,IMPACT,5.4560736128022365,-30.06103515625,4.803606033325195,2292.0595808716953,2641.845054746639,0.08935546875
3524.7426757369612,00:58:44.74,SWELL,3.754403591156006,-36.42434310913086,0.3581558167934418,1008.3186695787183,2045.4846115529754,0.0224609375
3540.99664399093,00:59:01.00,IMPACT,8.351484915835583,-23.832162857055664,7.135481834411621,1775.2656523695482,2352.5857804096577,0.04736328125
3546.3372335600907,00:59:06.34,IMPACT,6.547849561305188,-26.435184478759766,5.67057466506958,2069.3808128941064,2498.0071605182748,0.06201171875
3549.1468480725625,00:59:09.15,IMPACT,11.566939522494165,-23.537630081176758,9.575478553771973,2394.45442042539,2582.3441714373153,0.07763671875
3549.750566893424,00:59:09.75,HIGH_LOAD,4.946373294248864,-27.268592834472656,6.462979793548584,2606.914092967787,2617.8108648940824,0.0830078125
3550.238185941043,00:59:10.24,IMPACT,9.97632407439406,-27.32439422607422,8.033317565917969,4083.0631619518604,3063.366899493595,0.09375
3551.3527437641724,00:59:11.35,IMPACT,13.669350491568501,-19.114221572875977,11.25121021270752,2173.691273103159,2312.9018303723,0.06787109375
3553.047800453515,00:59:13.05,IMPACT,10.420576189028825,-24.124465942382812,8.607264518737793,2788.7931658373454,2541.6398047225784,0.111328125
3555.578775510204,00:59:15.58,IMPACT,13.555512702121721,-27.520660400390625,11.113908767700195,2976.732237923598,2771.1208245538405,0.13623046875
3568.7444897959185,00:59:28.74,IMPACT,11.18592200280734,-32.338802337646484,9.833781242370605,968.161167974514,875.4984673680033,0.0546875
3571.4147845804987,00:59:31.41,SWELL,3.3781325817108154,-33.73602294921875,0.30771350860595703,2251.656049640408,1985.3320760260547,0.1240234375
3575.6408163265305,00:59:35.64,HIGH_LOAD,4.484272519091233,-27.06269073486328,3.4832334518432617,5567.402284047353,3246.901743341147,0.41064453125
3583.512380952381,00:59:43.51,IMPACT,6.675579038525992,-26.759010314941406,5.908243179321289,1749.998353439472,1782.6954809158676,0.0966796875
3590.5480272108844,00:59:50.55,IMPACT,7.341986801412789,-34.815303802490234,6.413413047790527,2249.8791566898144,2481.5604641013824,0.11083984375
3590.989206349206,00:59:50.99,HARSH,3.8485508911486144,-32.34462356567383,3.2203025817871094,5924.38335896696,2538.4608731859935,0.380859375
3597.142494331066,00:59:57.14,HIGH_LOAD,3.923871099610494,-37.634864807128906,5.125441074371338,3160.0967084515587,2928.4812605113298,0.1005859375
3597.560453514739,00:59:57.56,HARSH,3.1575541983887656,-32.022010803222656,1.1689914464950562,5042.75345799089,2625.1467334829454,0.31396484375
3599.9056689342406,00:59:59.91,IMPACT,5.068947614939705,-26.087356567382812,4.187385559082031,3712.6228264261326,2710.772904405712,0.265625
3600.997006802721,01:00:01.00,IMPACT,9.561285299306443,-27.32733917236328,8.066843032836914,2248.1683003508615,2488.9295328979474,0.15087890625
3604.4567800453515,01:00:04.46,HARSH,3.41682505675739,-33.8157958984375,1.80086350440979,5258.693246522287,2737.134092478418,0.3466796875
3604.5496598639456,01:00:04.55,IMPACT,7.301804694526156,-20.10711097717285,6.3775410652160645,1546.7932513587011,1390.2827639649322,0.08642578125
3608.9382312925172,01:00:08.94,IMPACT,5.051284678889855,-16.60800552368164,4.554600238800049,1262.642272990301,1511.2690898563026,0.05810546875
3610.3778684807257,01:00:10.38,IMPACT,9.893077753774808,-17.469755172729492,8.39636516571045,1531.2164161751973,1517.331227544675,0.06787109375
3612.7927437641724,01:00:12.79,HIGH_LOAD,4.979640487740288,-17.977153778076172,7.005533695220947,1184.5245501488116,2011.828799466597,0.02490234375
3615.3004988662133,01:00:15.30,IMPACT,11.009953558204229,-20.40334129333496,9.167611122131348,1944.3432351468691,2452.985899936258,0.0517578125
3672.9324263038548,01:01:12.93,IMPACT,5.251500413515567,-12.801204681396484,4.329235076904297,2522.965400954012,2578.552215051556,0.10986328125
3674.11664399093,01:01:14.12,IMPACT,5.0828302288147205,-13.125127792358398,4.487313270568848,1373.1747574522824,1676.2228136464553,0.06689453125
3680.1538321995463,01:01:20.15,IMPACT,8.013358241462035,-5.5248703956604,6.4018473625183105,2461.401956139689,2845.534644892769,0.1005859375
3682.545487528345,01:01:22.55,IMPACT,8.277990387496704,-11.53329086303711,6.729687690734863,2381.9977249248805,2792.2690226875766,0.080078125
3691.0672108843537,01:01:31.07,IMPACT,13.611590962236907,-7.256730556488037,10.69041919708252,3621.456953271637,3082.525454015477,0.19970703125
3700.796371882086,01:01:40.80,IMPACT,5.013183802675228,-13.768800735473633,4.621035099029541,782.9967054111597,923.9804917780162,0.02099609375
3704.720544217687,01:01:44.72,IMPACT,4.947606232824982,-11.373689651489258,4.519075393676758,806.3003927968733,987.4857270502096,0.0185546875
3705.9744217687075,01:01:45.97,IMPACT,6.223652177472075,-9.834022521972656,5.513145446777344,817.4549133161705,986.0458440445968,0.0205078125
3708.505396825397,01:01:48.51,IMPACT,5.180552654522636,-10.891050338745117,4.715014934539795,746.2467243309666,918.2420827230509,0.02685546875
3731.191292517007,01:02:11.19,IMPACT,11.331065846204588,-9.759502410888672,9.357107162475586,1549.0053308462068,2087.096797986135,0.0439453125
3733.7454875283447,01:02:13.75,HIGH_LOAD,4.319347656081183,-9.230884552001953,5.8824782371521,1149.9429942950624,1769.4902617030727,0.033203125
3733.7454875283447,01:02:13.75,IMPACT,6.872374371228537,-9.230884552001953,5.8824782371521,1149.9429942950624,1769.4902617030727,0.033203125
3744.6820861678007,01:02:24.68,IMPACT,5.087107948688262,-16.91838836669922,4.448614120483398,1887.7477369505057,1846.9549271933784,0.10791015625
3752.1589115646257,01:02:32.16,IMPACT,5.8328097711797575,-23.517864227294922,5.140789985656738,2102.0480759331194,1622.8213698203008,0.1064453125
3753.227029478458,01:02:33.23,IMPACT,7.228109050867909,-30.131732940673828,6.283559322357178,2264.3677751496857,2117.278535618927,0.06005859375
3755.293605442177,01:02:35.29,SWELL,3.2006397247314453,-41.32673263549805,0.4992313086986542,903.2067255870417,1319.45841165443,0.02783203125
3755.479365079365,01:02:35.48,HIGH_LOAD,4.7141227309371425,-26.102703094482422,5.925811767578125,2709.672865845979,2255.7152764706275,0.14501953125
3755.479365079365,01:02:35.48,IMPACT,6.973156038884219,-26.102703094482422,5.925811767578125,2709.672865845979,2255.7152764706275,0.14501953125
3756.66358276644,01:02:36.66,IMPACT,4.97440202779186,-26.044414520263672,4.595525741577148,1414.244098010125,1744.8200190090074,0.0595703125
3759.984036281179,01:02:39.98,IMPACT,5.388422150765489,-23.172313690185547,4.812708377838135,1820.4113028087882,1748.1524470331972,0.1025390625
3760.680634920635,01:02:40.68,HIGH_LOAD,5.940039279993699,-27.140487670898438,8.11104679107666,2033.742559437537,1613.9048575072422,0.107421875
3761.1914739229023,01:02:41.19,IMPACT,6.068460272359725,-29.72481918334961,5.477603435516357,1701.2681149253353,1792.7218788067848,0.07763671875
3762.700770975057,01:02:42.70,IMPACT,5.556981843590706,-19.135339736938477,5.005919933319092,1305.3646460387674,1391.5534674521984,0.05712890625
3764.0243083900227,01:02:44.02,IMPACT,5.35239983411935,-35.67133331298828,4.296123504638672,5438.564141794295,2599.202040623356,0.359375
3765.0692063492065,01:02:45.07,IMPACT,5.3945244517571505,-29.758739471435547,4.903807640075684,1888.9004744281297,1832.1281691890906,0.07666015625
3765.9051247165535,01:02:45.91,HIGH_LOAD,3.9698290259649713,-28.48836898803711,5.457784175872803,2380.6903641354497,2049.1068535205086,0.0732421875
3768.2039002267575,01:02:48.20,IMPACT,11.473818301018202,-21.110933303833008,9.602392196655273,1973.3149803675565,1926.0114847640136,0.09326171875
3770.2008163265305,01:02:50.20,IMPACT,9.638843150743481,-18.574920654296875,8.149404525756836,1695.43618335472,1834.5346619463326,0.0712890625
3770.316916099773,01:02:50.32,HARSH,3.7524834879884996,-30.095073699951172,2.4933063983917236,5595.3169565821645,2479.9776838733897,0.3759765625
3771.1760544217686,01:02:51.18,HIGH_LOAD,6.375310576324079,-20.308547973632812,8.695961952209473,1705.1407260505634,2080.112926171417,0.044921875
3771.988752834467,01:02:51.99,IMPACT,6.389441651431593,-21.359830856323242,5.7253828048706055,1329.662953602643,1192.1600283217797,0.068359375
3773.1033106575965,01:02:53.10,IMPACT,8.448605085690776,-31.559688568115234,7.036956787109375,3293.138361194129,2818.5400668459115,0.19384765625
3775.5414058956917,01:02:55.54,IMPACT,5.440584807489124,-26.097137451171875,4.890232563018799,1723.4740030761611,2002.7167345240448,0.06689453125
3776.2844444444445,01:02:56.28,HIGH_LOAD,5.373628433673996,-20.775680541992188,7.409905910491943,1665.7842296974381,1993.8646129298295,0.044921875
3776.8649433106575,01:02:56.86,IMPACT,6.03236478262201,-21.820659637451172,5.342978000640869,1534.9224055587667,1841.4556211254528,0.052734375
3776.9810430839,01:02:56.98,HARSH,3.1801910369696778,-29.665321350097656,3.114051580429077,4837.680275132465,2926.6819846259095,0.30517578125
3779.094058956916,01:02:59.09,SWELL,4.134139537811279,-20.49652671813965,7.606675148010254,2539.9436828849466,1850.8169749532335,0.1083984375
3779.34947845805,01:02:59.35,IMPACT,10.623210388035368,-21.100067138671875,8.93651294708252,1926.5942296456424,1861.7429828281358,0.11767578125
3780.0925170068026,01:03:00.09,HARSH,3.7691196808508027,-29.161319732666016,3.3012301921844482,5502.596770449443,2086.124402469483,0.396484375
3782.3448526077095,01:03:02.34,IMPACT,10.241752389063008,-26.192337036132812,8.635351181030273,2561.1881470801977,1618.071485420406,0.14013671875
3783.900589569161,01:03:03.90,IMPACT,9.809434309655675,-24.01781463623047,8.379448890686035,1895.6008569450976,1478.5853933753265,0.10009765625
3786.8727437641724,01:03:06.87,IMPACT,5.575210018149509,-29.877246856689453,5.200014591217041,1101.1516534593272,1651.3935046229842,0.06591796875
3788.707120181406,01:03:08.71,IMPACT,7.821849690374028,-27.710494995117188,6.924302577972412,1368.530565663803,1591.2714440665807,0.0615234375
3789.960997732426,01:03:09.96,IMPACT,7.0404210813312345,-25.589088439941406,6.277860164642334,1454.0324040267478,1341.2230245824194,0.0673828125
3790.8433560090702,01:03:10.84,SWELL,2.530305862426758,-21.5506591796875,0.4687112867832184,282.4959490336927,767.6262796943575,0.00634765625
3796.392925170068,01:03:16.39,IMPACT,9.829143621766098,-17.648462295532227,8.316947937011719,1461.9083104445613,1910.885401864194,0.0478515625
3802.5462131519275,01:03:22.55,IMPACT,5.9737638441546705,-37.94072341918945,5.012984275817871,4488.7368007170335,2357.940822634387,0.3623046875
3802.5462131519275,01:03:22.55,HIGH_LOAD,4.8123677109168534,-37.94072341918945,5.012984275817871,4488.7368007170335,2357.940822634387,0.3623046875
3803.266031746032,01:03:23.27,HARSH,3.144044577669666,-43.765220642089844,1.858253002166748,4520.666634971018,2701.7842431430086,0.39013671875
3805.866666666667,01:03:25.87,SWELL,2.991274356842041,-42.81690979003906,0.3322601020336151,1257.269478914755,2144.171651738615,0.01953125
3808.885260770975,01:03:28.89,IMPACT,4.8584293149788635,-18.992389678955078,4.5403523445129395,851.4539189658485,1202.3707670751103,0.03955078125
3810.255238095238,01:03:30.26,IMPACT,5.444208624740825,-25.703815460205078,5.068573474884033,1144.6530706351705,1207.293172804714,0.06591796875
3811.9038548752833,01:03:31.90,SWELL,2.587855577468872,-27.3157958984375,0.2910056710243225,426.6107670431121,1203.5419175191416,0.0068359375
3817.894603174603,01:03:37.89,IMPACT,6.546554271530221,-18.506322860717773,5.864401817321777,808.2063745832969,1438.0603159072346,0.0146484375
3820.9596371882085,01:03:40.96,IMPACT,6.904906869279981,-18.720726013183594,6.129307270050049,953.4976334964933,1449.0757174759055,0.02099609375
3823.1190929705217,01:03:43.12,IMPACT,7.360347488216494,-16.0928955078125,6.401517868041992,1136.823562716538,1626.7788147718857,0.0234375
3823.8621315192745,01:03:43.86,HIGH_LOAD,4.914918802985088,-16.54133415222168,7.140132904052734,851.7551904997731,1332.7021152172742,0.02685546875
3824.5819501133788,01:03:44.58,IMPACT,6.223254645342923,-15.743606567382812,5.583827972412109,802.4241849353737,1236.788119369954,0.0263671875
3826.0215873015873,01:03:46.02,IMPACT,7.127392294545616,-14.984077453613281,6.2602338790893555,887.4234578652981,1425.6235117774181,0.03271484375
3827.4612244897958,01:03:47.46,IMPACT,6.03267087027294,-13.749002456665039,5.357872486114502,957.0052788944059,1381.4897842222379,0.029296875
3828.9008616780047,01:03:48.90,IMPACT,5.3729595844280675,-13.817831039428711,4.896381855010986,715.8075960792305,1148.604074499867,0.02490234375
3832.499954648526,01:03:52.50,IMPACT,7.525009859021309,-13.239604949951172,6.553342342376709,918.406876114233,1347.8352410833318,0.02490234375
3833.962811791383,01:03:53.96,IMPACT,6.155180003064961,-11.34553337097168,5.54720401763916,538.8964866162468,816.8870569325435,0.02294921875
3835.3792290249435,01:03:55.38,IMPACT,7.6530086519838525,-14.2208251953125,6.616010665893555,1112.3863569565722,1565.2067476960895,0.0302734375
3839.744580498866,01:03:59.74,IMPACT,5.3782437975457915,-11.943912506103516,4.864934921264648,762.9180554461642,1125.9787814709741,0.03125
3841.2074376417236,01:04:01.21,IMPACT,6.4403880977590475,-12.218585968017578,5.6647539138793945,925.5569761941936,1378.3886033216631,0.03271484375
3842.6238548752835,01:04:02.62,IMPACT,5.85300363393256,-11.324747085571289,5.174859046936035,976.8367216854266,1351.721221714643,0.0322265625
3844.0867120181406,01:04:04.09,IMPACT,6.864612599806321,-11.594461441040039,5.946742057800293,1092.502070585874,1559.7779332015814,0.0322265625
3844.0867120181406,01:04:04.09,HIGH_LOAD,4.252617583010368,-11.594461441040039,5.946742057800293,1092.502070585874,1559.7779332015814,0.0322265625
3845.526349206349,01:04:05.53,IMPACT,7.424445686203483,-11.418821334838867,6.356587886810303,1282.8779716459956,1593.4623695599018,0.0390625
3848.428843537415,01:04:08.43,IMPACT,6.6134417681672675,-11.208541870117188,5.757641315460205,1026.4149799745348,1493.9317710119021,0.02490234375
3849.8684807256236,01:04:09.87,IMPACT,4.805361153453317,-13.155466079711914,4.372673034667969,933.3025418883694,1361.234853435211,0.0390625
3854.164172335601,01:04:14.16,IMPACT,7.07556799211393,-12.53714370727539,6.1454548835754395,1020.2951432056552,1534.1249698888944,0.0283203125
3854.164172335601,01:04:14.16,HIGH_LOAD,4.346385628153544,-12.53714370727539,6.1454548835754395,1020.2951432056552,1534.1249698888944,0.0283203125
3955.867573696145,01:05:55.87,IMPACT,8.694681658605369,-17.30711555480957,7.526535511016846,931.1486878066419,1589.2791906366465,0.0234375
3970.565804988662,01:06:10.57,IMPACT,6.997957738329196,-17.708751678466797,5.984522342681885,1645.348295346184,2266.115740468294,0.07421875
3970.565804988662,01:06:10.57,HIGH_LOAD,4.521972107668211,-17.708751678466797,5.984522342681885,1645.348295346184,2266.115740468294,0.07421875
4036.626575963719,01:07:16.63,IMPACT,4.940064104306229,-16.795825958251953,4.273098945617676,1904.3276044453096,2337.898438004136,0.07763671875
4122.377868480726,01:08:42.38,IMPACT,6.1542293031926825,-27.000930786132812,4.852804183959961,4832.223308779572,3010.264951946171,0.1904296875
4126.348480725624,01:08:46.35,IMPACT,9.279505517437265,-16.944961547851562,7.960977077484131,1296.6693054908362,1285.3116221152072,0.0654296875
4127.579138321996,01:08:47.58,IMPACT,8.334478930588176,-26.991756439208984,7.175703048706055,1844.485385094378,2222.308781041134,0.037109375
4129.7153741496595,01:08:49.72,IMPACT,4.824901530125241,-24.47671127319336,4.5098419189453125,1100.0686628033586,1676.8938460731656,0.0185546875
4131.503310657597,01:08:51.50,IMPACT,5.522509228587984,-24.536697387695312,5.047000885009766,1083.9975061401283,1902.826643346615,0.01904296875
4141.325351473923,01:09:01.33,IMPACT,4.813318392032799,-27.22893524169922,4.473026275634766,1413.6994722079933,1864.0975148196317,0.05615234375
4147.5947392290245,01:09:07.59,IMPACT,5.510331212169603,-25.846221923828125,4.456801414489746,4450.483502487533,2321.0820648688855,0.2978515625
4154.421405895691,01:09:14.42,IMPACT,6.313643958014649,-26.132034301757812,5.489948272705078,1772.4114897061327,2843.8733466600775,0.02099609375
4158.438458049886,01:09:18.44,IMPACT,4.975320018913067,-32.62881851196289,4.033804416656494,4730.319285453368,2862.2503612936516,0.24267578125
4160.226394557823,01:09:20.23,IMPACT,6.305435071668127,-23.041662216186523,5.5822834968566895,1514.45135846621,1862.4046847836253,0.07666015625
4161.875011337868,01:09:21.88,IMPACT,4.986685500654661,-17.148107528686523,4.139086723327637,2506.979788150489,3052.61218091471,0.0283203125
4215.373786848073,01:10:15.37,IMPACT,5.674878717371633,-13.428037643432617,4.816438674926758,1859.6881917577784,2312.7616336521924,0.0654296875
4217.788662131519,01:10:17.79,IMPACT,5.553115509700974,-12.774982452392578,4.725205898284912,1822.4384158897606,2215.0789754837188,0.09228515625
4218.972879818594,01:10:18.97,IMPACT,4.929791937341742,-15.761085510253906,4.180300712585449,2102.9572427106295,2661.073365995443,0.0576171875
4233.555011337869,01:10:33.56,IMPACT,6.811346736656635,-21.218917846679688,6.138970851898193,816.2659938948714,1251.715565688296,0.03466796875
4236.36462585034,01:10:36.36,IMPACT,6.42585996550566,-18.995929718017578,5.766668796539307,849.407749489758,1459.3808990243895,0.03125
4245.095328798186,01:10:45.10,IMPACT,6.607604525989734,-19.170551300048828,5.8881683349609375,1110.1368705167345,1308.0777718498125,0.0390625
4246.325986394558,01:10:46.33,IMPACT,5.647068835645497,-22.389686584472656,4.451537132263184,4333.088736070674,3041.967137424625,0.21142578125
4246.488526077098,01:10:46.49,HARSH,2.903318009762926,-18.980186462402344,3.7133629322052,4007.988333348433,2475.2451689958393,0.27783203125
4248.021043083901,01:10:48.02,IMPACT,6.166526194112162,-13.316829681396484,5.31723165512085,1490.1804067917287,1867.1179732601868,0.06689453125
4251.64335600907,01:10:51.64,IMPACT,6.148180292814145,-14.224361419677734,5.4282546043396,1071.4976717784639,1481.0744021354244,0.03955078125
4253.802811791384,01:10:53.80,IMPACT,5.9223482666475675,-12.70059585571289,5.01694917678833,1904.0958179225595,2112.594383691413,0.1025390625
4258.980861678005,01:10:58.98,IMPACT,7.3055839484764045,-15.590475082397461,6.308393955230713,1302.7369848839,1753.8745033171122,0.0625
4264.135691609978,01:11:04.14,IMPACT,5.6301655380946265,-18.92062759399414,4.909393310546875,1661.164646328475,2248.246613134709,0.05810546875
4288.19156462585,01:11:28.19,HIGH_LOAD,5.320135547249314,-11.25156021118164,6.67591667175293,2003.589659075692,2528.479085722969,0.07275390625
4288.19156462585,01:11:28.19,IMPACT,8.102566705847266,-11.25156021118164,6.67591667175293,2003.589659075692,2528.479085722969,0.07275390625
4306.419229024943,01:11:46.42,IMPACT,5.583596877214502,-22.875957489013672,5.090705394744873,1038.700004290803,1771.3271650678726,0.02880859375
4307.58022675737,01:11:47.58,IMPACT,5.307587911147537,-19.893436431884766,4.737552642822266,1587.1150821972328,1710.9377224414,0.07275390625
4308.787664399093,01:11:48.79,IMPACT,6.768974201498445,-16.872005462646484,5.84719705581665,1632.9334461119868,1736.8080028470984,0.0966796875
4311.179319727891,01:11:51.18,IMPACT,6.375222358955301,-23.07080078125,5.022266864776611,4524.0009761290385,2960.5550362119384,0.2099609375
4312.5028571428575,01:11:52.50,IMPACT,6.623565294820093,-20.757993698120117,5.544209957122803,2752.5177117515973,2332.9091049258773,0.12451171875
4315.080272108844,01:11:55.08,IMPACT,5.542188717985163,-17.65890884399414,4.862161636352539,1727.0851979392755,1745.428584824579,0.078125
4339.948843537415,01:12:19.95,IMPACT,4.847392127335974,-16.840938568115234,4.441314220428467,892.0822902775105,1651.6779029633453,0.021484375
4348.679546485261,01:12:28.68,IMPACT,5.1034944022404645,-26.718921661376953,4.4248366355896,2580.2181352390253,2595.8485726907647,0.091796875
4350.165623582767,01:12:30.17,IMPACT,10.36834308050562,-19.470983505249023,8.65577220916748,1893.8248706869067,2378.036207475861,0.08056640625
4372.247800453515,01:12:52.25,IMPACT,4.889863553905163,-19.112491607666016,4.395664215087891,1492.1164735101906,1810.7931844316784,0.0615234375
4373.339138321995,01:12:53.34,IMPACT,5.998450515536231,-27.906997680664062,5.211267948150635,2340.8462073139335,2487.095263473987,0.029296875
4375.498594104309,01:12:55.50,SWELL,2.6576125621795654,-21.366893768310547,0.49287986755371094,2569.4241199173152,2668.4448977682314,0.05078125
4375.870113378684,01:12:55.87,IMPACT,9.275688309391956,-18.267189025878906,7.830005645751953,1771.7305586524371,1939.1207211194705,0.06787109375
4382.2556009070295,01:13:02.26,IMPACT,5.324045332504237,-31.483722686767578,4.856418132781982,1696.2976847780037,2300.894830637582,0.04638671875
4387.549750566894,01:13:07.55,IMPACT,6.378921322329389,-25.500030517578125,5.223560333251953,3422.259545295472,3173.5721651665044,0.06640625
4389.01260770975,01:13:09.01,IMPACT,6.751803320151254,-20.864547729492188,5.759047985076904,2176.1255973983384,2191.8229071157516,0.0654296875
4389.01260770975,01:13:09.01,HIGH_LOAD,4.343174403402543,-20.864547729492188,5.759047985076904,2176.1255973983384,2191.8229071157516,0.0654296875
4391.984761904762,01:13:11.98,IMPACT,7.011839934658339,-28.49081039428711,5.783314228057861,3617.7613671611853,2828.413965704647,0.1142578125
4394.167437641723,01:13:14.17,HIGH_LOAD,6.281937647741702,-20.288732528686523,8.647387504577637,1595.3716660085558,1758.1368794561151,0.0546875
4394.562176870748,01:13:14.56,IMPACT,8.456793722236254,-18.34229850769043,7.2865495681762695,1358.3943126447036,1551.0069263877979,0.0634765625
4410.5375056689345,01:13:30.54,IMPACT,4.934351909642577,-21.938186645507812,4.524656295776367,1811.6220261740973,883.2483500023033,0.1533203125
4420.707845804988,01:13:40.71,HARSH,2.934935945453474,-20.889739990234375,3.4267587661743164,4255.536684329926,2884.585578495697,0.26025390625
4434.361179138322,01:13:54.36,IMPACT,5.833595935268026,-15.14851188659668,5.077920436859131,1579.6469000733248,1755.173879814502,0.0791015625
4435.731156462585,01:13:55.73,IMPACT,6.643744806135702,-12.967802047729492,5.666131973266602,1668.334066287448,1846.1088178649102,0.08837890625
4437.0546938775515,01:13:57.05,IMPACT,7.643600823678589,-5.506864070892334,6.082712650299072,2542.0174927649146,2935.6334206466154,0.05859375
4438.7265306122445,01:13:58.73,IMPACT,8.081447010882227,-13.843395233154297,6.885073661804199,1526.1643681403402,1557.3003280426176,0.08447265625
4440.096507936508,01:14:00.10,IMPACT,7.252005545121981,-12.289392471313477,6.189545631408691,1540.135482332907,1599.8245818885287,0.08447265625
4440.909206349206,01:14:00.91,HIGH_LOAD,4.961205011649961,-13.15835952758789,6.6051483154296875,1498.9477003445804,1567.7940195341487,0.08544921875
4442.836462585034,01:14:02.84,IMPACT,7.112381094781008,-13.267681121826172,5.8755364418029785,2122.971124385788,2724.7751072887995,0.05810546875
4446.435555555556,01:14:06.44,IMPACT,7.077610875230046,-7.165730953216553,5.702804088592529,2344.3458087896797,2812.9193571488045,0.06982421875
4446.435555555556,01:14:06.44,HIGH_LOAD,4.808408298204427,-7.165730953216553,5.702804088592529,2344.3458087896797,2812.9193571488045,0.06982421875
4447.457233560091,01:14:07.46,IMPACT,4.921668936907476,-11.025217056274414,4.319194793701172,1454.8219154311134,1599.7568988626851,0.0791015625
4448.664671201814,01:14:08.66,IMPACT,6.795667694279667,-6.970046520233154,5.520887851715088,2199.972806221987,2601.365485935078,0.09716796875
4457.674013605442,01:14:17.67,IMPACT,5.12670207594364,-18.425535202026367,4.405142307281494,2268.6387828128873,2184.830120223518,0.13037109375
4463.641541950114,01:14:23.64,IMPACT,5.786458678754629,-12.99517822265625,5.067121505737305,1290.929598657659,1625.4290584703751,0.0693359375
4464.7328798185945,01:14:24.73,IMPACT,5.049258935788079,-14.688606262207031,3.8850700855255127,4363.943845010948,2658.923383380136,0.33984375
4464.7328798185945,01:14:24.73,HARSH,3.5866065826166453,-14.688606262207031,3.8850700855255127,4363.943845010948,2658.923383380136,0.33984375
4465.824217687074,01:14:25.82,IMPACT,8.787525666817565,-14.11131477355957,7.248696327209473,2108.5771243544923,2565.904342256227,0.072265625
4467.194195011338,01:14:27.19,IMPACT,5.653612196313984,-11.399927139282227,4.850122928619385,1641.7373382302296,1874.114056708651,0.05712890625
4478.711292517007,01:14:38.71,HIGH_LOAD,4.074061503066026,-8.145895004272461,4.678869247436523,2445.098061102904,2804.969989158743,0.08203125
4480.197369614512,01:14:40.20,IMPACT,5.8041616809108625,-5.728557109832764,4.868714809417725,1533.2929044365676,2132.020628696758,0.05419921875
4481.33514739229,01:14:41.34,IMPACT,5.756872882118916,-8.044666290283203,4.727194786071777,2119.341586671378,2541.3955919556292,0.08837890625
4482.472925170068,01:14:42.47,IMPACT,5.835651110518263,-7.206779956817627,4.834657669067383,1766.7801455943145,2543.708114480304,0.06787109375
4483.7035827664395,01:14:43.70,IMPACT,4.874757668406252,-8.658472061157227,4.133999347686768,1731.0340504184837,2187.9544035199956,0.06982421875
4495.963718820862,01:14:55.96,IMPACT,12.53828454961011,-5.915206432342529,9.939285278320312,2906.6102101894767,2981.303611375658,0.1376953125
4497.10149659864,01:14:57.10,IMPACT,12.948530733716446,-7.801231861114502,10.245515823364258,3052.2839133510215,3243.3007091817644,0.138671875
4506.435918367347,01:15:06.44,IMPACT,5.190806483404434,-24.04901123046875,4.333025932312012,3353.6154932837835,2509.153385446565,0.080078125
4509.129433106576,01:15:09.13,IMPACT,19.028045232173373,-8.851741790771484,15.08234691619873,3397.06247148867,3114.7990200627473,0.11767578125
4509.22231292517,01:15:09.22,HARSH,3.0677975219004665,-12.520530700683594,1.301132321357727,4203.743489082328,3176.674266421335,0.23388671875
4512.705306122449,01:15:12.71,IMPACT,7.967396398166758,-19.91321563720703,6.866852760314941,1538.7282985234538,1771.371751713035,0.07373046875
4517.000997732426,01:15:17.00,IMPACT,7.723695527055737,-4.4480767250061035,6.100304126739502,2733.9839465388313,2913.549498447535,0.15185546875
4518.626394557823,01:15:18.63,IMPACT,5.148364520916166,-14.602115631103516,4.59161376953125,1158.8453199936487,1745.0226982984198,0.05810546875
4525.569160997732,01:15:25.57,IMPACT,5.974114012829187,-10.103918075561523,5.283475875854492,790.5408736025415,1345.075253905316,0.02685546875
4530.050612244898,01:15:30.05,IMPACT,10.106794368401072,-12.667802810668945,7.865616798400879,4267.2563897701575,3103.3931422541255,0.30029296875
4533.463945578232,01:15:33.46,IMPACT,16.756201363520418,-16.183095932006836,13.343963623046875,3758.1753833327903,2931.927034249356,0.26708984375
4534.4856235827665,01:15:34.49,IMPACT,6.53965123860422,-15.506160736083984,5.198014259338379,3353.1629812820956,3208.0343521569457,0.2177734375
4542.264308390023,01:15:42.26,HARSH,2.9243436339619495,-9.246623992919922,2.881700038909912,3618.7014569153043,3082.2680609587064,0.232421875
4560.166893424036,01:16:00.17,IMPACT,5.778747837501066,-19.212812423706055,4.951809406280518,2001.1984449754202,2478.7649008629105,0.0732421875
4584.153106575964,01:16:24.15,HIGH_LOAD,4.011608409368984,-10.794464111328125,5.798035621643066,846.6752053831129,1061.6833545715133,0.033203125
4585.035464852608,01:16:25.04,IMPACT,5.457356944410832,-11.738739013671875,4.785506248474121,1224.538633521609,1708.5594211896655,0.04833984375
4586.3590022675735,01:16:26.36,IMPACT,4.931807891740267,-10.348758697509766,4.3353142738342285,1344.7387388661614,1592.6656745945113,0.0498046875
4587.68253968254,01:16:27.68,IMPACT,6.214217704302124,-9.530277252197266,5.323774337768555,1414.0794832492502,1709.0353140464676,0.0615234375
4590.329614512471,01:16:30.33,IMPACT,8.023843678046147,-11.451223373413086,6.872535228729248,1116.757466982656,1514.769699960915,0.04736328125
4592.535510204081,01:16:32.54,IMPACT,5.320092421225818,-13.899730682373047,4.719482421875,1218.2008337742604,1637.113464854313,0.0498046875
4598.270839002267,01:16:38.27,IMPACT,5.599879750769902,-13.879230499267578,4.899235248565674,1426.8842975746977,1722.27859840164,0.06494140625
4600.662494331065,01:16:40.66,IMPACT,8.110777510550411,-5.2410712242126465,6.459728240966797,2572.050895833884,2819.3328106463186,0.14697265625
4602.659410430839,01:16:42.66,IMPACT,8.869616643914664,-5.709859371185303,7.082502841949463,2536.2306481317364,2798.237923570746,0.12548828125
4610.321995464853,01:16:50.32,IMPACT,5.136553113532794,-13.195423126220703,4.538694381713867,1353.3910745783455,1639.2723282895538,0.05419921875
4615.616145124716,01:16:55.62,HIGH_LOAD,6.372104449399395,-13.094594955444336,8.636350631713867,1294.6465292314065,1628.0746590187512,0.05859375
4615.616145124716,01:16:55.62,IMPACT,10.247775642147825,-13.094594955444336,8.636350631713867,1294.6465292314065,1628.0746590187512,0.05859375
4616.707482993197,01:16:56.71,IMPACT,11.72744035254832,-7.223226070404053,9.347260475158691,2710.441399268927,2953.995153773706,0.09619140625
4619.145578231292,01:16:59.15,IMPACT,10.67751382388611,-10.167280197143555,8.882162094116211,1449.9902294687674,1857.6306477175935,0.0556640625
4620.469115646259,01:17:00.47,IMPACT,4.777450956449698,-9.23068618774414,4.004579544067383,1899.2914467702049,2493.0373611665586,0.0771484375
4620.91029478458,01:17:00.91,HIGH_LOAD,4.777978971930883,-9.310052871704102,5.995446681976318,1762.4051615574292,2272.2331513763793,0.080078125
4621.769433106576,01:17:01.77,IMPACT,7.908971033702501,-9.449054718017578,6.696260452270508,1375.1016997107163,1600.4607078924632,0.05712890625
4623.209070294784,01:17:03.21,IMPACT,10.93694382592064,-7.50397253036499,8.725518226623535,2680.7550549674816,2943.7600366593356,0.09423828125
4624.300408163265,01:17:04.30,IMPACT,5.295565571687253,-12.505098342895508,4.5073466300964355,1833.651559075035,2267.0390244883147,0.05908203125
4627.3422222222225,01:17:07.34,IMPACT,6.044259885472845,-5.077511310577393,5.046504497528076,1466.3224977191003,2268.5542062327704,0.05615234375
4635.237006802721,01:17:15.24,IMPACT,7.944528294643705,-9.899185180664062,6.374358177185059,2732.8989550508554,2830.6108770672313,0.109375
4636.421224489796,01:17:16.42,IMPACT,5.233027676049579,-11.300189971923828,4.310329437255859,2328.033368692446,2689.7535910958018,0.09423828125
4644.08380952381,01:17:24.08,IMPACT,5.483847374599339,-13.71737289428711,4.509215354919434,2641.6935961098106,2588.5275167038676,0.1650390625
4645.314467120182,01:17:25.31,IMPACT,4.812171641232158,-17.523822784423828,3.941889524459839,3063.938261160275,2790.809446376619,0.1552734375
4647.218503401361,01:17:27.22,HIGH_LOAD,6.318797153910518,-15.542741775512695,7.945085048675537,2203.8575829265387,2848.6789164345464,0.0869140625
4648.843900226758,01:17:28.84,IMPACT,5.031361442715442,-15.773448944091797,4.416412353515625,1535.823333550346,2098.4149037742204,0.05517578125
4657.574603174603,01:17:37.57,IMPACT,4.7276311921392615,-12.705781936645508,4.179498195648193,1314.7003719437316,1921.563768014313,0.04248046875
4664.145850340136,01:17:44.15,IMPACT,7.011990643973101,-9.148265838623047,5.593742847442627,2824.7365100050456,2898.583562004385,0.134765625
4665.19074829932,01:17:45.19,IMPACT,5.84096454683783,-9.761613845825195,4.650730133056641,2962.378364725754,2838.703387543664,0.1455078125
4666.583945578232,01:17:46.58,IMPACT,12.044482755165314,-6.779679775238037,9.614336013793945,2588.2730871694066,2949.65280795771,0.109375
4668.743401360544,01:17:48.74,IMPACT,6.239478035201839,-15.303064346313477,5.061328887939453,2842.8222146224075,3001.5462345881797,0.111328125
4681.5375963718825,01:18:01.54,IMPACT,15.720949116549965,-6.89984655380249,12.50175952911377,2942.139312619723,2919.8702002251384,0.13623046875
4684.741950113379,01:18:04.74,IMPACT,12.568319091526872,-7.060391902923584,9.98832893371582,2862.768924707798,2988.3718705069264,0.1318359375
4685.856507936508,01:18:05.86,IMPACT,14.2818574283228,-7.634131908416748,11.308719635009766,3163.086926974403,3079.707023643753,0.14111328125
4688.457142857143,01:18:08.46,HARSH,3.0874115639436734,-7.449278354644775,0.35967791080474854,4360.813199452274,3288.5803704591767,0.20068359375
4689.432380952381,01:18:09.43,IMPACT,12.594506488805928,-5.038072109222412,9.902837753295898,3297.4775746401774,3005.508571826836,0.18115234375
4695.632108843537,01:18:15.63,IMPACT,5.385295374194919,-23.805864334106445,5.0020928382873535,980.2755211476139,1353.1286865523455,0.03125
4712.791655328798,01:18:32.79,IMPACT,7.249510406303778,-14.253593444824219,6.164605617523193,1582.483244918675,2040.651823935878,0.072265625
4715.043990929706,01:18:35.04,HIGH_LOAD,11.434899566897947,-8.958049774169922,13.64743423461914,3676.0702647356115,3040.1210528660577,0.19384765625
4719.316462585034,01:18:39.32,IMPACT,9.04090441575268,-15.351463317871094,7.679859638214111,1319.26594002629,1846.0426230271626,0.044921875
4720.1059410430835,01:18:40.11,HIGH_LOAD,6.781309482687724,-7.6646857261657715,8.069904327392578,2773.8370925754098,3090.149803218441,0.09033203125
4720.686439909297,01:18:40.69,IMPACT,9.525876785909205,-11.474832534790039,7.6790361404418945,2652.306295531681,2821.748885538858,0.0849609375
4725.562630385488,01:18:45.56,IMPACT,6.751181156421493,-16.479650497436523,5.773416519165039,1690.901129782407,2139.5076598066325,0.06787109375
4746.460589569161,01:19:06.46,HIGH_LOAD,6.722760487258582,-10.059640884399414,7.885448455810547,2917.4696782688743,2966.773893348305,0.1328125
4746.460589569161,01:19:06.46,IMPACT,9.88699811579856,-10.059640884399414,7.885448455810547,2917.4696782688743,2966.773893348305,0.1328125
4762.250158730159,01:19:22.25,IMPACT,4.749206474180012,-9.873367309570312,3.9015228748321533,2491.4947346430504,2428.3996137241065,0.115234375
4765.918911564626,01:19:25.92,IMPACT,9.792306296640366,-13.33050537109375,8.266361236572266,1336.3143021940505,1652.0954271558205,0.0595703125
4767.288888888889,01:19:27.29,HIGH_LOAD,6.007811580531077,-13.612071990966797,8.151021003723145,1319.164394563485,1671.372412888,0.05810546875
4767.9854875283445,01:19:27.99,IMPACT,7.9270876896529705,-8.171100616455078,6.577167510986328,1650.7254748691762,2222.237137620901,0.0751953125
4769.355464852608,01:19:29.36,IMPACT,7.3378822240318495,-9.591987609863281,6.098935127258301,1791.0351092343406,2284.593421968173,0.08251953125
4770.725442176871,01:19:30.73,IMPACT,8.258601412344467,-10.50691032409668,6.814460754394531,1909.7418689594851,2433.557406990183,0.07861328125
4772.095419501134,01:19:32.10,IMPACT,8.555156315167396,-9.880304336547852,7.064782619476318,1805.430703835712,2377.981317522022,0.0703125
4773.465396825397,01:19:33.47,IMPACT,7.986370420928934,-10.421390533447266,6.599822998046875,1920.2789995950543,2375.9404051496977,0.07568359375
4774.83537414966,01:19:34.84,IMPACT,8.223021236133668,-10.803144454956055,6.77038049697876,2009.0472156707892,2470.5316826518097,0.08544921875
4776.205351473923,01:19:36.21,IMPACT,9.16861963974855,-10.943780899047852,7.546921253204346,1905.6161519660873,2463.1035666496637,0.09375
4777.575328798186,01:19:37.58,HIGH_LOAD,6.166528171056318,-8.941656112670898,7.831623077392578,1930.6036624902154,2391.531893348721,0.06201171875
4777.575328798186,01:19:37.58,IMPACT,9.560544879640993,-8.941656112670898,7.831623077392578,1930.6036624902154,2391.531893348721,0.06201171875
4778.9453061224485,01:19:38.95,IMPACT,8.210963681778614,-9.442947387695312,6.704265594482422,2160.378781804052,2557.6834855795814,0.07861328125
4783.542857142857,01:19:43.54,IMPACT,6.001887081702271,-8.511375427246094,5.042263984680176,1683.837839898721,2176.162762968161,0.044921875
4784.936054421769,01:19:44.94,IMPACT,7.9019378906793145,-8.539896011352539,6.336477279663086,2597.2491236897763,2869.6211544369626,0.14990234375
4786.979410430839,01:19:46.98,IMPACT,8.112970315629163,-3.4141345024108887,6.549172878265381,2134.9307398476517,2403.594498997088,0.07421875
4788.558367346939,01:19:48.56,IMPACT,7.0592960424947035,-7.167234897613525,5.906071186065674,1477.1754529651225,2124.32927233069,0.04052734375
4788.558367346939,01:19:48.56,HIGH_LOAD,4.549842497743632,-7.167234897613525,5.906071186065674,1477.1754529651225,2124.32927233069,0.04052734375
4789.672925170068,01:19:49.67,IMPACT,6.484330093003436,-8.474502563476562,5.21596622467041,2420.4982540541446,3005.766522494231,0.0517578125
4799.634285714285,01:19:59.63,IMPACT,4.874398769761394,-27.012454986572266,4.549038410186768,1235.806161455848,1852.462248543772,0.01220703125
4800.679183673469,01:20:00.68,IMPACT,5.867727447830051,-29.182968139648438,5.153360843658447,2158.5383239695725,2525.232428242888,0.04150390625
4804.022857142857,01:20:04.02,IMPACT,6.8654361325817925,-31.65573501586914,5.871112823486328,2793.601489497336,2667.193999999428,0.158203125
4804.022857142857,01:20:04.02,HIGH_LOAD,4.680524804087914,-31.65573501586914,5.871112823486328,2793.601489497336,2667.193999999428,0.158203125
4805.114195011338,01:20:05.11,IMPACT,5.6736494997146165,-27.695980072021484,5.0149006843566895,1974.412941208367,2428.9911955589437,0.06396484375
4807.412970521542,01:20:07.41,HARSH,3.8419510746717056,-31.984600067138672,3.7202870845794678,4993.2658039600055,2969.7976005343926,0.41064453125
4808.9454875283445,01:20:08.95,IMPACT,7.811994401328391,-25.156333923339844,6.46373176574707,3113.0576859261837,2727.1762658740454,0.177734375
4811.05850340136,01:20:11.06,IMPACT,5.371256947920038,-20.163148880004883,4.639070510864258,1963.4625059970226,2556.475569388724,0.04931640625
4812.9857596371885,01:20:12.99,IMPACT,6.208739765673683,-20.13970947265625,5.391116619110107,1702.379733053861,2192.778759714259,0.0400390625
4814.402176870748,01:20:14.40,IMPACT,6.737575609053486,-29.934932708740234,5.670308589935303,3054.8453429239316,2921.0760803502817,0.19287109375
4814.471836734694,01:20:14.47,HARSH,3.9455363882117265,-31.523029327392578,1.3133907318115234,5501.251369414976,2895.8130055802335,0.400390625
4814.913015873016,01:20:14.91,HIGH_LOAD,4.097254492334207,-31.086315155029297,4.125091552734375,4744.5090587401455,2787.3611701371024,0.2490234375
4817.0028117913835,01:20:17.00,IMPACT,5.462691457567683,-16.998062133789062,4.860912799835205,1391.0823421195034,1583.7672586547008,0.0712890625
4819.41768707483,01:20:19.42,IMPACT,6.612838198365488,-30.335769653320312,5.564066410064697,3103.297082752142,2966.7706428931897,0.10205078125
4876.004716553288,01:21:16.00,SWELL,3.87546706199646,-59.49060821533203,0.20299315452575684,2696.3232661503735,2767.072010689586,0.15478515625
4876.469115646259,01:21:16.47,IMPACT,8.762354192808584,-32.094505310058594,7.694968223571777,1660.2585072025402,1631.8002467141189,0.08740234375
4878.976870748299,01:21:18.98,IMPACT,4.876609226703249,-45.84529495239258,4.397390365600586,3250.99923692659,3009.107932583143,0.25244140625
4881.995464852607,01:21:22.00,HARSH,3.0091242099879385,-46.678733825683594,0.37141406536102295,6163.016097025791,3182.4247240108366,0.27099609375
4883.086802721088,01:21:23.09,IMPACT,7.659480730326937,-38.30509948730469,6.019708633422852,6279.79397453017,2833.8912157886643,0.57080078125
4897.970793650794,01:21:37.97,HARSH,4.218739480370047,-31.221080780029297,1.3210277557373047,5585.707856694355,2112.7948450368986,0.4716796875
4898.063673469388,01:21:38.06,IMPACT,7.828256714929391,-25.64654541015625,6.8621392250061035,1523.530261182013,1667.512374059356,0.0771484375
4899.247891156462,01:21:39.25,IMPACT,6.74934400356078,-29.507949829101562,6.026379585266113,1811.7570101716585,1553.3947221078638,0.08447265625
4901.546666666667,01:21:41.55,SWELL,3.9234611988067627,-37.487701416015625,0.1295875608921051,1658.5627174200258,1369.33718619309,0.07275390625
4901.96462585034,01:21:41.96,HARSH,3.851861777884671,-31.945404052734375,2.7130818367004395,5327.439833459979,2056.613303105762,0.43310546875
4902.080725623583,01:21:42.08,IMPACT,6.991213439925376,-24.65325927734375,6.207561016082764,1524.0984910670666,1380.0859942434975,0.076171875
4906.84081632653,01:21:46.84,SWELL,3.6502153873443604,-40.073673248291016,0.007574453949928284,2019.5293646016398,2202.205822604542,0.0810546875
4907.281995464853,01:21:47.28,IMPACT,5.863459050395853,-26.05572509765625,5.3689985275268555,1162.4931525809943,1555.1369833069582,0.0986328125
4912.692244897959,01:21:52.69,IMPACT,13.04063507379247,-30.851825714111328,10.902249336242676,2373.948570413625,2340.5665166280482,0.150390625
4918.729433106576,01:21:58.73,IMPACT,6.944480318455357,-26.111251831054688,6.193867206573486,1524.3765796550301,1378.8958881034052,0.07666015625
4918.868752834467,01:21:58.87,SWELL,2.8578102588653564,-40.82305908203125,0.6422497034072876,4347.208474044395,3687.570464074961,0.2158203125
4921.3300680272105,01:22:01.33,HARSH,2.870655108652932,-37.50316619873047,3.122232437133789,4748.201627864715,2491.156759676236,0.31494140625
4923.326984126984,01:22:03.33,IMPACT,12.233329949770733,-22.837310791015625,10.320074081420898,1881.1009788040712,1307.6452706965406,0.11474609375
4932.661405895692,01:22:12.66,IMPACT,5.811911963666397,-27.499473571777344,5.386776447296143,1019.2303786958424,1444.715882895915,0.064453125
4933.892063492063,01:22:13.89,IMPACT,6.337277688219932,-24.14617156982422,5.7348198890686035,1173.115946624203,1375.152250102639,0.05029296875
4943.156825396825,01:22:23.16,IMPACT,8.868486066521015,-24.720836639404297,7.754448890686035,1441.2383139838043,1098.4280317562882,0.08740234375
4943.156825396825,01:22:23.16,HIGH_LOAD,5.441353299795858,-24.720836639404297,7.754448890686035,1441.2383139838043,1098.4280317562882,0.08740234375
4946.523718820862,01:22:26.52,SWELL,2.7697877883911133,-32.85188674926758,1.1775116920471191,1424.255327100501,1859.4756052800703,0.0546875
4946.918458049887,01:22:26.92,IMPACT,6.206659282509113,-27.258556365966797,5.609541416168213,1522.832774302285,1498.8035450760751,0.0673828125
4950.842630385488,01:22:30.84,IMPACT,5.461267811403285,-32.04011535644531,4.848178386688232,2374.2001241764638,2439.1680813248504,0.13330078125
4954.395283446712,01:22:34.40,HIGH_LOAD,5.98920486901127,-26.783248901367188,8.557186126708984,1376.108418467922,993.0609496618778,0.09716796875
4954.395283446712,01:22:34.40,IMPACT,9.802590326919576,-26.783248901367188,8.557186126708984,1376.108418467922,993.0609496618778,0.09716796875
4961.825668934241,01:22:41.83,IMPACT,7.096307266057304,-28.274322509765625,6.335992336273193,1408.7018946773846,1687.7793535021178,0.0625
4963.218866213152,01:22:43.22,IMPACT,8.008197327993038,-31.43942642211914,6.387538909912109,5304.133266746558,2475.5622200217385,0.3876953125
4964.542403628118,01:22:44.54,IMPACT,9.899631873007003,-28.49060821533203,8.159629821777344,3391.9331713588335,2559.6545361415633,0.205078125
4964.588843537415,01:22:44.59,HARSH,3.5694211092447663,-28.858444213867188,3.0315237045288086,5190.25959140864,2189.661017492568,0.3759765625
4967.003718820862,01:22:47.00,SWELL,3.539060115814209,-31.984893798828125,0.20075999200344086,1130.3392238205604,1842.0032553842157,0.02392578125
4968.0950566893425,01:22:48.10,IMPACT,6.259493849900971,-27.999298095703125,5.156613826751709,3785.937426643793,2728.351017337194,0.255859375
4969.325714285715,01:22:49.33,IMPACT,8.69718876603235,-32.675018310546875,7.3697614669799805,2925.5569622585217,2309.2330604535105,0.2001953125
4970.835011337868,01:22:50.84,IMPACT,8.524214175453206,-32.430442810058594,7.269024848937988,2663.8855466548857,2324.589143944379,0.14794921875
4970.835011337868,01:22:50.84,HIGH_LOAD,5.581720293114511,-32.430442810058594,7.269024848937988,2663.8855466548857,2324.589143944379,0.14794921875
4973.64462585034,01:22:53.64,SWELL,2.866544246673584,-29.864585876464844,1.3634886741638184,769.3618861849324,1593.9013505733558,0.017578125
4973.714285714285,01:22:53.71,IMPACT,6.55103562421026,-29.069435119628906,5.767194747924805,2110.7222539902323,1960.140958015538,0.06005859375
4974.503764172336,01:22:54.50,HARSH,2.947981990159079,-33.54997634887695,2.31429386138916,4224.825452167962,2224.7638553694273,0.349609375
4974.944943310657,01:22:54.94,IMPACT,5.224230656570928,-31.753074645996094,4.78742790222168,1772.0487175797846,2125.4002777852716,0.02294921875
4976.17560090703,01:22:56.18,IMPACT,6.694086920766418,-36.865596771240234,5.613572120666504,4239.926307272839,2351.4615268350385,0.22216796875
4977.475918367347,01:22:57.48,IMPACT,6.03660859227061,-27.910968780517578,5.331248760223389,2115.994356375094,2004.8217137781564,0.09375
4977.59201814059,01:22:57.59,HARSH,3.322747304034361,-32.074981689453125,2.605283498764038,5147.718498672327,2144.9299064227994,0.35546875
4979.774693877551,01:22:59.77,IMPACT,6.891761415002818,-28.82624053955078,5.992002964019775,2278.82002879629,2107.995155548334,0.1123046875
4981.144671201814,01:23:01.14,IMPACT,7.28223421114371,-25.55742645263672,6.386477947235107,1803.8531582600012,1585.6956267882902,0.1005859375
4981.144671201814,01:23:01.14,HIGH_LOAD,4.610180667780852,-25.55742645263672,6.386477947235107,1803.8531582600012,1585.6956267882902,0.1005859375
4982.886167800453,01:23:02.89,IMPACT,5.686929792048161,-31.470394134521484,5.091533184051514,1996.3285159998845,2350.2815688600253,0.11474609375
4993.311927437641,01:23:13.31,SWELL,2.9809441566467285,-35.63667297363281,0.43804338574409485,949.9946908804368,1665.828934772567,0.0224609375
4993.9620861678,01:23:13.96,IMPACT,5.248709564721765,-25.344940185546875,4.20155668258667,4930.913033036008,1937.6014873957006,0.375
4995.308843537415,01:23:15.31,IMPACT,6.434080583913902,-32.3771858215332,5.483742713928223,3249.983074629966,2469.5613001326637,0.181640625
4998.954376417233,01:23:18.95,IMPACT,4.754071819370558,-31.34966278076172,4.307161331176758,2073.7700046075643,2566.738637119231,0.1103515625
4999.976054421769,01:23:19.98,IMPACT,5.579678193894235,-37.970157623291016,5.004453659057617,2606.547868660918,2402.6629775875945,0.15380859375
5003.157188208616,01:23:23.16,HIGH_LOAD,4.409158512270746,-34.614891052246094,5.19779634475708,3164.889074404013,2707.1456316743906,0.228515625
5003.691247165533,01:23:23.69,IMPACT,6.612669781580566,-30.573291778564453,5.437840461730957,4581.500728652381,1910.937171180781,0.39111328125
5008.869297052154,01:23:28.87,HIGH_LOAD,4.6836320668799525,-41.61245346069336,5.2181596755981445,4822.4488352333265,3262.249676362243,0.22021484375
5008.869297052154,01:23:28.87,IMPACT,6.347352946860837,-41.61245346069336,5.2181596755981445,4822.4488352333265,3262.249676362243,0.22021484375
5016.276462585034,01:23:36.28,IMPACT,9.027472901691318,-32.205013275146484,7.349183082580566,4587.461055619062,2332.351509710277,0.27490234375
5017.367800453515,01:23:37.37,IMPACT,6.337809185451113,-36.049442291259766,5.550950050354004,2638.106706603244,2620.6151619500856,0.1943359375
5017.76253968254,01:23:37.76,HARSH,3.6063831979110312,-33.998619079589844,4.986441135406494,5452.907813319049,2575.296391313279,0.3740234375
5019.945215419501,01:23:39.95,IMPACT,5.793593933190715,-30.43083953857422,4.948008060455322,3233.8472390993275,2419.4984475999468,0.23583984375
5019.945215419501,01:23:39.95,HIGH_LOAD,4.302229564098368,-30.43083953857422,4.948008060455322,3233.8472390993275,2419.4984475999468,0.23583984375
5050.456235827664,01:24:10.46,HARSH,4.511378506828766,-39.407711029052734,1.7424455881118774,6580.041317644682,2808.2871194667655,0.470703125
