second,rms_db,onset,impact,harsh,swell,load,timestamp
0,-78.97429,0.0,-0.9282627810102541,0.058717449008139404,4.6963277,-0.7813466349908573,00:00:00.00
1,-27.088238,0.95368975,0.47992070890892535,0.7514985228963211,8.090104,0.6258509231939665,00:00:01.00
2,-23.498251,0.6682812,0.26917732600938443,0.7835953586143236,-1.1219109,0.4903110787178075,00:00:02.00
3,-31.167006,0.50615233,-0.12135501092231019,0.3551258933684194,-1.9418285,0.07133917625961574,00:00:03.00
4,-36.28413,0.527652,-0.17052083397933085,0.27760532230951734,-0.58080155,0.002646474592526344,00:00:04.00
5,-31.327217,1.035094,0.6574363941385963,0.9279157941086611,2.1273637,0.7637694543260479,00:00:05.00
6,-24.649506,1.0179272,1.182172589411223,3.0850903394762264,-3.3943741,1.9802527100021166,00:00:06.00
7,-54.20939,0.14810915,-0.5196846319655873,2.575590091988018,-7.0696197,0.7647809929123923,00:00:07.00
8,-70.475044,0.014094287,-1.0680227780020308,1.4943982192482714,-4.8161716,-0.045207220201038664,00:00:08.00
9,-79.823296,0.0,-1.0972103159781748,1.8486602715489104,-2.5569234,0.07228086405109317,00:00:09.00
10,-80.0,0.0,-0.8893663488732695,0.5140596637125029,0.5430892,-0.5524568014039262,00:00:10.00
11,-58.753986,0.3584791,-0.8325523206808032,-0.46679569788832337,4.77851,-0.7612825712182066,00:00:11.00
12,-45.732384,0.5312197,-0.6450281419971436,-0.5861132873662873,0.70689416,-0.63150144856081,00:00:12.00
13,-43.22841,0.5804698,-0.5424058160301556,-0.5801031247008409,0.29002714,-0.5685120912573741,00:00:13.00
14,-41.27725,0.5788268,-0.5124646449677462,-0.516822431321109,-0.23011427,-0.5207962601470296,00:00:14.00
15,-40.090782,0.58023095,-0.4795807764020923,-0.45045725811789766,-0.20150758,-0.4730183299205837,00:00:15.00
16,-39.7833,0.61157566,-0.4307849921377537,-0.43260675403433857,-0.04918429,-0.43689882312403955,00:00:16.00
17,-37.263603,0.61034006,-0.39834990662882164,-0.41395081080883833,0.115462326,-0.4068970480875234,00:00:17.00
18,-36.245213,0.59451926,-0.4046983482275423,-0.4520074016540062,-0.3731913,-0.4285135199006058,00:00:18.00
19,-37.098038,0.57819027,-0.4378802262254578,-0.4453877531970718,-0.7782031,-0.4461371073128296,00:00:19.00
20,-38.776493,0.591204,-0.4336361024085997,-0.39521530850208886,-0.49980316,-0.4222122964839841,00:00:20.00
21,-38.094296,0.6209602,-0.37561797432757266,-0.3551052230645746,-0.13350968,-0.37136651375953617,00:00:21.00
22,-37.689686,0.58539367,-0.43279038863334407,-0.43802235365066033,1.3956234,-0.43990933683949596,00:00:22.00
23,-19.682465,0.6694722,-0.16059719194854988,-0.4947594577318333,3.2076023,-0.27905962774931314,00:00:23.00
24,-20.528282,0.59604084,-0.2779788190206,-0.568927589040295,-0.8776808,-0.3795799473060057,00:00:24.00
25,-22.809996,0.6102315,-0.2836852882380515,-0.581737576000727,-0.66917545,-0.3910269238633363,00:00:25.00
26,-24.218653,0.58350486,-0.3332774522931701,-0.5918922225359149,-0.27866176,-0.4267746117238566,00:00:26.00
27,-24.693346,0.63399494,-0.2654342198342148,-0.5726346729917101,-0.23327826,-0.37992012888467686,00:00:27.00
28,-24.91454,0.8540402,0.08261793751027745,-0.29786230332863756,0.0718329,-0.05777585498175307,00:00:28.00
29,-24.374775,0.9264336,0.21537254442334494,-0.17908029313349144,0.008198171,0.0693979108384879,00:00:29.00
30,-25.038454,0.6328364,-0.2340724049820411,-0.5127889816884498,-0.12784587,-0.34316954532265037,00:00:30.00
31,-24.918144,0.63808936,-0.20933227035705984,-0.46029588169832175,-0.134376,-0.3075090724235252,00:00:31.00
32,-24.766462,0.85094565,0.1442862817985572,-0.14050223894906033,-0.34516177,0.03722651566169287,00:00:32.00
33,-29.476807,0.79658943,-0.03495296642525385,-0.16274024016834704,-2.0461202,-0.06878129449534152,00:00:33.00
34,-36.694523,0.49727604,-0.6446786420039516,-0.6490492478535603,-1.3346679,-0.637055910237965,00:00:34.00
35,-36.380985,0.577495,-0.505585199776635,-0.4857211095814356,1.3137449,-0.4863943527803954,00:00:35.00
36,-26.164442,1.1576228,0.547476595746851,0.15588001570490773,1.3832319,0.409363293905501,00:00:36.00
37,-27.269339,1.6212405,1.5115660867002563,1.0797849142438958,-0.2522212,1.325330759311539,00:00:37.00
38,-29.215107,1.8015194,1.7969474752734678,1.315816554774102,-0.40050316,1.5846902121664264,00:00:38.00
39,-34.36888,0.95871174,0.18143273995592293,-0.28225220179066574,-0.7118752,-0.015107008708813572,00:00:39.00
40,-33.632084,0.5709755,-0.5225298718119116,-0.8082852504160832,-0.24822807,-0.6348038698066624,00:00:40.00
41,-33.557125,1.1303041,0.46460356710394246,-0.04810543980344336,0.5019771,0.24914882805312213,00:00:41.00
42,-31.002604,0.8710049,0.10691745886265892,-0.18818774476344496,0.5869412,-0.014151306409067,00:00:42.00
43,-27.185116,0.8743641,0.09552256496893603,-0.21675977952910477,2.4109333,-0.019603242530775736,00:00:43.00
44,-16.216383,0.7220946,0.06874868728269858,-0.2076796842019077,-0.45247012,-0.03210450277278023,00:00:44.00
45,-26.775444,0.63611424,-0.26690117263779023,-0.42919344753898714,-2.0413606,-0.322399844068193,00:00:45.00
46,-31.75841,0.5875949,-0.41280527177285387,-0.4965552194451093,-1.005916,-0.43752539269066454,00:00:46.00
47,-32.91115,0.60465103,-0.36671937290900686,-0.444853630981256,-0.40263677,-0.39425790428653307,00:00:47.00
48,-32.9419,0.6566186,-0.275569886419137,-0.3765815289548999,-0.19595785,-0.31347418401207866,00:00:48.00
49,-32.168022,0.6780721,-0.24912984078917808,-0.4216897578672127,-0.10352528,-0.31536102983275494,00:00:49.00
50,-31.955118,0.6906085,-0.24919527359492763,-0.4867901929207503,0.12800579,-0.3408385428824806,00:00:50.00
51,-29.955904,0.7896002,-0.04267283080761637,-0.36770345998481885,0.20717658,-0.17249211016274588,00:00:51.00
52,-28.650927,0.8691564,0.18000648908060862,-0.07276452043369264,0.73646605,0.07647840648058687,00:00:52.00
53,-24.403563,1.0185169,0.5192687047107228,0.2533947529677494,1.785542,0.411766651290883,00:00:53.00
54,-16.302538,1.0827204,0.7345424805783914,0.3165831298354572,1.590546,0.5677934621793187,00:00:54.00
55,-13.980719,1.0529256,0.7738274680648813,0.5212313537277359,1.1172248,0.6800386805344559,00:00:55.00
56,-10.5811205,1.0068471,0.8360035295272505,0.7787942343653687,0.52601224,0.823770507409972,00:00:56.00
57,-18.307081,0.9287958,0.8620428990066633,1.350810335740502,-4.135843,1.0520252856307102,00:00:57.00
58,-35.468433,1.5280362,1.5750106138424207,2.614566322034044,-2.896111,2.0075663958549885,00:00:58.00
59,-42.500454,0.56062734,-0.4157185154895975,-0.3735091822533473,-0.877913,-0.41568714096255194,00:00:59.00
60,-40.679127,0.6773375,-0.0621266160079924,0.04983311621692299,-0.5932068,-0.051981865229561525,00:01:00.00
61,-43.639374,0.5211297,-0.5898198711525818,-0.6258437249287147,-0.5076659,-0.6167689254218113,00:01:01.00
62,-41.352646,1.0826966,0.7617913858604648,1.5251886555381657,-0.7404819,1.0534078462669922,00:01:02.00
63,-46.23701,0.6965946,-0.0860512622440954,0.3042430235721846,-0.3902787,0.04292535600808375,00:01:03.00
64,-42.681248,0.92480814,0.5307803749265639,1.4774117197037666,-0.30145967,0.8963934378240294,00:01:04.00
65,-43.318905,0.7370591,-0.09104291995128164,0.003357612842930468,0.07824846,-0.0730086934497376,00:01:05.00
66,-38.820236,1.1145095,0.6765088561946627,1.0354693758247424,0.59967285,0.8149242823908897,00:01:06.00
67,-41.580727,0.52961504,-0.30535460158421557,0.09656062294292413,-1.2851822,-0.16241510249793273,00:01:07.00
68,-42.11871,0.6133576,-0.1373214205530746,0.21243497876567138,-0.672919,-0.025832209733965862,00:01:08.00
69,-43.596535,0.5656992,-0.47241824891340795,-0.4492340366249609,-0.24067183,-0.47723166793133154,00:01:09.00
70,-41.805695,0.7795733,-0.023976391323198582,0.09745281242142308,-0.762609,0.010898784204114016,00:01:10.00
71,-43.76487,0.67570573,-0.2846330111479631,-0.36260145143428213,-0.66757905,-0.3372036038262904,00:01:11.00
72,-44.440357,0.5373622,-0.496651830473891,-0.3988428962199361,-0.059069224,-0.4756767830906539,00:01:12.00
73,-38.98619,1.6118904,1.2006795036553202,0.5636580939528443,0.693405,0.9308440582886796,00:01:13.00
74,-39.87207,1.1751021,0.6083894542785667,0.32618511275731205,0.09063237,0.4691312510683964,00:01:14.00
75,-40.237076,1.2967207,1.1811357488180187,1.623601937757561,-0.28164467,1.3058071293229803,00:01:15.00
76,-41.12523,1.1332031,0.6401997060261018,0.5349308115475327,-0.4004089,0.5539153253526564,00:01:16.00
77,-41.824524,0.5692198,-0.49774321291662194,-0.6078397760531022,-0.6145993,-0.5561967448899707,00:01:17.00
78,-42.005978,0.6440788,-0.32542715979731957,-0.39794996428596324,-0.56285334,-0.37238422111099806,00:01:18.00
79,-42.309853,0.5574731,-0.5412664040026315,-0.6267005848291543,-0.36027253,-0.5851694449376245,00:01:19.00
80,-41.224327,0.8054918,0.13872645362022493,0.49407511367636553,0.3089828,0.26063249030474295,00:01:20.00
81,-36.911167,0.6050854,-0.16879922005593737,-0.01980071317957776,0.7307114,-0.13229541166516118,00:01:21.00
82,-33.77982,0.60790217,-0.3708239453412234,-0.6131619370392282,-0.08087475,-0.47331279440222696,00:01:22.00
83,-35.942955,0.8972874,0.04324086297658466,-0.46065302713500045,-0.81668615,-0.17359116476365646,00:01:23.00
84,-37.24915,0.8476014,0.1252218065356323,0.029815233438423266,-0.8092236,0.06538760511859411,00:01:24.00
85,-39.005367,0.929998,0.2871022125137157,0.2759237657713404,-0.41105235,0.2550356975861908,00:01:25.00
86,-39.69988,0.891757,0.34385263349340683,0.7245101980128311,-0.4347656,0.4736442827391933,00:01:26.00
87,-41.410385,0.81270003,0.038343577796819656,0.05297715444444711,-0.7320713,0.01805389641226553,00:01:27.00
88,-41.645252,0.9520407,0.3647684595127667,0.6063160000177056,0.962861,0.4388372836674565,00:01:28.00
89,-37.092968,1.3550684,1.0819173762788907,1.1213825317572956,0.2726309,1.0775571530537607,00:01:29.00
90,-31.544092,1.3832526,1.3258515300931448,1.7874907753123863,1.8305707,1.511652913658186,00:01:30.00
91,-28.734917,0.88695365,0.5618780012020269,0.9794071259990663,0.44194096,0.7194451510592041,00:01:31.00
92,-27.411242,0.9625998,0.7004028958062875,1.0491887280834349,0.5263754,0.8291522234048695,00:01:32.00
93,-25.231226,1.0283974,0.749523343819508,0.8667919048378817,0.6132903,0.7889707950104836,00:01:33.00
94,-22.926233,0.98707175,0.8494556598484001,1.1992249753551851,0.73452526,0.9767209158692217,00:01:34.00
95,-20.911604,0.9576002,0.9254228176345664,1.4756928401695204,0.60722303,1.1319457326272007,00:01:35.00
96,-19.129223,1.0141888,1.0285048095548606,1.5520191483895975,0.6686758,1.2269457892497293,00:01:36.00
97,-17.47551,1.0531698,1.139693102831735,1.8134133754853927,0.7561978,1.4081230687909645,00:01:37.00
98,-15.545481,1.0498248,1.1895147325650357,2.0050292192332964,0.86407095,1.5227467224619469,00:01:38.00
99,-13.775329,1.068969,1.2757567882194123,2.1764051933817106,-0.107227415,1.6469849836600217,00:01:39.00
100,-24.128637,0.7705763,0.6532574486965739,1.6611905354951269,-4.233699,1.052646175761686,00:01:40.00
101,-38.134834,1.187955,0.7889008861476847,0.8910222100473046,-2.6441991,0.8103442189583199,00:01:41.00
102,-43.5849,1.0815426,0.4721483430293032,0.5948451075501191,-0.829311,0.5071974103650273,00:01:42.00
103,-43.35588,1.4188068,1.1181472333442948,1.523428932442143,1.1759164,1.2747233140682677,00:01:43.00
104,-37.11586,1.5186528,1.4667650328883393,2.150672962191885,1.0772696,1.7464495569165706,00:01:44.00
105,-36.972794,1.7149196,1.7588399678095499,2.476203358264346,-0.3948391,2.0595109675041576,00:01:45.00
106,-43.352062,1.1801105,1.1267407266949954,2.9629105320495865,-1.8720043,1.8784488724919042,00:01:46.00
107,-43.22244,1.467192,1.5303184816433046,3.272731747629571,0.5038929,2.2554499871560245,00:01:47.00
108,-47.731293,1.0292367,0.8642069925290687,3.003855243710657,-0.7422108,1.7409281043961795,00:01:48.00
109,-43.373817,1.4191327,1.2019988392961642,1.9114432298634878,0.8413747,1.4847673091365636,00:01:49.00
110,-39.3534,1.334587,1.217371149688939,2.1807643719803704,0.36336452,1.6077027070441456,00:01:50.00
111,-42.945515,1.2127769,0.9138537664434027,1.5714541219407088,0.13283816,1.1606966792163371,00:01:51.00
112,-37.013393,1.4382808,1.285842835950047,1.7807717307962476,0.4465215,1.4803765735283065,00:01:52.00
113,-38.33302,1.1538548,0.7723572976661212,1.2363965369249734,-0.08818202,0.9437926792555763,00:01:53.00
114,-36.72671,1.0824435,0.8626117732370556,1.8404985669955507,0.23523371,1.2380051703220136,00:01:54.00
115,-39.85985,0.69164664,-0.06144291689878648,0.4686499317741772,-1.3079773,0.1417528169834449,00:01:55.00
116,-39.68472,0.2849842,-0.8149427425732477,-0.42486307372266413,-0.11292278,-0.666635874201248,00:01:56.00
117,-36.722614,0.56885964,-0.29300962600239916,0.015855090648232473,0.27763078,-0.17867663508567874,00:01:57.00
118,-36.700596,0.35186175,-0.5999126505687871,-0.05166222405250656,0.045667026,-0.3848284606706404,00:01:58.00
119,-31.947208,1.0079831,0.5840718508165698,0.9514710050194465,0.8575327,0.7208563462704197,00:01:59.00
120,-27.20063,0.79649645,0.09555422253018327,-0.011634418452528363,1.7941283,0.055195902449497854,00:02:00.00
121,-19.928001,0.6954371,-0.05095845219741462,-0.19054960991235043,1.3214682,-0.08814417934086573,00:02:01.00
122,-17.101559,1.1685681,0.9161229450160436,0.598437566429808,0.76260376,0.7936393887790602,00:02:02.00
123,-16.268517,1.115495,0.9563046002662566,0.7843240630823922,0.22001189,0.8822624025269977,00:02:03.00
124,-18.639597,0.86871904,0.5752505991443325,0.6392767837818426,-0.51879334,0.5946735173099315,00:02:04.00
125,-20.322521,0.8610712,0.38912451202329784,0.29018227249755457,0.012129667,0.35654836060622946,00:02:05.00
126,-20.088621,0.8239928,0.27654784726523435,0.3139393762156209,-0.10164195,0.31874075250231687,00:02:06.00
127,-21.096745,0.7318554,0.023623713877789554,-0.13388293098760604,-0.090484574,-0.024757235372522838,00:02:07.00
128,-21.540054,0.68421805,-0.10687324516642106,-0.28786094477037344,-0.035053845,-0.16362051137165534,00:02:08.00
129,-21.052292,0.80439645,0.07538728253401461,-0.26801006406339084,0.00025596903,-0.048720576559817756,00:02:09.00
130,-21.64452,0.6853422,-0.08683222481415734,-0.29182947357665395,-0.33361542,-0.15481617469693684,00:02:10.00
131,-23.507868,0.7723881,-0.01055062217321067,-0.3075741402195268,-0.1516303,-0.1154743498830924,00:02:11.00
132,-22.927034,0.5101048,-0.3566806684679955,-0.3932323190908464,0.022732371,-0.35697038282390187,00:02:12.00
133,-22.505669,0.45713708,-0.43666980839095043,-0.4757801851719196,-0.27001587,-0.440350962881955,00:02:13.00
134,-23.34328,0.47120893,-0.439692240211113,-0.5128776491278582,-0.311616,-0.45855972469490935,00:02:14.00
135,-23.406885,0.46675006,-0.44016429253763756,-0.5298320277618902,-0.35583067,-0.4685078243521473,00:02:15.00
136,-24.452734,0.4818843,-0.4323160646555447,-0.5327588673295304,-0.19929905,-0.46542730347026057,00:02:16.00
137,-24.868479,0.45405287,-0.5035548001945835,-0.6005988983983888,-0.27645323,-0.5337408709379936,00:02:17.00
138,-23.636478,0.4306202,-0.4994616310144325,-0.5683569368747403,-0.19044986,-0.5151177475478992,00:02:18.00
139,-24.41262,0.4452528,-0.4381738319806733,-0.46354870462969766,-0.16132,-0.4375304035015318,00:02:19.00
140,-24.307459,1.3736827,1.1644468699059527,0.6424044387168134,0.29529354,0.9388139154595421,00:02:20.00
141,-25.173548,1.3493402,1.4588181227043084,1.5471033141553687,-0.53366214,1.448194760062849,00:02:21.00
142,-30.05062,1.2742443,1.1094771386465756,1.147625976390992,-0.9608983,1.1003501319322468,00:02:22.00
143,-32.292763,1.2046372,0.9988157045866114,0.8395150048847952,0.6852959,0.8857433839335017,00:02:23.00
144,-25.491213,1.3876874,1.2759239292385836,0.6713688687267894,1.6790895,0.9903027685403124,00:02:24.00
145,-23.631844,1.1829438,0.9205233945551888,0.39219839352124,0.353427,0.6724744341422452,00:02:25.00
146,-25.611753,1.3174366,1.185000313037842,0.676532923634906,-0.59132755,0.9325632231460914,00:02:26.00
147,-27.55438,1.4762588,1.410943111272006,0.7582853001475959,0.25469452,1.0956819088199148,00:02:27.00
148,-25.767403,0.85794616,0.339211506892304,0.07237151607055411,0.34151274,0.2171067063843697,00:02:28.00
149,-26.109856,0.76877105,0.048806950593927326,-0.27063986799648204,-0.037963085,-0.08182945393441893,00:02:29.00
150,-24.91801,0.69074875,-0.00524514079768546,-0.2111289638563081,0.51774263,-0.09400229588387067,00:02:30.00
151,-23.289644,1.1097271,0.916482917496249,0.644445884495012,-0.014399237,0.7591099969640712,00:02:31.00
152,-24.418304,0.32593358,-0.7112803695593249,-0.7114670472672758,-0.25360277,-0.6975335182439654,00:02:32.00
153,-24.540731,0.75111353,-0.036688162875996855,-0.41851861351113395,-0.03618084,-0.18780562896769254,00:02:33.00
154,-23.847122,0.56338215,-0.32539553798150667,-0.5563442848788399,-0.05525401,-0.4085675087107712,00:02:34.00
155,-24.16397,1.2387544,0.80172097438074,0.22511559565195952,-0.99330735,0.5642211733177113,00:02:35.00
156,-33.068493,0.73829305,-0.06229515505604963,-0.2576619264429541,-1.5590487,-0.15520292885474007,00:02:36.00
157,-33.711544,0.72654545,-0.024428982018017496,-0.22444698730028162,-0.33240697,-0.12967446679812994,00:02:37.00
158,-33.441925,0.5270347,-0.3977304088152948,-0.45194258954778593,1.1515741,-0.42877619728941496,00:02:38.00
159,-28.16058,1.5549724,1.2972200387960293,0.49812521046399644,-0.4646738,0.9536825939404048,00:02:39.00
160,-30.876396,0.6992828,0.08729085462159833,0.03948403490068154,0.58185655,0.04246047535782664,00:02:40.00
161,-25.861984,0.51835626,-0.421234289509536,-0.5891391441168694,1.0889828,-0.4810653976932043,00:02:41.00
162,-22.265587,0.53840435,-0.2969003706904543,-0.4528633183062009,0.020584399,-0.3484482252387104,00:02:42.00
163,-24.011328,0.5827249,-0.17779075416808088,-0.31392443452724134,-0.6232533,-0.2288219096102243,00:02:43.00
164,-27.363869,0.8312156,0.12240639850102694,-0.2599417230986951,-1.1394503,-0.03830612963400018,00:02:44.00
165,-29.945131,0.98150826,0.43100790102102365,0.09284758116278068,-0.5310822,0.27854610965196264,00:02:45.00
166,-31.919044,0.5998739,-0.2875894056084341,-0.4069168520098179,-0.7869966,-0.33832710394703985,00:02:46.00
167,-34.138836,0.6395222,-0.23936325618699048,-0.4011607750472623,-0.6986139,-0.3141311305603286,00:02:47.00
168,-34.99715,0.7603663,-0.19363843411546305,-0.5171690774432637,-0.5771326,-0.32461267440081176,00:02:48.00
169,-35.941395,0.92299455,0.2260295984908636,-0.07528578180459293,-0.27388552,0.08406465297412956,00:02:49.00
170,-36.72265,0.7493876,-0.12157359020456018,-0.3586212287982698,-0.55870205,-0.2325453971291192,00:02:50.00
171,-37.107895,0.75693184,0.00544104888338629,-0.03225002474969097,0.26797542,-0.027755323059934025,00:02:51.00
172,-32.85178,0.9086868,0.4050399366178148,0.3565876427040214,-0.2601103,0.3616436813043542,00:02:52.00
173,-39.988697,0.57545745,-0.3662698605080081,-0.32773379306720585,-1.7227576,-0.36423651146227126,00:02:53.00
174,-41.1801,0.6216591,-0.356514526328209,-0.4055014133878726,-0.53313994,-0.3906883268135925,00:02:54.00
175,-41.29754,0.71028996,-0.0846456096378448,0.021442000142438078,0.109262966,-0.0636352928227637,00:02:55.00
176,-38.155834,0.94301224,0.06104515290041819,-0.3983910234237193,0.8239363,-0.1333012177675708,00:02:56.00
177,-33.941746,1.7146807,1.4691194018461176,0.9269134185821984,0.21326846,1.244980872348455,00:02:57.00
178,-36.005764,1.0306054,0.3686005039263625,0.05916530384543584,-0.12467523,0.23091810803617868,00:02:58.00
179,-35.240906,0.75427026,-0.06842733556599737,-0.27840014803308377,0.081872754,-0.16261720366777596,00:02:59.00
180,-33.181515,0.67165893,-0.21914652561620301,-0.4178778450878035,1.1532159,-0.3018906083389542,00:03:00.00
181,-25.220207,1.0607361,0.5393617209521363,0.07599133728566929,1.2538908,0.34956191376003815,00:03:01.00
182,-24.063848,1.1982944,1.2945010000835078,1.6795364511155304,0.32660994,1.4149150843690146,00:03:02.00
183,-24.057856,0.8207588,0.4250747963737656,0.3931646628721799,0.025899995,0.39602063134177934,00:03:03.00
184,-24.770159,0.8741277,0.41423229577977594,0.19760314465095105,-0.02550006,0.3139335163665907,00:03:04.00
185,-24.087627,0.83766246,0.2944609739223634,0.04505935639117602,0.20095922,0.19208696674460402,00:03:05.00
186,-23.225182,0.9333038,0.5137465588969559,0.27340266882543557,0.31673303,0.4109880009284275,00:03:06.00
187,-22.217613,0.963615,0.6580167988980361,0.5078180715280133,0.48387465,0.5835480666530941,00:03:07.00
188,-20.749168,0.87743545,0.5665803114278855,0.4983714442077837,0.29067078,0.5257034944595722,00:03:08.00
189,-21.376345,0.88297,0.4472478782427335,0.30186764069015704,0.047846213,0.3880554019394214,00:03:09.00
190,-20.363394,0.80221426,0.2626945389502265,0.09879243013731108,0.1301204,0.20212582133055593,00:03:10.00
191,-21.239077,0.7424842,0.10027754903641725,-0.04418177583470453,-0.18436664,0.05271822852348936,00:03:11.00
192,-21.498188,0.69175935,-0.02279546440270488,-0.1508867327474526,0.020500619,-0.060546383069177805,00:03:12.00
193,-21.625616,0.67145354,-0.09839627756244704,-0.2518713303931515,0.052437544,-0.14321309589086625,00:03:13.00
194,-20.8327,0.65741026,-0.1375026126648571,-0.28369272390835976,-0.15614547,-0.1760669037611218,00:03:14.00
195,-22.621565,0.64238995,-0.19431403493647048,-0.3621642627925459,-0.45673487,-0.24597769987175644,00:03:15.00
196,-22.917818,0.6265319,-0.2187044148525472,-0.36997050206926907,-0.21825595,-0.2646881099195209,00:03:16.00
197,-24.454193,0.5816795,-0.33150894951689686,-0.5230796702246724,-0.3096822,-0.39746004859432627,00:03:17.00
198,-24.345419,0.8066034,-0.04598152949970239,-0.5385498101652304,0.45082483,-0.23266649782499685,00:03:18.00
199,-22.450397,0.7841483,0.08285813638859073,-0.18532293694773713,-0.031397674,-0.012522501060243673,00:03:19.00
200,-22.801264,0.5380253,-0.35429841708744314,-0.4357650356733552,-0.08230977,-0.37018989229447813,00:03:20.00
201,-21.51505,0.69111013,-0.10322207291367332,-0.33973798206838485,0.20890354,-0.18202781310039604,00:03:21.00
202,-22.048214,0.58579993,-0.23736808084151695,-0.3809895824512261,-0.23859991,-0.28186368407511225,00:03:22.00
203,-22.439445,0.8389251,0.20233792349583465,-0.16166604212914926,1.4903477,0.058558349811298455,00:03:23.00
204,-13.621734,0.6051232,-0.11927949732764867,-0.3577260251636609,0.056608,-0.19731477980141549,00:03:24.00
205,-19.474745,0.5722456,-0.286061354991422,-0.4822960054442428,-0.9594299,-0.34843237974577235,00:03:25.00
206,-20.652876,0.5494152,-0.3342232466450804,-0.47356067205130525,-0.20831077,-0.3734101966782608,00:03:26.00
207,-21.457499,0.50205916,-0.42354056760330305,-0.5772092781564055,-0.4229786,-0.471325490436091,00:03:27.00
208,-22.674854,0.58028024,-0.3401578642375632,-0.5694238543109996,0.26580343,-0.41859977826906664,00:03:28.00
209,-19.257715,0.6948668,-0.08057010341516707,-0.2686852880031966,0.30382276,-0.13653379306307437,00:03:29.00
210,-20.574999,0.72477216,-0.0159451980272261,-0.21527732742646324,-0.2003116,-0.08216251728512743,00:03:30.00
211,-20.601171,0.6958779,-0.06244566690771666,-0.2532394738275228,-0.19221382,-0.1258350799594304,00:03:31.00
212,-21.757235,0.6208131,-0.2010563684439501,-0.3773105325123043,0.21179973,-0.2604531706298739,00:03:32.00
213,-18.369843,0.68654,-0.0747277009541876,-0.37514586005583744,0.40493548,-0.1815253719423751,00:03:33.00
214,-20.27838,0.5386702,-0.30845371500505975,-0.4074103846404802,-0.5967268,-0.3335063935833186,00:03:34.00
215,-21.889906,0.5508313,-0.31953864443975405,-0.4309477249316074,-0.36992124,-0.35023748483950284,00:03:35.00
216,-21.523134,0.6525058,-0.18876264868728,-0.45774760857636915,0.4154831,-0.28334108594606305,00:03:36.00
217,-19.329872,0.9199179,0.25522465210809037,-0.26583309328169746,0.24360411,0.060473084430555525,00:03:37.00
218,-20.910124,0.8513214,0.13489181303614417,-0.3002330869575907,-0.13775884,-0.025596827667080053,00:03:38.00
219,-20.884768,0.6365063,-0.2100311952032227,-0.47819909009121025,-0.25420862,-0.30210808590379545,00:03:39.00
220,-22.165314,0.604433,-0.275573737264065,-0.5085084677874738,-0.04559584,-0.3549323428465898,00:03:40.00
221,-20.190905,0.62505215,-0.22685546504032353,-0.5131719945016597,0.58300644,-0.32680586322701194,00:03:41.00
222,-18.17226,0.5672208,-0.28722597517462295,-0.5147937160998399,0.56660527,-0.3599375851132455,00:03:42.00
223,-16.524889,0.61918604,-0.1730271794240818,-0.46972003613194063,0.012137858,-0.2730380125082666,00:03:43.00
224,-17.538933,0.8800874,0.21995936623120185,-0.3073919885773734,-0.16456985,0.02346840789594413,00:03:44.00
225,-19.693756,0.6753636,-0.061309901678921856,-0.3371666721447898,-0.38009605,-0.1583508555139369,00:03:45.00
226,-20.660772,0.65953535,-0.15326782641155257,-0.4784657267485428,-0.35140806,-0.2702853224697705,00:03:46.00
227,-20.92948,0.7206855,-0.005561296420566899,-0.34883513881582734,0.041309312,-0.1356987344802472,00:03:47.00
228,-20.390059,0.81276435,0.14229832057760122,-0.2943582025967136,1.5700713,-0.02804912445151148,00:03:48.00
229,-11.295774,1.153371,0.6844309271924487,-0.1742220090787513,1.2482225,0.3570994510060789,00:03:49.00
230,-13.668875,0.7249649,0.09436182986009328,-0.2541918565753407,-0.73317814,-0.027668482168540242,00:03:50.00
231,-18.069427,0.61279047,-0.14682531627565115,-0.3881547332101507,-1.2807363,-0.22882070850933847,00:03:51.00
232,-23.077108,0.5558301,-0.231496413235388,-0.3159450393905884,-1.2094215,-0.2542649057920688,00:03:52.00
233,-26.75991,0.87732935,0.38429004140922035,0.22452417206638106,-0.57676065,0.3070375146061793,00:03:53.00
234,-28.348635,0.9494007,0.47064434138158345,0.38490645873956675,-0.9471305,0.4286476411528196,00:03:54.00
235,-32.182083,0.5987909,-0.33237533985188894,-0.49294483199123257,-0.1646368,-0.39603223275776733,00:03:55.00
236,-28.401703,1.5597831,1.1780291380420316,0.2980795535566753,0.65659404,0.8185734346547303,00:03:56.00
237,-30.648933,1.2358332,0.787429351553855,0.432708203817407,-1.1040457,0.6353704143439369,00:03:57.00
238,-34.794582,0.848776,0.005331018638123443,-0.3523406206967781,-0.18125218,-0.14467644698422177,00:03:58.00
239,-33.52841,1.2162691,0.7335303908849781,0.5337771970931263,0.19316015,0.6473053798935524,00:03:59.00
240,-34.298515,1.0630645,0.4621255944672539,0.24070974919798094,-0.8716166,0.3628143766052239,00:04:00.00
241,-36.78596,0.63628745,-0.3212829162313797,-0.45911030894310995,-0.38549826,-0.38262813529187434,00:04:01.00
242,-36.16842,0.6206241,-0.381668260896433,-0.553458804612043,0.033896342,-0.45272195163599516,00:04:02.00
243,-34.120327,0.87070066,0.05858831824456584,-0.30161546890327956,0.16541564,-0.09199451421436404,00:04:03.00
244,-33.206467,0.78545237,-0.012104625472812583,-0.25014841463738785,0.3428008,-0.11547764658177818,00:04:04.00
245,-30.159382,0.938569,0.2158995059538468,-0.24416228128859377,0.3416889,0.02635431949156624,00:04:05.00
246,-30.539522,0.67987657,-0.19939499260495622,-0.4481149855167214,-0.27756113,-0.2964269551606403,00:04:06.00
247,-30.811773,0.7075517,-0.05860405385259399,-0.10971933618877547,-0.34407362,-0.08011129602924248,00:04:07.00
248,-31.557112,0.6149601,-0.2981176843489294,-0.4677789275717049,-0.43901998,-0.36412144198739144,00:04:08.00
249,-32.09509,0.5575765,-0.45236316759395495,-0.6157370013994085,-0.29399422,-0.5118068118110843,00:04:09.00
250,-31.72099,0.8036571,0.29026325414693144,0.4329553894379213,-0.16872118,0.3317334052886163,00:04:10.00
251,-32.08506,0.8651859,0.2394350795404628,0.02649620560283309,-0.22568543,0.13985400528261935,00:04:11.00
252,-32.630894,0.7665871,0.19752584575584387,0.20028392670685943,-0.3024619,0.1744526989454529,00:04:12.00
253,-32.57944,0.7620751,0.2742025062642551,0.3700311622558448,0.013488398,0.2805923502511727,00:04:13.00
254,-31.588924,0.9758177,0.31348676619120897,-0.150348424339987,-0.13745567,0.1153144493190479,00:04:14.00
255,-33.60261,0.66792506,-0.21054510589608819,-0.3950181321007838,-0.51929766,-0.28945173650348754,00:04:15.00
256,-33.096176,1.0138361,0.20033294542323124,-0.4220618752344453,-0.3738073,-0.05207518388227797,00:04:16.00
257,-34.46544,0.6025578,-0.40979363192609236,-0.6052165902640488,-0.028652128,-0.4885399671259338,00:04:17.00
258,-32.90593,0.6168493,-0.3172407183969809,-0.48072936692803653,0.0313794,-0.38446406228521235,00:04:18.00
259,-31.66226,0.8597,0.11255760997050192,-0.21376983015473758,0.16196091,-0.026235192377510628,00:04:19.00
260,-31.045938,0.85761863,0.17245695858735652,-0.0766124619560816,-0.20418754,0.06201142316252148,00:04:20.00
261,-31.70193,0.73745537,-0.00219443380861677,-0.10586023821028605,-0.27741763,-0.051453430970913525,00:04:21.00
262,-31.522915,0.7946814,0.1478151207115689,0.03304318983883298,0.07641087,0.08793832817949739,00:04:22.00
263,-29.796682,0.9653889,0.5111234022546196,0.36682682280596385,0.7457049,0.4335043541911203,00:04:23.00
264,-27.32685,0.7306258,-0.004512062632610966,-0.23380952848367864,0.0057024662,-0.09718054022877633,00:04:24.00
265,-27.367792,0.6618226,-0.15876577200857828,-0.3603310635096751,-0.23851484,-0.23457583928749434,00:04:25.00
266,-28.701668,0.6256204,-0.2802954346554651,-0.4768223031733301,-0.09555424,-0.3518087116484861,00:04:26.00
267,-25.71343,0.58573174,-0.3363061430806497,-0.5480892346441174,-0.08154584,-0.4091887045435476,00:04:27.00
268,-29.31212,0.49335098,-0.5435286887972768,-0.6637484163347582,-1.0555727,-0.5798283757419221,00:04:28.00
269,-30.79248,0.42659885,-0.6689376974057823,-0.7372183493867066,-0.63154435,-0.6859503410069063,00:04:29.00
270,-31.406874,0.41879702,-0.7202945258418016,-0.8083838826742754,-0.42896882,-0.7448196357920203,00:04:30.00
271,-31.75863,0.40402773,-0.7580611618415674,-0.8604457700924829,-0.5531362,-0.7896324514394333,00:04:31.00
272,-32.888874,0.41448182,-0.7662277112839779,-0.8736229314792866,-0.91243875,-0.8001818043284886,00:04:32.00
273,-35.454025,0.39651898,-0.8209481440135984,-0.8591607938438016,-0.21775483,-0.8264820757585324,00:04:33.00
274,-30.81046,0.43668422,-0.6698018418157147,-0.7395947846543061,-0.19641612,-0.6868425190564988,00:04:34.00
275,-33.982613,0.48424876,-0.6159354718279605,-0.7299427284123287,-0.8687431,-0.6566868578512906,00:04:35.00
276,-34.3192,0.44082958,-0.6840251862527098,-0.7636454488464335,-0.35371852,-0.7112793289012515,00:04:36.00
277,-34.467384,0.4757229,-0.6305389027156538,-0.7346143725268663,-0.4804755,-0.6676358077391555,00:04:37.00
278,-34.628025,0.48123488,-0.6364366571848653,-0.7638751378821126,-0.41713363,-0.6835292810580348,00:04:38.00
279,-34.14729,0.4531666,-0.7191562675079332,-0.8676640032724073,-0.30691022,-0.7715774181537164,00:04:39.00
280,-34.612953,0.44903436,-0.7281034724110772,-0.8755287882166481,-0.55987144,-0.7811101203639995,00:04:40.00
281,-34.64262,0.46592423,-0.6931887353861554,-0.8204239960935035,-0.49928594,-0.737144888365779,00:04:41.00
282,-36.16305,0.51313484,-0.6090179288250439,-0.7173376461386343,-0.80443823,-0.6474950336188254,00:04:42.00
283,-36.669533,0.46494338,-0.7020331806613496,-0.7954464689680777,-0.7578575,-0.7360614281137023,00:04:43.00
284,-39.279026,0.46990457,-0.6868005453390885,-0.706506895757995,-0.7266817,-0.6932197017489383,00:04:44.00
285,-37.51339,0.5071559,-0.6151260267204708,-0.6789775387463969,0.16938989,-0.6401961081021154,00:04:45.00
286,-35.578094,0.524746,-0.561795667156131,-0.6595513836180689,-0.14085656,-0.6011201495511744,00:04:46.00
287,-35.5477,0.49145946,-0.6119464359735769,-0.6578700597914124,-0.2962182,-0.6285030003726705,00:04:47.00
288,-34.166065,0.49599886,-0.6032811236342621,-0.719273826311819,-0.11601936,-0.649082966163704,00:04:48.00
289,-33.74732,0.44612703,-0.6769185803319195,-0.7419001768959252,-0.32916263,-0.7005531098427898,00:04:49.00
290,-33.840485,0.45036927,-0.6747352470978054,-0.747398810235866,-0.6814058,-0.7008577842051991,00:04:50.00
291,-35.92289,0.49141765,-0.6497221719832379,-0.7340256500090723,-0.9306933,-0.6784754610918285,00:04:51.00
292,-36.52367,0.47507438,-0.6943719427481966,-0.781569043810273,-0.23346196,-0.7251051836700783,00:04:52.00
293,-35.129166,0.47970688,-0.6592455260284262,-0.695485703362656,-0.186311,-0.6649901817720536,00:04:53.00
294,-35.023266,0.46749544,-0.6833844487828776,-0.7382133359251396,-0.6245195,-0.6979080227255955,00:04:54.00
295,-36.51776,0.47729644,-0.6916537940930353,-0.736729062620368,-0.48240164,-0.7024326196671958,00:04:55.00
296,-36.137753,0.4575057,-0.7105389810235361,-0.6932015276373319,-0.2855873,-0.6923771367881706,00:04:56.00
297,-35.08943,0.46916723,-0.6839527727265459,-0.698114395670883,0.059490055,-0.6790243428182781,00:04:57.00
298,-32.67676,0.49432752,-0.6074808865647516,-0.6329426542671263,0.21080253,-0.605752846437172,00:04:58.00
299,-30.481426,0.55501807,-0.46474451065094496,-0.4684216649644233,-0.063512094,-0.45082061265631135,00:04:59.00
300,-31.008709,0.60173196,-0.366193535998448,-0.4135529972460153,-0.26440266,-0.37436607392492505,00:05:00.00
301,-30.05378,0.59909576,-0.33907872927149213,-0.3956177381668283,0.21105136,-0.3535173265681197,00:05:01.00
302,-28.331202,0.6318047,-0.2787971221384708,-0.41428379117885716,0.025694354,-0.3267121749344348,00:05:02.00
303,-28.06848,0.63429624,-0.24289735301182228,-0.345902104144522,-0.04641309,-0.2801645841735752,00:05:03.00
304,-27.1087,0.6607608,-0.18491588694219627,-0.2971579619728459,0.09684059,-0.22472077974157909,00:05:04.00
305,-26.624414,0.6297596,-0.2022120116620651,-0.2617746727052936,0.36951444,-0.22170976804975434,00:05:05.00
306,-24.048306,1.7817603,1.7647093771669793,1.159046402045494,-1.0943066,1.5074409567535,00:05:06.00
307,-38.248375,0.60089415,-0.3299727938038577,-0.24693550326547015,-0.6672175,-0.30510960613585164,00:05:07.00
308,-26.835674,1.6771054,1.5022615545899227,0.9983481666421782,1.5821137,1.3005476519780135,00:05:08.00
309,-29.333368,1.4603547,1.212594200945721,0.7756759689669475,-1.5955567,1.0184736334402351,00:05:09.00
310,-39.05193,0.9180576,0.23000317773026788,0.3480075438149648,-1.2843734,0.26852269585666,00:05:10.00
311,-37.775276,0.90919894,0.11434698694458792,-0.1509808061541267,1.1745319,-0.0025091676345582567,00:05:11.00
312,-32.069805,1.5512413,1.2495140277537742,0.8191313863459218,-0.39035213,1.0690998574566375,00:05:12.00
313,-39.37232,0.6204951,-0.3662291861818247,-0.44773783087035385,-1.3617783,-0.4086662156362805,00:05:13.00
314,-38.87525,0.81225824,-0.1183482666006662,-0.3700998923011002,0.48293287,-0.22362973540623113,00:05:14.00
315,-37.79594,0.5695604,-0.43121362698745735,-0.4212277347854964,-0.8882826,-0.4319922529990416,00:05:15.00
316,-36.781296,0.8691307,0.026736840985299614,-0.26298480937070096,0.4630791,-0.09750442564787663,00:05:16.00
317,-36.356483,1.0232348,0.4306856803641605,0.2357778454169751,-0.056580372,0.33118612930948027,00:05:17.00
318,-37.12253,0.76944804,-0.017539552078972634,-0.08922051903354657,-0.7789979,-0.061601330457914556,00:05:18.00
319,-36.458443,0.5038425,-0.5387947982641137,-0.5849781514842387,0.92497694,-0.5598859289553054,00:05:19.00
320,-29.004131,0.5194189,-0.46328284013950893,-0.5816579301409999,0.8419549,-0.5035279681501128,00:05:20.00
321,-28.522331,0.5289709,-0.45208947940933997,-0.5725420738297048,-0.3712612,-0.4920430582164513,00:05:21.00
322,-30.434435,0.5306679,-0.4705942880692195,-0.5539110240637996,-0.6874328,-0.4952461190450684,00:05:22.00
323,-29.853004,0.5187045,-0.47869529789538257,-0.5724298955359381,-0.42970502,-0.5081269081635138,00:05:23.00
324,-31.96139,0.48051405,-0.5668034113371536,-0.6076851609461303,-0.5671255,-0.575251149123871,00:05:24.00
325,-32.769302,0.50950015,-0.5172180554908512,-0.5822689863219831,-0.47118306,-0.5385856274188142,00:05:25.00
326,-31.583033,0.4463364,-0.5722367781566495,-0.544262755892063,-0.5277685,-0.5541792208808349,00:05:26.00
327,-34.44275,0.47171965,-0.6448440752615584,-0.7214121218591476,-0.77777517,-0.6700962887597828,00:05:27.00
328,-34.676327,0.41591787,-0.7299010308044899,-0.726544441208276,-0.49462643,-0.7214363299449329,00:05:28.00
329,-34.90591,0.42223576,-0.7242739382642225,-0.7195037004591092,-0.4328271,-0.7149284910414977,00:05:29.00
330,-34.64932,0.50830454,-0.4808132369088283,-0.472456683788229,-0.4365721,-0.47590548080534867,00:05:30.00
331,-34.816776,0.5129082,-0.4660478270282884,-0.4466840506004146,-0.20580202,-0.4576562805350683,00:05:31.00
332,-34.057224,0.45373183,-0.5561048496291536,-0.486791973228399,-0.47735587,-0.5247618919344204,00:05:32.00
333,-34.058403,0.43519318,-0.5764135784100293,-0.48392802853530553,-0.5258649,-0.5368347667571561,00:05:33.00
334,-35.679333,0.47437933,-0.4848907406471246,-0.3742465122327939,-0.57927537,-0.4445836834352888,00:05:34.00
335,-35.67111,0.5259291,-0.43340905077632624,-0.40379871977571474,-0.37925485,-0.42634695342573503,00:05:35.00
336,-35.54332,0.66302675,-0.16427311775336545,-0.1942103094947136,-0.075458206,-0.189118092828068,00:05:36.00
337,-34.425472,1.0089539,0.3666810621820547,0.06100441682525384,0.80397576,0.2273519114078158,00:05:37.00
338,-29.982002,1.2336556,0.7255632803816859,0.1947285752869022,-0.5475966,0.5037032482706718,00:05:38.00
339,-35.301098,0.79288155,0.06896863437273884,-0.019580624586429243,-0.092286885,0.018341849785891772,00:05:39.00
340,-30.71728,1.0577955,0.5439138804054858,0.22229715338900072,0.4383949,0.39666629054401625,00:05:40.00
341,-33.89984,0.9582785,0.3176107205097527,0.11930925561158594,-0.92727876,0.22439404749564235,00:05:41.00
342,-35.105297,0.65591836,-0.17794722007814767,-0.21308812610005007,-0.40055928,-0.20171046718146451,00:05:42.00
343,-35.4968,0.75576025,0.1174164293471236,0.1923371903050993,-0.28235146,0.12513946675588575,00:05:43.00
344,-35.321075,0.58251214,-0.26795904882154375,-0.20197775834048837,-0.43257558,-0.2504300474296177,00:05:44.00
345,-35.74934,0.55232215,-0.39247894927165544,-0.3573121059270639,-0.44485965,-0.38118449705163915,00:05:45.00
346,-35.169647,0.48436162,-0.45738757504528,-0.3255212119270507,-0.26968694,-0.40701453859394493,00:05:46.00
347,-35.471363,0.3736512,-0.6924698968645114,-0.514358285947123,-0.4682785,-0.618284401418765,00:05:47.00
348,-35.68925,0.5421984,-0.4881351014904311,-0.5017106005244487,-0.30753523,-0.489487219415468,00:05:48.00
349,-34.854332,0.37637392,-0.736013192472996,-0.6353877408722143,-0.23374744,-0.6892133954201267,00:05:49.00
350,-33.57213,0.40470824,-0.6738491245296848,-0.5840149931505378,-0.50530857,-0.6293437539024813,00:05:50.00
351,-32.866093,0.37255806,-0.7002246804227826,-0.5709375819407648,0.24060425,-0.6397227124455439,00:05:51.00
352,-32.546154,0.35685095,-0.7325518627257769,-0.6194484576669218,-0.24978237,-0.6795326356005942,00:05:52.00
353,-29.8506,0.36187595,-0.7110965986500934,-0.6301857585558076,0.1112567,-0.666279324770838,00:05:53.00
354,-29.58134,0.35278058,-0.6660955251991156,-0.5263644257337746,-0.893509,-0.5993709074994791,00:05:54.00
355,-32.244343,0.5067351,-0.3209463900941099,-0.2062647172933112,-0.77868795,-0.2817064949879624,00:05:55.00
356,-32.936684,0.5417586,-0.19708717535529266,-0.022780343512369346,0.04847077,-0.1428785112473084,00:05:56.00
357,-31.602669,0.86348385,0.22814403675988013,0.044854130831212626,0.029002046,0.1425097872722574,00:05:57.00
358,-32.12227,0.89123356,0.29544806830565107,0.16144947104853857,-0.20492634,0.22673541292470079,00:05:58.00
359,-28.178415,0.97982734,0.47652019706247073,0.14941571590373257,0.9938137,0.3285774327131015,00:05:59.00
360,-27.58784,0.45380545,-0.38143982251552244,-0.25294538646006437,-0.5478596,-0.32307921657655114,00:06:00.00
361,-30.05406,0.5731523,-0.21369683324713418,-0.1638442853618622,-0.71672386,-0.19341153510410372,00:06:01.00
362,-32.46496,0.5584467,-0.26127856993237125,-0.16713313547635947,-0.5403275,-0.2249156596913247,00:06:02.00
363,-29.313568,0.4783929,-0.3766383697385275,-0.28945817050735934,0.41606238,-0.33903211753433526,00:06:03.00
364,-28.101131,0.45564106,-0.39933554782789976,-0.29145116755316325,0.054488525,-0.35034635706957734,00:06:04.00
365,-27.18773,0.7273724,-0.07410287798277716,-0.29111337655338143,-0.49735644,-0.15198159958109317,00:06:05.00
366,-31.208122,0.38261896,-0.5821062416869845,-0.38569353460695016,-0.7754898,-0.4954804673187569,00:06:06.00
367,-29.669851,0.38517246,-0.5833862671791263,-0.4192127636573875,-0.3528819,-0.5066900380791944,00:06:07.00
368,-30.079443,0.41216233,-0.543780657094717,-0.4169390726796644,-0.40713573,-0.4845396206374823,00:06:08.00
369,-31.159243,0.38334435,-0.580135936542975,-0.37617404386106423,-0.17887564,-0.49042853483015353,00:06:09.00
370,-29.766748,0.6354986,-0.14684119365123244,-0.24560777692709274,-0.0291592,-0.19345216484101632,00:06:10.00
371,-28.387243,0.52560556,-0.28656955768845094,-0.20561189725835669,-0.059494883,-0.25180895611159804,00:06:11.00
372,-27.370424,0.4554743,-0.41125039197088514,-0.2917654823981307,-0.1690149,-0.3544553473648755,00:06:12.00
373,-29.325819,0.3528043,-0.568829122739907,-0.32981586111219446,-0.45874697,-0.4668183324019862,00:06:13.00
374,-27.974628,0.44879895,-0.4767004256689212,-0.4070605280202055,-0.21350834,-0.4377581151726602,00:06:14.00
375,-27.643839,0.35719422,-0.5932409722640205,-0.4161257292595973,-0.2668999,-0.5113151519035098,00:06:15.00
376,-28.84062,0.48683566,-0.4416627988778719,-0.42872549027226986,-0.32080898,-0.42791424464501576,00:06:16.00
377,-26.558907,1.29084,0.7922094016970392,0.07597864594425768,0.59668136,0.5018722869536957,00:06:17.00
378,-27.330246,0.5312721,-0.38488659634723904,-0.4156630554577819,-0.24297927,-0.3842104023887293,00:06:18.00
379,-26.352842,0.6677452,-0.16561391486634378,-0.3161975258823093,0.31643313,-0.21450443723881005,00:06:19.00
380,-23.354849,0.6319367,-0.2168892967946632,-0.37973672661548463,1.8438758,-0.26497833104194685,00:06:20.00
381,-13.286784,0.47784197,-0.3051546513003592,-0.3483498728116935,0.85434467,-0.2959932274719117,00:06:21.00
382,-15.700992,0.5290367,-0.2737896635983711,-0.3933950715932162,-0.5453997,-0.2986759809977875,00:06:22.00
383,-17.238895,0.4593138,-0.3861898037555298,-0.4324679116915721,-0.33527395,-0.3834952684727817,00:06:23.00
384,-18.504126,0.48380208,-0.3807989798918622,-0.4575591943139301,-0.992268,-0.39063067103539695,00:06:24.00
385,-23.882307,0.39861235,-0.561134822088859,-0.5238680735752617,-0.9559807,-0.5288800346250708,00:06:25.00
386,-24.27105,0.38326415,-0.5731719385630915,-0.49131296533935265,-0.79562944,-0.5235491514572318,00:06:26.00
387,-28.36789,0.33787835,-0.6800094677797996,-0.5116228235636757,-0.8038215,-0.5979586744741255,00:06:27.00
388,-27.060528,0.68902636,0.08882055638255654,0.5063914760614133,-0.43557584,0.2719682931176191,00:06:28.00
389,-29.823755,0.43933424,-0.4895277763901959,-0.3681783072631353,-0.73061854,-0.4338790658785582,00:06:29.00
390,-31.539597,0.55788994,-0.3393860939173431,-0.3504044095096178,-0.5618036,-0.34208412321012405,00:06:30.00
391,-31.44953,0.6968737,-0.21739153752127988,-0.414049184532078,0.3901786,-0.2928631274300303,00:06:31.00
392,-28.829311,0.59308016,-0.35249142545114637,-0.46952569897460683,-0.13679975,-0.3902084579560548,00:06:32.00
393,-27.760714,0.5529133,-0.3787827240335003,-0.43569056784502674,-0.35344705,-0.3900712389514276,00:06:33.00
394,-30.768751,0.5843066,-0.3382990278192601,-0.3845627862857073,-0.4940706,-0.3498902580776519,00:06:34.00
395,-29.371971,0.6569929,-0.23159010120827372,-0.3431643081498196,0.87531954,-0.26473271108677726,00:06:35.00
396,-24.127592,0.71782327,-0.0736090486619617,-0.1218463389514499,0.44597986,-0.07110923024194601,00:06:36.00
397,-26.915627,0.58180165,-0.27365260556285315,-0.19610864577823436,-1.8329102,-0.225635138919766,00:06:37.00
398,-32.031128,0.35959336,-0.7241043830148197,-0.6016540477202947,0.08136189,-0.6633230861280015,00:06:38.00
399,-26.349274,0.718237,-0.16217712419442273,-0.3126655263089665,0.90990245,-0.20196792561222318,00:06:39.00
400,-24.166191,0.5857075,-0.2706185384520311,-0.15488624270102846,-1.5033119,-0.19950182377271636,00:06:40.00
401,-34.677074,0.33943024,-0.6933647213374035,-0.46279048871925493,-1.2674642,-0.5964730637689285,00:06:41.00
402,-29.468243,0.59254193,-0.3510389359945888,-0.3646890604504254,0.8260433,-0.3423409859842322,00:06:42.00
403,-30.329449,1.1307212,0.5229590418619163,0.11789655331158427,0.32220265,0.35957623057996996,00:06:43.00
404,-26.4394,1.442147,1.0686544753464278,0.7595328345662687,0.95797706,0.95865855838556,00:06:44.00
405,-26.037748,1.5942565,1.2106921858267412,0.5091044716265936,0.9132948,0.9409528569391538,00:06:45.00
406,-23.037521,2.072917,1.9963217688708839,0.8541710048866137,0.78536355,1.5420842968952782,00:06:46.00
407,-24.384249,1.8971553,1.8066573426681203,1.0234737595392094,0.31397286,1.4970439963459405,00:06:47.00
408,-25.815771,1.8219211,1.7456182277584424,1.0836223369393678,-0.053114947,1.474973363490139,00:06:48.00
409,-30.582916,1.4953018,1.199283777624635,0.6698166662722125,-2.2435243,0.9711984684231945,00:06:49.00
410,-38.876347,0.78647375,-0.08871113695140266,-0.23594105350789826,1.234081,-0.15772704728577117,00:06:50.00
411,-25.921356,2.1054587,2.072543496589381,0.9312611753300369,1.6614376,1.6071775611143115,00:06:51.00
412,-28.30255,2.0804555,1.9572040941974858,0.7466595982925207,0.3651432,1.4677591192142738,00:06:52.00
413,-29.243042,1.6925584,1.2684396955179313,0.21629252753062764,0.7689938,0.8483096808397214,00:06:53.00
414,-26.47136,1.3965802,0.8812446628496429,0.21968907350901254,0.21361925,0.627270257816609,00:06:54.00
415,-27.375309,1.5541857,1.0859787646491326,0.23111806022210868,0.09322956,0.7488812173688458,00:06:55.00
416,-30.611572,0.696903,-0.26564083866846766,-0.5852624959759268,-0.6061059,-0.3871880211216444,00:06:56.00
417,-29.389252,1.6331207,1.414787957895531,0.6543285690903874,0.88774145,1.0873777609902693,00:06:57.00
418,-27.611559,1.3020982,0.7395035164828718,-0.09250450241422095,0.88841814,0.40622593304379795,00:06:58.00
419,-24.113056,2.0115452,1.8897570362571459,0.5365527840756849,1.0456326,1.3401235305735726,00:06:59.00
420,-24.53927,1.4393264,1.046760266507992,0.38943403845158897,0.47564054,0.7881262781708832,00:07:00.00
421,-23.787334,1.9436581,1.64501895326097,0.3557545086049169,0.6175942,1.1394157987750697,00:07:01.00
422,-23.667051,1.4910257,1.1454460573923677,0.5846745409572319,0.6004719,0.9353284874487399,00:07:02.00
423,-22.347837,1.4441727,1.2115574812799286,0.7072924958654866,0.65348685,1.007572930173283,00:07:03.00
424,-23.640343,1.5979539,1.1265061595089758,0.026670345196804498,0.1187946,0.6993275773382236,00:07:04.00
425,-23.661413,1.9179561,1.7011712710047133,0.5710827627510825,0.7929802,1.2558979871545972,00:07:05.00
426,-23.196127,1.7386888,1.5262025099057093,0.8077672581165105,0.3157455,1.252806722219607,00:07:06.00
427,-25.270187,0.6106842,-0.26666988886696547,-0.44581866137076276,-0.58709747,-0.32271236793055785,00:07:07.00
428,-25.72124,0.5653814,-0.3954871937326083,-0.5910220826653785,-0.024413891,-0.4577322346852768,00:07:08.00
429,-24.711187,0.79018295,-0.009668030307435276,-0.322499866536643,0.21223009,-0.11770515488486957,00:07:09.00
430,-24.103127,0.8261615,0.06391684777659079,-0.18482461649042156,-0.2980694,-0.014056252932322395,00:07:10.00
431,-27.171013,0.7711216,-0.13174568347156104,-0.5250472892360732,0.077368535,-0.274833013188092,00:07:11.00
432,-22.201601,0.66473854,-0.1617797391786235,-0.32129816283386836,-0.09063439,-0.20371097969295385,00:07:12.00
433,-29.25616,0.5016487,-0.5683287221721275,-0.7228128062337477,-1.9342135,-0.6168172817279443,00:07:13.00
434,-34.09379,0.4998812,-0.6142490201844254,-0.7198746687174999,-0.5136422,-0.6475591828959308,00:07:14.00
435,-27.357567,0.78052247,-0.04573862004250738,-0.25545203061606925,1.0205907,-0.11663930949816098,00:07:15.00
436,-32.701065,0.5845696,-0.44705964490910494,-0.5881816223294162,-2.0001252,-0.4937498756963592,00:07:16.00
437,-34.045513,0.6507704,-0.3237105668800984,-0.5371062168678243,0.08611204,-0.40742234828817747,00:07:17.00
438,-32.351048,0.6340801,-0.29659177402695663,-0.4642664452754715,-0.061370444,-0.36265211049690826,00:07:18.00
439,-32.817547,0.6853987,-0.19656621466761398,-0.3680240610091088,-0.43791768,-0.2664256811101491,00:07:19.00
440,-33.149662,0.6144065,-0.34773247016065495,-0.5002333844428334,-0.3009222,-0.4073726206290172,00:07:20.00
441,-33.194073,0.5902149,-0.38520131680492925,-0.5381182397590625,0.08916146,-0.4448833643045591,00:07:21.00
442,-29.968494,0.6288829,-0.38562625223823455,-0.6643514642426908,0.39181012,-0.48934063717232895,00:07:22.00
443,-29.31222,0.6177399,-0.36648348051164886,-0.6145311812574856,-0.41026494,-0.4579782874982246,00:07:23.00
444,-30.427397,0.59379953,-0.4348262009152557,-0.6613737445735879,-0.3195609,-0.5164550163215772,00:07:24.00
445,-30.491552,0.7703945,-0.10431478487666901,-0.431763554049629,-0.27768725,-0.2318345302287442,00:07:25.00
446,-31.06547,0.6340149,-0.30529210678243995,-0.5247888342215217,0.14101468,-0.3872270297034701,00:07:26.00
447,-27.671469,1.4820316,1.042903868291916,0.16600373518310682,0.4533223,0.6884206329516,00:07:27.00
448,-31.31365,0.8770943,0.14077258869239248,-0.09248695234146738,-1.1667155,0.046193592119379984,00:07:28.00
449,-33.6376,0.52254885,-0.5990095794450107,-0.8063014766580757,-0.42644298,-0.6756149234099986,00:07:29.00
450,-32.578373,0.84175634,-0.059347424048772406,-0.505946714844618,1.0779325,-0.23799784451911152,00:07:30.00
451,-25.289667,1.8142712,1.5863721739261414,0.5743372212328044,1.2811848,1.1804617669041382,00:07:31.00
452,-26.41664,1.2380818,0.7184122982716737,0.08152178507572802,-0.109882884,0.4624243736122204,00:07:32.00
453,-27.432024,0.7690365,-0.09785444634086435,-0.4709960944797789,0.34649378,-0.23997560381637975,00:07:33.00
454,-23.10716,0.738817,-0.08415579131705345,-0.4138983051058067,0.44273666,-0.20226377369796647,00:07:34.00
455,-23.585524,0.7503237,-0.051157984882572435,-0.35869201136218104,0.39984566,-0.16166245999966078,00:07:35.00
456,-20.794594,0.77498627,0.027570018384981486,-0.31519785289935387,0.4501898,-0.09505158727229533,00:07:36.00
457,-19.477674,0.7194419,-0.03902174379014138,-0.32790086762337367,0.49158394,-0.13827627708983264,00:07:37.00
458,-17.934078,0.733534,-0.0005323613959353252,-0.3076973503616506,0.59737635,-0.10511378340084648,00:07:38.00
459,-15.6843405,0.70457554,-0.014788610188592654,-0.2942714388215108,0.3661517,-0.10424008282220308,00:07:39.00
460,-16.041578,0.68932545,-0.043481786807921925,-0.30996806535772503,-0.057306074,-0.12619764352428742,00:07:40.00
461,-16.561327,0.71309966,-0.023817126352523577,-0.3447029733555676,0.22563604,-0.12980340250711936,00:07:41.00
462,-15.157287,0.648083,-0.11529976339276209,-0.40114647658970914,0.25459993,-0.20650383980300963,00:07:42.00
463,-15.027916,0.59097034,-0.2170372609853937,-0.45511577759476807,0.2753393,-0.288143303593319,00:07:43.00
464,-13.606542,0.5972271,-0.1803075407670949,-0.3981554096078752,0.011505896,-0.24050833902927363,00:07:44.00
465,-16.148169,0.5749549,-0.24374130011070957,-0.43498927113518043,-0.6444132,-0.2951524197266997,00:07:45.00
466,-18.17858,0.50108093,-0.39189639451505853,-0.5435343312571118,-0.473237,-0.4306926530324171,00:07:46.00
467,-19.205988,0.48730743,-0.43987070782097926,-0.6169931221640421,-0.38025993,-0.4907275928615572,00:07:47.00
468,-21.710236,0.4152684,-0.5834931230800905,-0.6904741532742316,-1.0133032,-0.6074822498106883,00:07:48.00
469,-23.104124,0.39574432,-0.6477721585287951,-0.7211505140265647,0.29491633,-0.6573487538752072,00:07:49.00
470,-19.3549,0.7326124,-0.07137281401693323,-0.44007461552772653,1.2857147,-0.19926838023061433,00:07:50.00
471,-13.347283,0.641555,-0.0940573815038625,-0.3165390457934679,0.9874286,-0.1598746190869783,00:07:51.00
472,-12.981915,0.5861905,-0.1485659838941954,-0.3111299901293354,0.34125757,-0.19216280541538008,00:07:52.00
473,-12.447829,0.57943165,-0.14450731752760573,-0.3149230687011867,-0.46152452,-0.1929536921768513,00:07:53.00
474,-16.332209,0.54229206,-0.2740913028919288,-0.4158945969477758,-0.84258693,-0.31182507829135475,00:07:54.00
475,-18.593525,0.5022774,-0.35675004424698004,-0.45332864271964757,-0.66110706,-0.37757338588353967,00:07:55.00
476,-20.630426,0.5407796,-0.33833892340956073,-0.47571933376925046,-0.19063601,-0.3766175950490871,00:07:56.00
477,-20.158876,0.4859793,-0.3910404909281546,-0.487723137139755,-0.10676591,-0.41222056340695695,00:07:57.00
478,-20.122238,0.45950708,-0.44237854552056183,-0.558675028503179,-0.31505,-0.47262242358933787,00:07:58.00
479,-22.156898,0.51298326,-0.41747860679439425,-0.6171473672904925,-0.29370937,-0.48128116135686094,00:07:59.00
480,-21.280315,0.43460226,-0.5261994758829402,-0.6495662008994043,-0.13708866,-0.5576143181439931,00:08:00.00
481,-22.122066,0.41692162,-0.5602783959366295,-0.6600993095291584,0.13934562,-0.5827883112285396,00:08:01.00
482,-17.989937,0.42556125,-0.47693990074407144,-0.571581385621412,0.7496832,-0.49374083745029806,00:08:02.00
483,-17.751863,0.45873526,-0.44466859024512334,-0.5824539016733765,-0.73420465,-0.4772404397385055,00:08:03.00
484,-19.077179,0.42661187,-0.518118754835848,-0.5722693836345507,-0.13801119,-0.5144638940862901,00:08:04.00
485,-21.3441,0.41731405,-0.5657523428346023,-0.6171176419994917,-0.88533205,-0.563438192832675,00:08:05.00
486,-23.575874,0.34485638,-0.6818363280986746,-0.568348985854899,-0.98753464,-0.610922795044662,00:08:06.00
487,-26.804386,0.32826698,-0.7543226852712901,-0.6784029220353153,-1.221779,-0.7036907105818598,00:08:07.00
488,-29.93402,0.32900155,-0.8077853614454192,-0.8188441445346585,-0.8646626,-0.7997215646182109,00:08:08.00
489,-30.72783,0.34570628,-0.7957346079798441,-0.8436843960103142,-0.655715,-0.8040151629305567,00:08:09.00
490,-31.789614,0.36076263,-0.7921907111086246,-0.8514809567848559,-0.53036135,-0.8055854157004496,00:08:10.00
491,-31.929436,0.3753398,-0.7750126963324154,-0.8457292906451318,-0.3986769,-0.79321064508088,00:08:11.00
492,-31.458977,0.3678369,-0.7644920903320899,-0.7894685963799841,-0.119432695,-0.7631123538927483,00:08:12.00
493,-30.237154,0.36951274,-0.7580798319653986,-0.7878676137942359,-0.045559313,-0.7572232580684294,00:08:13.00
494,-28.541904,0.36601788,-0.7372330885792301,-0.7081939723268535,-0.024640147,-0.7086212805648308,00:08:14.00
495,-28.10238,0.37525123,-0.715944293042606,-0.6941056175234497,-0.14604618,-0.6907700524755626,00:08:15.00
496,-26.762182,0.38119528,-0.6824502771524085,-0.6520054490915334,0.12722887,-0.6530628238722037,00:08:16.00
497,-25.176588,0.6967135,-0.15701241623079606,-0.38140574786063147,0.70531976,-0.23138745041182207,00:08:17.00
498,-19.931026,1.5702679,1.2216291041687184,0.12526000043731345,2.4478495,0.7893975088791515,00:08:18.00
499,-11.9614525,0.81047344,0.20933895308207837,-0.1493256320145687,0.28123644,0.0903825320272468,00:08:19.00
500,-18.014729,1.0670286,0.4745433044428816,-0.24043546059906237,-0.4965248,0.2018033545918676,00:08:20.00
501,-18.197517,0.8211643,0.11434915194557592,-0.3724146678664723,0.4215975,-0.06365687947678174,00:08:21.00
502,-16.614634,0.6461578,-0.10245830337722535,-0.380658907202214,0.40788415,-0.19276115315994813,00:08:22.00
503,-16.005201,0.5666628,-0.18887588001199224,-0.3675374255060487,0.082963936,-0.23962362165995213,00:08:23.00
504,-15.879391,0.813387,0.13133433808549339,-0.3565756775407091,-0.04548067,-0.04395367727268087,00:08:24.00
505,-16.422758,0.6397113,-0.1022889467816409,-0.3710927075797954,-0.11543448,-0.1898378851615788,00:08:25.00
506,-17.55721,0.598107,-0.19437467210706416,-0.43124368900263177,-0.019778565,-0.26857680915433185,00:08:26.00
507,-16.740782,0.8232444,0.16641026713715837,-0.3032385873831393,0.4501785,-0.00335345355807615,00:08:27.00
508,-15.159924,0.7181502,0.041252737039356224,-0.2933328571295135,0.5051199,-0.07451448417727961,00:08:28.00
509,-14.226123,0.5964707,-0.1703027605445546,-0.4323877168863252,0.18412308,-0.25277509000816434,00:08:29.00
510,-14.569246,0.6267006,-0.1348951370521264,-0.42691299692808093,-0.10940227,-0.22917827486126005,00:08:30.00
511,-15.645532,0.62422514,-0.13598511963055337,-0.41523022504192747,-0.13078833,-0.22809143803929371,00:08:31.00
512,-15.887186,0.7705358,0.05081222328620905,-0.392152689080391,0.15278767,-0.10706846503452479,00:08:32.00
513,-15.511594,0.5390456,-0.24415698700138788,-0.39339474262124496,0.11562518,-0.2833179934019651,00:08:33.00
514,-15.104015,0.69954014,-0.03552249135941058,-0.4071922811268541,0.2599889,-0.16548672104695145,00:08:34.00
515,-14.433276,0.7228349,-0.0015774645843375861,-0.38464361988396567,0.16043516,-0.13309907666356205,00:08:35.00
516,-14.901765,0.75462943,0.055388077900906,-0.3598828288864128,-0.02784276,-0.09150139581717463,00:08:36.00
517,-15.799284,0.7741976,0.0784078202754444,-0.3413913896358148,0.06710986,-0.07086726925114051,00:08:37.00
518,-16.048916,0.7311559,-0.0020583099199873683,-0.3960420169533363,0.19614743,-0.14140344341620004,00:08:38.00
519,-15.149208,0.7900301,0.09604667417168374,-0.3457290284522202,0.5017954,-0.06185720814665923,00:08:39.00
520,-13.368603,1.4737172,1.418415623711601,0.6786686216664531,0.7552123,1.1171735008816706,00:08:40.00
521,-14.243385,1.1108093,0.7397308649793825,0.12787386510681029,-0.049308047,0.5035375222653621,00:08:41.00
522,-15.937619,0.9534147,0.47798272763888694,0.02380084782676454,-0.105939254,0.30725075229771487,00:08:42.00
523,-16.810682,1.0014354,0.48032455733060037,-0.0835671072078459,0.07305189,0.2674968794360431,00:08:43.00
524,-18.212128,0.9863926,0.4561011236852369,-0.06477249677507858,0.46898025,0.25875619952654016,00:08:44.00
525,-15.10046,1.2334361,0.8985280796159771,0.21065720413155017,0.07225187,0.6328896813472012,00:08:45.00
526,-19.768587,0.78982544,0.14503871197158624,-0.19774890377866514,-0.15757866,0.020292710052179686,00:08:46.00
527,-18.771828,0.7441645,0.030553044259181462,-0.33926767204379843,-0.1316742,-0.10259383754910369,00:08:47.00
528,-18.859161,0.82237166,0.13528280425237696,-0.3325559145501137,0.11279424,-0.03835216125852985,00:08:48.00
529,-20.389091,0.77969885,0.055557154032718326,-0.3421056896092068,-0.2099542,-0.09165007160980511,00:08:49.00
530,-20.365616,0.72844803,0.0017804928436201857,-0.31175784722220834,0.10297582,-0.11092564637208148,00:08:50.00
531,-20.054253,1.0315931,0.4773095803024197,-0.10636993300913711,0.1167426,0.24957993595895536,00:08:51.00
532,-20.476076,0.8130175,0.12710268451378776,-0.24634153353983876,0.20215438,-0.010257599634561673,00:08:52.00
533,-20.108524,0.84518474,0.20615444484968054,-0.1510870582651427,0.0995707,0.07508399673752614,00:08:53.00
534,-20.106226,0.84277487,0.21773004163945228,-0.12401253652564062,0.33874893,0.09217593041051174,00:08:54.00
535,-18.43383,0.8403135,0.23056637176778372,-0.12871598110329074,0.35489866,0.0988221485165657,00:08:55.00
536,-17.93636,0.99203795,0.4792744056186852,0.0225283232829484,0.32388568,0.3092333681691614,00:08:56.00
537,-18.03614,0.96340483,0.5558382748548792,0.26049297856651454,0.12637253,0.4420096271895027,00:08:57.00
538,-18.363716,1.1766715,0.8437431807945114,0.3529998332757841,0.2934329,0.6487304743358269,00:08:58.00
539,-17.917984,0.8751962,0.3540119817862158,0.09219427159706414,0.3587255,0.26037129279949917,00:08:59.00
540,-17.90774,0.8565539,0.3004842643670273,0.004621921318258191,0.16158967,0.19371073891418272,00:09:00.00
541,-16.66033,1.3108664,1.034733071733034,0.4082900063388692,0.83262765,0.7899465692387736,00:09:01.00
542,-16.947548,0.95310056,0.5807382150145005,0.387956677866325,0.2105317,0.5083169131720178,00:09:02.00
543,-16.081972,0.94884914,0.5103579338325133,0.18829637499844976,-0.29385433,0.38944870147065896,00:09:03.00
544,-19.194832,0.89667505,0.3139513960904954,-0.036094502407328664,-0.03918663,0.18524060570172604,00:09:04.00
545,-18.577768,0.84025264,0.2508135417244756,-0.006299249312507151,0.39588153,0.16132972544295682,00:09:05.00
546,-17.239708,1.2306579,0.8585075367290324,0.27625892079314124,0.9855612,0.635201338410677,00:09:06.00
547,-15.161725,0.938286,0.9373806956686074,1.4862297958782944,-0.009208577,1.1528556089434012,00:09:07.00
548,-17.557037,0.8614776,0.5561973596184765,0.7913510014746656,-0.4048716,0.65669933530948,00:09:08.00
549,-20.593798,0.88246083,0.40226541151636247,0.3942059904871266,-0.5248492,0.4112639600053434,00:09:09.00
550,-21.712666,0.8445108,0.32222476678443046,0.29407635445922686,0.13639756,0.32095554493918116,00:09:10.00
551,-20.378704,0.8536482,0.30992913336580824,0.19260870796256405,0.4240431,0.27572736890192306,00:09:11.00
552,-18.936043,0.921405,0.4148063449729545,0.2024407926693587,0.64522475,0.3441110928032446,00:09:12.00
553,-18.114923,1.0690227,0.7334170357381985,0.5185246744654863,0.117154256,0.6526443257560854,00:09:13.00
554,-19.176859,0.8944728,0.42210220302883056,0.3032635249923861,-0.28591654,0.38353283307831193,00:09:14.00
555,-21.419022,0.8617781,0.2990904543276435,0.1679510279096623,-0.16775292,0.2578629715240611,00:09:15.00
556,-20.650795,0.8356592,0.2980002615231504,0.20000978869220665,0.23334876,0.267808162143146,00:09:16.00
557,-20.860182,0.96529603,0.476943698017126,0.22068656408116782,1.3243699,0.38311274692794,00:09:17.00
558,-13.473051,1.3605275,1.4498183514765717,1.1818595248054236,0.8653679,1.3327714950557727,00:09:18.00
559,-16.482113,1.133978,0.820455972336936,0.41788884373644464,-0.5784279,0.6660191074200843,00:09:19.00
560,-20.075264,0.99674374,0.5652291434822668,0.20366011644628637,-0.52380085,0.4202687411887793,00:09:20.00
561,-22.118923,0.9805697,0.7228770490815382,0.7401331495693318,0.31288907,0.7185922200295182,00:09:21.00
562,-16.432014,1.1961358,1.0681364926383479,0.7871381651916882,1.54028,0.9472153955939125,00:09:22.00
563,-19.41259,0.72008896,0.12325525274201882,0.0887247949956237,-1.7119682,0.1221031754697798,00:09:23.00
564,-24.582262,0.9174538,0.3030247299976897,0.12674717233849,-0.36559337,0.23916110336493307,00:09:24.00
565,-23.719452,0.8525688,0.2682664605209284,0.2741692712443897,0.5169949,0.2777679894083122,00:09:25.00
566,-21.958158,0.88533765,0.37090054469945083,0.4006685415308743,0.14296551,0.3913972500157039,00:09:26.00
567,-22.702374,0.76117235,0.10995916156929708,0.13144274323159538,0.20489997,0.1292952331430943,00:09:27.00
568,-20.965128,0.7514354,0.10922574052480702,0.14259631244421941,-0.20125262,0.13702703460463708,00:09:28.00
569,-23.44117,0.73775953,0.03162766230388303,0.06328808333227436,-0.18083423,0.05779320814985924,00:09:29.00
570,-23.20544,0.72061425,-0.005385108249985063,0.020306362998018353,-0.051367532,0.01987983733145223,00:09:30.00
571,-22.945843,0.7235305,0.00424878154297596,-0.0022181642673356704,0.033618715,0.016389382144458887,00:09:31.00
572,-22.913305,0.71840614,-0.020245108121447093,-0.05602935912800724,-0.20957492,-0.01907856122551047,00:09:32.00
573,-24.949585,0.6737413,-0.10736092992155745,-0.08068215812737785,-0.82020164,-0.08152680873338504,00:09:33.00
574,-28.114218,0.6487899,-0.19713946034740162,-0.17840540441902225,-1.2628697,-0.17770410404067621,00:09:34.00
575,-32.665005,0.6466341,-0.27175789252805815,-0.2755471607147863,-1.3260287,-0.26457101019240353,00:09:35.00
576,-36.759583,0.6354137,-0.29351565260530416,-0.26661603781658566,-0.39797938,-0.28289028541998146,00:09:36.00
577,-28.345163,1.2583137,0.881145859524783,0.4628342144520237,3.405228,0.70177487261863,00:09:37.00
578,-22.560406,0.6784145,-0.07655309606748316,-0.3603489487607117,-1.0208014,-0.18354003143368774,00:09:38.00
579,-29.434395,0.9234107,0.09332654630314971,-0.38520665870232074,-1.5173361,-0.09095294922191784,00:09:39.00
580,-34.595913,0.8271077,-0.10793395693728856,-0.42277452014994005,-1.3783734,-0.23037463086044416,00:09:40.00
581,-38.301598,0.8414911,-0.11523604538714272,-0.35940216106114187,-0.8279944,-0.21181467843812873,00:09:41.00
582,-38.178288,0.9045757,0.0027448229106293302,-0.26799646231268304,-0.31708273,-0.10680344697456957,00:09:42.00
583,-40.67418,0.7496554,-0.1228486894354859,-0.04472231294452427,-2.050486,-0.09903939216458768,00:09:43.00
584,-49.67113,0.6531137,-0.43535481081355765,-0.3685237959829097,-2.4524682,-0.423944192553869,00:09:44.00
585,-54.48882,0.40147126,-0.8080559593955771,-0.4193939528245487,-1.6168264,-0.674267740721937,00:09:45.00
586,-62.120113,0.31585893,-1.0815222372048028,-0.7195177045936421,-5.137344,-0.9678821498476686,00:09:46.00
587,-75.42325,0.0019187805,-1.6057360647013441,-0.8419030519924499,-3.0951636,-1.3526828246013216,00:09:47.00
588,-78.18791,0.0,-1.4421597691348573,-0.14018909650967182,1.9831947,-0.9780261965117618,00:09:48.00
589,-41.56663,1.4208729,1.1148123795489637,1.167881720918455,10.014078,1.1152239235988834,00:09:49.00
590,-20.0923,0.97992784,0.9296154515562602,1.5352085253674557,1.4085897,1.1687784984884497,00:09:50.00
591,-21.999615,0.9292334,0.6675788713313199,1.0686887832098306,-0.34673616,0.8358481385082074,00:09:51.00
592,-23.354351,1.0230774,0.7474701944296926,1.023948206357062,0.34636614,0.866490943543132,00:09:52.00
593,-20.592283,1.1653395,0.980903388035127,1.0301505237779118,0.80016565,1.0059052313966026,00:09:53.00
594,-19.860813,0.9632054,0.7372053518217162,1.0087842442160466,-0.22008306,0.8496894197458245,00:09:54.00
595,-23.206488,0.92779166,0.5787775552774161,0.9071623041089117,-0.4813879,0.7221509751194246,00:09:55.00
596,-24.474789,0.9958175,0.6665600367075496,0.9980532501513629,0.04157173,0.8116480357794988,00:09:56.00
597,-23.940416,1.132331,0.9144195744814743,1.158110827834973,0.35133955,1.0180273673798723,00:09:57.00
598,-23.545364,1.1682559,0.9201275791244602,1.0129590222369536,0.25943372,0.9661441981681247,00:09:58.00
599,-23.180298,1.0289843,0.7026898780542107,0.8981947391627417,0.52743953,0.7935253923021381,00:09:59.00
600,-20.929808,1.0797683,0.7814002503687111,0.7542515802092862,0.4682381,0.776562330931122,00:10:00.00
601,-19.98622,0.97876376,0.6783026020186483,0.7413456999870366,0.36167228,0.708754966257255,00:10:01.00
602,-20.390535,0.93594164,0.6741382696601587,0.9043164940934351,0.06564477,0.7704214990625324,00:10:02.00
603,-21.2296,1.1332282,0.8767491069306338,0.8715203385893381,-0.094468825,0.8796323314887208,00:10:03.00
604,-22.120281,0.96226555,0.585241950414826,0.6461203677847172,0.04013401,0.6151014244767867,00:10:04.00
605,-22.246449,1.0280263,0.6677530076811012,0.6326081742275985,0.35250977,0.6575827658340146,00:10:05.00
606,-19.558207,1.0854732,0.8395902755871788,0.8405284063184542,0.7511584,0.8451221650679881,00:10:06.00
607,-18.995363,1.263826,1.0485805011163536,0.799854945486884,0.7462985,0.9551194020631487,00:10:07.00
608,-20.129663,0.9549186,0.577714430981504,0.5204982553076124,-1.0483855,0.5569953872055644,00:10:08.00
609,-24.403147,0.99659026,0.6205712407143015,0.7219392591295175,-0.76243097,0.6643623364373404,00:10:09.00
610,-28.13043,1.0347596,0.664079342449026,0.9283173496113125,-0.7525491,0.7745982394494539,00:10:10.00
611,-29.752748,1.0187622,0.6239650759043364,0.8747678023924222,0.082666226,0.7248288402779021,00:10:11.00
612,-28.426588,1.100669,0.8516109520702814,1.2400043980235593,0.059379864,1.006425819401316,00:10:12.00
613,-29.889812,0.9793808,0.5861260117459551,0.8237203009872115,-0.43415686,0.6741112011987017,00:10:13.00
614,-31.116392,1.0695331,0.7476700155819792,1.0409687000021433,0.6842012,0.8564659644296079,00:10:14.00
615,-26.967293,1.4422443,1.4253584586586976,1.7369846344084854,-0.051639196,1.5500155709827668,00:10:15.00
616,-30.676502,1.0610493,0.810067555023298,1.1610221690849074,-0.2368877,0.9350737625324391,00:10:16.00
617,-30.009558,1.2526339,1.0822887794726115,1.2206883649267182,0.24506122,1.1223880810027365,00:10:17.00
618,-29.633581,1.2415329,1.0130295231990205,1.0039624686105038,0.3166353,0.9949127994540278,00:10:18.00
619,-30.125174,1.10756,0.8048665505132779,0.9018870993216237,0.35689393,0.8287124560907807,00:10:19.00
620,-27.086067,1.3249868,1.1006207706473028,0.9059445235647395,0.3092454,1.0147336798071072,00:10:20.00
621,-27.709682,1.1043842,0.7124386879253461,0.4844361671546091,1.4579834,0.6080138695339145,00:10:21.00
622,-18.74117,1.5528053,1.6095685560695372,1.3375536701942496,1.2597772,1.497077560637516,00:10:22.00
623,-22.073273,1.088724,0.8080274993176172,0.67340989857908,-0.8445524,0.745979636551512,00:10:23.00
624,-26.128021,0.9491753,0.5397985990668971,0.5653468086819268,-0.89698035,0.5444502206964316,00:10:24.00
625,-28.156862,1.1831359,0.8285783169310685,0.6118626504411033,1.3672345,0.7335787035393178,00:10:25.00
626,-19.00918,1.2181834,0.9832420378199632,0.6206034634388339,1.0487343,0.8364398998191266,00:10:26.00
627,-20.497517,1.0443676,0.6846466708841029,0.4096688488383317,-0.044851538,0.5736622468081316,00:10:27.00
628,-22.737196,1.4408722,1.361910883939486,1.2253512557235122,0.06505595,1.3058867930089344,00:10:28.00
629,-23.252602,1.1487272,0.9087097819338771,0.7900242488141382,-0.49990883,0.8514136883286582,00:10:29.00
630,-26.362915,1.0974598,0.6908321139992458,0.4519623755589739,-0.09544261,0.5872509089532836,00:10:30.00
631,-25.953672,1.1762509,0.7679325222583278,0.42159937011117876,0.20400573,0.6255486758805477,00:10:31.00
632,-26.650103,1.2512211,0.9046295799690178,0.5492035246624474,0.25709277,0.753892752334425,00:10:32.00
633,-23.665953,1.1954675,0.8458826439586848,0.4346308098763247,1.3606381,0.6719990925225114,00:10:33.00
634,-21.158678,1.2047024,0.8403230813642998,0.3481457240409329,0.25850213,0.6437350562898277,00:10:34.00
635,-21.456127,1.196122,0.832043677704673,0.3700604777461092,0.5201825,0.6474151301507066,00:10:35.00
636,-20.218157,1.1350961,0.7132749929152145,0.24687885846517452,0.44729242,0.5327597191906792,00:10:36.00
637,-20.897352,1.2125282,0.938965879075511,0.601690859700654,-0.1141121,0.8009159229850522,00:10:37.00
638,-21.45941,1.2275666,0.9614522502415087,0.6302586751286029,0.5566688,0.8260811975293993,00:10:38.00
639,-19.85903,1.2300822,0.9276183903968153,0.47309044310767645,0.5217554,0.7444789150392203,00:10:39.00
640,-20.55007,1.1297181,0.9297430497385463,0.8373315886816063,0.0658289,0.8849322947908138,00:10:40.00
641,-20.65662,1.3321573,1.216875449146607,0.8655099400288269,0.15241124,1.064050233847081,00:10:41.00
642,-22.471745,1.2677132,1.0153025534089866,0.6424350358127513,0.1999238,0.8613114909518562,00:10:42.00
643,-20.201649,1.3556893,1.0987546721625163,0.5354371208116518,0.6416859,0.8746743306078287,00:10:43.00
644,-22.05584,1.0590277,0.5782413309576974,0.17776949598988082,0.011779831,0.4213841349858292,00:10:44.00
645,-20.6856,1.3700348,1.0221642966727604,0.27488429245289053,0.5395273,0.7269129750617414,00:10:45.00
646,-23.15872,1.2026745,0.7835546226490343,0.27511957721584185,-0.7001308,0.5828196350416391,00:10:46.00
647,-25.754179,1.2196081,0.8534668410769634,0.5025319351129568,0.17796014,0.7103922398274206,00:10:47.00
648,-25.093355,1.2534881,1.0775962855221017,1.1576446431482714,0.410819,1.1077328937401434,00:10:48.00
649,-22.445383,1.5250669,1.372252656356263,0.9111396996694302,0.37150607,1.1910913537737675,00:10:49.00
650,-25.829428,1.2808651,1.019306872860016,0.7942913576670545,0.06676998,0.9241194558754832,00:10:50.00
651,-24.530529,1.3270167,1.0796269225875843,0.6497455015563652,0.5712092,0.8970720290481171,00:10:51.00
652,-24.143393,1.2054944,0.9053170624703156,0.5765233532315136,0.29577252,0.7649489174244689,00:10:52.00
653,-24.19029,1.2969313,0.9022345996354824,0.26507692213575856,-0.050631374,0.6434921812601908,00:10:53.00
654,-25.864199,1.3885545,1.1578971886537612,0.738425757536099,0.23073414,0.978267956588888,00:10:54.00
655,-25.6157,1.4184912,1.1461431790175227,0.5602104670463616,0.30451232,0.9024504560442653,00:10:55.00
656,-25.747732,1.2493457,1.0258650039724293,0.9348065722781386,0.5400102,0.9818361639008444,00:10:56.00
657,-24.480764,1.5522705,1.5185869913874797,1.273019112766359,0.6437871,1.4128090481492683,00:10:57.00
658,-22.170677,1.3536845,1.1507259965172392,0.6931305634154247,0.88083744,0.9600194294629434,00:10:58.00
659,-20.572939,0.9203492,0.8009108210324922,1.0833192711647557,0.5257194,0.8921469307368127,00:10:59.00
660,-20.344612,1.0267897,1.040347016229505,1.3097829503876286,-0.1368596,1.115123805030277,00:11:00.00
661,-22.087835,0.9420397,0.7305997581984922,0.8740979164414152,-0.44470352,0.7697446348504126,00:11:01.00
662,-24.827301,1.0853493,0.8829133347410686,1.0537617903864533,-0.15656745,0.9391122941167267,00:11:02.00
663,-24.833076,1.2703513,1.1068343357882933,0.9771193463050977,0.24908851,1.0376636420328222,00:11:03.00
664,-24.484642,1.1571885,0.9337604086665169,0.7529467933503584,0.33888137,0.8366308403918211,00:11:04.00
665,-25.767067,1.1464314,0.9388532211191642,0.9149212973035298,-0.40743676,0.9047189519980596,00:11:05.00
666,-25.544865,1.3698958,1.1935379260211314,0.8569365734230131,0.27024594,1.0389269050895407,00:11:06.00
667,-28.219065,1.3523453,1.0882683723311866,0.7462310720772317,-0.16694711,0.9377463949948859,00:11:07.00
668,-28.039898,1.346422,1.116895697594664,0.8776948928080098,0.29959986,1.009465704536156,00:11:08.00
669,-27.360851,1.2099532,1.009973620912042,0.9893976699086614,0.44571933,0.9826594489921122,00:11:09.00
670,-26.210752,1.2121413,1.0107459451730385,0.9584155167664364,0.3810273,0.9740612254541486,00:11:10.00
671,-26.281528,1.1930641,0.8891210945045745,0.6270522235955532,-0.089136854,0.7685758883741656,00:11:11.00
672,-28.426577,1.4546486,1.210780112291739,0.7495291863152471,-0.1959684,1.0143685622777874,00:11:12.00
673,-29.468798,1.2304875,0.9273835003628249,0.8106167764859029,-0.035450358,0.8688949437150203,00:11:13.00
674,-29.93932,1.4054819,1.2151677964700596,1.1073013869299788,0.12176225,1.1624895372970832,00:11:14.00
675,-30.061977,1.2502645,1.0380921386689617,1.1748573328842806,0.24296643,1.0829375161024897,00:11:15.00
676,-29.33422,1.2200173,1.0652078224381927,1.361655672101798,0.2432964,1.1729602497737455,00:11:16.00
677,-29.64493,1.2418449,1.0294497840318175,1.1108256095860058,0.067072645,1.0477942588392384,00:11:17.00
678,-29.470308,1.3412733,1.081657917676931,0.901322512070053,0.09485874,1.0004957831030856,00:11:18.00
679,-30.335835,1.3447708,1.1624672827000666,1.264499933433878,0.521027,1.1968433483801169,00:11:19.00
680,-27.246159,1.1823574,0.9452584033582707,0.8652354573683229,0.75346017,0.8928044611000476,00:11:20.00
681,-26.492605,1.2038826,0.9382719125873589,0.6796523958236209,0.18648146,0.8130651175165412,00:11:21.00
682,-26.275913,1.1817583,1.0451201701842405,1.086015689102195,0.2983967,1.0325573896996438,00:11:22.00
683,-26.090807,1.2416854,1.1207223196376888,1.2249818109619395,-0.020092241,1.147151686002652,00:11:23.00
684,-27.927908,1.380565,1.3202138176944234,1.4565160753445723,-0.087508455,1.3581304832271903,00:11:24.00
685,-28.323732,1.349879,1.212956701761895,1.1562633205889383,0.20639625,1.1696436752712087,00:11:25.00
686,-28.484528,1.5497005,1.3905502954334192,0.9472965122092378,0.17677204,1.195666344069355,00:11:26.00
687,-28.905481,1.2659392,1.0456337359602297,0.9767358348917087,0.25349143,1.0026828501515765,00:11:27.00
688,-28.940836,1.3183991,1.058051256309127,0.8122809775102691,0.13546784,0.9454014025251303,00:11:28.00
689,-28.944904,1.3249706,1.0331846852658897,0.7158128855827761,0.18598573,0.8929910664824915,00:11:29.00
690,-29.42599,1.5179216,1.2920965767153456,0.7771733225775305,0.25873923,1.069658381989484,00:11:30.00
691,-28.58761,1.4069191,1.154441130471887,0.7599912773500465,0.4640157,0.9818157665587419,00:11:31.00
692,-28.766502,1.517536,1.282562794698248,0.7526931200467744,0.2231382,1.0571471534700498,00:11:32.00
693,-28.661652,1.423278,1.1339006199508397,0.6504309374985007,0.29994905,0.9290507585823954,00:11:33.00
694,-28.909231,1.3838459,1.0750792942810754,0.6784878369427478,0.14622179,0.9093444370690493,00:11:34.00
695,-29.448866,1.4242121,1.120688752031963,0.6489612768881606,0.034039676,0.9205910723199794,00:11:35.00
696,-30.143486,1.3759313,1.074418981324674,0.7755510697483703,0.009523616,0.9482208976100999,00:11:36.00
697,-31.239113,1.3587152,1.0169180125716717,0.7236177015095989,0.18132013,0.8936474373154382,00:11:37.00
698,-30.208555,1.4267254,1.1587211772990638,0.8715993586448287,0.2737934,1.038940625764817,00:11:38.00
699,-31.023317,1.5392048,1.293174381048577,0.8538474783318214,0.26005688,1.1086611948023495,00:11:39.00
700,-30.00712,1.1581464,0.8940401047106801,1.1241387867886916,0.20011798,0.9807595963840587,00:11:40.00
701,-31.426607,1.3157392,1.0405363817493583,0.9661187555523931,-0.36857334,1.0021272026648962,00:11:41.00
702,-32.110813,1.2536361,0.9704625018490571,1.0787595271807005,0.57078,1.009090254233826,00:11:42.00
703,-28.556803,1.4232818,1.1324793192276095,0.8646372736195294,1.4475731,1.0311080657738076,00:11:43.00
704,-24.650537,1.4427665,1.2102595764489044,0.9868467575219608,0.4011791,1.1353843851380996,00:11:44.00
705,-25.932192,1.2072253,0.8735066253014986,0.6600530393234535,1.103175,0.7843845585991286,00:11:45.00
706,-19.357758,1.1415906,0.8422457449087757,0.3885648314281327,0.88389665,0.6477079181307517,00:11:46.00
707,-21.646687,1.0010037,0.5662839992036743,0.24683445754492436,-1.1515874,0.43139813405263383,00:11:47.00
708,-27.72175,0.9986794,0.5096304981532211,0.42834328420365964,-0.6674873,0.4738484838631406,00:11:48.00
709,-28.24799,1.0563582,0.5641274811752076,0.38522435561304524,-0.07110374,0.48943242947946736,00:11:49.00
710,-28.280354,1.1169658,0.6264650570488387,0.2796808997037778,0.081415884,0.4792574960102732,00:11:50.00
711,-28.487143,1.0087512,0.47977380919857515,0.2457087780912558,0.12293461,0.37833201043507003,00:11:51.00
712,-28.427343,1.1557508,0.7234362261032676,0.3324145743887337,-0.04171294,0.5507304885925024,00:11:52.00
713,-28.729778,1.3213395,0.995306491803075,0.5148883935965752,0.16431111,0.7810336895836805,00:11:53.00
714,-28.93116,0.99155843,0.5128281217747884,0.3055238388624624,0.34197274,0.4093680789359167,00:11:54.00
715,-26.174816,1.4828691,1.4671231303498902,1.6687352409689404,0.37343842,1.550685011895395,00:11:55.00
716,-29.032005,1.0036927,0.4257359161947816,0.10713223149210142,-0.32724726,0.29030622755355245,00:11:56.00
717,-28.549648,1.1021682,0.6031880354173209,0.18312861900730085,0.22690849,0.4202704489971504,00:11:57.00
718,-28.38453,1.2191522,0.744396223739042,0.15256142382879626,0.28450188,0.48963761963737473,00:11:58.00
719,-27.726809,1.0356818,0.48223036370301403,0.12077438888129871,0.009394169,0.3278583403778289,00:11:59.00
720,-28.539818,1.1777158,0.7581058022203134,0.41246113585612715,0.11146859,0.6042256328579843,00:12:00.00
721,-27.239624,1.10678,0.6432481069806403,0.24129176966638985,0.3074755,0.46866849792074355,00:12:01.00
722,-27.872381,1.0484906,0.4769245443110504,0.04387790715077911,-0.0024089532,0.29390313011915714,00:12:02.00
723,-27.635649,1.0010669,0.37225500729658906,-0.061600365308902894,0.14218827,0.19315858986990292,00:12:03.00
724,-26.79576,0.7995663,0.08151807933407941,-0.17752542696536658,-0.0032488662,-0.022302330699597223,00:12:04.00
725,-28.395123,0.8349749,0.13261949825539807,-0.11294174800645772,-0.6914133,0.03138941367424824,00:12:05.00
726,-30.01306,0.803035,0.07836029850185491,-0.11002322890438423,0.004532577,-0.0018902137304240894,00:12:06.00
727,-27.487524,1.4200217,1.1557087779782025,0.8341689962213088,0.64228743,1.0209398747700875,00:12:07.00
728,-29.268312,1.1035138,0.7090351015856857,0.7502336460181294,-0.55842745,0.7185243912007183,00:12:08.00
729,-30.608667,1.0029064,0.4767503615921626,0.33190165295386326,-0.4433086,0.4068783427927275,00:12:09.00
730,-30.84494,1.1820476,0.8600989248357769,0.9517897046798206,0.4107213,0.8874681165765254,00:12:10.00
731,-32.375267,0.87627316,0.2994782416039964,0.3204609603041943,-0.29665208,0.29293976854741555,00:12:11.00
732,-30.952507,1.0736142,0.6663034554666463,0.6760242062897105,0.13758497,0.6537088631712609,00:12:12.00
733,-32.445198,1.0730412,0.5798440551877785,0.4854049788858891,-0.7604218,0.5290301718087045,00:12:13.00
734,-33.61696,1.0152304,0.5364100606931563,0.5935007047269114,-0.9450885,0.5401954831961593,00:12:14.00
735,-38.405766,0.74820656,-0.0010236764156659169,0.14596251886167413,-0.8293406,0.04318120317848987,00:12:15.00
736,-39.079456,0.7551399,-0.04281240464176313,0.04247372032425377,0.37842995,-0.021023644408534537,00:12:16.00
737,-31.55356,1.3447816,1.01579158920224,0.9004197262867298,0.9740462,0.9586330417441872,00:12:17.00
738,-39.042957,0.96716213,0.30329209190841117,0.2725576918205476,-2.6134572,0.27126635824252615,00:12:18.00
739,-43.009262,0.7805801,0.0641180393796943,0.460944073691149,-0.36466032,0.20724971554025418,00:12:19.00
740,-41.91398,0.8333719,0.25981746779302856,0.842373172477026,-0.56372297,0.4756100947036126,00:12:20.00
741,-43.4526,0.62184304,-0.2489491647400193,-0.04104653044428206,-0.54957485,-0.19110945827358247,00:12:21.00
742,-42.999516,0.64887506,-0.25905314838478044,-0.10451332766627072,0.003814672,-0.2138611280408525,00:12:22.00
743,-40.253944,0.7212752,-0.05446239466222316,0.07096496841994213,0.042902183,-0.026550985141174734,00:12:23.00
744,-39.042046,0.6815635,-0.12639768995726383,-0.02791441212182891,0.6235136,-0.10674159349381171,00:12:24.00
745,-32.67495,0.6599074,-0.18416783785754853,-0.38595647561903584,1.7115238,-0.27857935793041194,00:12:25.00
746,-24.918917,0.67199725,-0.09317421414142507,-0.36528760956777717,1.6282105,-0.20245115480357612,00:12:26.00
747,-19.76463,0.6997571,-0.02346139456415559,-0.3438745551371175,0.8390655,-0.14078082278439988,00:12:27.00
748,-17.948107,0.679575,-0.03965788131888132,-0.3358273840714893,0.5503834,-0.14375455340803192,00:12:28.00
749,-16.067944,0.6512402,-0.07887369110676043,-0.35292858781165676,0.45814487,-0.17005386822723598,00:12:29.00
750,-14.918599,0.64540654,-0.09894095870505336,-0.38372492278422493,0.3167766,-0.19235387237495077,00:12:30.00
751,-14.644281,0.69826746,-0.003191101655146576,-0.35104176846811996,0.09048533,-0.12459283125152613,00:12:31.00
752,-15.191247,0.8811011,0.35952984888863565,-0.021874193676204412,-0.1289731,0.22296290725778525,00:12:32.00
753,-16.999027,0.79683816,0.1963798745551349,-0.146097296054214,-0.41877577,0.07180515608569273,00:12:33.00
754,-19.209368,0.80879533,0.21736779015536645,-0.06840807269197809,-0.1876575,0.1127092922546347,00:12:34.00
755,-19.598381,0.865361,0.29866684165429036,-0.005166391703693958,-0.06227207,0.18805259783982162,00:12:35.00
756,-21.211622,1.1360364,0.5420077455888912,-0.233088763881759,-0.6980184,0.23871772242790684,00:12:36.00
757,-25.704042,0.33297846,-0.678199921505349,-0.6117059124616648,-0.92449933,-0.6374819269659032,00:12:37.00
758,-28.494263,1.0433047,0.4735146872257992,0.017513292194706053,-1.0548234,0.277586322566812,00:12:38.00
759,-28.881214,1.3034006,0.7248565368432695,-0.004934346403507919,-0.15011989,0.430193763234761,00:12:39.00
760,-33.189613,0.81297606,-0.042084607164981726,-0.2289176028276518,-0.23316483,-0.11228834671479224,00:12:40.00
761,-31.178762,1.3538543,0.6682195887395634,0.014314015376640886,-0.101547964,0.41913992990441223,00:12:41.00
762,-36.438187,0.9587337,0.11713343143377875,-0.10816244494966887,-0.07823889,0.030282185630628247,00:12:42.00
763,-29.054234,1.6754218,1.2601597604545476,0.13668197919799047,-0.45170194,0.8040680188197616,00:12:43.00
764,-36.870388,1.4644198,1.0017037007849652,0.43581522341231943,1.4503335,0.7602740286445399,00:12:44.00
765,-32.887955,1.3226876,0.964981460716992,0.7020254873154066,-2.753514,0.8416656848101525,00:12:45.00
766,-46.47417,0.89043975,0.1924656243314228,0.32126128631814094,0.15051489,0.2090504893912638,00:12:46.00
767,-34.706898,1.266008,0.654716418173085,0.35696918435807734,1.341746,0.5380864292897632,00:12:47.00
768,-34.89888,1.4543984,0.9086743979620785,0.4444031959279174,1.0299258,0.7279452530329368,00:12:48.00
769,-27.424746,1.5668056,1.28017822888827,0.7368790576801497,0.49668086,1.0634484793941414,00:12:49.00
770,-32.556637,1.4871497,1.120448803996362,0.7070988122118552,0.5200792,0.9498464021685021,00:12:50.00
771,-29.269276,1.8421824,1.5600492863235087,0.4818065725184091,-0.27562493,1.1189625901686275,00:12:51.00
772,-37.383835,1.6224674,1.3475551954201748,1.1843580203398438,-1.6871476,1.2744882912281497,00:12:52.00
773,-36.43057,1.3755053,0.9635205874721742,0.8506037923056904,0.95105094,0.9118240418311628,00:12:53.00
774,-39.20414,1.3788315,0.8820497958877493,0.438280341582732,0.13471936,0.6785725371458323,00:12:54.00
775,-37.484577,1.6220893,1.2323106687709524,0.42681294819759175,-0.8191783,0.8835644908660532,00:12:55.00
776,-37.0961,1.4185859,0.9557528513140325,0.44786360507633555,2.9380827,0.7316151660973678,00:12:56.00
777,-29.348604,1.6343986,1.2905310000573942,0.3758650016739646,-1.0533462,0.9160287301286069,00:12:57.00
778,-35.853592,1.4882183,0.9475877651736359,0.15584708545345616,-0.41548577,0.6191728630852688,00:12:58.00
779,-39.044117,1.3536468,0.9801812370488506,0.9281962577193946,0.4708093,0.9406187297697006,00:12:59.00
780,-34.703854,1.3062048,0.8807549755111189,0.5981796453668579,-0.92943555,0.7514019372837558,00:13:00.00
781,-44.276794,1.0328255,0.24700384838541545,-0.10551251169245118,-0.08620295,0.08016521372855753,00:13:01.00
782,-32.437626,1.7155377,1.5839380134801826,1.3065665691906394,0.052430127,1.4670324756828519,00:13:02.00
783,-46.30596,0.56233764,-0.27352020770798435,0.1968365793065888,-2.3672113,-0.11081613812175094,00:13:03.00
784,-47.226044,0.58182967,-0.2648673121096565,0.11450390659071882,-0.9092111,-0.14360427387564464,00:13:04.00
785,-48.97704,0.48493505,-0.4645913840213458,-0.12012705628509225,-1.0437131,-0.3608875453683628,00:13:05.00
786,-49.46246,0.5378993,-0.3784875985828007,0.08545395252384243,-0.18128449,-0.22084484602781995,00:13:06.00
787,-43.20714,1.0039299,0.3490518718327058,0.4491667616611618,3.0848382,0.37175690807634976,00:13:07.00
788,-34.857273,1.4582124,1.258406591683278,1.4125660404743696,-0.27854788,1.3094743612698867,00:13:08.00
789,-33.781967,1.8472149,1.6896645305003761,0.9276433946621955,1.1537993,1.360765121416981,00:13:09.00
790,-35.708668,1.5290123,1.3553900092069986,1.281178968331591,-0.027420215,1.3006697386137147,00:13:10.00
791,-33.005863,1.7020031,1.3465693766322024,0.53604330056216,0.12810734,1.015586194326391,00:13:11.00
792,-37.065857,0.9115166,0.1246401950584818,0.3089143471978067,-1.5072341,0.2101723614105862,00:13:12.00
793,-39.042973,1.2813737,0.7216276484056948,0.29664602694605774,0.588521,0.5297786910389376,00:13:13.00
794,-42.11534,0.7965097,-0.05376170750982955,0.21563322390374565,-3.1083655,0.05394993483842715,00:13:14.00
795,-49.60348,0.61085343,-0.2821162522473194,0.1922145106514653,0.9917808,-0.11461773485710158,00:13:15.00
796,-42.15929,1.2065111,0.7622260144571918,0.9532432022400985,1.7562891,0.8217526617498532,00:13:16.00
797,-28.10341,2.0198877,1.903348396545419,0.8351635730427532,1.2799354,1.4711570840753112,00:13:17.00
798,-37.278194,1.4868263,1.019110679517548,0.573526054496524,-3.464084,0.8310298389242168,00:13:18.00
799,-53.76131,0.55321634,-0.38483328956492463,0.13140165573991588,-2.201243,-0.216285195692554,00:13:19.00
800,-47.02534,0.77179396,0.00678542775067912,0.29322449937092726,3.3127463,0.09196592238902246,00:13:20.00
801,-34.735176,1.3815354,0.8635502878145872,0.4047490026681544,0.873043,0.6766835688927553,00:13:21.00
802,-35.95231,1.2719716,0.5693847274778064,0.26290917173030137,-0.6769295,0.4595741979939525,00:13:22.00
803,-34.96066,1.3680017,0.8012013474478509,0.2839755416619893,2.583722,0.5964087665692556,00:13:23.00
804,-25.542109,1.7962527,1.774732856434116,1.2833174300655186,0.5131772,1.5666024254462065,00:13:24.00
805,-30.044758,1.7168449,1.4331442210813095,0.6432378317774724,-0.5042341,1.1112454146263973,00:13:25.00
806,-38.971985,1.23158,0.6180194739839386,0.2262730287310908,-4.8756676,0.44555916845083576,00:13:26.00
807,-56.556168,0.33595794,-0.7454575861254262,-0.08267735362967446,-1.62285,-0.5167348482717239,00:13:27.00
808,-46.451363,1.1987029,0.47231657000624594,0.06674156864277939,3.0286813,0.2832487577644742,00:13:28.00
809,-35.92141,1.6008514,1.187488234086596,0.29121029011459976,2.668257,0.8023102844019636,00:13:29.00
810,-29.271664,2.0081685,1.9627568365873438,1.1810616160814966,0.10862182,1.6393293859878662,00:13:30.00
811,-38.93626,1.3238434,0.8570232913263213,0.6089003964560015,-1.3950024,0.73681535325955,00:13:31.00
812,-40.398422,1.1810936,0.6465547415136768,0.49927432355804974,0.025643926,0.5625695092806174,00:13:32.00
813,-36.923584,1.6726891,1.2723568392455151,0.48747894993562946,-0.40224236,0.9390839473914167,00:13:33.00
814,-38.91244,1.1779857,0.41976197506415014,0.26863159760188643,-0.08100372,0.36918194082061506,00:13:34.00
815,-40.726845,1.4508225,0.83456151997956,0.32028216088980216,1.6985651,0.6235381706765357,00:13:35.00
816,-31.781034,1.6472205,1.2779052778470996,0.4437446268388125,0.050690267,0.9333195565142811,00:13:36.00
817,-35.06717,1.7655746,1.5369800415884074,0.8298216428581001,0.05431993,1.2296550903432701,00:13:37.00
818,-38.617504,1.4855742,1.1136399589099317,0.6854611608236956,0.052475467,0.9133193347601692,00:13:38.00
819,-36.093014,0.9992247,0.3696806086369509,0.0825773558808313,0.28466126,0.22831231000516625,00:13:39.00
820,-34.763832,1.2108974,0.7128912712071439,0.29400334123512356,0.061541103,0.5201503701748358,00:13:40.00
821,-34.128178,1.305556,0.8627121001435855,0.502715232929165,0.43205824,0.6972404071795567,00:13:41.00
822,-33.25576,1.2497764,0.5970395734134651,-0.1265198464490803,-0.17907614,0.2964675384917899,00:13:42.00
823,-35.88887,0.81826913,-0.047725436299822774,-0.3434215942768869,-0.24623765,-0.179318491382194,00:13:43.00
824,-34.649876,0.9360177,0.12923570095517123,-0.10882351180145121,0.14498954,0.029114924376017103,00:13:44.00
825,-33.853626,1.3894489,1.0166244412495793,0.5519946976798039,-0.41689318,0.8016654017916521,00:13:45.00
826,-35.691998,1.219614,0.6865223790477216,0.23479059496524315,1.1034564,0.47779145163121944,00:13:46.00
827,-30.41847,1.3152759,0.7623376809520579,-0.010285071376341319,0.06774701,0.44319420941483806,00:13:47.00
828,-31.970427,1.4818943,1.0894350695808028,0.3582621885906609,-0.047166154,0.7750276840643363,00:13:48.00
829,-35.49258,1.1511368,0.5373366591210036,0.06329695834708218,-0.6611189,0.3222998799735363,00:13:49.00
830,-34.95022,1.1101894,0.32864459086958786,-0.3135532791673608,0.22470333,0.060124196794316714,00:13:50.00
831,-33.1835,1.2530656,0.6875058184679279,0.09929463772540748,0.5267878,0.4351370765400952,00:13:51.00
832,-34.028755,1.7755551,1.7144612369862426,1.35151883541463,-0.19707726,1.5363145566358976,00:13:52.00
833,-36.22829,0.7986758,-0.039513024011760906,-0.3907722458056271,-0.80174655,-0.20257776758438348,00:13:53.00
834,-37.66046,0.5400921,-0.41678420910054154,-0.5110785327856802,-0.082766466,-0.4761882694920548,00:13:54.00
835,-32.076767,1.3584452,0.8511834525209233,0.1324744573772946,1.5563521,0.5482450752189671,00:13:55.00
836,-32.462574,1.5671337,1.3160571421434004,0.7842589619913277,0.5941598,1.0781334834185237,00:13:56.00
837,-27.869083,1.6722575,1.3618729710105295,0.6315411257705729,-0.09930227,1.0714677693198769,00:13:57.00
838,-33.45654,0.9037519,0.2116772314028943,0.1429258485316531,-0.22929467,0.17877742330777224,00:13:58.00
839,-28.280657,1.5759629,1.2726862441263895,0.5561147642694753,1.5543149,0.9745443412639898,00:13:59.00
840,-27.682793,1.2851396,0.8938648185288076,0.3914324400347722,-0.15046845,0.6803757329013211,00:14:00.00
841,-29.053064,1.0999401,0.5402689801367494,-0.02172908351337242,0.1408338,0.2974280763863776,00:14:01.00
842,-27.467215,0.85655904,0.20750862676250598,-0.17770724702019458,0.4696262,0.0394287819553552,00:14:02.00
843,-25.231495,1.5004876,1.1668844616404603,0.18065443576066006,0.73134804,0.7506660074974683,00:14:03.00
844,-23.985338,0.688521,0.032168386112763195,-0.1465212847060254,0.48309815,-0.04695387907202018,00:14:04.00
845,-22.070303,0.81259775,0.27240133747755985,-0.011057790866583367,0.3987819,0.15124399235628808,00:14:05.00
846,-21.222109,0.75052917,0.12146143701722588,-0.15979633816432706,0.1744557,0.009235975891608308,00:14:06.00
847,-20.95474,0.8169256,0.2620380577905816,-0.058629687451178844,0.06391036,0.12618720086653573,00:14:07.00
848,-21.324677,0.98943436,0.5354430844843736,0.10699396764253141,0.06373498,0.3527493252254697,00:14:08.00
849,-22.247833,1.0618434,0.6632304417913354,0.22231228719786458,-0.4856692,0.46808966791162204,00:14:09.00
850,-25.268759,1.2095716,0.7952506548244389,0.10178278410323868,-0.29376101,0.4942540428180945,00:14:10.00
851,-27.56754,0.9068028,0.36205494035106406,0.07386396984655108,-1.0262332,0.22731769238587682,00:14:11.00
852,-30.980104,0.9484097,0.2812560501431078,-0.10635749554586707,-0.105084784,0.1144612830044173,00:14:12.00
853,-31.407896,1.0657985,0.6923148715863834,0.6090191518575473,-1.3709337,0.6305903683239902,00:14:13.00
854,-37.227943,0.95154715,0.42354416692625646,0.48578792515288494,0.64303356,0.42350804872248105,00:14:14.00
855,-29.174067,1.3309002,1.085393074313598,0.7789947516709476,-0.70954996,0.9410588638095112,00:14:15.00
856,-39.93425,0.67300797,-0.13199307024797904,-0.006924818405012095,-1.6314846,-0.09987556170515612,00:14:16.00
857,-40.87432,0.60138345,-0.34397213009297667,-0.24282677109238363,-0.34008375,-0.3106917162765917,00:14:17.00
858,-39.18254,0.86739695,0.20015342282958623,0.16370488282086346,-0.29022136,0.1594342817860338,00:14:18.00
859,-41.409348,0.7372695,0.039058168247537335,0.8143550332513142,-0.87480944,0.3844297112050402,00:14:19.00
860,-42.16392,0.6153143,-0.32221854776526604,-0.056490212152153184,-0.0043719145,-0.2100296671709047,00:14:20.00
861,-35.164726,1.2413387,0.6489517085859834,0.23404975286084628,2.2654145,0.47562313933543304,00:14:21.00
862,-32.41044,1.434318,1.0005374622087735,0.5229908089325596,-0.6745959,0.8000427553934977,00:14:22.00
863,-39.72898,0.9433276,0.16080069833960814,0.14502453549823183,-2.4545438,0.1497160462036613,00:14:23.00
864,-44.445652,0.5631254,-0.5668833149323678,-0.5896045015441025,-0.038166575,-0.5854754187182744,00:14:24.00
865,-34.818985,1.3851707,0.8085355873289051,0.10589809691641233,3.18266,0.5185229600111761,00:14:25.00
866,-29.494501,1.7308568,1.5240831556338652,0.7938365209149808,0.42084706,1.2195341720883217,00:14:26.00
867,-28.931664,1.7265593,1.3845023318701783,0.4315756392919561,1.049445,0.9962865059661886,00:14:27.00
868,-26.659756,1.8870251,1.6594167470077306,0.5803834231728623,0.63158476,1.2227771196962545,00:14:28.00
869,-28.849731,1.8184937,1.6660065807399853,1.0747388923651144,-0.3061977,1.4318386336571636,00:14:29.00
870,-31.943123,1.8122587,1.6131077387023465,0.8903970422296363,0.09371458,1.3104319450713664,00:14:30.00
871,-30.779512,1.8402747,1.6442867407068447,0.7765706328417679,0.4608039,1.2837066301213973,00:14:31.00
872,-30.967134,1.5088185,1.194577949675983,0.5720263850501607,0.33475563,0.9293424319497401,00:14:32.00
873,-32.06226,1.8159356,1.6068012688849764,0.8022387781904495,0.5274939,1.2673285014634497,00:14:33.00
874,-34.020916,1.229742,0.6192238103407557,0.15805121232120437,0.14845866,0.42709381379142486,00:14:34.00
875,-27.54761,2.1793854,2.0719052603262362,0.7597770863275705,1.5583377,1.5364395994869329,00:14:35.00
876,-25.995476,1.9465231,1.7175278121194117,0.49013453570555077,1.1469264,1.22062210617362,00:14:36.00
877,-26.027489,2.0016453,1.831624272602463,0.6140009436632407,-0.10934927,1.335399964651886,00:14:37.00
878,-32.54654,1.5391359,1.163215360999637,0.5231079732345552,-2.6030457,0.895261401080849,00:14:38.00
879,-44.039604,0.60095525,-0.4839990316680405,-0.48861264050789033,-1.3765563,-0.49427746986532745,00:14:39.00
880,-39.294033,1.0331298,0.2120040300447983,-0.17089317416946662,2.3903656,0.051413213378483834,00:14:40.00
881,-31.162317,1.5117819,1.19728527612384,0.6480667592567534,-1.0265013,0.967820056782146,00:14:41.00
882,-42.739803,0.621294,-0.46162995816116953,-0.5074287445640416,-1.5958015,-0.48523322184410933,00:14:42.00
883,-41.826447,0.6299455,-0.4433953944779723,-0.5150854155678075,-0.2186246,-0.478215035210625,00:14:43.00
884,-41.199852,0.62187004,-0.41232107173027277,-0.40444727766663574,-0.30995548,-0.41402869633022593,00:14:44.00
885,-40.64894,0.6225217,-0.41581192687977436,-0.4136446011564727,-0.36724365,-0.41760963939241685,00:14:45.00
886,-40.352665,0.8120757,-0.03412375973688098,-0.10347320439310918,-0.14757939,-0.07568173223679948,00:14:46.00
887,-40.530117,0.88492423,0.0966392596460049,0.040371090792719194,-0.068027705,0.061456855637826796,00:14:47.00
888,-37.76939,1.2541693,0.6625110439658973,0.17177160608176692,1.4724003,0.44996784429540465,00:14:48.00
889,-30.508814,1.003357,0.43863926507605844,0.0893306847449329,0.09486689,0.2832565693550472,00:14:49.00
890,-34.511425,0.7480387,-0.039728105466799946,-0.08969438538937032,-0.44115975,-0.06550581703165315,00:14:50.00
891,-31.261679,1.166051,0.5683366845444855,0.03311939556669806,-0.18545254,0.3480920654573184,00:14:51.00
892,-38.725544,0.7249474,-0.17234223745116156,-0.1903091488740668,-1.3402417,-0.18520583558314466,00:14:52.00
893,-38.36347,0.65721303,-0.3711597134219054,-0.4781171996849861,-0.16565421,-0.4131243772221528,00:14:53.00
894,-37.29345,0.82711864,-0.012672953519535131,-0.19519766872127498,-0.15855263,-0.0932935840025355,00:14:54.00
895,-37.359947,0.70571876,-0.20071805640563933,-0.2750062907217025,-0.17189103,-0.23556710102863765,00:14:55.00
896,-36.927975,0.85919005,0.12723444833185363,0.08140116689485552,-0.025186408,0.09749723601475767,00:14:56.00
897,-35.777676,1.7876936,1.4334531284661614,0.5170667796865464,0.46776292,1.0526687674518598,00:14:57.00
898,-34.59517,1.1931889,0.6426289262325845,0.24390287862874144,-0.26683637,0.46744804099026077,00:14:58.00
899,-38.019783,0.80930215,-0.04298150661576465,-0.18344609222336997,-0.5108654,-0.10840126072088593,00:14:59.00
900,-36.901268,0.6720528,-0.27973385337159384,-0.3871566630622735,-0.16530177,-0.3280149914502665,00:15:00.00
901,-37.30519,0.68611085,-0.26016152725830943,-0.3493371306010566,-0.51165354,-0.3000131299084694,00:15:01.00
902,-37.525307,0.68431383,-0.2294088407380879,-0.2799487449940744,-0.28306973,-0.2567944672879018,00:15:02.00
903,-37.439346,0.71027136,-0.17667071841958196,-0.24527665384448688,-0.17638856,-0.21207254272107956,00:15:03.00
904,-36.17508,0.7802832,-0.047645158428386486,-0.22170104956774395,0.1485911,-0.1304351670067855,00:15:04.00
905,-34.610344,0.92029446,0.1427539660391821,-0.21284543378145349,0.28296858,-0.009746812139088866,00:15:05.00
906,-32.274883,0.7214504,-0.07313689018299646,-0.12916082099342477,0.11267254,-0.09698736493912963,00:15:06.00
907,-33.828545,0.6930339,-0.14527517492164208,-0.17873779257310937,-0.91387945,-0.16417537279414582,00:15:07.00
908,-35.15196,0.7650528,-0.06141973425938262,-0.1009103903454181,0.13268144,-0.07864050079795747,00:15:08.00
909,-31.868988,0.7581802,-0.020784853437437488,-0.12177618959560352,0.7011838,-0.06421983394616307,00:15:09.00
910,-28.428442,0.79856694,0.09783084601129785,-0.09943680272384062,0.3000592,0.014399685077551938,00:15:10.00
911,-28.357298,0.73648196,0.009218290099167897,-0.1555765952732592,-0.24558052,-0.06330375440394038,00:15:11.00
912,-30.452423,0.87454623,0.17241149950415502,-0.13329377700860928,-0.65932024,0.03712031606845259,00:15:12.00
913,-32.873142,0.84367645,0.08649484629139316,-0.07494003536759643,-0.72805536,0.01731123902738467,00:15:13.00
914,-33.41286,0.8443152,0.0945686342223135,-0.008728259249930329,0.20944676,0.04859048120826997,00:15:14.00
915,-31.065586,0.72657627,-0.031672991477709675,-0.16976398400339252,-0.113956876,-0.10103819317934808,00:15:15.00
916,-32.952217,0.8253979,0.07124664078903882,-0.09767108790580532,-0.93215036,-0.006997983704940642,00:15:16.00
917,-36.366234,0.82497483,0.10605730475681721,0.22497681294635388,-0.67499495,0.14868184955246885,00:15:17.00
918,-36.18867,0.7761031,0.006480815666302788,0.09551305128776848,-0.051218554,0.0384889604734772,00:15:18.00
919,-35.27961,0.8933157,0.19862252010401085,0.21510601167849483,-0.18271829,0.20197671346188806,00:15:19.00
920,-36.22365,0.8068995,0.04830783018103222,0.1273509628116117,-0.48501524,0.07672597224375247,00:15:20.00
921,-37.34935,0.8665319,0.1513039687890936,0.2340838598780084,-0.70204544,0.17894570654509312,00:15:21.00
922,-39.30073,0.72891766,-0.11680282965807225,0.027393173439320507,-0.66537243,-0.06393845465254494,00:15:22.00
923,-39.768993,0.7805646,0.02167581040449594,0.2151212482652035,-0.35812223,0.08986173556336269,00:15:23.00
924,-40.240284,0.6885547,-0.13764843615492542,0.06385503133012692,-0.7649048,-0.06726398756472225,00:15:24.00
925,-42.034206,0.6747604,-0.20949676329695463,-0.03351903581919049,-0.44607523,-0.15043444995732183,00:15:25.00
926,-40.48932,0.6787781,-0.20221590852360186,-0.11657834239378494,-0.07074977,-0.18112950987684961,00:15:26.00
927,-39.60279,0.68659985,-0.1530556085808538,-0.028336575167255663,-0.21305022,-0.11494874495980678,00:15:27.00
928,-39.607506,0.99286216,0.2935355301480647,0.20417272721933696,0.04718633,0.24415436519591405,00:15:28.00
929,-33.981796,1.1692015,0.548736838010212,0.22356539117612106,2.311365,0.41487591082777053,00:15:29.00
930,-30.23172,1.1337094,0.5424689622506828,0.396327435357329,-0.4560645,0.4962488516634485,00:15:30.00
931,-31.822104,1.3301643,0.8537913896539903,0.4157311519701689,0.5096187,0.6740402510561477,00:15:31.00
932,-29.915026,2.0636218,2.1325253072253205,1.7401009616729637,0.6435914,1.9788455436615737,00:15:32.00
933,-31.40993,1.7894803,1.637282569222653,1.1987338756117796,0.2972952,1.453524597739705,00:15:33.00
934,-28.535912,1.3180162,0.9088275493342998,0.7989004678690433,0.057220843,0.8740130434606694,00:15:34.00
935,-33.39122,1.5663114,1.181437402243151,0.5688588849704131,-1.7574894,0.9292665064268314,00:15:35.00
936,-44.680744,0.66226727,-0.2170588043840688,0.015879307454141223,-0.21767685,-0.14305215641831442,00:15:36.00
937,-32.294907,1.438861,1.008255434319914,0.40592364307556744,1.6194702,0.7563881291522581,00:15:37.00
938,-33.422024,1.9305668,1.864983459818369,0.9906521960161756,-0.2720026,1.4860173484052097,00:15:38.00
939,-39.043873,1.147055,0.6767430740025459,0.7757805806519776,-1.0699972,0.701061359718031,00:15:39.00
940,-33.718918,1.5172762,1.1363684649237147,0.49278997913011424,0.8531456,0.8629174765506001,00:15:40.00
941,-42.810402,0.77252847,0.04476059513179982,0.40283297212300306,-1.9943669,0.17153495927382645,00:15:41.00
942,-41.492893,0.9079172,0.20347128408720658,0.17493696412779947,0.121240616,0.16791601894517807,00:15:42.00
943,-41.00473,0.9891343,0.35520041104966044,0.4390309803812862,1.7394642,0.37138138336520826,00:15:43.00
944,-30.94611,1.665588,1.3408738794976178,0.5586632084008237,0.5146768,1.0213363722036002,00:15:44.00
945,-34.36685,1.5038172,1.3048355524150983,1.3302446388469196,-1.1615407,1.3027106206058043,00:15:45.00
946,-41.925488,0.83908224,0.1011429794784873,0.25843388064603534,-1.8617518,0.14831420309383897,00:15:46.00
947,-45.12951,0.6496772,-0.21581271517818854,0.07129520408456125,-0.6165091,-0.12062144201330008,00:15:47.00
948,-44.54526,0.6215361,-0.29781189656956214,-0.017333385367658414,-0.35334203,-0.19430552081147442,00:15:48.00
949,-43.46056,0.64116627,-0.2606754455899914,-0.01976064940617924,1.2200726,-0.1718101015332718,00:15:49.00
950,-31.670887,1.2840685,0.6721687893449867,0.24304695549296754,0.87248355,0.5083732987257185,00:15:50.00
951,-39.1129,0.84441143,0.06775526512854323,0.13319535854981182,-1.7692598,0.08941560994980316,00:15:51.00
952,-40.97056,0.6953249,-0.17363569730262818,-0.009079758628022684,-0.7224845,-0.11520522879098723,00:15:52.00
953,-42.040886,0.68095076,-0.24136288825435526,-0.09139288127228021,-0.53836846,-0.1886757360167134,00:15:53.00
954,-42.37238,0.6671247,-0.3049496780944587,-0.2450446614190325,-0.01125999,-0.2895900718597506,00:15:54.00
955,-38.560585,0.8342987,0.05850408867082132,-0.003202532346705527,-0.4428899,0.02216429836285572,00:15:55.00
956,-43.666935,0.6235603,-0.2897627024902569,-0.1177008749124517,-1.0784639,-0.23804545483300102,00:15:56.00
957,-39.761276,1.0847979,0.478163703920652,0.32866683307043193,1.4887892,0.3977312334092796,00:15:57.00
958,-36.704876,0.93992287,0.17203449409874727,0.21127342282611375,0.09010791,0.1927182011577855,00:15:58.00
959,-36.87908,0.8656664,0.023311509785009607,0.390268008104998,-1.6438286,0.19525649179114513,00:15:59.00
960,-44.621822,0.6573028,-0.45231714846303744,-0.29142984666870847,-1.385794,-0.3840848905705296,00:16:00.00
961,-45.832214,0.6235978,-0.47423567611879563,-0.39185008477016936,-0.36995408,-0.44888007776494865,00:16:01.00
962,-39.313305,0.9993133,0.3230782983921675,0.18099392007780685,1.0513755,0.25046385828572193,00:16:02.00
963,-42.787216,0.6652653,-0.14425387946358809,0.1688461737105196,-0.108949706,-0.03597345756537393,00:16:03.00
964,-33.589867,1.324056,0.8430384994264584,0.7383448412522255,1.5618345,0.8106769600902282,00:16:04.00
965,-31.896343,1.6953807,1.577473771366146,1.4199302693861502,0.63581526,1.507168256016253,00:16:05.00
966,-31.15937,2.0366752,2.3592603969773958,2.604666111511824,0.82865274,2.4456810396487447,00:16:06.00
967,-29.041595,1.8313606,2.0601176156971674,2.2369249057811373,0.9999317,2.1116016415203727,00:16:07.00
968,-32.04222,1.4368298,1.003626403253957,0.5977992466976488,-0.8304621,0.844109342113314,00:16:08.00
969,-31.3086,1.4178791,0.8728449261455795,0.3995996538308292,0.08819559,0.6962203072481296,00:16:09.00
970,-38.14422,0.76114404,-0.06070253748767762,0.09390194624978497,-2.5746126,0.00020267150011084087,00:16:10.00
971,-42.83822,0.71000767,-0.20977346261664342,-0.05643619445402244,-0.8090445,-0.155380873054511,00:16:11.00
972,-43.83849,0.67450696,-0.28020398633139865,-0.09881496242486745,0.60312206,-0.2155167842329304,00:16:12.00
973,-35.651207,1.0673734,0.5328476931095989,0.5618774920374078,-0.10635996,0.5340058461169012,00:16:13.00
974,-42.51322,0.6198462,-0.3285306553703108,-0.20435326018869995,-2.132953,-0.29384788991602345,00:16:14.00
975,-48.021046,0.4657741,-0.8122059614086857,-0.8779214868665149,-1.1239005,-0.8492246190147835,00:16:15.00
976,-47.255943,0.46805745,-0.814986736555086,-0.9236925893461065,-0.78952825,-0.869048602886711,00:16:16.00
977,-48.38879,0.4410543,-0.8615982163664104,-0.9128679984036305,-0.68865085,-0.89264301150259,00:16:17.00
978,-47.58925,0.45997992,-0.8118159055055777,-0.8614148639312881,0.5102737,-0.8417897549720549,00:16:18.00
979,-39.763294,0.9432856,0.27434230671435555,0.34823458815224495,0.62520605,0.2916056818492873,00:16:19.00
980,-40.21232,0.8620602,0.15601827464516982,0.3065295659520931,-0.4306728,0.20294811409621835,00:16:20.00
981,-39.660732,0.97024465,0.34163901783091005,0.5294587430192633,0.78074664,0.4077504927975541,00:16:21.00
982,-38.051834,0.9082575,0.2810609603493306,0.46637964389561704,-1.4320592,0.3449301566244854,00:16:22.00
983,-42.45659,0.71712935,-0.09528179488239256,0.14159548473660913,-0.8338534,-0.01622191670342177,00:16:23.00
984,-43.216236,0.7425422,-0.07746556729227211,0.1336626836121936,0.12865658,-0.00847471655109904,00:16:24.00
985,-34.305504,1.2583771,0.9652357140558172,1.3950706743414056,2.6330757,1.1387340033006155,00:16:25.00
986,-32.515358,1.4410506,1.059856887572658,0.5735378103301713,-1.5899138,0.8523396618214032,00:16:26.00
987,-43.33712,0.7031551,-0.10251026265784201,0.25044191986283926,-1.9994003,0.024165854442411164,00:16:27.00
988,-44.306858,0.6483377,-0.24306045317687608,-0.03589508977545139,-0.7268428,-0.18008820692288066,00:16:28.00
989,-44.82897,0.7823033,-0.023640586869791893,0.18782855311790858,-0.4811574,0.042830274039460436,00:16:29.00
990,-45.285896,0.6526659,-0.2371583222408257,0.03738603973518966,-0.48162106,-0.14535516160672704,00:16:30.00
991,-44.596478,0.6356634,-0.33909959122019023,-0.22287838926621617,-0.79721993,-0.30802156857703744,00:16:31.00
992,-47.48276,0.46262866,-0.7055743096477357,-0.659645158310311,-1.0305263,-0.7057239725594463,00:16:32.00
993,-47.615055,0.4507845,-0.8146765680898458,-0.8887052964519415,-0.8420895,-0.8580162483320845,00:16:33.00
994,-47.985767,0.45078897,-0.8298323052507782,-0.8862993453580329,-0.5412969,-0.8632850742396235,00:16:34.00
995,-47.493916,0.46236494,-0.8103441024848097,-0.8854481604364243,0.9221006,-0.851097249458497,00:16:35.00
996,-35.37212,1.6541088,1.2406668204216615,0.45783580398108115,1.6823963,0.9174814750802366,00:16:36.00
997,-37.581448,1.0888952,0.4106485985893762,0.05506224932876034,-0.6495921,0.2511700469814525,00:16:37.00
998,-39.93342,1.0597918,0.275136985811365,-0.12625290259174707,-1.3019102,0.10023901320713843,00:16:38.00
999,-42.821274,1.0081879,0.14105606829999734,-0.2684722832311247,0.6902232,-0.03767233126732761,00:16:39.00
1000,-36.40248,1.584347,1.0457764977438004,0.06401585659695777,0.076047376,0.6366071282758923,00:16:40.00
1001,-40.81609,0.76949435,0.05876681304776938,0.28764278044168495,0.6438339,0.12931962938386474,00:16:41.00
1002,-33.02593,1.3427876,1.0242253163814354,0.9987157700254642,0.5989964,1.0120739864184776,00:16:42.00
1003,-35.050297,1.451295,1.1307683787231966,0.8741184424178038,0.14639196,1.0140648029461543,00:16:43.00
1004,-31.739462,1.757963,1.6409466948382765,1.1394251758658531,0.16273627,1.4248531118871919,00:16:44.00
1005,-37.67402,1.4295268,1.0775096471716312,0.832898939590609,-1.0266595,0.9562298799429131,00:16:45.00
1006,-40.212196,0.8515098,0.10231842049368776,0.10836547430396834,-0.737074,0.08817647908939298,00:16:46.00
1007,-40.439816,0.9147917,0.14670283036177617,0.05804138713844113,0.88196343,0.09907959322837386,00:16:47.00
1008,-34.158146,1.7279544,1.487656003197683,0.8753857896791708,0.35872027,1.2260267798573528,00:16:48.00
1009,-39.109325,1.0953602,0.4220852630893847,0.1226056526760927,-1.4221487,0.288188288861557,00:16:49.00
1010,-42.402092,0.6167422,-0.46676738081464875,-0.4274175375737028,-0.6182111,-0.45063331018943975,00:16:50.00
1011,-41.814526,0.63618255,-0.3225913678034209,-0.16031591397776446,0.2737522,-0.26204432086232704,00:16:51.00
1012,-38.78786,1.2054048,0.5900310423367855,0.20834577623977468,0.42927408,0.4214026611534769,00:16:52.00
1013,-35.050224,1.6400346,1.1448699043770263,0.10178456830481719,0.22585987,0.7152998562333749,00:16:53.00
1014,-37.735485,1.1898141,0.8293086771615586,1.3276557423347268,0.2031805,1.0248343950084808,00:16:54.00
1015,-35.9349,1.3797357,1.1935408823019695,1.4369127942569817,3.3021944,1.2648860695970587,00:16:55.00
1016,-12.961179,1.1708457,0.8047573097984544,0.07279220377259853,3.5784097,0.5143191441935233,00:16:56.00
1017,-11.6682415,0.5672889,-0.17908025110213704,-0.4093686632097815,0.3341024,-0.24806422335262476,00:16:57.00
1018,-11.301601,0.5924057,-0.14566680720485264,-0.41212534063871337,-0.04559565,-0.22907343366905872,00:16:58.00
1019,-12.190697,0.5336473,-0.23463485718013466,-0.43112469661082714,-0.15816036,-0.2904647091282667,00:16:59.00
1020,-14.407633,0.5917567,-0.2000704378341107,-0.48230722728946246,-0.4182228,-0.2931628380932193,00:17:00.00
1021,-14.969683,0.6032166,-0.18630482666892978,-0.4787850148713529,-0.4378061,-0.2844111484402768,00:17:01.00
1022,-17.3724,0.60222566,-0.1845254759184444,-0.4461654443560879,-0.45126298,-0.2721415952748466,00:17:02.00
1023,-20.561687,0.569926,-0.26247710547350106,-0.47148852627158444,-0.85402673,-0.33177304756428433,00:17:03.00
1024,-21.802588,0.62409216,-0.09500917453525268,-0.2627966294458863,-0.30531585,-0.15305014817268134,00:17:04.00
1025,-23.393332,0.5392627,-0.2768561269020001,-0.39256954874813926,-0.30110994,-0.3149164803853093,00:17:05.00
1026,-21.996597,0.93526495,0.3006668136196063,-0.20298561737487913,0.36778012,0.10553955203700982,00:17:06.00
1027,-23.27577,0.87605524,0.3789183897364892,0.29592926429703836,-0.44023886,0.33974684496531543,00:17:07.00
1028,-24.113369,0.53976417,-0.3866510726254519,-0.6017508534449016,-0.44425693,-0.461227795572336,00:17:08.00
1029,-25.470633,0.53801614,-0.43295510087948674,-0.6693009476323843,-0.07072515,-0.5178765237601716,00:17:09.00
1030,-24.575665,0.53773916,-0.4208274372504651,-0.6622154613182412,-0.17164622,-0.5075267640503591,00:17:10.00
1031,-25.281275,0.8942464,0.17570883992503233,-0.30464379316460766,-0.097028226,-0.01507548763731408,00:17:11.00
1032,-24.135777,0.56244314,-0.33263185330329215,-0.5631985602278544,-0.020915765,-0.4162467324426263,00:17:12.00
1033,-24.86213,0.60170937,-0.2540929100268214,-0.5009203663820152,-0.3118698,-0.3469399305867865,00:17:13.00
1034,-25.793364,0.55651885,-0.3676017902380874,-0.5864344919610162,-0.1363083,-0.4476621508891331,00:17:14.00
1035,-26.08058,0.8996035,0.17869354185739697,-0.29473525419613783,-0.47896603,-0.010741924509566299,00:17:15.00
1036,-27.310308,0.66145074,-0.20202476107752984,-0.48438990563737205,-0.19893245,-0.3131317437238636,00:17:16.00
1037,-26.785936,1.2534293,0.6734395573409994,-0.1223219713699503,0.49020913,0.3517597629294554,00:17:17.00
1038,-27.134249,1.5025129,1.1110258793200223,0.19395501377872115,-0.0873681,0.7321663533814967,00:17:18.00
1039,-27.910902,0.60808796,-0.34649770990928724,-0.6382398366635803,-0.28511298,-0.45866342953744693,00:17:19.00
1040,-28.881887,0.60738796,-0.3705485968593163,-0.6472482168045169,0.14792198,-0.47463843153741997,00:17:20.00
1041,-24.465462,0.66497916,-0.24534964214526125,-0.582441358789542,0.92183954,-0.3687356975780052,00:17:21.00
1042,-22.308495,0.61862254,-0.2562436308273375,-0.4853095699635695,-0.022436533,-0.3323664864160817,00:17:22.00
1043,-22.663616,0.8703626,0.12459343652958413,-0.366152073883785,0.14963318,-0.06186535977274867,00:17:23.00
1044,-23.448475,0.96638614,0.26776292784773026,-0.3131371339860742,-0.04299752,0.037485517004721865,00:17:24.00
1045,-22.974977,0.61780304,-0.26449468770720114,-0.5169690018496133,0.31281722,-0.3526983581972798,00:17:25.00
1046,-19.918686,0.59975535,-0.2514508630812316,-0.4762490009117105,0.5536151,-0.3242311144730379,00:17:26.00
1047,-19.07245,0.6490376,-0.17797319903799966,-0.4552435285418808,0.18040241,-0.2710490989557027,00:17:27.00
1048,-18.019722,0.6164357,-0.177205937704232,-0.395461789413886,0.27140474,-0.24592416960489413,00:17:28.00
1049,-17.865467,0.6966628,-0.08865287334749375,-0.4187009847315276,-0.04966839,-0.20282293472272628,00:17:29.00
1050,-18.301332,0.6944919,-0.11217478199058473,-0.4543414474458079,0.3500645,-0.23242115584370746,00:17:30.00
1051,-16.017143,0.8297675,0.19086726025363326,-0.22013740983689295,0.3311709,0.03894214453294005,00:17:31.00
1052,-17.096752,0.70694405,-0.04264207654437131,-0.3380567878564165,0.050102256,-0.1437065199335045,00:17:32.00
1053,-15.756696,0.75347483,0.02152166918709239,-0.3747223463406213,0.31622136,-0.1205802339841472,00:17:33.00
1054,-15.458546,0.71962017,-0.01992805177914797,-0.35678884424137874,0.2153594,-0.13686156322090356,00:17:34.00
1055,-16.010305,0.6390633,-0.1420025870852463,-0.4080548004218856,0.024895417,-0.23081534278241708,00:17:35.00
1056,-16.526915,0.70528454,-0.0633444605659452,-0.4010779736036899,-0.27296904,-0.18209085811008882,00:17:36.00
1057,-17.368069,0.75271857,-0.0036986548799777,-0.353288734180278,-0.60620666,-0.12676888967791042,00:17:37.00
1058,-22.379068,0.58370763,-0.3149539483375965,-0.48850145621435104,-1.3874,-0.3698457851831653,00:17:38.00
1059,-24.114548,0.7483557,-0.13357177037621018,-0.5098585867780802,0.84700596,-0.269894683505759,00:17:39.00
1060,-21.187037,0.56161267,-0.3275631496262995,-0.49797467581606303,-0.3268204,-0.38150869158087863,00:17:40.00
1061,-22.013025,0.6660049,-0.18844786514230502,-0.47935426125516795,0.10215645,-0.29100997269778817,00:17:41.00
1062,-22.450743,1.5069028,1.2590513365314886,0.5676690123071036,0.12247832,0.9806032745556106,00:17:42.00
1063,-24.579287,1.5434097,1.3953405403412158,0.9684742645720901,-0.66222656,1.218644962426874,00:17:43.00
1064,-28.558758,1.2031037,0.8494941112668509,0.751984873867306,-0.6648724,0.8035718078757736,00:17:44.00
1065,-30.552229,0.90633357,0.2018018815286636,-0.1549272727160412,0.5181114,0.05509016334664669,00:17:45.00
1066,-27.35854,1.5487359,1.38836796654265,0.9945069235573663,0.21877961,1.2202211569076156,00:17:46.00
1067,-29.583246,1.3588846,0.9597361213581831,0.3221130104216275,-0.6141219,0.6895446439246729,00:17:47.00
1068,-32.6925,0.4833431,-0.4967274673598176,-0.5035880033686031,-0.8698837,-0.49565377136364064,00:17:48.00
1069,-34.299587,0.32473916,-0.7864640165227302,-0.6391271960600261,-0.44456673,-0.7195696257477424,00:17:49.00
1070,-32.879562,0.35414958,-0.7413647956135162,-0.6524794546968335,-0.27483255,-0.6962709011456123,00:17:50.00
1071,-33.131584,0.53500855,-0.3908675188280949,-0.3755482499314049,-0.21224372,-0.3833382905509113,00:17:51.00
1072,-33.09844,1.1076549,0.5151281148951193,0.13484884581338039,0.13989913,0.35547031594107187,00:17:52.00
1073,-27.697166,1.2640043,0.8140041461471584,0.3361319061590707,1.057806,0.6178468004740146,00:17:53.00
1074,-32.33124,0.7125115,-0.0805186536386886,-0.027151023416660782,-1.1766374,-0.05715660993688025,00:17:54.00
1075,-30.042278,1.0373484,0.38662419535259523,-0.06973440851012454,0.75691754,0.2020444154002793,00:17:55.00
1076,-29.669636,1.5792924,1.1820491258709445,0.3239315923044876,0.33712968,0.8292485026630302,00:17:56.00
1077,-30.286247,1.6346687,1.413512124725142,0.9600062964194858,0.17110112,1.2219151979836977,00:17:57.00
1078,-30.535208,1.4190546,0.9284085398466513,0.16352333805387992,-0.058674753,0.6121919474595816,00:17:58.00
1079,-30.642925,1.2636263,0.8474499328229548,0.5719580836465301,0.13508843,0.7312153783984868,00:17:59.00
1080,-30.629332,0.74579036,-0.0932093839901266,-0.26920986572750494,0.5909441,-0.15720314197853696,00:18:00.00
1081,-28.089367,1.3015516,0.8614873977816766,0.35226456937537337,0.13314156,0.6520140655209319,00:18:01.00
1082,-27.913063,0.5649981,-0.370970653961777,-0.45253539175202073,0.2675592,-0.39361435807868767,00:18:02.00
1083,-27.085718,1.121358,0.5939655441550208,0.22363661109817237,0.10786075,0.44367014146229383,00:18:03.00
1084,-24.890703,1.1751145,0.63657006180851,0.039291817033800754,1.0378242,0.39495095411108816,00:18:04.00
1085,-22.87687,1.3817734,0.9259455725584229,-0.012881880379539294,0.30019334,0.5462559577274659,00:18:05.00
1086,-24.309937,0.6123851,-0.29835026311519497,-0.5704696155578598,-0.22396243,-0.39620323747045866,00:18:06.00
1087,-24.167347,0.6408993,-0.27202169305310364,-0.5774811087252418,-0.094314754,-0.3822406242891726,00:18:07.00
1088,-24.309303,0.6285491,-0.29263731596402776,-0.6013717458803519,-0.098918036,-0.405472889841189,00:18:08.00
1089,-24.44205,0.65931886,-0.2564660065347743,-0.6080860402481072,-0.22228342,-0.38699435013823547,00:18:09.00
1090,-24.931816,0.62442875,-0.308375836068057,-0.6129653696996339,-0.23707375,-0.4200569955645856,00:18:10.00
1091,-25.288055,0.6472533,-0.2841357350875268,-0.5978164546308686,-0.07021234,-0.39820307611507133,00:18:11.00
1092,-25.082218,0.6366815,-0.28552446245418256,-0.581678660815406,-0.08399518,-0.3936037475328362,00:18:12.00
1093,-24.367897,0.6674511,-0.23656117350656067,-0.565700462831021,0.005223899,-0.3568327006912661,00:18:13.00
1094,-24.65321,0.6218847,-0.3061044254066903,-0.5999706331007196,-0.08378871,-0.4133993862047469,00:18:14.00
1095,-24.227922,0.5934619,-0.33944929383971123,-0.605977009152701,-0.20015799,-0.4347182346994081,00:18:15.00
1096,-24.88756,0.60380054,-0.3179935668330506,-0.560104098177259,-0.3421367,-0.4034157181379752,00:18:16.00
1097,-25.791214,0.6472463,-0.2738686637610325,-0.5553284004202492,-0.31028605,-0.37482334927374156,00:18:17.00
1098,-26.646587,0.56954914,-0.3984558748119573,-0.6280948394930297,-0.20756234,-0.481163291802394,00:18:18.00
1099,-26.313557,0.60064507,-0.35947052738694435,-0.6415501582437524,-0.13361885,-0.46465807117992525,00:18:19.00
1100,-26.135492,0.5773969,-0.377831411416423,-0.599877646547346,-0.018916715,-0.4570811161050293,00:18:20.00
1101,-25.366558,0.6152707,-0.31774015880844336,-0.5931783108555784,-0.17650805,-0.41813032854476156,00:18:21.00
1102,-25.607916,0.60839266,-0.3244702419455212,-0.5799869504146142,-0.18120469,-0.416651879733458,00:18:22.00
1103,-25.875141,0.6196883,-0.3225262039819377,-0.617255762914376,-0.272072,-0.4310222763654515,00:18:23.00
1104,-27.001373,0.59343463,-0.3647207068869681,-0.6288654198997701,-0.33245534,-0.46211559020342985,00:18:24.00
1105,-26.868013,0.78390867,-0.015113948846518415,-0.3984856541920934,0.09764697,-0.16365192506439347,00:18:25.00
1106,-26.465525,0.7493816,-0.015253261307516707,-0.3155893866284917,0.096776284,-0.13184511675818186,00:18:26.00
1107,-23.840645,1.2475238,0.7439367126859446,0.03509428906445503,0.5999498,0.46261674160574373,00:18:27.00
1108,-24.979109,1.3222525,1.0252994918362819,0.5311360922195217,0.1533203,0.8129243594838452,00:18:28.00
1109,-25.014097,0.7566585,0.001381024418440189,-0.34103919165601637,0.06760298,-0.1329288116421998,00:18:29.00
1110,-24.061123,1.442478,1.2741417421868457,0.8346886329793795,0.14986843,1.082458026311121,00:18:30.00
1111,-26.852785,0.68427104,-0.13694479184660907,-0.39903816170264966,-0.22270134,-0.23707683189005901,00:18:31.00
1112,-25.844204,1.2698616,0.8207290196480546,0.1988851182886912,-0.37025645,0.564186482239959,00:18:32.00
1113,-28.868994,0.569114,-0.39492021972190783,-0.6093315090217484,-0.4193328,-0.4746888168147514,00:18:33.00
1114,-28.885668,0.5739473,-0.4284177452127383,-0.6881181679155577,0.089673035,-0.5264946874433245,00:18:34.00
1115,-26.330257,1.0024102,0.5239381799890039,0.14622489797271318,0.47484195,0.35928074406641036,00:18:35.00
1116,-25.91362,0.8360718,0.26992874223034513,0.0142807313224626,-0.16960062,0.15843389377103198,00:18:36.00
1117,-26.66373,0.79894143,0.044477956257007706,-0.3113157524951521,-0.24661721,-0.09951656655161768,00:18:37.00
1118,-27.430437,0.8439238,0.08294097254116481,-0.28246983838795836,-0.035937726,-0.06212502226249154,00:18:38.00
1119,-26.979172,0.98541427,0.6146727729105999,0.4968770981274059,0.1966638,0.5501358295644031,00:18:39.00
1120,-26.669434,0.88963574,0.3325827972402954,0.14233280141437127,0.07427379,0.2502285765524182,00:18:40.00
1121,-25.5078,1.3052328,1.1399735150589034,0.9002865541900832,1.245019,1.0298126823963314,00:18:41.00
1122,-20.133692,1.738116,1.7177486631075376,1.013948085855744,0.6931007,1.4348625109147888,00:18:42.00
1123,-23.846678,1.2601584,1.1393635032198774,0.974079772229117,0.11542278,1.0572275179787833,00:18:43.00
1124,-22.57895,1.3286952,1.0696861492513585,0.5371564414495669,0.37330648,0.8469260870983946,00:18:44.00
1125,-22.689991,1.1932484,1.095395812196131,0.9917447794783524,0.28719932,1.03540101106742,00:18:45.00
1126,-22.381426,1.1366096,0.736984068068588,0.2657386538152266,0.880225,0.5419750999988093,00:18:46.00
1127,-19.355833,1.5735946,1.6194984325891622,1.1529315986972097,1.9840773,1.4209164729930552,00:18:47.00
1128,-8.178651,1.105386,0.8697217453662145,0.3114851675736813,2.1012897,0.6562143662078621,00:18:48.00
1129,-9.688375,1.0349904,0.8152798704550935,0.4355606283599281,-0.2095941,0.6690232173344118,00:18:49.00
1130,-11.824931,0.96054673,0.6281053345267082,0.2915421478967165,-0.0015177064,0.5028664568315602,00:18:50.00
1131,-13.133408,1.2011513,0.9045228754254075,0.2590966668648599,0.40843302,0.6520115959082751,00:18:51.00
1132,-11.885058,1.1533017,0.9335137368269226,0.45701249774558655,0.35381076,0.7520846646181206,00:18:52.00
1133,-13.323946,0.7590959,0.2753591635447997,0.09885362506348847,0.14671288,0.2183206583135136,00:18:53.00
1134,-12.155347,1.1162044,0.7435112217170543,0.11312034960008771,0.338819,0.5033512392748187,00:18:54.00
1135,-14.228469,0.98727363,0.6852860276023073,0.39210270037629813,0.25790814,0.5717692035327988,00:18:55.00
1136,-12.828299,0.91214716,0.3195842134874678,-0.2410477077069577,0.60615414,0.11520847686955854,00:18:56.00
1137,-11.885195,1.0680807,0.9314078331015381,0.6761963486327425,0.036189646,0.8302619689255805,00:18:57.00
1138,-14.973208,0.8241774,0.2783280650806544,-0.010768501921688333,-0.83146,0.17802436022861548,00:18:58.00
1139,-19.121674,0.7359524,0.17931518628522902,0.06312275187376527,-0.3645023,0.13562590284687578,00:18:59.00
1140,-19.268923,0.7622458,0.11797712148429187,-0.0855723003980692,-0.08583663,0.04894583105826475,00:19:00.00
1141,-19.709553,0.6457979,-0.09805198134261726,-0.2322149625536362,0.05470505,-0.13744158024039788,00:19:01.00
1142,-19.43782,0.75532854,0.05453460708918306,-0.17209377527291858,-0.105964884,-0.02135631991811766,00:19:02.00
1143,-20.450819,0.71425104,-0.04737131512776798,-0.2810800230085812,0.40114382,-0.1274536093995356,00:19:03.00
1144,-16.997423,0.79281354,0.0865350057993792,-0.277506440136821,0.4487049,-0.04060142299973991,00:19:04.00
1145,-17.651129,0.7930792,0.07534493209872745,-0.27948882735758046,0.19458525,-0.04708212970283907,00:19:05.00
1146,-17.466034,0.80099016,0.09889305984676658,-0.24493617212141255,0.08385391,-0.019607745409876327,00:19:06.00
1147,-17.412785,0.79872787,0.08870416338597348,-0.2574207476376849,0.08645563,-0.02891440830533183,00:19:07.00
1148,-16.813229,0.74627924,0.024518391883880275,-0.3013536578454241,0.4599601,-0.08667183661901753,00:19:08.00
1149,-15.228522,0.82936513,0.16022705255432765,-0.25820270382042215,0.36969087,0.013723222372929793,00:19:09.00
1150,-15.281104,0.78817624,0.10671414278425687,-0.2583859137740175,0.14929484,-0.017553128172920877,00:19:10.00
1151,-16.698362,0.774795,0.09009259521003267,-0.2186405944743717,0.27099243,-0.014720616979372256,00:19:11.00
1152,-13.926226,0.7845615,0.1085593152605445,-0.2906938942224253,0.46328044,-0.027381808900253206,00:19:12.00
1153,-11.978743,0.873331,0.3372319972777085,-0.08728468421372385,0.63909,0.18814840354256843,00:19:13.00
1154,-14.990546,0.71796036,0.058324538485601984,-0.1961460281421543,-0.22720687,-0.022442781733940497,00:19:14.00
1155,-12.167099,0.82072663,0.20985666866642722,-0.20528204613003093,1.154633,0.06759599073543719,00:19:15.00
1156,-9.778532,0.7807566,0.18612349725356675,-0.21380908356934672,0.8113389,0.05183610598155352,00:19:16.00
1157,-7.444566,0.7459524,0.1449126119956209,-0.2522011251237412,-0.111193255,0.015421690371262835,00:19:17.00
1158,-12.754383,0.82160205,0.1930305399253053,-0.24638381433829826,-0.90453,0.042248628636861046,00:19:18.00
1159,-15.132821,0.8145227,0.143879593760845,-0.28373507059051345,-0.19391511,-0.004760128428238585,00:19:19.00
1160,-16.341265,0.8723123,0.19575054989967322,-0.3066438271880668,0.060578883,0.01603519504362769,00:19:20.00
1161,-16.549778,0.8336492,0.16442943070121577,-0.27733700204499984,0.047660805,0.007502253502094946,00:19:21.00
1162,-16.851612,0.86139226,0.24298608353055162,-0.18082872735079708,0.26195508,0.09026759932704174,00:19:22.00
1163,-16.678335,1.0499188,0.552389979351419,-0.046875340560930547,0.19560814,0.3221556194277401,00:19:23.00
1164,-17.18218,1.5543351,1.2856685746054306,0.180186269797379,0.23496297,0.8434274095059247,00:19:24.00
1165,-18.778774,1.2421268,0.7817230669805402,-0.06772431361125884,0.18089136,0.44795632441822725,00:19:25.00
1166,-19.13131,1.3403909,0.9507751554048891,0.05213588740353315,0.3130461,0.593859355670205,00:19:26.00
1167,-19.610657,1.3118832,0.855426292733405,-0.0798508167847286,-0.05254617,0.4843330238565165,00:19:27.00
1168,-21.411892,0.7666016,0.05764923921473773,-0.2913093054904064,-0.15073769,-0.0683229618617604,00:19:28.00
1169,-22.02112,0.79676324,0.0615558564836437,-0.3639855358203342,-0.088443376,-0.09714998080807745,00:19:29.00
1170,-22.038836,1.2101474,0.814858920423396,0.13088588749550412,0.38582623,0.5365413665196888,00:19:30.00
1171,-21.484713,1.2432556,0.8914646186401447,0.18365170672901404,0.2887871,0.5984257611061565,00:19:31.00
1172,-22.201336,1.1603374,0.760500228354276,0.1631382551453445,-0.09968469,0.5117538539983804,00:19:32.00
1173,-23.358572,0.9491697,0.28175968979113547,-0.27021758794449136,0.12480972,0.06635067801971416,00:19:33.00
1174,-22.773306,1.4622163,1.2381047726524992,0.43153286166454224,0.2609833,0.8969209571769874,00:19:34.00
1175,-23.743887,1.2834129,1.0857202646411386,0.6374153065416198,0.3321231,0.8843667284880585,00:19:35.00
1176,-23.35572,1.0370326,0.6305018194148206,0.26103497209537435,-0.05344628,0.47193372776115944,00:19:36.00
1177,-24.734339,1.3621703,1.228543589572955,0.758404712776486,0.110132605,1.0073560993294142,00:19:37.00
1178,-24.989363,0.9803699,0.3894735093024092,-0.0493902048158001,0.04717712,0.20857754566210607,00:19:38.00
1179,-24.810623,0.87313104,0.07499361647112414,-0.49254881065792017,-0.13636321,-0.14652671205413403,00:19:39.00
1180,-26.369781,0.88852125,0.08149399733152837,-0.4992689869605757,0.05080548,-0.14766759074871535,00:19:40.00
1181,-24.724371,0.8065188,0.04470732465637979,-0.4065636797391084,-0.022464797,-0.13219457554757824,00:19:41.00
1182,-25.861792,0.8146626,-0.007613343300178408,-0.49914845583999645,-0.015207116,-0.20113683365870774,00:19:42.00
1183,-25.790354,1.1089655,0.40523424677536923,-0.4075803880452993,-0.08355906,0.08220133769300934,00:19:43.00
1184,-26.624664,0.82002753,-0.052384937100127975,-0.5889251663831421,-0.18402077,-0.2599736033939247,00:19:44.00
1185,-27.372036,0.9448504,0.24930570645463826,-0.2782628038927525,-0.20224494,0.035326339915473445,00:19:45.00
1186,-28.232998,0.6273784,-0.31147560594726753,-0.6191986934434532,-0.41003454,-0.4270149416962706,00:19:46.00
1187,-29.286924,0.56251866,-0.4261286939467935,-0.6732245460194282,-0.46111137,-0.5175155033522547,00:19:47.00
1188,-28.261497,0.6034774,-0.397654681598114,-0.7315864772466031,0.638847,-0.5221510782412491,00:19:48.00
1189,-24.236628,0.75491446,-0.1039889331044332,-0.5473956060470364,1.1484822,-0.26909237096043565,00:19:49.00
1190,-19.438305,0.8892337,0.1498198549750584,-0.412019474342506,0.5645418,-0.05704888961773337,00:19:50.00
1191,-22.004662,1.0061249,0.43327666490574585,-0.08348126251013933,-0.3842603,0.23003689411619735,00:19:51.00
1192,-20.808924,0.71617323,-0.08185759447881001,-0.3903443008856769,0.41040882,-0.1896552737462364,00:19:52.00
1193,-21.26266,0.6977103,-0.11013279386450293,-0.4465902048700423,-0.4978702,-0.23226225062280095,00:19:53.00
1194,-23.200798,0.71521336,-0.1651411940822838,-0.5714701124528356,-0.29614627,-0.3151531879775518,00:19:54.00
1195,-23.59605,0.5960128,-0.3089419009008453,-0.5038849931961976,-0.7155004,-0.37036648278477724,00:19:55.00
1196,-28.183352,0.5830478,-0.26305682654250373,-0.37764730814656894,-1.2872025,-0.3042198608811194,00:19:56.00
1197,-31.097801,0.60763276,-0.23191588263998245,-0.3691004905718786,-0.1137141,-0.2914910652002575,00:19:57.00
1198,-27.216482,0.8209654,0.012734573540669302,-0.4059722882994871,0.78951627,-0.1498359887880021,00:19:58.00
1199,-25.246065,0.6520684,-0.2389782434165441,-0.43739585037472256,-0.103795715,-0.3039903265175694,00:19:59.00
1200,-27.783855,0.9196348,0.15443994689530605,-0.30032295891414273,-0.6699795,-0.022778452476134938,00:20:00.00
1201,-28.128859,1.001015,0.30268942167800506,-0.20446029428129178,0.5198226,0.09955040400419057,00:20:01.00
1202,-25.435621,1.0118088,0.38276572057478037,-0.13352854579749057,0.8578092,0.17853517347645032,00:20:02.00
1203,-22.580809,0.82629687,0.15524190411654565,-0.12551535378514841,0.2641987,0.051020170866752035,00:20:03.00
1204,-23.80696,1.1340806,0.7104072043048232,0.18168457881051595,0.22114071,0.4855061295897462,00:20:04.00
1205,-21.85202,0.99474967,0.35122202618857934,-0.2461137968935684,0.4713397,0.11887694654969037,00:20:05.00
1206,-20.989447,0.8011622,0.060305282825608104,-0.33218736623578354,0.18532489,-0.08438882857777595,00:20:06.00
1207,-21.765802,0.86420137,0.15692151023203965,-0.22978347716421352,-0.3900204,0.013773740770165507,00:20:07.00
1208,-24.427437,0.79907626,-0.07980551201918887,-0.5579248285923692,-0.20185365,-0.2582739620699171,00:20:08.00
1209,-23.03205,0.6868953,-0.1784558353440604,-0.4761206638385533,0.21868218,-0.28420241814459374,00:20:09.00
1210,-22.372496,0.97110623,0.4270678537831091,0.09582173487088463,0.56500876,0.29924750336152117,00:20:10.00
1211,-19.968473,1.0842037,0.7652999392231715,0.5249742518103381,0.60096556,0.6694868587919292,00:20:11.00
1212,-19.883286,0.9220189,0.5927331766202988,0.6278838279239902,0.9121637,0.6061025754593151,00:20:12.00
1213,-15.268157,1.5124378,1.6288090110619113,1.2400808873214901,0.72272086,1.4604796152264021,00:20:13.00
1214,-16.706478,1.2742494,1.4242037194144646,1.745345805765821,0.22349165,1.5452343642169526,00:20:14.00
1215,-17.064266,1.159851,1.1780273574743416,1.5735690567506633,-0.028348032,1.3383160766645894,00:20:15.00
1216,-19.474213,1.102879,1.056888355618314,1.2690681835029791,0.58556217,1.1298450783238487,00:20:16.00
1217,-13.281366,1.1325498,1.1938989731740695,1.2611924853553482,2.3230636,1.208503023066515,00:20:17.00
1218,-8.621842,1.000556,0.9782446614493344,0.8551464057544689,0.5216724,0.9188041246850969,00:20:18.00
1219,-11.503957,1.0175327,0.9995804880380923,1.0225920100179073,-0.45670128,1.0005909450865524,00:20:19.00
1220,-12.918212,0.99433064,0.9719181716902676,1.1469818962565794,0.2023043,1.0387828410515683,00:20:20.00
1221,-14.446482,1.0353336,1.0490946234466194,1.257999253240198,-0.28848374,1.1242323280627882,00:20:21.00
1222,-16.28454,1.0722997,1.0792638698255452,1.2950767847300686,0.10822821,1.1562767595125594,00:20:22.00
1223,-16.543377,1.127872,1.1563439005290408,1.3601190694429606,0.18805808,1.2301397116672768,00:20:23.00
1224,-17.780525,1.050014,1.0625257670158448,1.4221963975404217,0.039438885,1.1972084148163307,00:20:24.00
1225,-17.998558,1.0508078,1.0795822132772317,1.505872610859678,0.17519355,1.2424582720538013,00:20:25.00
1226,-17.234064,1.3480065,1.3987575520257627,1.3263324449985143,0.82769066,1.3634307639847867,00:20:26.00
1227,-18.232908,0.8248647,0.6724046228345707,1.1490411347067584,-0.88253874,0.8591929876134644,00:20:27.00
1228,-20.78112,1.0630214,0.8033375112264824,0.7730700348999394,1.1830016,0.7896139667713169,00:20:28.00
1229,-12.897618,1.1798652,1.284859668340481,1.539536107550655,1.1279527,1.3890897240657858,00:20:29.00
1230,-16.996487,0.9066792,0.6503610969061578,0.7965963683866225,-0.5227112,0.7126139083133741,00:20:30.00
1231,-17.195724,0.9196136,0.5846250006861482,0.592883827482055,0.19027291,0.5952963986369166,00:20:31.00
1232,-16.812613,0.90390664,0.5750992744615007,0.621292321963707,0.13418072,0.5998562127608063,00:20:32.00
1233,-18.462013,0.8683437,0.5774214219702899,0.8869339921416373,-0.116319686,0.7075395464731791,00:20:33.00
1234,-17.879797,0.89726657,0.5744888684332307,0.7189505155382494,0.67953247,0.6383188529641781,00:20:34.00
1235,-15.280378,0.88555294,0.6088058083225727,0.7076202742916782,0.85719603,0.6499233841879458,00:20:35.00
1236,-13.0318165,0.8357411,0.5443486816317549,0.5148989975296229,-0.064683914,0.5300245609496332,00:20:36.00
1237,-16.591845,0.86538863,0.45066662188052087,0.28243356120206886,-0.37452844,0.3853289303173277,00:20:37.00
1238,-19.479828,0.9467526,0.3060228122884639,-0.21525682570973875,-0.57516605,0.10688200403593616,00:20:38.00
1239,-21.400448,1.0372561,0.35356318020071237,-0.3311667267843266,-0.36352637,0.08975036847914947,00:20:39.00
1240,-22.11927,1.245981,0.6999434004049463,-0.11581112249617263,0.3621107,0.379992347572813,00:20:40.00
1241,-21.527397,1.0088971,0.35498436349681656,-0.25474426534557454,0.08712142,0.11748721233310819,00:20:41.00
1242,-23.539476,0.8307668,0.04015822439267272,-0.45647990003808214,-0.21541564,-0.14871865635104953,00:20:42.00
1243,-22.868189,1.1294408,0.5292453973033315,-0.23985757541235359,1.0834879,0.22296550042855512,00:20:43.00
1244,-18.277225,1.3876905,0.9571949468390457,0.14700299144866497,0.5933518,0.6503930025656167,00:20:44.00
1245,-20.510798,1.5108145,1.1858026111959488,0.1811658132337065,0.25619322,0.7816199269775336,00:20:45.00
1246,-19.81383,1.254073,0.9717337238825965,0.4270974481844446,1.0859338,0.7463602873709895,00:20:46.00
1247,-15.224101,1.1011399,0.7280339878285492,0.31123944254682545,1.0796363,0.5721023620436544,00:20:47.00
1248,-14.392746,1.0134646,0.506173624401911,-0.046862769674953904,-0.29033345,0.299663550592015,00:20:48.00
1249,-19.74126,0.9578186,0.36826395980079235,-0.047452337255526805,-1.1410495,0.21334323420275175,00:20:49.00
1250,-22.271143,0.56506187,-0.31859466233200473,-0.5324644997016961,0.86033016,-0.39134247603028277,00:20:50.00
1251,-15.888105,0.5908686,-0.2422676761219871,-0.5400326197261005,0.718825,-0.33976026359106376,00:20:51.00
1252,-15.515385,0.7890281,0.07978218964949349,-0.40240593709878325,0.6012428,-0.09361865924929083,00:20:52.00
1253,-13.978486,0.8851658,0.36790621778208393,-0.08880893960500029,0.17764084,0.19925549205867038,00:20:53.00
1254,-14.721403,0.8688397,0.3618805228795082,-0.035673431177325396,0.4664707,0.21564987226826363,00:20:54.00
1255,-12.703739,0.7767218,0.238520129727389,-0.09555822500038125,0.09040496,0.12089925010769724,00:20:55.00
1256,-14.997184,1.0373745,0.5579912136828836,-0.0739922501937928,0.32594055,0.31645963478062805,00:20:56.00
1257,-12.897749,1.4103416,1.1216112072140472,0.09156624189852554,0.7554558,0.7187004002906879,00:20:57.00
1258,-14.299317,0.9793145,0.4894254188579447,-0.06310513548269796,0.13749689,0.28205813719332196,00:20:58.00
1259,-13.496632,0.8733414,0.25911275560829616,-0.27768981118309183,0.6790327,0.0640567762122602,00:20:59.00
1260,-12.409234,1.0293654,0.5286469307508783,-0.14531181617382227,0.25856596,0.27751604959496345,00:21:00.00
1261,-12.587711,1.5681983,1.4358827144393524,0.3385643795552849,0.8323768,0.9993431464478393,00:21:01.00
1262,-11.022117,0.8197827,0.2062932240801247,-0.27842618870789226,0.27268243,0.03639671218600024,00:21:02.00
1263,-13.574187,0.9143789,0.30391747305213573,-0.28114443716836496,-0.18477127,0.09012342130245284,00:21:03.00
1264,-13.315696,0.83717036,0.18701062529491674,-0.3275914560501847,0.44026315,0.0030037018641652672,00:21:04.00
1265,-13.756586,0.98360366,0.38238967175733796,-0.2976954173970974,-0.19453435,0.13011034660882748,00:21:05.00
1266,-15.429705,0.9565136,0.30455512282168434,-0.3653031917666186,0.1741376,0.05507959408981421,00:21:06.00
1267,-14.869686,1.0610113,0.4687427890965604,-0.30770403845562283,-0.0067820107,0.17684406029650962,00:21:07.00
1268,-18.050478,0.9506447,0.2731313712220715,-0.37193417738498646,-0.1732882,0.03105868614223584,00:21:08.00
1269,-17.661694,1.1170088,0.569249443688548,-0.19465150586230578,0.47416016,0.276544834954523,00:21:09.00
1270,-17.316082,0.7229659,0.05796820918131335,-0.12583432200038416,0.027827587,0.0031491549105196813,00:21:10.00
1271,-17.995842,0.91625375,0.3129928634592143,-0.028965801141973228,0.14823352,0.1965977415983442,00:21:11.00
1272,-17.81939,1.4681419,1.4048041827328184,1.0223959926416233,0.049108926,1.2461789031975405,00:21:12.00
1273,-20.683252,0.77227765,0.10570688965977205,-0.018011786523438,-0.6376568,0.07190289460340323,00:21:13.00
1274,-23.143147,1.010789,0.4973524513690965,0.22885527665860345,0.32980683,0.3924399019864798,00:21:14.00
1275,-20.78557,1.167736,0.9635144417750208,0.8465121276380555,-0.08913999,0.8962296125421149,00:21:15.00
1276,-23.862547,1.0170442,0.5851302755449388,0.5303310802200312,0.07443657,0.5581820557826876,00:21:16.00
1277,-24.027851,1.2297469,0.9462519691205583,0.8442342997685552,-0.8830134,0.8960427212776579,00:21:17.00
1278,-29.432165,0.78210825,0.015917607340822114,-0.11903038570950103,-1.0597522,-0.036644733632490385,00:21:18.00
1279,-32.183247,0.6734312,-0.21974092210730634,-0.2908396279979563,-0.58177215,-0.2463383035826772,00:21:19.00
1280,-33.579468,0.67988235,-0.24510200839603088,-0.3573458844966987,-1.0781926,-0.29030054328046634,00:21:20.00
1281,-37.111282,0.5671019,-0.3269475711311673,-0.2200156568134961,-0.49338934,-0.29205697508482015,00:21:21.00
1282,-33.29384,1.2053396,0.7840467223059645,0.5246076054331195,1.6948532,0.6593423767837533,00:21:22.00
1283,-28.034483,1.7722902,1.5312792263069894,0.5170249490680154,1.6663288,1.113039866561796,00:21:23.00
1284,-23.199736,2.1829987,2.209658958205263,0.9228881443153318,0.9130107,1.6829648134042463,00:21:24.00
1285,-24.589653,2.2026088,2.071856328730834,0.40916388079544286,0.635154,1.396176281110327,00:21:25.00
1286,-24.88125,1.8666396,1.628253571421108,0.36403288922366134,0.5772287,1.1153502946608158,00:21:26.00
1287,-25.242805,1.3757192,0.8791744001190139,-0.017846239028717382,0.30071038,0.5170680144562524,00:21:27.00
1288,-25.239544,1.5242164,1.1784530976840741,0.4075322712882414,0.74739623,0.8672501078254286,00:21:28.00
1289,-24.035187,2.0236404,1.9583247274421354,0.7291534358971574,0.30531314,1.4532074360805114,00:21:29.00
1290,-28.617077,1.3424946,1.0474617991090462,0.7510018941466116,-1.025836,0.9163812697356939,00:21:30.00
1291,-30.814917,1.1158475,0.6053777355670634,0.21058917889451223,0.1932893,0.4302178721358974,00:21:31.00
1292,-28.644798,0.8631363,0.21361809591313677,-0.024327309268320624,0.7829101,0.10829726919237485,00:21:32.00
1293,-25.506105,0.9200723,0.22774200087935784,-0.22647876152146978,0.56069213,0.04513235803533295,00:21:33.00
1294,-24.818027,1.1433142,0.5527578310727207,-0.12713507404816762,-0.18581358,0.2799729389077616,00:21:34.00
1295,-26.857561,0.7722142,-0.004439033937189426,-0.3098257248223912,0.055683658,-0.1253284143445557,00:21:35.00
1296,-24.215275,1.2249106,0.6665438107713908,-0.10771984223532682,0.4616177,0.3590324104505469,00:21:36.00
1297,-25.51671,0.84355485,0.1776060322317798,-0.18184890419128846,-0.07108051,0.03103974886092331,00:21:37.00
1298,-24.704397,1.1060646,0.6969914889101401,0.23821204810358637,0.5198212,0.5001841049293859,00:21:38.00
1299,-23.461327,1.6245223,1.4553412619052972,0.5671932254473726,0.07451438,1.08151298938647,00:21:39.00
1300,-26.40321,0.8738263,0.2783810951589528,-0.06088818669089883,-0.40810695,0.13088258553505489,00:21:40.00
1301,-26.685589,1.0030246,0.46889910675124213,0.031120009168158755,-0.07881449,0.2813099962907444,00:21:41.00
1302,-28.199242,0.8949885,0.3803488425835869,0.179984124749273,-0.15109475,0.280726070732161,00:21:42.00
1303,-27.327955,0.97439516,0.4766270488459361,0.1814362903781207,-0.033549584,0.34321046814673245,00:21:43.00
1304,-27.978487,1.2113899,0.7416856890227898,0.20067389384493292,0.6760148,0.5153447050488826,00:21:44.00
1305,-25.702827,1.3566105,1.0445886329604146,0.48413479837098855,-0.10945631,0.8101610527098426,00:21:45.00
1306,-28.517036,1.3250585,0.9360656447609383,0.3940839049482072,-0.2948426,0.7068820444404117,00:21:46.00
1307,-29.922974,0.984399,0.44802064431493654,0.1535466710328365,0.7401378,0.31522173101377227,00:21:47.00
1308,-25.156446,1.9945581,1.9289731184383903,0.6714329909440954,0.469748,1.4076705681855206,00:21:48.00
1309,-28.486584,1.2348527,0.8739764206579609,0.39440049395395604,-0.06967361,0.6574371818499242,00:21:49.00
1310,-28.859674,1.0361147,0.599250681688932,0.500265512220121,-0.15850765,0.5467731036626459,00:21:50.00
1311,-28.973864,0.7005688,-0.07446182711038679,-0.3107225002160126,-0.17659299,-0.1755943500282923,00:21:51.00
1312,-29.563488,0.7000128,-0.12681728270801199,-0.4043804013579336,-0.2715686,-0.2434589430557393,00:21:52.00
1313,-29.724703,0.87098527,0.24012163438435188,0.0005258023795194536,-0.16852987,0.12707435459890756,00:21:53.00
1314,-30.478252,0.8330456,0.14377907834114648,-0.1356042202285589,-0.57324785,0.0199529229790001,00:21:54.00
1315,-32.775375,0.70693564,-0.14262956652861467,-0.3495918573723122,-0.36452916,-0.23211122666380518,00:21:55.00
1316,-31.583822,0.69091773,-0.17574109115515743,-0.40952891488735976,-0.026022803,-0.2732665905447213,00:21:56.00
1317,-32.04864,0.70181,-0.10835741473572998,-0.28925895028387805,-0.40340433,-0.18802603756572697,00:21:57.00
1318,-32.102722,0.67875385,-0.2213252635452528,-0.46273473762399875,0.08620534,-0.32150975609631155,00:21:58.00
1319,-28.300241,0.75862753,-0.06401445926309872,-0.4188789520003049,0.9947902,-0.20558403126284003,00:21:59.00
1320,-28.054379,0.718972,-0.12836437147386837,-0.481911605584081,-0.51375014,-0.2700106941319707,00:22:00.00
1321,-27.368654,1.4277495,1.066850970771951,0.31196522064850113,0.8571678,0.7520722273501355,00:22:01.00
1322,-26.403845,1.5690968,1.3267518464828822,0.5193188881064231,0.0765249,0.9874703337142431,00:22:02.00
1323,-27.43245,1.3124849,0.8474969580705454,0.18754197320884644,-0.00019007783,0.5775320904145965,00:22:03.00
1324,-30.052792,1.1355342,0.589147159076577,0.07373354521237167,-0.82048726,0.369755719169272,00:22:04.00
1325,-32.84993,0.7301651,-0.1418011222333542,-0.40245124788738573,0.47349748,-0.252469600200225,00:22:05.00
1326,-26.497797,2.0125291,1.9395102373176403,0.833253038281614,0.31320173,1.4848139917768735,00:22:06.00
1327,-31.118681,1.0694438,0.5182072263226831,0.17369109919402967,-0.0033618717,0.36870188989374897,00:22:07.00
1328,-30.867996,0.9164047,0.27984831568378604,-0.003934892735769116,-0.14830613,0.15381834720658014,00:22:08.00
1329,-29.743843,1.0853459,0.5595636588995719,0.06082459200932903,0.2672174,0.34069293712036636,00:22:09.00
1330,-30.146984,0.7421249,-0.0026285029711054972,-0.22717242682882846,0.002877331,-0.10280696770861607,00:22:10.00
1331,-27.96242,1.3359919,0.9618286493531406,0.32507513971340957,0.7249281,0.6887893106243684,00:22:11.00
1332,-27.667845,0.94785076,0.3304457457101985,0.03501279406089649,-0.041284934,0.20293583285618222,00:22:12.00
1333,-27.045118,0.96225595,0.29428305665038473,-0.2258071922042482,0.2541402,0.08059574412276808,00:22:13.00
1334,-26.280174,0.7142425,-0.09362834965128575,-0.4098048963100413,0.5884584,-0.2191566986980073,00:22:14.00
1335,-21.97253,0.7713881,0.06249894091343893,-0.316237587798151,1.1621411,-0.08391723481592105,00:22:15.00
1336,-17.687677,1.045928,0.5813719961898515,0.02196062530214345,0.604629,0.36105540059989655,00:22:16.00
1337,-19.506495,0.688537,-0.04180341172207009,-0.33013291435677955,-0.36004427,-0.14806773199753995,00:22:17.00
1338,-20.526686,0.8987072,0.25152202384422956,-0.265301220952429,0.27325115,0.05057778764317053,00:22:18.00
1339,-17.460361,0.7171346,0.036050566985653905,-0.25230368187203916,0.9531248,-0.06336325796479232,00:22:19.00
1340,-14.921752,0.89539987,0.2818451484312439,-0.25564514806362487,0.42992812,0.08371700824250869,00:22:20.00
1341,-15.105695,0.5497992,-0.21434918976579012,-0.37647844380191214,0.05170072,-0.25936895658478504,00:22:21.00
1342,-15.497227,0.6032889,-0.15637731956284284,-0.3798240573249567,-0.034419864,-0.22557932698252056,00:22:22.00
1343,-15.506257,0.60438585,-0.15057090448122323,-0.38151693413177773,-0.14045337,-0.22450378196466123,00:22:23.00
1344,-16.768316,0.6582962,-0.07413815368526393,-0.3441859469398327,-0.29382205,-0.1662873626127493,00:22:24.00
1345,-18.43451,0.8091515,0.18320023847104336,-0.15758761886037695,0.067050286,0.05957339202643769,00:22:25.00
1346,-17.801746,0.79607296,0.17440754995807503,-0.13216363365797965,-0.11147065,0.06506694258317985,00:22:26.00
1347,-18.518469,0.70048213,-0.0013318207128610276,-0.232271222254638,0.41962117,-0.07794431301661892,00:22:27.00
1348,-17.326397,0.7419938,0.07814465504480021,-0.22165796941881605,-0.34808692,-0.028830666321521214,00:22:28.00
1349,-19.81101,0.73629785,0.03816533796519768,-0.2008739820870338,-0.05641205,-0.04370274606440719,00:22:29.00
1350,-19.336613,0.7306199,0.031168118114972557,-0.18307547958377102,0.58907205,-0.03932606810788061,00:22:30.00
1351,-14.601248,0.8076335,0.20008349045996374,-0.15394514025398026,0.9622783,0.07300957812866694,00:22:31.00
1352,-15.277129,0.6256572,-0.07518364733334794,-0.27502919793819564,-0.96347815,-0.1389035513722114,00:22:32.00
1353,-21.093184,0.8261065,0.17920947093938483,-0.19518795567564237,-0.97453564,0.03849719968062207,00:22:33.00
1354,-23.869553,0.8010813,0.0687923655016297,-0.3044382500596419,-0.5290587,-0.07243175603796488,00:22:34.00
1355,-25.0223,0.99042153,0.2934754322571202,-0.31468686753663344,-0.18531743,0.055253244127327746,00:22:35.00
1356,-25.408081,0.69462126,-0.15682548033768215,-0.471199483305499,-0.22685508,-0.2737029926789999,00:22:36.00
1357,-26.8414,0.72140217,-0.14536801664251792,-0.495245369597701,-0.52100307,-0.2783318532237296,00:22:37.00
1358,-28.368746,0.92831254,0.1588204391688577,-0.3481880750065832,-0.39772958,-0.041618469621654386,00:22:38.00
1359,-29.70849,0.6974136,-0.14322874162052804,-0.365586741130957,-0.42577726,-0.22948382623435562,00:22:39.00
1360,-30.05763,0.65744853,-0.26677705852394584,-0.5197465577687276,-0.65364397,-0.3627475803569932,00:22:40.00
1361,-34.792995,0.56243587,-0.4669944071371358,-0.5766822713713539,-2.3845317,-0.5071822498571685,00:22:41.00
1362,-42.307888,0.48840287,-0.6307730364332543,-0.41673395160283755,-1.1163685,-0.5368738642935696,00:22:42.00
1363,-41.33378,0.49243248,-0.605551483611606,-0.3968598159384041,-0.42000133,-0.513644917554026,00:22:43.00
1364,-41.41609,0.50596815,-0.5942914222663691,-0.5409919687046053,-0.59999573,-0.5756584145311173,00:22:44.00
1365,-41.942406,0.55401117,-0.4900772052425885,-0.48379701536796244,-0.5513514,-0.49785600266318486,00:22:45.00
1366,-40.9427,0.71471804,-0.1348838665086687,-0.12813995558277283,0.7947571,-0.15172635663413778,00:22:46.00
1367,-33.9859,0.8993838,0.3561436929497752,0.3444136744456887,0.9660376,0.3309737359322251,00:22:47.00
1368,-32.429108,0.8710945,0.2672309286487739,0.10183202121221759,-0.40139315,0.18492363867221318,00:22:48.00
1369,-35.882442,0.67688406,-0.09269325772645153,-0.10557592302407864,-0.9109246,-0.114090544577088,00:22:49.00
1370,-36.105747,0.56275946,-0.4264990466391733,-0.5462207614792403,-0.13329789,-0.4785929639154032,00:22:50.00
1371,-34.592613,0.5333908,-0.47625471018054727,-0.6185714722163425,-0.16180076,-0.5357603724605648,00:22:51.00
1372,-35.220436,0.529407,-0.5009499118543519,-0.641679193001177,0.037295982,-0.5585213323389082,00:22:52.00
1373,-31.70086,1.1030816,0.43761298351057015,-0.15811400851882781,0.28297308,0.18570942823795708,00:22:53.00
1374,-31.892986,0.8592651,0.1335239492872251,-0.23989531850389537,-0.29546186,-0.033439188641604604,00:22:54.00
1375,-34.61254,0.45986664,-0.6038906898029232,-0.7158127148167487,-1.5528215,-0.6491452348395026,00:22:55.00
1376,-37.78418,0.6300154,-0.3798094408726363,-0.583464349691648,-0.9104075,-0.4659669141426507,00:22:56.00
1377,-40.83689,0.46840486,-0.618179243066864,-0.6179254770332399,-0.6364041,-0.6268148021340897,00:22:57.00
1378,-36.29173,1.2159741,0.5894075240379995,0.021495863517448057,0.81901276,0.3440783035144891,00:22:58.00
1379,-38.435455,1.1543423,0.6274841393962765,0.503900630160675,-0.7959442,0.5568542800848999,00:22:59.00
1380,-40.691025,0.7254255,-0.2583227600245996,-0.4655692046353939,-1.1680638,-0.35106572894385357,00:23:00.00
1381,-41.88231,0.43602762,-0.7563954109279781,-0.8285520550383793,0.14352214,-0.7917754513812473,00:23:01.00
1382,-38.54958,0.6626375,-0.2988280055989781,-0.46728446803929086,0.61149406,-0.37603310261885714,00:23:02.00
1383,-35.312572,1.848946,1.497127708057422,0.4923029102072845,-0.17579137,1.0824065599316948,00:23:03.00
1384,-38.315983,0.5150973,-0.5975820915868812,-0.723026716739788,-0.7194331,-0.6498274442935146,00:23:04.00
1385,-39.560616,0.51099545,-0.5529408823249887,-0.6043153643236671,-0.6081477,-0.5802676193260946,00:23:05.00
1386,-39.18385,0.6866106,-0.3227848185024418,-0.5029872389859922,-0.29565284,-0.399376739881899,00:23:06.00
1387,-39.33342,0.51152766,-0.6585564624893966,-0.8553986215662753,-0.27061427,-0.7393654987796227,00:23:07.00
1388,-36.93662,1.166331,0.44490388233195,-0.14155469456983413,0.25165766,0.19705949987368854,00:23:08.00
1389,-37.61253,0.47007117,-0.6912389874284872,-0.8576566059778027,-0.14259495,-0.7581407393893792,00:23:09.00
1390,-34.7779,1.3036199,0.6736370571528023,-0.02386227894465017,-0.09765773,0.38528002938311734,00:23:10.00
1391,-38.455032,0.70743,-0.18093913736724393,-0.24630208169673617,-0.83437425,-0.21850799654800426,00:23:11.00
1392,-39.05061,0.47587875,-0.6841356387219292,-0.8356335534316188,-0.8051242,-0.7471758358889109,00:23:12.00
1393,-39.207565,0.51381487,-0.6344565260611975,-0.8034382732578444,-0.2713092,-0.7040162969408738,00:23:13.00
1394,-38.95729,0.44971123,-0.7153467646977169,-0.775035516847335,-0.18626966,-0.7375618866567755,00:23:14.00
1395,-36.96089,0.50241494,-0.6093366003603722,-0.7062008615882033,-0.502067,-0.6442596119352406,00:23:15.00
1396,-39.20948,0.47654933,-0.6902338971678497,-0.8212178969744194,-0.8001947,-0.7440952663030403,00:23:16.00
1397,-39.55429,0.4885095,-0.6797629391528579,-0.8481144541100175,0.6225234,-0.7507597373716703,00:23:17.00
1398,-31.067196,1.7362025,1.5014107007740367,0.7063250714995676,0.83201605,1.1701154580239765,00:23:18.00
1399,-36.63312,0.7886476,-0.005521302208305332,0.1358553107834607,-1.6207333,0.04967214360761003,00:23:19.00
1400,-39.132122,0.562335,-0.5181282130239064,-0.6954579660424224,-0.112009235,-0.5979943806087369,00:23:20.00
1401,-33.877567,0.94481564,0.12103591976537104,-0.3370531498878042,1.3865477,-0.0648934907308914,00:23:21.00
1402,-31.24937,1.391662,0.8042228561957403,-0.07348399439614685,0.0812202,0.4464318230977804,00:23:22.00
1403,-32.179214,1.3491775,0.7890119779676538,0.024892849483023116,-0.5581272,0.4724504829680102,00:23:23.00
1404,-35.736282,1.091878,0.5469351390341698,0.33334138392323337,0.35298482,0.4409948956939022,00:23:24.00
1405,-31.938477,1.4916412,1.1383608711960398,0.5493547001567362,0.5531901,0.8836952267711594,00:23:25.00
1406,-32.073338,1.5476769,1.0487097666527274,0.13039226315405172,-0.20819029,0.670104639794917,00:23:26.00
1407,-34.745773,1.1115701,0.5499607658751178,0.18546027157198533,-0.903414,0.37946541651383864,00:23:27.00
1408,-39.233345,0.4766054,-0.6857108352576762,-0.8357129336385962,-0.7723858,-0.750020603344969,00:23:28.00
1409,-37.49201,0.48895666,-0.6615305424810298,-0.7650786122763461,-0.095448405,-0.6982075215785307,00:23:29.00
1410,-36.28495,0.49977994,-0.5473924182249117,-0.5786877409710061,-0.8627478,-0.5570215515419997,00:23:30.00
1411,-40.55404,0.4301925,-0.8008076473609663,-0.8798451520842225,-1.1299181,-0.8305895735108952,00:23:31.00
1412,-41.22532,0.39960572,-0.8461503293537426,-0.9277082202188169,-0.7516405,-0.8813283031147925,00:23:32.00
1413,-40.190205,0.46474984,-0.6496379678528104,-0.6650633982841601,0.32238364,-0.6604893500175972,00:23:33.00
1414,-38.120037,0.35702485,-0.8525298391911258,-0.7887260564241738,-0.013432248,-0.8188615441144076,00:23:34.00
1415,-33.652027,1.78327,1.3787031919828563,0.3307708180677288,0.5965163,0.9474348804734536,00:23:35.00
1416,-38.604076,0.9270544,-0.00523430812724775,-0.46474674354761536,-1.9983585,-0.19544239566593163,00:23:36.00
1417,-43.811184,0.3691718,-0.944890150927169,-1.010353171851468,-0.7324693,-0.9757626142478631,00:23:37.00
1418,-42.258095,0.37514988,-0.9134667435980869,-0.9984569298491448,-0.42043695,-0.9516033472946805,00:23:38.00
1419,-38.094788,0.95981306,0.14540291020629997,-0.15242325321445485,1.4848536,0.015857308853071437,00:23:39.00
1420,-37.189533,1.3027834,0.8206600689782195,0.5079118937197371,-1.2734014,0.674460143753279,00:23:40.00
1421,-41.563454,0.37046376,-0.8885900911345157,-0.9344520482958772,-1.0087272,-0.9097545250886454,00:23:41.00
1422,-42.522335,0.38532892,-0.9104316019567624,-1.0013729578701789,-0.075804286,-0.9501341611404333,00:23:42.00
1423,-35.28625,1.1248364,0.40997362777884355,-0.16350525997574952,0.9299351,0.17140918740464606,00:23:43.00
1424,-38.80792,0.42894328,-0.7647212105356376,-0.8659489683554631,-1.3837563,-0.8073053559901393,00:23:44.00
1425,-39.43545,0.39399204,-0.8550101056999213,-0.9591683596679017,-0.1922762,-0.8968941789229538,00:23:45.00
1426,-37.556366,0.42995745,-0.7855283113227436,-0.9462426616793814,-0.19157465,-0.8492271377156583,00:23:46.00
1427,-36.512314,0.4368256,-0.7532784121839732,-0.9088257168190299,0.26749513,-0.8133327399306164,00:23:47.00
1428,-32.257343,1.7536099,1.419239297778699,0.3129087053957213,0.33950257,0.9548108225679595,00:23:48.00
1429,-36.5644,0.58588105,-0.3647994545420566,-0.44490440826541294,-0.978995,-0.40323121977087945,00:23:49.00
1430,-36.45487,0.47084025,-0.6702234320044079,-0.8204771196738581,-0.15084445,-0.7298892871352348,00:23:50.00
1431,-35.59935,0.45749918,-0.7164579514756542,-0.8954830212515946,-0.23434143,-0.7853249502552051,00:23:51.00
1432,-33.974976,0.42093194,-0.7490660701200994,-0.8707431299803952,-0.27165404,-0.7909091226652373,00:23:52.00
1433,-34.43298,0.45015743,-0.7176769864350249,-0.8899182116892876,-0.21692911,-0.781685671641217,00:23:53.00
1434,-33.728012,0.42200023,-0.733212083291075,-0.8661721673914111,-0.7755962,-0.781281638131165,00:23:54.00
1435,-35.33502,0.4759677,-0.6852868198164846,-0.8820134725107213,-0.34988782,-0.7607504847479071,00:23:55.00
1436,-34.809486,0.47824377,-0.664682624083238,-0.830796033295287,-0.40252316,-0.7265008354014606,00:23:56.00
1437,-34.062454,0.49608815,-0.6138998809135731,-0.7083400596524901,-0.04819325,-0.6410004939196406,00:23:57.00
1438,-33.12523,0.46775183,-0.645458285732465,-0.7206463977302024,-0.46879897,-0.6640832116965978,00:23:58.00
1439,-34.922176,0.4512884,-0.7038307554096017,-0.8150832887076803,-0.50434893,-0.7415863586995258,00:23:59.00
1440,-33.673973,0.42048737,-0.7306274480097079,-0.8107135008096397,-0.6461007,-0.7549104411148589,00:24:00.00
1441,-35.748333,0.42446873,-0.7552104237168942,-0.8461230948816966,-0.56069094,-0.7861028904485111,00:24:01.00
1442,-35.38975,0.40027598,-0.7786570626549411,-0.8660927996789488,-0.08710164,-0.809746179959501,00:24:02.00
1443,-31.67609,0.42571497,-0.6925252974016904,-0.8202092525275437,0.6260859,-0.7369136176848365,00:24:03.00
1444,-30.788034,0.54036444,-0.5249412700412817,-0.7853428079444642,-0.71452993,-0.6223517861300168,00:24:04.00
1445,-31.719818,0.4605461,-0.6449709772800795,-0.8094793069951447,-0.8473521,-0.7040018957660185,00:24:05.00
1446,-36.590427,0.5010517,-0.633021467162929,-0.8152355465027189,-1.1712546,-0.7049134011819691,00:24:06.00
1447,-36.435684,0.4486407,-0.7299842224835794,-0.8845699922475652,-0.060057852,-0.7893520702853837,00:24:07.00
1448,-33.755424,0.512333,-0.6082440910481501,-0.7999659319309118,0.12543014,-0.6780872189143808,00:24:08.00
1449,-32.280758,0.50391823,-0.5977851985423557,-0.79301866079146,0.18285528,-0.6693568068365331,00:24:09.00
1450,-31.253801,0.41713887,-0.6912966797905483,-0.8034688905643226,-0.5296703,-0.7300351026853075,00:24:10.00
1451,-31.523478,0.7185994,-0.2123121349589483,-0.5216426114568704,0.044788454,-0.33299386775502793,00:24:11.00
1452,-30.988434,1.1142313,0.4636501941100215,-0.02828458000914534,0.057846963,0.266598034532369,00:24:12.00
1453,-31.589844,0.7239514,-0.14873723843013015,-0.3938029342155362,-1.0716699,-0.2455254850128574,00:24:13.00
1454,-36.242382,0.44597742,-0.6737393536753756,-0.7586855782378263,-0.58486605,-0.7065066173791632,00:24:14.00
1455,-33.988716,0.96122706,0.24579814646456002,-0.1159610593512034,0.31478447,0.09139222806409476,00:24:15.00
1456,-31.4698,0.47151744,-0.4951016008210754,-0.5046097400218507,0.10850818,-0.49257994147472534,00:24:16.00
1457,-31.551172,0.46301544,-0.5985933609716279,-0.6704108713927354,-0.005542123,-0.6171961606665286,00:24:17.00
1458,-28.981464,0.4638573,-0.5848706303845055,-0.6663336961075701,-0.1054437,-0.6045931409642167,00:24:18.00
1459,-29.868773,0.45289478,-0.622290862744739,-0.6926853229966956,0.05319342,-0.6383129018140667,00:24:19.00
1460,-27.48923,0.47324812,-0.5436544254955128,-0.6144689415297045,-0.22268046,-0.5574738000152494,00:24:20.00
1461,-28.024506,0.508625,-0.47974980639466197,-0.5669111952827596,-0.3504629,-0.5020966614739787,00:24:21.00
1462,-28.669277,0.46360186,-0.5677675158516737,-0.617154821774845,-0.83026975,-0.5756043201013141,00:24:22.00
1463,-31.37715,0.48389953,-0.5934071439453946,-0.6851962218011196,-0.42235526,-0.6218680975835723,00:24:23.00
1464,-30.324242,0.4578604,-0.6269118183758402,-0.6813716289357555,-0.28801832,-0.6384196824348343,00:24:24.00
1465,-30.457293,0.4120558,-0.7018916282892186,-0.7572277901448409,-0.4936947,-0.7154745224695425,00:24:25.00
1466,-30.803583,0.4096716,-0.7102774706226955,-0.7800240410739461,0.6258223,-0.7310847597846334,00:24:26.00
1467,-24.57511,0.39760062,-0.6241305094886144,-0.7032903873926232,0.5182839,-0.6447876928212604,00:24:27.00
1468,-25.106586,0.38321403,-0.6566614792498632,-0.7279399753201978,-1.0816079,-0.6744097578206909,00:24:28.00
1469,-31.056238,0.3468415,-0.8106847885745001,-0.8568334993913371,-1.8329494,-0.8232119164582697,00:24:29.00
1470,-33.1923,0.32433516,-0.7894062696765122,-0.7328650502937472,-0.71415627,-0.766326484579433,00:24:30.00
1471,-35.51275,0.84999245,0.3649491869602404,0.46714883232764665,-0.2290523,0.3639926512106352,00:24:31.00
1472,-31.924751,0.8022501,0.1710043356962806,-0.05267499681774552,0.18772665,0.05493041222852277,00:24:32.00
1473,-33.722324,1.1988063,0.9893758632604518,1.2298910270575154,-0.7804838,1.0476759305464447,00:24:33.00
1474,-40.289913,0.711628,0.1525419125080819,0.4860533840554064,-2.2577574,0.23507002351394238,00:24:34.00
1475,-42.313698,0.72610056,-0.0023519009034578668,-0.07472382472835845,-0.69361585,-0.08150737725937927,00:24:35.00
1476,-45.430374,0.5808043,-0.2357999885718259,-0.053219641420555894,0.14544953,-0.2126228235877942,00:24:36.00
1477,-38.905834,0.95976114,0.5192393800909603,0.7609879913411638,-0.07166755,0.5674689291940965,00:24:37.00
1478,-42.94707,0.2750522,-0.7030265401340218,-0.33778551914052296,-1.5342343,-0.5911257242932061,00:24:38.00
1479,-46.13658,0.31420413,-0.570953713818982,-0.05235254636636937,-2.1831322,-0.41025313904058336,00:24:39.00
1480,-53.6647,0.329864,-0.6223521147137953,0.06289814859969754,-0.93150735,-0.4010285945685648,00:24:40.00
1481,-43.488728,0.85751367,0.18820442146157398,0.3014984617332446,1.668616,0.19749744292799323,00:24:41.00
1482,-42.802437,0.9030295,0.21951501860907743,0.36175670737983595,-2.2363844,0.2511776633475046,00:24:42.00
1483,-51.83031,0.48864582,-0.3429048888092754,0.26941028834819475,1.5392541,-0.1567774526993647,00:24:43.00
1484,-34.101044,1.6554844,1.5152786651790655,1.2988474264953074,0.8501923,1.4081713549582653,00:24:44.00
1485,-47.25085,0.4596427,-0.12062760492971736,1.2552021181787947,-3.6787162,0.38544846575036307,00:24:45.00
1486,-48.49577,0.5506471,-0.32029263666921753,0.1294907041453909,1.5886307,-0.17783799028868238,00:24:46.00
1487,-38.589684,1.0645868,0.6326297997008359,0.9063607798804021,-0.9658487,0.717454363539127,00:24:47.00
1488,-50.620407,0.27020425,-0.5978324036948529,0.3689689928776082,-0.76234037,-0.26113812475801507,00:24:48.00
1489,-39.472137,0.618633,-0.1373763744010082,-0.01144969034710501,1.2145168,-0.12457618103116731,00:24:49.00
1490,-37.855045,0.18874884,-0.8137751076040256,-0.4722222340824583,-0.60882026,-0.697455166424518,00:24:50.00
1491,-38.2385,0.14202368,-1.0687075109719675,-0.8367846010628756,-0.3825116,-0.9797895703728213,00:24:51.00
1492,-36.87719,0.37584406,-0.6340117034607506,-0.567359572616111,-0.033502325,-0.6212501266781123,00:24:52.00
1493,-33.583744,0.3816994,-0.6612998340489379,-0.6514521496907694,1.1977208,-0.65950175743799,00:24:53.00
1494,-25.305351,0.5797928,-0.3376467836860559,-0.5652907270112345,1.7639263,-0.41994489758932063,00:24:54.00
1495,-19.65194,0.6964554,-0.09343702601468959,-0.42790458548376875,1.1011193,-0.21415191005960776,00:24:55.00
1496,-17.290192,0.6278436,-0.13038419283836217,-0.370006643994661,-0.1399574,-0.2121419807508278,00:24:56.00
1497,-19.665985,0.58500016,-0.2327639195492137,-0.43591378574351375,-0.59870106,-0.30119005122683795,00:24:57.00
1498,-21.18544,0.5989643,-0.18895952518997153,-0.33907690224131953,-0.2181767,-0.23615883212252062,00:24:58.00
1499,-22.824837,0.6043266,-0.1629243587187657,-0.2718955793714672,-1.0559617,-0.19609869252646875,00:24:59.00
1500,-25.018724,0.6853496,-0.06303391633966272,-0.24918776402220574,0.23795214,-0.13221527248073273,00:25:00.00
1501,-25.809181,0.6285915,-0.06585109004606532,-0.11998451255942706,-2.554402,-0.0876628399178799,00:25:01.00
1502,-38.6053,0.86846817,0.25040794498357494,0.2380357174328796,-0.88033056,0.21434989578193972,00:25:02.00
1503,-34.687183,1.0404491,0.3857786486692342,0.03213240457753137,0.17634822,0.2316265009733564,00:25:03.00
1504,-33.22305,1.3159916,0.6299857607975844,0.051041463459852415,-0.0128185265,0.40820698884075707,00:25:04.00
1505,-35.863323,1.4218099,1.034452397911677,0.6879363131642595,-1.0097067,0.8805406358669946,00:25:05.00
1506,-42.195164,0.67538065,-0.2545884710815511,-0.3013110039417408,-0.30277854,-0.2911625676497475,00:25:06.00
1507,-35.795815,1.1955478,0.46337545525403473,-0.10723911943689722,1.279952,0.23245628049907865,00:25:07.00
1508,-34.693607,1.1227295,0.37933579092973224,-0.13897156505315458,-0.2801747,0.1677062884390423,00:25:08.00
1509,-34.668037,1.2014114,0.7258681159539269,0.8075199472689687,0.28352293,0.7635960930679937,00:25:09.00
1510,-33.72553,1.5697807,1.2163050857421909,0.44994433104939646,-0.4791998,0.890446008865628,00:25:10.00
1511,-38.427258,1.1569927,0.6169936267107977,0.3233246647293699,-0.27390346,0.47448316915317096,00:25:11.00
1512,-38.741096,0.80967027,0.12247772190071227,0.049657468741175076,-1.4841211,0.06206132335056989,00:25:12.00
1513,-43.499187,0.77817863,0.11340169148963669,0.37564579945976445,0.0068596615,0.18349101375220792,00:25:13.00
1514,-38.576244,1.1112257,0.32009108910181366,-0.023834870001365655,0.3597414,0.1823757918141154,00:25:14.00
1515,-35.34331,1.2744826,0.9217128914865289,0.7360990701912778,1.5307084,0.820055464506125,00:25:15.00
1516,-32.509476,1.2585697,1.0329769636063288,1.2577660398124728,-0.49780494,1.1068795100697968,00:25:16.00
1517,-37.097496,1.4401625,1.1503500800860582,0.907134232474924,-0.10245914,1.0239051595828617,00:25:17.00
1518,-41.686184,1.0678921,0.5259754713737771,0.5686495898686231,-2.261803,0.5104938628997165,00:25:18.00
1519,-47.01599,0.5963217,-0.3869036539257957,-0.07952441521973894,-0.5103701,-0.2806535498432207,00:25:19.00
1520,-37.59007,1.4687715,1.2183653972141326,1.30122760998431,1.4192351,1.2392381413574205,00:25:20.00
1521,-40.376762,1.0429342,0.851482193367363,2.1889144709136477,-1.3411272,1.382930515101362,00:25:21.00
1522,-45.301186,1.1961846,0.8829422166207233,1.5530048839724668,-2.0032706,1.1238342232862075,00:25:22.00
1523,-52.77312,0.5270316,-0.35147912075739746,0.38627309360941753,-0.99002534,-0.0891986751807829,00:25:23.00
1524,-45.824795,0.92749405,0.33966301283746386,0.6043062126695865,1.3384973,0.4059074706109131,00:25:24.00
1525,-47.662827,0.91044855,0.3280347869451838,0.9015574124565455,-0.2140045,0.5277948483569352,00:25:25.00
1526,-39.41475,1.3796153,1.2176169937047858,1.8670509417400885,1.8252858,1.4640696384220668,00:25:26.00
1527,-36.675976,1.2936171,0.9091747550565755,0.9008566764294581,0.46845308,0.8837648666039718,00:25:27.00
1528,-31.157309,1.2803297,0.6309970626838045,-0.15341959347527068,1.2048784,0.3167978723693629,00:25:28.00
1529,-33.63264,1.5148522,1.0747231709229532,0.41301806410208325,-1.2653731,0.799752469775028,00:25:29.00
1530,-38.1308,1.0357275,0.24155980172814412,0.024871500600982595,-2.697478,0.14877243347507857,00:25:30.00
1531,-54.464794,0.18456422,-0.7876267925970489,0.0751451796812799,-2.500284,-0.5060388521215178,00:25:31.00
1532,-50.088737,0.54730624,-0.364920263241517,0.12129087364741141,-0.20818275,-0.2072822212423838,00:25:32.00
1533,-52.441612,0.59595156,-0.28126177111042133,0.5307316861287368,-1.625179,0.025674439171039194,00:25:33.00
1534,-55.42707,0.15708935,-1.0421113507264619,-0.44269329068944735,-1.3310677,-0.8416478181947867,00:25:34.00
1535,-56.597874,0.16988291,-1.0294599604536963,-0.3804691103228986,-1.0821205,-0.8094501350834364,00:25:35.00
1536,-55.54899,0.2157308,-0.9204247281501806,-0.29595445291622297,-1.0497807,-0.7138797260074585,00:25:36.00
1537,-56.35634,0.10199944,-1.1196414609085688,-0.5350351331237785,0.02553833,-0.9323703532068032,00:25:37.00
1538,-49.27304,0.7077639,-0.19895140570281014,-0.12138465871891234,-0.8850837,-0.2027737874711477,00:25:38.00
1539,-52.73032,0.6696896,-0.24022121762766302,-0.025358091312184024,2.9520295,-0.19809586994194986,00:25:39.00
1540,-32.623314,1.5879245,1.3803391378853334,1.3220250568101333,0.17067765,1.3553729404169148,00:25:40.00
1541,-39.112057,1.4238019,0.9788538724743453,0.5602525141107307,1.4363941,0.7904471602785957,00:25:41.00
1542,-37.19928,1.0481416,0.29252157395334594,-0.1989508299489695,-0.5937369,0.07874553023419083,00:25:42.00
1543,-31.465837,0.98532087,0.2203305584108834,-0.2807126663007679,2.6454382,0.017713553847417452,00:25:43.00
1544,-27.482141,1.0301008,0.3936362284342639,-0.12139473233474071,2.3925412,0.1842076226486673,00:25:44.00
1545,-7.2295647,1.0628983,0.6388118172439546,-0.054990030456384426,2.224082,0.38435953115848553,00:25:45.00
1546,-12.492829,0.7575936,0.17381527815603076,-0.13059703436424847,-0.7390755,0.06982748195193486,00:25:46.00
1547,-16.26004,0.7123691,0.05375121442557704,-0.213833464115664,-0.47367856,-0.03755862951103081,00:25:47.00
1548,-16.937664,0.7241175,0.08278553002561273,-0.19383352577620824,-0.12188022,-0.012880465961503358,00:25:48.00
1549,-17.691414,0.69482386,0.010646755214427525,-0.2458531744569712,-0.12547071,-0.07382501278913568,00:25:49.00
1550,-18.907463,1.3377465,1.0647594225329549,0.3526755865072004,0.090656474,0.7760663051565531,00:25:50.00
1551,-19.90251,0.81362057,0.2468858437097511,-0.07914559768665444,-0.36720726,0.11916594261427535,00:25:51.00
1552,-22.538654,0.90404797,0.24653756394327406,-0.22866399848240257,0.27482173,0.06495224785247447,00:25:52.00
1553,-19.299723,1.6664132,1.5839862584076676,0.6545611046857028,0.7996528,1.200864131997168,00:25:53.00
1554,-20.788372,1.7374717,1.7269107878684549,1.029249956971978,-0.6212319,1.4348577493579147,00:25:54.00
1555,-27.956469,1.0020816,0.40790030070700367,-0.03331742544694223,-0.2170372,0.2228069241023609,00:25:55.00
1556,-23.06124,1.3915431,1.0810918801855933,0.35952445344582434,0.5860164,0.7844008398140114,00:25:56.00
1557,-24.58327,0.78735644,0.04537918819774524,-0.3164118160252083,0.047612384,-0.09512459364784699,00:25:57.00
1558,-25.590937,0.832489,0.10011418697593998,-0.33548690435287426,0.07102274,-0.07177962131346528,00:25:58.00
1559,-21.785769,1.2443777,0.850634174966833,0.1705326420021649,0.55768126,0.571120666510453,00:25:59.00
1560,-24.351301,0.7605146,0.023796778382086988,-0.3086944717817828,-0.5484575,-0.10250071455106359,00:26:00.00
1561,-26.229921,0.82639825,0.09669938039463118,-0.28752538821205925,0.033944707,-0.054400350257556705,00:26:01.00
1562,-21.656092,1.8564914,1.844504278677595,0.9324569173498903,2.0592709,1.4686168101503154,00:26:02.00
1563,-19.182451,2.0082455,1.9041094915420254,0.4046796772882299,0.026666878,1.3021208958586972,00:26:03.00
1564,-24.22545,0.7617575,0.03447368171227718,-0.292949957691998,-0.78767616,-0.09281711042339025,00:26:04.00
1565,-27.180681,0.79365325,0.03483715991681401,-0.31045648485326877,-0.74859816,-0.10364270252654116,00:26:05.00
1566,-28.6249,1.4538124,1.019600510721842,0.14365063355518634,0.114815064,0.6554821741483818,00:26:06.00
1567,-28.608353,1.2204725,0.7212866147511772,0.11919529031066758,0.23927462,0.46772824974918475,00:26:07.00
1568,-28.581497,1.3131838,0.8343217615707722,0.09250206289003424,-0.68763167,0.5227561516822875,00:26:08.00
1569,-31.928043,1.5053118,1.1500506316240253,0.566927060676765,0.85250837,0.9041523119668948,00:26:09.00
1570,-28.836262,1.4962085,1.0363126482486953,0.03309797766988696,-0.23186956,0.6239100572304245,00:26:10.00
1571,-31.76215,1.3174074,0.8387325039809237,0.12982350013103103,1.2491734,0.5341749673969478,00:26:11.00
1572,-24.888786,1.2305275,0.7215190259568153,0.006739108421817735,1.2224404,0.43072653531657945,00:26:12.00
1573,-20.147154,0.9169468,0.3441826227303811,-0.10957552647813414,1.9649209,0.16430279674371073,00:26:13.00
1574,-13.067068,0.8544266,0.32081006540782,-0.08214512297030666,1.3385309,0.17389878444690585,00:26:14.00
1575,-11.835359,0.82243675,0.3299599595724876,0.011798979364896458,0.37218928,0.21687535681839215,00:26:15.00
1576,-12.840129,0.85833377,0.3617352797644259,-0.015274637630540752,-0.36692196,0.2223369019239551,00:26:16.00
1577,-14.348898,0.9321916,0.45581529986442515,0.029077260933027246,0.26707688,0.2959488906193803,00:26:17.00
1578,-13.802092,0.9562429,0.5285305072412125,0.0796782554030795,0.37875032,0.3568040119841058,00:26:18.00
1579,-14.0676155,1.2020869,0.8771372881638969,0.17651747626536657,0.384457,0.6029696218332755,00:26:19.00
1580,-14.115836,1.0984364,0.7582498634418456,0.19868799023613362,0.3560243,0.5384964978070638,00:26:20.00
1581,-13.796969,1.1558859,1.0239741443596542,0.6668447399266336,0.518553,0.8716762944029923,00:26:21.00
1582,-13.782759,1.1854731,1.0009497973757768,0.4675161914560036,0.41865656,0.7811493721482684,00:26:22.00
1583,-13.533752,1.1723688,0.8988032847809796,0.3213622965503122,0.4772567,0.6697124203941094,00:26:23.00
1584,-12.4663315,1.0612378,0.7348178256822884,0.2505082962071088,1.3248503,0.5480785668980633,00:26:24.00
1585,-8.024566,0.98264563,0.7134333778984377,0.3249559244543812,0.9606205,0.5684510768333859,00:26:25.00
1586,-7.9660645,1.016323,0.8228999860487117,0.5271296307327162,0.15156817,0.7123626450155137,00:26:26.00
1587,-9.581141,1.0671091,0.7981757949446044,0.313693651399835,-0.13078906,0.6126744985718658,00:26:27.00
1588,-12.718518,1.0272461,0.6273108834461938,0.1654212159570858,-0.36075735,0.45610714429498267,00:26:28.00
1589,-14.457624,1.1561067,0.885448182846265,0.366226476860039,0.4962288,0.6787432018026747,00:26:29.00
1590,-12.909557,1.2498826,1.0336514769584013,0.371580368112772,0.70066065,0.7682538821406867,00:26:30.00
1591,-12.046387,1.1349272,0.9146561437421459,0.3831422978825037,0.69786096,0.7023583909140668,00:26:31.00
1592,-11.232875,1.2292176,1.0655894293159542,0.4475233504785506,-0.24386124,0.8179808663108288,00:26:32.00
1593,-17.573195,1.0080892,0.7396144421206367,0.5495586693785227,-0.48543584,0.6590670432825659,00:26:33.00
1594,-16.894709,1.0159817,0.7299526743655825,0.4883812277522625,0.48681447,0.6312881236744383,00:26:34.00
1595,-16.773485,0.8735886,0.325094002311444,-0.0890116111688175,0.32491922,0.1684591779797335,00:26:35.00
1596,-14.897286,1.2431467,0.8164239563834585,-0.03326572880783152,0.79477483,0.48367417059909523,00:26:36.00
1597,-15.813645,1.0962288,0.47328116712310725,-0.3759649680865871,-0.43711343,0.1493544248962794,00:26:37.00
1598,-18.128016,0.8220425,0.08974953725360192,-0.42610554308285553,-0.04187061,-0.10200510701361588,00:26:38.00
1599,-18.617504,1.2702509,0.6973141386921331,-0.30979215760071394,-0.47072992,0.30302026589110953,00:26:39.00
1600,-24.307093,1.2330444,0.5645836424500675,-0.3391170399432793,-1.4630091,0.20871628765965614,00:26:40.00
1601,-31.689455,0.9344815,0.07729457480295951,-0.4622150477873187,-1.8364894,-0.13938455791207194,00:26:41.00
1602,-36.478855,0.4882042,-0.623362002631387,-0.7584731517118158,-1.20889,-0.6777565484569568,00:26:42.00
1603,-38.24843,0.49205706,-0.6550571607449825,-0.8118332000430478,-0.5827383,-0.7199174373540622,00:26:43.00
1604,-37.778866,0.5220213,-0.6204657945744261,-0.8387759906244374,0.1606029,-0.7097382641166662,00:26:44.00
1605,-31.43935,1.2799585,0.73395460831986,0.05741870700688429,1.1657517,0.4517601433613473,00:26:45.00
1606,-32.675926,1.1547898,0.6223747527347309,0.2443159202521006,0.44173887,0.4573062499328232,00:26:46.00
1607,-31.482573,1.6270684,1.4198441642284296,1.0406662957316604,-0.92800105,1.2617783140442755,00:26:47.00
1608,-36.11113,0.48864073,-0.6450285748185032,-0.8433370031176041,-0.6761812,-0.7246603330605583,00:26:48.00
1609,-35.238163,0.8868199,-0.09640661873560248,-0.695126448326952,0.53940314,-0.33681987314992284,00:26:49.00
1610,-31.779621,1.0752885,0.22622168002857404,-0.38240341672331285,-0.26890376,-0.008735507305674293,00:26:50.00
1611,-35.370224,0.86960965,-0.10585273089068963,-0.5938691944586743,0.10482022,-0.2983035452009334,00:26:51.00
1612,-33.388554,1.2812152,0.5150989306882483,-0.30299345256416954,-0.15708761,0.18818078145376357,00:26:52.00
1613,-33.987972,1.0858656,0.30674441740768266,-0.24720941331228888,0.38067582,0.08299185917791899,00:26:53.00
1614,-33.00151,1.2827606,0.5001670140419613,-0.353923828135628,-0.5722473,0.16119328098501837,00:26:54.00
1615,-37.702198,0.8598814,-0.16917340579971019,-0.6749068186186139,-1.3651568,-0.37335127216087927,00:26:55.00
1616,-37.743526,1.1997162,0.5856094456041776,0.21539461709598334,1.2532458,0.4220249785246265,00:26:56.00
1617,-34.948933,1.3605613,1.108138092989078,1.0066763730620123,-1.5306648,1.0393131005307106,00:26:57.00
1618,-43.889126,0.38695523,-0.7816512917730838,-0.7446702370693907,-1.154782,-0.780489887497947,00:26:58.00
1619,-40.07524,0.61233634,-0.47606754839879845,-0.697259221442703,1.3909996,-0.5700031567038785,00:26:59.00
1620,-34.816177,1.2059352,0.36794218877615503,-0.4152921926108602,-0.8346232,0.05508015324255857,00:27:00.00
1621,-42.29404,0.41289455,-0.7949936882019452,-0.8277366111338249,-1.1892155,-0.815785422766815,00:27:01.00
1622,-40.284607,0.47352675,-0.7210807092900187,-0.8781199358550759,-0.028316641,-0.7865590472143403,00:27:02.00
1623,-38.277596,0.8740826,-0.15214110873983697,-0.6832342660560965,0.3239234,-0.3674767192444347,00:27:03.00
1624,-38.64121,0.6920393,-0.32944291382403623,-0.6055550403297537,-0.71582705,-0.44667911530836807,00:27:04.00
1625,-38.023956,0.9193997,0.23838299864365683,0.07554241732054791,0.018547835,0.15394937353312468,00:27:05.00
1626,-35.84003,0.52718127,-0.4967830169081681,-0.5783414524221594,-0.034254286,-0.5288777364541427,00:27:06.00
1627,-39.201252,0.60689574,-0.42520887738071406,-0.6096511443271161,-1.2018936,-0.5081390723939342,00:27:07.00
1628,-39.92458,0.6232866,-0.2805536239011364,-0.32421605075863275,0.026063051,-0.31705119953595695,00:27:08.00
1629,-33.43268,0.82848936,0.13092804508232697,-0.11569718952217799,2.2693005,0.01625828361572879,00:27:09.00
1630,-24.519236,0.8120388,0.19094339925051718,-0.1619822329787845,0.7616696,0.045354369502541264,00:27:10.00
1631,-28.679846,0.85519534,0.20871397307844464,-0.1651555741814553,-1.505416,0.04826622880225772,00:27:11.00
1632,-33.18316,0.6594172,-0.16270343516577357,-0.3485064861937208,-0.6912241,-0.24694418283335293,00:27:12.00
1633,-32.303963,1.3975105,0.9748448252113707,0.3242320250607952,-0.3604267,0.6935804931049966,00:27:13.00
1634,-37.913654,0.7042372,-0.12631186335353384,-0.2054015984282562,-0.90952516,-0.17552439934747946,00:27:14.00
1635,-34.766125,1.2967167,1.0280697050929342,1.2057576803920687,0.23149645,1.0857298908046593,00:27:15.00
1636,-36.9426,1.093095,0.583357780559639,0.5896459481135362,-0.42777187,0.5690652405651698,00:27:16.00
1637,-39.061947,0.6410948,-0.2601904251366463,-0.3452568448067814,-0.89946127,-0.3106622994866619,00:27:17.00
1638,-40.288662,0.60250854,-0.35094106313672324,-0.4278686740747348,-0.3762038,-0.3982568003096503,00:27:18.00
1639,-37.791393,0.65168214,-0.2481562429104063,-0.40162800622651845,0.20448162,-0.32441334335831007,00:27:19.00
1640,-37.203274,0.6553684,-0.23239828515853844,-0.4036650517265479,-0.6318903,-0.31760174632113647,00:27:20.00
1641,-39.368298,0.68444437,-0.16895979584578255,-0.28135376849186966,-0.37930858,-0.23694467297879074,00:27:21.00
1642,-36.025097,1.0693146,0.49856595209435267,0.31085225312382553,0.48342216,0.4086564354602878,00:27:22.00
1643,-37.758896,0.81268966,0.13202812799488214,0.21756976379860601,-0.6219991,0.14777078204344515,00:27:23.00
1644,-36.802483,0.86339134,0.1766238506410404,0.005838589013409112,-0.094541214,0.0858984264146476,00:27:24.00
1645,-37.052498,0.68711877,-0.12792552398499268,-0.23751810096606987,-0.7358112,-0.1917368504362326,00:27:25.00
1646,-39.90702,0.49197835,-0.5122875654599373,-0.5065197761722519,-0.9736159,-0.5235440661355149,00:27:26.00
1647,-41.12173,0.4898064,-0.5317817933501079,-0.5031056638356102,-0.62638247,-0.5338057653522409,00:27:27.00
1648,-40.988956,0.42633,-0.6858552005122212,-0.7062064662555525,-0.93331206,-0.7051497950691988,00:27:28.00
1649,-42.432304,0.45855558,-0.6457047134336961,-0.6604444977415032,0.55933225,-0.6643073717286442,00:27:29.00
1650,-35.989628,1.6095989,1.0962943393012077,0.17878108010024593,0.008209489,0.7158767507715552,00:27:30.00
1651,-41.425755,0.6151119,-0.33094540742520134,-0.18082774813025493,-1.427985,-0.28004213073649126,00:27:31.00
1652,-43.20145,0.35268235,-0.8712161817466147,-0.8415728358431684,0.71231365,-0.866636715827727,00:27:32.00
1653,-34.79329,1.2031872,0.6491154546397644,0.4372593184223486,0.42718726,0.5627611052459334,00:27:33.00
1654,-35.74764,1.4381751,0.8864048586200919,0.2213720032239061,-0.32190698,0.6131864315592348,00:27:34.00
1655,-37.042263,1.3319558,0.8130407541036151,0.34595211172622886,0.35268152,0.6108077448186118,00:27:35.00
1656,-38.288235,1.0919309,0.3892096703364533,0.03320065651252577,-0.011116532,0.2345948573309352,00:27:36.00
1657,-33.69189,1.1096227,0.45769540819767535,-0.03975378579167617,-1.0681669,0.2476906478398715,00:27:37.00
1658,-44.801514,0.36797237,-0.7974083473355407,-0.6974197530979733,-2.1003423,-0.7718508207339223,00:27:38.00
1659,-46.10021,0.38535318,-0.7885735106209619,-0.7095866652142183,-0.72621197,-0.7738500847121234,00:27:39.00
1660,-45.430775,0.39657176,-0.7418896037457692,-0.6560283965831857,0.26623002,-0.7265260314817932,00:27:40.00
1661,-37.46728,1.4033015,0.9371275406787478,0.4607764480343972,2.0420108,0.7262302357273477,00:27:41.00
1662,-34.41431,1.6429204,1.3877536183212797,0.9481919397758964,-0.96315074,1.198891884731419,00:27:42.00
1663,-43.076176,0.94089913,0.33033296819816105,0.4996031521103168,-1.362976,0.3679976668472525,00:27:43.00
1664,-44.34176,0.52884185,-0.4280196275889797,-0.2684289367184609,-0.9551804,-0.389060463580642,00:27:44.00
1665,-44.71766,0.6664659,-0.09181198045403938,0.15335321774400185,-0.5870575,-0.02793610214766123,00:27:45.00
1666,-46.04607,0.36826667,-0.6590953363313328,-0.37052812073383506,-0.66711813,-0.5706308307278919,00:27:46.00
1667,-44.951885,0.45879292,-0.556899541800489,-0.3923873574633823,0.64760494,-0.5147421845504427,00:27:47.00
1668,-38.09038,1.3100919,0.8956895762278735,0.6747157467046593,-0.27990413,0.7832225879719129,00:27:48.00
1669,-40.7547,0.9091806,0.1692897688558866,0.04392692633339064,-0.070515536,0.09812597984403387,00:27:49.00
1670,-41.921963,0.4927847,-0.41631590259105034,-0.1872764426948729,-0.5397942,-0.3461724904559668,00:27:50.00
1671,-40.09162,0.5830731,-0.3254423354247123,-0.3325984850269062,-0.28738257,-0.34871589764636035,00:27:51.00
1672,-40.659645,0.5463743,-0.40894229594680487,-0.3962710787975254,-0.61041504,-0.42151330508842444,00:27:52.00
1673,-40.872887,0.6524828,-0.20395182425867747,-0.1710709092612662,-0.33501422,-0.21153738300636793,00:27:53.00
1674,-39.092167,0.7148105,-0.09217678960106769,-0.17957980239161134,0.122101516,-0.15151783988994047,00:27:54.00
1675,-38.22891,0.96056825,0.21411521469288217,-0.13631171254719746,0.87883246,0.05488252942638383,00:27:55.00
1676,-32.923668,1.31972,0.8499087374419134,0.3312484897090918,0.5095655,0.6274192292936583,00:27:56.00
1677,-33.87715,1.2012461,0.7345465016353441,0.4858093611226852,-1.1492659,0.6184213298715018,00:27:57.00
1678,-39.235058,0.63204765,-0.26658353596799295,-0.3137596196889078,-0.88388497,-0.3017130153928742,00:27:58.00
1679,-39.581234,0.59271353,-0.3431002820124352,-0.3897879663355228,-0.83601725,-0.3775080462992455,00:27:59.00
1680,-42.235004,0.49534222,-0.5651698562688772,-0.5766749907991906,-1.2669955,-0.584650394815701,00:28:00.00
1681,-45.259544,0.4478008,-0.6659992698291036,-0.6003044069828436,-0.70443076,-0.6573466335593389,00:28:01.00
1682,-40.531544,0.44703838,-0.6225051944834361,-0.5904401348065008,1.4883815,-0.6208615168733491,00:28:02.00
1683,-32.790127,0.46163407,-0.600468871340346,-0.6924467580324636,0.89622116,-0.6353081022441796,00:28:03.00
1684,-32.207397,0.49716184,-0.5581346133748589,-0.646884834727854,-0.5459754,-0.5880105783289438,00:28:04.00
1685,-30.967106,0.49042594,-0.5393058402042188,-0.608030694972051,-0.087411195,-0.561236274906576,00:28:05.00
1686,-32.7733,0.4745287,-0.5791147033124943,-0.6011685982741525,-0.5636491,-0.5831160373645295,00:28:06.00
1687,-31.051434,0.4840598,-0.5420872187391068,-0.580769924881472,-0.41494423,-0.5511653094719988,00:28:07.00
1688,-33.72685,0.48094177,-0.5811866400779179,-0.5921557097384899,-0.888068,-0.5812865208390694,00:28:08.00
1689,-34.370636,0.48624602,-0.58222520835354,-0.5850362233963301,0.12396291,-0.5777720826451467,00:28:09.00
1690,-30.11545,0.5179074,-0.5119981612574783,-0.6165194198487988,1.023501,-0.5442744247141292,00:28:10.00
1691,-25.671251,0.51283306,-0.4456589485070527,-0.5379129329895884,0.12464503,-0.46946780567753643,00:28:11.00
1692,-27.25544,0.5478685,-0.4163277321989504,-0.5313459996823751,-0.51486635,-0.45169022635729744,00:28:12.00
1693,-27.024323,0.5511856,-0.38461252113074296,-0.43378160158568163,0.07203791,-0.3918096395816606,00:28:13.00
1694,-25.299335,0.52441996,-0.38489874020535786,-0.3887075318700607,0.086366154,-0.37195033172596553,00:28:14.00
1695,-25.55285,0.5553521,-0.3541359277814221,-0.4358116280731487,-0.53320515,-0.37447172745457685,00:28:15.00
1696,-28.103098,0.5316904,-0.4059866962723607,-0.43068759115114646,-0.939605,-0.4057011892195421,00:28:16.00
1697,-30.310877,0.6106064,-0.29933565068036067,-0.376022411615395,-0.6358422,-0.32376896014246787,00:28:17.00
1698,-31.857908,0.5427505,-0.39105632883425284,-0.3362581270263435,-1.2159011,-0.36376121378278,00:28:18.00
1699,-35.856,0.4553882,-0.5480456077073852,-0.37456131440722545,0.02255937,-0.4784758555668098,00:28:19.00
1700,-31.543486,0.44491634,-0.5347986015733933,-0.3923375294794281,-0.85503626,-0.4713981981050276,00:28:20.00
1701,-35.815395,0.32594284,-0.7637379158346703,-0.5297266838220562,-1.2956688,-0.6679349729046439,00:28:21.00
1702,-38.254883,0.29310414,-0.8461191007384283,-0.5627429630697115,-0.61881363,-0.7317540006595653,00:28:22.00
1703,-37.146545,0.4090283,-0.6148403853419937,-0.44662678836260317,-0.28581426,-0.5539652913250221,00:28:23.00
1704,-37.686676,0.49962014,-0.4119016741876748,-0.32779551216045477,-1.1753094,-0.39558625665761377,00:28:24.00
1705,-40.483692,0.43549627,-0.4959245708043173,-0.24114017735313512,-1.2957603,-0.41368473285051943,00:28:25.00
1706,-46.017418,0.453034,-0.5213284825954791,-0.2203259522176962,0.42659032,-0.4294715148132166,00:28:26.00
1707,-35.88078,1.6022118,1.1583411444212972,0.2779598175680479,0.7904778,0.7848032636792386,00:28:27.00
1708,-32.959473,1.5638801,1.138889235997933,0.34089132018455576,1.2599564,0.8079968916764224,00:28:28.00
1709,-31.985254,1.4337819,1.0226064016182759,0.5586182044974042,-0.15367922,0.8351879298131674,00:28:29.00
1710,-36.610123,1.1925185,0.6893220734133693,0.3542136587289819,-2.9192972,0.5292294064057971,00:28:30.00
1711,-51.76611,0.48126814,-0.5343532911773966,-0.1156595339027828,-1.8373944,-0.3980648812229246,00:28:31.00
1712,-42.809223,1.3458039,0.9061935422058975,0.8090864212023976,2.3472822,0.8382067056376538,00:28:32.00
1713,-43.926548,0.865185,0.13214568027348683,0.358861326504741,-0.817878,0.20491808770741818,00:28:33.00
1714,-38.874676,1.2969289,0.7799474307936519,0.4209783071629859,0.08990099,0.6188471731694266,00:28:34.00
1715,-41.947357,1.1533263,0.7181818843110633,1.1035481871044759,-1.568483,0.8539406382150855,00:28:35.00
1716,-49.81366,0.61928827,-0.3151586097850189,0.032929365459945466,-1.5433792,-0.2009565499831673,00:28:36.00
1717,-52.172733,0.50489974,-0.49278153031209443,-0.08936681738114892,-1.2328079,-0.36551921379589675,00:28:37.00
1718,-52.367546,0.4793978,-0.5399207590040559,-0.08254214818611212,-0.678097,-0.3859052318905214,00:28:38.00
1719,-51.967342,0.4657347,-0.5707127776319931,-0.18599398801586586,-0.661208,-0.44954430358288094,00:28:39.00
1720,-51.596863,0.47338265,-0.5575400226317886,-0.1862548612414592,-0.64972705,-0.4414091641847562,00:28:40.00
1721,-51.071,0.47206908,-0.5667331210612614,-0.2326881030653969,-0.55779684,-0.4648853433194944,00:28:41.00
1722,-49.894695,0.44992426,-0.587752873472885,-0.2645847022308999,-0.71401197,-0.48933347254356346,00:28:42.00
1723,-51.94522,0.44893762,-0.5960101967781036,-0.20472197785388366,0.10884523,-0.4726117504915766,00:28:43.00
1724,-46.190647,0.9326239,0.39180096280564025,1.1590947875187936,-0.92926747,0.6814356682362676,00:28:44.00
1725,-48.458866,0.6380533,-0.29522732428122334,-0.15270018029492033,0.45689547,-0.27119087835174066,00:28:45.00
1726,-46.750954,0.71865976,-0.16557718647626224,-0.049139224027304765,-1.8478789,-0.14683515387385554,00:28:46.00
1727,-52.050457,0.53446794,-0.4413839177952899,-0.031742205699726606,-0.5732319,-0.3131430789491038,00:28:47.00
1728,-47.596764,0.78392124,-0.01350073079574249,0.058337743487996675,1.3291801,-0.029924480749580564,00:28:48.00
1729,-40.803703,1.532014,1.0379349986573627,0.230469395809206,-0.014544903,0.6808966580500067,00:28:49.00
1730,-45.551815,0.5517655,-0.3956433974271566,-0.2318974085958017,-1.1202794,-0.358229634086329,00:28:50.00
1731,-45.981182,0.50749046,-0.3389734499221629,0.04477669827123466,0.4627074,-0.22441816234928924,00:28:51.00
1732,-41.67411,0.9876578,0.24477836722074064,-0.04758524636751432,-1.1174065,0.10252685742520867,00:28:52.00
1733,-45.393394,0.47268587,-0.4649063394313991,-0.21733776738601707,-0.99131936,-0.40175311237918043,00:28:53.00
1734,-45.86527,0.43414634,-0.5530170956530022,-0.26433712294519124,-0.013881528,-0.4664625898327373,00:28:54.00
1735,-41.448616,0.43222153,-0.48295874294317115,-0.21304963318184636,0.4395315,-0.40240095409886245,00:28:55.00
1736,-39.971954,0.4452005,-0.5100420427993172,-0.35046360168885815,-1.0048528,-0.46597989519432104,00:28:56.00
1737,-43.492947,0.42054796,-0.5966309113594598,-0.3710996350783649,-0.66552246,-0.5270087201842709,00:28:57.00
1738,-41.34646,0.59099275,-0.2966931079735607,-0.24604926200586305,-0.36428797,-0.3050219914963983,00:28:58.00
1739,-41.162857,0.3768356,-0.6447476914213062,-0.46249258058953324,-0.4483045,-0.5924012862486422,00:28:59.00
1740,-42.32318,0.34882334,-0.7298380563374411,-0.4974507859230658,0.29080924,-0.6515383443181697,00:29:00.00
1741,-32.02807,0.45242366,-0.5221724981876759,-0.5269151567178123,1.3679764,-0.5240874241603606,00:29:01.00
1742,-30.151731,0.4074115,-0.5657346308287762,-0.49048179921584173,0.13376759,-0.5314957504086801,00:29:02.00
1743,-30.24048,0.26929492,-0.8448934005633953,-0.6811401047626312,-0.5897025,-0.7683508368941308,00:29:03.00
1744,-28.7976,0.38788915,-0.6380314728912342,-0.6265284886124106,-0.39217365,-0.6262799657655939,00:29:04.00
1745,-30.79036,0.36209527,-0.6936660705089404,-0.6358598336256285,-0.3980605,-0.6646441687351506,00:29:05.00
1746,-29.986506,0.42663562,-0.5626374978933262,-0.5296355309483826,0.033120956,-0.5442095120795927,00:29:06.00
1747,-26.58409,0.5616037,-0.297268437423868,-0.40663619991830324,0.9488155,-0.33625787502166044,00:29:07.00
1748,-22.547726,0.6592131,-0.11864623298149803,-0.29368707135801997,0.62787634,-0.1764014846689989,00:29:08.00
1749,-20.932297,0.7770612,0.08349223653893777,-0.15963012784801311,0.21730855,-0.0017707344399157323,00:29:09.00
1750,-21.26782,0.6838813,-0.035369458804802266,-0.11285895659651693,-0.52392566,-0.05158290565612219,00:29:10.00
1751,-24.366802,0.64496803,-0.15343327727022218,-0.2244622659309853,-0.8444216,-0.17035248472090722,00:29:11.00
1752,-27.539389,0.549003,-0.3546291552679869,-0.33924471448184174,-0.8332505,-0.33769446514510687,00:29:12.00
1753,-28.842094,0.5346427,-0.4080964949304312,-0.40198004776428525,-0.40907088,-0.39584933499128416,00:29:13.00
1754,-28.848753,0.5366193,-0.4314024856947556,-0.5435014992524075,-0.36030263,-0.4695996739327964,00:29:14.00
1755,-28.74503,0.5702536,-0.38463925188108833,-0.5102087771583157,0.1457711,-0.42683724911913007,00:29:15.00
1756,-27.883303,0.5196562,-0.4321204499375924,-0.49610078844608974,-0.527309,-0.4499105360936717,00:29:16.00
1757,-30.224123,0.5318718,-0.44574367162577894,-0.44037505387371056,-1.2127525,-0.4327223196334404,00:29:17.00
1758,-33.767094,1.0277452,0.4847061822507458,0.3641734859218072,-0.34425926,0.41972808960160446,00:29:18.00
1759,-32.72607,1.3886588,1.0381696825620412,0.4691154803911265,0.07261418,0.7828470658367446,00:29:19.00
1760,-34.84076,1.4004765,1.1085485083671607,0.9497508027110954,0.08704869,1.0346037862454458,00:29:20.00
1761,-36.448498,1.0936248,0.7170688591275671,1.533858990957223,-1.2460419,1.071975699305382,00:29:21.00
1762,-33.99919,1.4989512,1.034028138190253,0.4122807306369802,1.5468241,0.7749186745814232,00:29:22.00
1763,-34.507664,1.4915557,0.8640528345877616,0.14831729679349034,0.80341315,0.5838182392277411,00:29:23.00
1764,-33.319496,1.4766545,1.2014449489592935,0.914334566431646,-0.9986125,1.0690195324135634,00:29:24.00
1765,-36.048256,1.717675,1.5891590466690715,1.4542239915238886,-1.2583456,1.5228101623878685,00:29:25.00
1766,-47.44365,0.6187103,-0.43048400353893035,-0.44374209003736736,-1.1026891,-0.45797770985363956,00:29:26.00
1767,-38.76217,0.51842475,-0.5119246452319917,-0.6057227953066574,2.247826,-0.5602536460675808,00:29:27.00
1768,-29.240194,1.0835022,0.5114856399156672,0.23554181967824958,0.95250463,0.40301423434458405,00:29:28.00
1769,-29.76342,1.3013955,0.7589892676274079,0.03610621821180495,0.4438048,0.463079521619603,00:29:29.00
1770,-29.257952,0.88449574,0.13777190508386733,-0.258476492332591,-0.48914292,-0.021490670509688906,00:29:30.00
1771,-31.29177,0.3823639,-0.7642776755405861,-0.8577664116979847,-0.35856098,-0.7909171047579658,00:29:31.00
1772,-29.744944,0.3893547,-0.713262467349601,-0.7945716618311257,-0.019863328,-0.7341545235376327,00:29:32.00
1773,-28.397596,0.57056695,-0.36120968702758116,-0.5643204341044414,0.08076995,-0.4352222362890455,00:29:33.00
1774,-27.779337,0.43766692,-0.6053628063350385,-0.7175253805017109,-0.17483431,-0.6364277397121785,00:29:34.00
1775,-28.144857,0.412895,-0.6485978315738878,-0.7434634193423705,-0.22542313,-0.6734690347395885,00:29:35.00
1776,-26.5804,0.39901,-0.6521518969020664,-0.7437318454712603,-0.41027611,-0.6743813937686646,00:29:36.00
1777,-28.65785,0.41018307,-0.6411562046347565,-0.7120349375265781,-0.15112914,-0.6569700943823111,00:29:37.00
1778,-25.517561,0.8511594,0.10120698593575239,-0.34350225120611066,0.78348166,-0.06911561442064258,00:29:38.00
1779,-24.46209,1.3441094,0.9950765770951921,0.2843783740130488,-0.19875608,0.6993732024651295,00:29:39.00
1780,-26.36679,0.41376117,-0.5853228680373859,-0.6301827168264461,-0.34605542,-0.5884252761093458,00:29:40.00
1781,-26.592165,0.8427156,-0.011371802314001415,-0.5275503154506618,0.22238922,-0.20733106977220964,00:29:41.00
1782,-24.842413,1.5011146,1.0056160942470556,-0.07184965940498259,0.40031055,0.5761257812270827,00:29:42.00
1783,-25.689552,1.2006428,0.506558759690178,-0.2925635467291294,-0.19269517,0.19442559104550255,00:29:43.00
1784,-28.231787,0.8504305,0.2347775085025631,0.20717423098173593,-0.5329518,0.22164092323530668,00:29:44.00
1785,-28.882336,0.6620017,-0.2910083778593649,-0.6003168944696635,-0.3365544,-0.40363224822665383,00:29:45.00
1786,-28.994425,0.6231422,-0.15670398876061561,-0.20633243140723867,-0.046314556,-0.17182484187311353,00:29:46.00
1787,-29.432592,0.6671573,-0.03356689320056351,-0.06341946356247646,-0.12233837,-0.04868065582861109,00:29:47.00
1788,-26.568504,0.5986441,-0.11245669658622859,-0.12081765875002962,0.5857584,-0.11462055380917904,00:29:48.00
1789,-25.930508,0.5743409,-0.20253475816622293,-0.2697510447085789,0.10144794,-0.22352530899759804,00:29:49.00
1790,-24.571993,1.6955508,1.4422816045291083,0.3679481715676162,0.25085002,1.004243137338356,00:29:50.00
1791,-25.118786,0.4564654,-0.4862767764485762,-0.5418072761571701,0.096992485,-0.49270329493598725,00:29:51.00
1792,-24.1411,0.42220572,-0.5457041462715294,-0.5697825876613327,-0.06405213,-0.5379332670640065,00:29:52.00
1793,-23.081152,0.43487233,-0.5074635079328007,-0.569312780185755,-0.31803703,-0.5158738536122176,00:29:53.00
1794,-26.18876,0.4640003,-0.559462328928858,-0.6649116566051751,-1.3131968,-0.5861759080331284,00:29:54.00
1795,-30.612751,0.38317615,-0.6940052426577704,-0.6874922743170417,-1.6303239,-0.6818713756909701,00:29:55.00
1796,-35.778893,0.7384477,-0.05921328055891607,-0.18767286545586717,-1.4711509,-0.12528264239347195,00:29:56.00
1797,-39.699368,0.45016715,-0.524897555607467,-0.2246979903396384,-1.7927257,-0.41466494340648946,00:29:57.00
1798,-44.10406,0.36681855,-0.8234872356432257,-0.6021362903385764,-0.596513,-0.7432212795404814,00:29:58.00
1799,-41.58376,0.71819484,0.07212902668847974,0.35046498834015805,-0.007850597,0.14078681388397907,00:29:59.00
1800,-42.537785,0.26597416,-0.8002261548513478,-0.2486814809086152,-2.120157,-0.588707621547919,00:30:00.00
1801,-48.15877,0.5173407,-0.5211449066824758,-0.20761989743427953,-1.6725049,-0.4145248653197499,00:30:01.00
1802,-51.536903,0.46876487,-0.4406394794536882,0.22118047997085463,-0.31279674,-0.2174959095060776,00:30:02.00
1803,-45.914158,0.43233946,-0.45029599049352836,0.1356247153809389,0.09078052,-0.25117324316276757,00:30:03.00
1804,-44.00931,0.35412732,-0.6677704118406877,-0.12607930978549467,0.516584,-0.46856478923890216,00:30:04.00
1805,-41.368202,0.3932644,-0.6017735525195083,-0.32331885399317434,-0.7684094,-0.5189043177319488,00:30:05.00
1806,-42.655422,0.28448966,-0.8267380680844174,-0.4857978584226359,-1.3313719,-0.7084170441510718,00:30:06.00
1807,-46.571583,0.1881385,-0.854712808103296,-0.218265785344832,-1.2746493,-0.6378020057636851,00:30:07.00
1808,-46.146763,0.43577442,-0.384627029921144,0.44138971054083903,-0.16132143,-0.07898358256345456,00:30:08.00
1809,-43.556026,1.0689394,0.6151011558142238,1.0709577270263715,-0.18181247,0.7744904034353748,00:30:09.00
1810,-46.09461,0.5765704,0.04377418109536496,1.3257303100209787,-0.84633076,0.5266599427806189,00:30:10.00
1811,-44.285206,0.6355732,0.1102904471039026,1.0614718321463175,0.44584918,0.45157675930716684,00:30:11.00
1812,-37.978035,0.60852265,-0.054351056113503264,0.18906769791135986,0.6118314,-0.0022973053216420324,00:30:12.00
1813,-40.393356,0.74095595,0.1906604224047756,0.660984527684272,-0.8206224,0.3382809864106654,00:30:13.00
1814,-38.174168,0.813332,0.2965412377324827,0.5157350429717097,0.15803275,0.3395448756293358,00:30:14.00
1815,-37.638985,0.6772281,-0.08827572981878895,0.013010901517531528,0.9930407,-0.06550812595093065,00:30:15.00
1816,-29.169825,0.6643399,-0.08332125420094152,-0.07773251796992345,0.18449463,-0.08029245858260681,00:30:16.00
1817,-31.766893,0.5985022,-0.25609724179084864,-0.23254984204627,0.4889805,-0.24669182297548534,00:30:17.00
1818,-28.854822,0.9246988,0.3006324840895277,0.013635245725578097,-0.43407443,0.17589872272329665,00:30:18.00
1819,-30.627453,0.51204115,-0.39134998372834295,-0.3363629094453855,-0.4710162,-0.3674140485617948,00:30:19.00
1820,-30.58241,0.5113057,-0.375215140366609,-0.3072693867710603,-0.48501542,-0.3486469830156593,00:30:20.00
1821,-33.019985,0.58077806,-0.23325222746837976,-0.16515669068627825,-0.88140345,-0.21146055403608646,00:30:21.00
1822,-34.854702,0.6514909,-0.1303488511512551,-0.09555899403067464,-0.56608826,-0.12779255717350735,00:30:22.00
1823,-33.887844,0.6158623,-0.18283217179803538,-0.08309167798250648,-0.019209,-0.1485882558908415,00:30:23.00
1824,-34.95029,0.46617335,-0.45799494184528877,-0.26762228519200915,-1.2355782,-0.38224342040818166,00:30:24.00
1825,-38.27461,0.7112046,0.018208093884743842,0.15347865103887168,-0.4452877,0.04748570363408648,00:30:25.00
1826,-36.61643,0.5457343,-0.3314023537585374,-0.13058303687372533,-0.25825706,-0.25592992855499014,00:30:26.00
1827,-36.312584,0.43182337,-0.4486843759282689,-0.1162637142075291,-0.37634498,-0.3200315936188443,00:30:27.00
1828,-36.793686,0.6246628,-0.13706923963905088,-0.06902319342732798,-0.47227922,-0.13651580612942385,00:30:28.00
1829,-37.224747,0.6308369,-0.1072422585699072,0.07004711489113881,-1.3146566,-0.061851631199592215,00:30:29.00
1830,-43.812946,0.3706613,-0.5321455141185031,-0.10088456006412626,-1.897792,-0.3981908539430988,00:30:30.00
1831,-45.87626,0.65662205,-0.15849791970850038,0.10736931395757082,-0.52271307,-0.08791861528639183,00:30:31.00
1832,-42.59689,0.5042771,-0.37474543397188875,-0.09340775813553008,1.2801161,-0.29359129000692535,00:30:32.00
1833,-37.449177,0.6158806,-0.09488014607500549,0.07057645204112992,-0.16196284,-0.06212878119788046,00:30:33.00
1834,-36.288376,0.703051,-0.0116711894971059,0.00809844406057665,0.7199745,-0.0341410670105808,00:30:34.00
1835,-29.609167,0.5457153,-0.383442729461709,-0.4518376140842609,1.5842891,-0.4069370884338165,00:30:35.00
1836,-25.597471,0.47969618,-0.463859778227536,-0.4624145578890593,0.034042526,-0.44796045357587594,00:30:36.00
1837,-25.460548,0.5985261,-0.19805682454885343,-0.23673607745615877,-0.031315472,-0.20457527286403127,00:30:37.00
1838,-24.657053,0.6389267,-0.20702196550373766,-0.398679471224948,0.34772152,-0.2734999995451277,00:30:38.00
1839,-22.407976,0.662178,-0.14803065699214868,-0.37099167299971303,0.4442999,-0.22382785012337578,00:30:39.00
1840,-21.389923,0.7180917,-0.00558398705517065,-0.2506254034305062,0.06430821,-0.09237102374344704,00:30:40.00
1841,-21.096367,0.7717796,0.08466845171313145,-0.22922457342925867,-0.1067472,-0.03223732457294446,00:30:41.00
1842,-22.587666,0.665431,-0.12276714827610515,-0.3524167645323109,-0.47390646,-0.20468676459704066,00:30:42.00
1843,-24.644129,0.7451757,0.02508808811006299,-0.24974134882046262,-0.82599145,-0.08535975709045758,00:30:43.00
1844,-28.395658,0.56814426,-0.24673969129349532,-0.32170800885399164,-1.2452108,-0.2814303371746909,00:30:44.00
1845,-32.038437,0.33248267,-0.7064631294377409,-0.6598647315006191,-0.65450627,-0.6897251886474121,00:30:45.00
1846,-30.920107,0.34248823,-0.7290496775559626,-0.6040441004742555,-0.9125402,-0.6668777600483081,00:30:46.00
1847,-34.737095,0.32073826,-0.7753706398239604,-0.6444629742832293,-1.3949283,-0.7211965809485125,00:30:47.00
1848,-39.399876,0.27481875,-0.719264752556313,-0.33213670149907615,-1.6842448,-0.580498883861799,00:30:48.00
1849,-40.89601,0.35045102,-0.7272062472222053,-0.49745740356667495,-0.7518792,-0.645227539807995,00:30:49.00
1850,-42.40841,0.2736115,-0.8762109526497646,-0.5838015737903176,0.4872528,-0.7692696703962182,00:30:50.00
1851,-29.840769,0.3977208,-0.5722642496352774,-0.489390100919365,1.4511765,-0.5317473023319655,00:30:51.00
1852,-31.226696,0.3657728,-0.6602001621159997,-0.5728914029970285,-0.9136428,-0.6199702996035961,00:30:52.00
1853,-33.51158,0.22965935,-0.9581474072283954,-0.774403924294956,-1.2837855,-0.876302449797529,00:30:53.00
1854,-35.396053,0.27456194,-0.8365746935932746,-0.5918745032132389,-0.038348567,-0.7350694149929929,00:30:54.00
1855,-32.15088,0.33202255,-0.7067942382673855,-0.5429218278271069,-0.6833937,-0.6373111974689144,00:30:55.00
1856,-34.912003,0.33609298,-0.6714127865939817,-0.4468955433241247,-0.57166827,-0.584660639127754,00:30:56.00
1857,-34.33873,0.6603938,-0.13173612271601629,-0.17530280000854848,-0.010074134,-0.1633446347244574,00:30:57.00
1858,-31.86595,0.7312793,-0.05471181422281278,-0.16001233524113176,0.6377662,-0.1002750895838066,00:30:58.00
1859,-28.546265,0.96173966,0.41362878674969733,0.20130276720148552,0.5237986,0.3196678123201879,00:30:59.00
1860,-27.466917,1.3237987,1.0133623786933534,0.6042783185830363,0.7370569,0.8358185441146244,00:31:00.00
1861,-23.832954,1.0466102,0.5905953430760431,0.2863676328833552,1.2784734,0.46586521331170616,00:31:01.00
1862,-21.648355,0.80213857,0.189360063281384,-0.004824164085726655,-0.28694898,0.11501779376661513,00:31:02.00
1863,-23.648836,0.82712406,0.20188771082063073,-0.008667343785465402,-0.5592221,0.12057011862022354,00:31:03.00
1864,-28.086477,0.8485213,0.20440570456507717,0.0496765386875994,-1.0933812,0.1397154229193494,00:31:04.00
1865,-30.344652,0.8679767,0.1381905613426391,-0.0636151880326543,-0.5047955,0.057960881975280445,00:31:05.00
1866,-30.9718,0.8020397,0.10746968917309611,0.07116056905108786,0.03312368,0.08776197054315506,00:31:06.00
1867,-28.56029,0.9804361,0.4608898830709722,0.22920526011367998,2.43316,0.35373660385472716,00:31:07.00
1868,-15.108286,0.7188813,0.021815241734952008,-0.302700699940256,0.8582171,-0.08780734307611533,00:31:08.00
1869,-19.64174,0.6921158,-0.07036399509601897,-0.33737798551664255,-0.22565551,-0.1594628445228137,00:31:09.00
1870,-19.264585,0.6168615,-0.12322930731245976,-0.2450480318958179,-0.26035473,-0.15498196963782285,00:31:10.00
1871,-19.462421,0.67529494,-0.05279549476536,-0.2556079117685024,0.06869972,-0.1186910218285508,00:31:11.00
1872,-20.756828,0.6123645,-0.17235772679193323,-0.26965358218731944,-0.105248705,-0.19297328081270823,00:31:12.00
1873,-18.948372,0.6981837,-0.03858860416241421,-0.27034883837717755,0.37139735,-0.11374539130100537,00:31:13.00
1874,-17.828737,0.7407731,0.05655755255521872,-0.1867701839222291,0.7400427,-0.02172830145253932,00:31:14.00
1875,-15.335188,0.78029937,0.1746581636179837,-0.06689243709611149,0.31270877,0.09930536454451186,00:31:15.00
1876,-16.586693,0.7620477,0.17182699582102268,-0.0247713426513641,-0.06881432,0.10982083827697803,00:31:16.00
1877,-17.841688,0.638726,-0.10652184197900672,-0.38333184163167,-1.459409,-0.20291411077442123,00:31:17.00
1878,-26.171555,1.216699,0.6840448761359863,-0.08866152168042336,-2.158652,0.3674593123324306,00:31:18.00
1879,-34.77359,0.5024359,-0.5202725861964402,-0.6060421905184308,-2.0992925,-0.5580777029426673,00:31:19.00
1880,-39.65723,0.408041,-0.6360785212847196,-0.4532872327985587,-1.180704,-0.5731663688579096,00:31:20.00
1881,-37.68312,1.1134588,0.5821221007446562,0.3228973693858227,0.8772685,0.44912757848489887,00:31:21.00
1882,-39.71246,0.82211894,0.14670482679158284,0.4483860878010322,-0.42852524,0.25222357555599567,00:31:22.00
1883,-34.750053,1.5561403,1.3869378710489,1.1820303259718117,-0.26630265,1.275614057964033,00:31:23.00
1884,-41.529526,0.30525333,-0.6756145303969123,-0.22821680776217604,-2.9815798,-0.5277451822113901,00:31:24.00
1885,-52.324223,0.30151182,-0.4958607067871155,0.9434781203568623,-0.12828565,0.04487075717352427,00:31:25.00
1886,-40.7534,1.4847577,1.243476219549337,1.5604511476738816,-1.4423531,1.3550005326438066,00:31:26.00
1887,-55.5494,0.09806717,-1.0122706550775757,0.5330505739242465,-0.36188623,-0.4012439665713946,00:31:27.00
1888,-41.078556,0.22398405,-0.665154566748758,-0.0039036076794087466,0.96116817,-0.4406627322349317,00:31:28.00
1889,-45.615055,0.4710684,-0.12519950035434785,0.7900099240758722,-3.4291904,0.17189043749473373,00:31:29.00
1890,-58.061443,0.08311715,-1.0193680626592132,0.2793010046810422,-2.9936726,-0.5432327305952952,00:31:30.00
1891,-62.8556,0.05534071,-1.1407444349279228,0.3922279831480884,-2.0619178,-0.5478714601870096,00:31:31.00
1892,-60.897057,0.1140624,-1.0865237864200372,0.43396630569264205,1.102734,-0.4856097783757371,00:31:32.00
1893,-45.956936,0.3727456,-0.391525342986215,0.5539535659688306,2.5919645,-0.05468980419325912,00:31:33.00
1894,-43.33319,0.3315162,-0.5110159084295731,-0.052517206691420355,-1.7517341,-0.3859033071045339,00:31:34.00
1895,-48.78452,0.47165182,-0.5054037967327482,0.048853456830105765,-1.8695221,-0.3077469354887705,00:31:35.00
1896,-52.12844,0.55196947,-0.37851487984264937,0.4733599599541483,-0.49308416,-0.04499362086857717,00:31:36.00
1897,-46.67366,0.7053444,-0.04175294471910456,0.5812208610654649,1.4139587,0.19100682499344804,00:31:37.00
1898,-38.865746,0.7000416,-0.011097557306437748,0.07838741044304676,-0.17443494,-0.008553569535596668,00:31:38.00
1899,-45.20955,0.6539735,-0.22645309915818848,0.13947479392175177,-1.8877127,-0.09290117317195246,00:31:39.00
1900,-47.30434,0.718705,-0.1700331993690299,0.1900436776902609,-0.75608087,-0.036099632130540835,00:31:40.00
1901,-49.837406,0.6153433,-0.2904463959174682,0.34698478254890264,0.4315678,-0.04433068269479598,00:31:41.00
1902,-35.999496,0.7014353,-0.046953096667372615,0.15468818688260672,1.511014,0.027600291175130923,00:31:42.00
1903,-41.200886,0.570675,-0.3118547261155672,-0.005266668426763515,-2.2002096,-0.202833805932688,00:31:43.00
1904,-45.10016,0.60657746,-0.2758924802193434,0.12156710843197942,-1.0476471,-0.1331300787151773,00:31:44.00
1905,-45.97433,0.5964704,-0.2772717771686217,0.2072980298105125,-0.77326506,-0.09836627762243587,00:31:45.00
1906,-47.027336,0.60169613,-0.31401967537053266,0.10786058193876419,-0.84860104,-0.16152312643646993,00:31:46.00
1907,-47.682823,0.630483,-0.22040941705323494,0.36683800754285356,-0.7455612,0.00206280812883198,00:31:47.00
1908,-48.424377,0.6448718,-0.2264928234923837,0.40816892795537973,-0.6895729,0.02167199492706152,00:31:48.00
1909,-48.24128,0.6801545,-0.09878663908853229,0.5932839433173673,-0.45698446,0.16649109335778722,00:31:49.00
1910,-48.58631,0.70362467,0.03214840467780665,0.8548131243336095,-0.66321224,0.33967023660402235,00:31:50.00
1911,-49.04499,0.6465492,-0.14695522455634594,0.6104035371220718,-0.6543052,0.14354897618366316,00:31:51.00
1912,-48.498306,0.6262788,-0.2070086748001973,0.4032947723037926,-0.6265832,0.019120120750276064,00:31:52.00
1913,-48.832603,0.5351123,-0.3077259496416448,0.30898158134039744,-0.29414085,-0.0911827914182742,00:31:53.00
1914,-47.651424,0.50555897,-0.3220547812660685,0.1975711197884526,-0.5625845,-0.1570952462091474,00:31:54.00
1915,-47.827065,0.6045456,-0.20086806836221305,0.25074925889122274,-0.8065,-0.05833033746849608,00:31:55.00
1916,-48.44565,0.660116,-0.02067778920617495,0.7753535957399857,0.1614143,0.2644182963322692,00:31:56.00
1917,-42.354214,1.2592161,0.7607991779166905,0.7540090732329507,0.94345385,0.7423266419722966,00:31:57.00
1918,-40.3444,1.027545,0.6548729439039693,1.4598169765757825,0.83762574,0.9746932303449459,00:31:58.00
1919,-33.29077,1.1601154,1.010546187169757,1.6728550075068322,2.1021469,1.2681017448858019,00:31:59.00
1920,-28.032911,0.9719581,0.7675523979489539,1.2927401490780257,-0.23013324,0.9643971083044671,00:32:00.00
1921,-32.56826,0.7453075,0.20513614973038077,0.5898933404912211,0.009367352,0.34818328290346395,00:32:01.00
1922,-26.166584,0.93224025,0.4251376228797305,0.23290201323048762,2.1861746,0.3406120404783984,00:32:02.00
1923,-15.81563,0.98609906,0.5645797006801683,0.08455546269714287,1.7478092,0.37759557904019586,00:32:03.00
1924,-17.758556,1.0677184,0.7367131617718345,0.2767154069088379,-0.8138388,0.5491265137254455,00:32:04.00
1925,-22.601244,1.1665717,0.8751918161009438,0.4576192384176881,-0.99990886,0.6925594202626708,00:32:05.00
1926,-26.930605,1.1973029,0.8928299009735611,0.46291146748507306,-0.9464382,0.6928059693297498,00:32:06.00
1927,-31.11899,1.257181,1.1857216276673817,1.2806729408691444,-0.92059904,1.1738556155696858,00:32:07.00
1928,-35.25172,0.8348033,0.26083815827228735,0.283728982014445,-1.3703303,0.236841622342182,00:32:08.00
1929,-39.58629,0.6046202,-0.22933811383973438,-0.05888649760655561,-1.1111108,-0.1841612434242701,00:32:09.00
1930,-36.326897,0.71258116,-0.07337163395215712,-0.12474556403175022,1.6919298,-0.11409346035076773,00:32:10.00
1931,-30.576042,0.6305784,-0.21275284063798094,-0.3916513625871816,1.4463569,-0.28997979963907,00:32:11.00
1932,-23.012138,0.6124547,-0.22501176726782293,-0.49589883148198094,0.98987967,-0.3248656993351619,00:32:12.00
1933,-23.380491,0.7644152,-0.0170544558427721,-0.44646008353885747,-1.2154834,-0.18277732038359287,00:32:13.00
1934,-30.029663,0.794844,-0.004214734069805561,-0.3745897330560337,-1.4083709,-0.1580493518511244,00:32:14.00
1935,-31.883102,0.66616964,-0.18686969595911407,-0.3779572253859319,-0.5397189,-0.26848398973331467,00:32:15.00
1936,-32.84785,1.0838596,0.5134698951815824,0.0975863930363542,-0.052140523,0.32683955503804324,00:32:16.00
1937,-33.494762,0.7550192,-0.1096771094224641,-0.419915464524745,-0.021319628,-0.24150293644377338,00:32:17.00
1938,-31.056322,0.9811763,0.3033522846501581,-0.15660996283197043,0.16909364,0.11021756668051785,00:32:18.00
1939,-30.9729,0.9705768,0.28327490420828555,-0.1884351355742396,0.33202526,0.08724205721144815,00:32:19.00
1940,-29.080439,1.3415602,1.073727106892738,0.5519896783173788,0.6567069,0.8354754369716452,00:32:20.00
1941,-27.927137,0.82082766,0.03256045783692552,-0.3872043834657297,0.046286907,-0.13503246211300654,00:32:21.00
1942,-27.962688,0.6313269,-0.2841071610672036,-0.5784389358056121,0.4662461,-0.3952673168141693,00:32:22.00
1943,-22.864338,1.6367441,1.6120081886626478,1.1096824051457348,1.0524133,1.395420672522454,00:32:23.00
1944,-24.776543,0.9977323,0.5030093077356723,0.19373497946995685,-0.6184906,0.3714880121675165,00:32:24.00
1945,-25.654802,0.7029956,-0.1345298998782289,-0.461111950511458,0.24613784,-0.2606192590551141,00:32:25.00
1946,-24.191053,0.6847795,-0.12922931605489205,-0.4367992231821745,0.22988015,-0.2460359635659903,00:32:26.00
1947,-23.616814,0.79304826,0.002475429570822869,-0.4644097950848662,0.44275448,-0.17524960835717185,00:32:27.00
1948,-20.633543,1.7536446,1.5357591044911976,0.3261109123527693,0.77174723,1.0458956554786385,00:32:28.00
1949,-21.46973,1.1375121,0.530075714166519,-0.28724094914971376,0.26994076,0.20878244917271202,00:32:29.00
1950,-21.453146,1.5735179,1.265938333411124,0.19699850605522873,0.3603117,0.8367024446067596,00:32:30.00
1951,-21.583405,0.97150296,0.3318681895004074,-0.2806898678192358,0.276561,0.09481419027281479,00:32:31.00
1952,-20.363369,1.7617482,1.6056600804415397,0.5501533856711496,0.90131855,1.181738913672907,00:32:32.00
1953,-20.726122,1.9590782,2.109476705120513,1.2322450995831669,0.5357732,1.7372957047903255,00:32:33.00
1954,-21.073156,1.0442599,0.6158720619180357,0.22838704960787873,0.10323915,0.4587316695500761,00:32:34.00
1955,-20.557528,0.7489129,0.034955065403144046,-0.2762424106260889,0.6742226,-0.08125652669981902,00:32:35.00
1956,-17.314966,0.82281,0.2072588300456751,-0.19652113451883477,0.83877677,0.05525174393448603,00:32:36.00
1957,-15.59075,0.67030543,-0.07170921688903457,-0.39954629923267837,0.4318948,-0.1831903155964233,00:32:37.00
1958,-14.342589,0.7188611,-0.03677242092779989,-0.4711405972879846,0.4853087,-0.18886742110940083,00:32:38.00
1959,-12.918244,0.72772694,0.07602037430629005,-0.2836225130207415,0.31286332,-0.04568868039761361,00:32:39.00
1960,-13.858982,0.7031648,0.0670114917012148,-0.22448078914877523,-0.12479342,-0.0292829824673352,00:32:40.00
1961,-14.068673,0.7987804,0.15744223779170863,-0.2676757993325164,0.28514755,0.006568222275880569,00:32:41.00
1962,-14.168586,0.68679756,0.0176230823827398,-0.2552933913914503,-0.034612384,-0.07246254329930606,00:32:42.00
1963,-14.632312,0.7440788,0.10104071524292713,-0.21714287763080925,-0.040572856,-0.008371472891322871,00:32:43.00
1964,-15.684823,0.78813994,0.1809726601037593,-0.1658257325471796,-0.121090636,0.05595141609655175,00:32:44.00
1965,-16.86278,0.7639357,0.14207655494652793,-0.17182027466499178,-0.19875105,0.02845118653273571,00:32:45.00
1966,-17.827084,0.7147892,0.05738751845394695,-0.16685545712769406,-0.05507553,-0.01923242158969013,00:32:46.00
1967,-19.13117,0.768989,0.15148421992314628,-0.1206474597447751,-0.51588064,0.04858388891187943,00:32:47.00
1968,-21.153143,0.81424767,0.20629360330863497,-0.07584783536435995,-0.27506295,0.09674935053332552,00:32:48.00
1969,-22.072578,0.7312149,0.057480078905922494,-0.11153669612947949,-0.35929433,-0.0013671980605087562,00:32:49.00
1970,-23.46232,0.78320897,0.16213080568999585,0.023046187053725575,-0.42774493,0.11153804251651185,00:32:50.00
1971,-25.350046,0.5976352,-0.2206011609350946,-0.26567751561673275,-0.63745844,-0.2288445101285837,00:32:51.00
1972,-27.609957,0.56255835,-0.3497958279884649,-0.32001651263719516,-0.87537694,-0.32212998099000073,00:32:52.00
1973,-31.272951,0.6123786,-0.28580786100276606,-0.12740468250305528,-1.3040829,-0.2069641291316648,00:32:53.00
1974,-34.582054,0.73543906,-0.07941196601353688,0.08281716210267419,-0.9120283,-0.010162633436612766,00:32:54.00
1975,-35.925903,0.69209665,-0.09329760895583834,0.13424219211539584,-0.46329498,-0.0018092739353054127,00:32:55.00
1976,-36.573833,0.7730379,0.04508852300052356,0.2514280655345389,-0.6703355,0.12318254578984661,00:32:56.00
1977,-38.53674,1.1226333,0.7572026731549668,1.2038192450115075,1.3478454,0.9232666202834415,00:32:57.00
1978,-22.972486,1.8492509,2.361909924024343,2.818927923138695,5.1620593,2.524537479634228,00:32:58.00
1979,-10.769227,0.9837668,0.9259875549925011,0.9614254680007246,0.95106,0.9338004616853345,00:32:59.00
1980,-13.9844885,1.1008754,1.0352297399098935,1.0476190315543248,0.1170017,1.0374446839986917,00:33:00.00
1981,-13.203113,1.1924577,1.290856214889565,1.530618003323694,0.27920085,1.3901500183300133,00:33:01.00
1982,-14.880558,1.1234531,1.1365349417039488,1.3662987624236993,0.27883187,1.2283759599003887,00:33:02.00
1983,-15.537595,1.1519935,1.1515003215771054,1.2795451807468807,-0.4438628,1.2010707088251071,00:33:03.00
1984,-18.946627,1.2236733,1.2467247261257919,1.5185044971640507,-0.08591315,1.354554331630296,00:33:04.00
1985,-19.963709,1.203971,1.0772928499318897,1.1458157041710388,0.009439221,1.107797762935735,00:33:05.00
1986,-20.633087,1.2200547,1.110769804792954,1.149303307069841,0.72012955,1.125787375904631,00:33:06.00
1987,-19.147148,1.2365211,1.2718488949774642,1.5321139608982728,0.23214982,1.3729883859894647,00:33:07.00
1988,-19.488375,1.4454821,1.2727578321596393,0.768425493456645,0.3596173,1.0743687275987726,00:33:08.00
1989,-19.900738,1.1002885,0.7112805682969412,0.3726433192672415,0.523637,0.580400191994571,00:33:09.00
1990,-17.739634,1.2540885,0.9467870485009668,0.49151804495095897,0.5140295,0.7722402080526657,00:33:10.00
1991,-18.483047,1.2499923,1.1919465734053096,1.0675654903204252,0.44332996,1.1328570586335736,00:33:11.00
1992,-18.314207,1.2419521,1.0206964250278396,0.671149325532434,0.3033308,0.8832839042814788,00:33:12.00
1993,-18.628012,1.3854599,1.207776777542683,0.7082759626070694,0.6567358,1.0099883169014716,00:33:13.00
1994,-16.503822,1.4115883,1.3257603323731397,0.8899111902410958,0.362414,1.1550124022473447,00:33:14.00
1995,-18.993507,1.3387398,1.1909773055281536,0.8045734373078229,0.23770428,1.0343551440236798,00:33:15.00
1996,-18.70719,1.4908199,1.365270766458881,0.782579348713834,0.7210032,1.134043410050557,00:33:16.00
1997,-17.834003,1.5543921,1.540384836382391,1.047138369018925,0.29045424,1.3420482189532692,00:33:17.00
1998,-19.508377,1.2842277,1.016793425807791,0.6723877006888909,0.7678919,0.8885208999008364,00:33:18.00
1999,-15.232179,1.0647148,0.7466572546235237,0.5301804195890961,1.2814069,0.6728964566562091,00:33:19.00
2000,-13.065581,1.0335004,0.7967581653039861,0.7037909367299287,-0.23407286,0.7734321792297968,00:33:20.00
2001,-18.958519,0.87144727,0.3853509741638221,0.3274482996926407,-0.8163124,0.3754273429547028,00:33:21.00
2002,-19.143534,1.1093183,0.6318706693288774,0.24178495725941332,0.3876938,0.4930486226632128,00:33:22.00
2003,-20.323341,1.0618578,0.6186815578459889,0.36692319627461767,-0.08738629,0.5300404005661777,00:33:23.00
2004,-20.245348,1.111062,0.6429767090654274,0.304154336446755,0.31232744,0.5211587947170175,00:33:24.00
2005,-20.383574,1.0301079,0.6027532342726527,0.4740706060438064,0.14393353,0.5633315265858587,00:33:25.00
2006,-20.883959,1.0447078,0.5639084665362266,0.31528253101982445,0.16824079,0.4767022406845231,00:33:26.00
2007,-20.326317,1.0488102,0.5029544125615917,0.1267915480792507,0.22799547,0.3681781774933847,00:33:27.00
2008,-20.714325,1.0798002,0.4360885828080614,-0.12005748395473557,0.10832684,0.2306084699373422,00:33:28.00
2009,-20.745796,0.7730987,-0.013292853084783897,-0.289458422623986,0.21613249,-0.10432097235145792,00:33:29.00
2010,-21.068384,0.9375945,0.18419637412753,-0.3225758819213448,-0.16557352,-0.0005365432919020211,00:33:30.00
2011,-21.905567,0.9556187,0.18876645851037682,-0.35482489559745306,-0.17732894,-0.01169547737805185,00:33:31.00
2012,-23.01374,0.8090322,-0.010707909798149976,-0.398690515644502,-0.019473992,-0.14977857777944764,00:33:32.00
2013,-22.826454,0.84310526,0.066994547254288,-0.3461044672582649,0.04347088,-0.08331750140805787,00:33:33.00
2014,-22.62371,0.9640445,0.21573957432652513,-0.3737600532706424,0.25905386,-0.006909953345702763,00:33:34.00
2015,-21.98702,0.64129543,-0.16515942699382882,-0.37783845853723225,0.38693944,-0.23701314888110334,00:33:35.00
2016,-20.172121,1.0204073,0.3895880674715041,-0.23919065636632775,0.24785075,0.15034834359915134,00:33:36.00
2017,-20.45012,0.6978211,-0.0014859496825843914,-0.2345350285010146,0.11732514,-0.08331564726181559,00:33:37.00
2018,-20.340569,1.2891661,1.0049866193149701,0.3291219399401321,-0.19752435,0.7219539082953457,00:33:38.00
2019,-23.77319,0.8955974,0.2836036011712076,-0.06433133261080941,-0.21034876,0.14887198941076224,00:33:39.00
2020,-23.47053,1.1239631,0.6203610050813535,0.036321125821881683,0.19753662,0.3851770254002171,00:33:40.00
2021,-23.560879,0.83194315,0.19356667358549257,-0.09674559872314964,-0.23071451,0.08260266084240625,00:33:41.00
2022,-24.535929,0.7841165,0.12591996195389746,-0.08441206513748849,-0.15745829,0.04648781438165528,00:33:42.00
2023,-24.85433,0.84629184,0.16233805879904945,-0.1673313347010168,-0.11667606,0.03633251248872517,00:33:43.00
2024,-24.875261,0.5491484,-0.37710399663552147,-0.4821583044286086,-0.07095999,-0.4037660650468116,00:33:44.00
2025,-25.564737,0.49776343,-0.5079429006098855,-0.6122572534229185,-0.50872034,-0.5349547203913997,00:33:45.00
2026,-26.590872,0.46277216,-0.5766796173136132,-0.6454070865508261,-0.25752997,-0.5906074884489367,00:33:46.00
2027,-26.284117,0.43224478,-0.6151742260106033,-0.6692600834431162,-0.6640562,-0.6240328706202081,00:33:47.00
2028,-28.792871,0.38745472,-0.6785029619269769,-0.65243260155021,-1.1904645,-0.6576317704943867,00:33:48.00
2029,-32.1575,0.43106797,-0.4429384475325897,-0.25205215113762053,-0.71021116,-0.3675676645342226,00:33:49.00
2030,-32.879,0.33889124,-0.7380269873315747,-0.6227650543201462,-0.9179789,-0.6832827247763525,00:33:50.00
2031,-34.433178,0.855437,0.020260419403379165,-0.3492018742694086,-0.22532177,-0.1325002785594286,00:33:51.00
2032,-33.9064,0.8896808,0.1751782756235351,-0.12713467230804654,-0.25114858,0.04124687384762295,00:33:52.00
2033,-35.626713,0.90619695,0.3750812269942676,0.3173197326609554,-0.829287,0.32277336219169783,00:33:53.00
2034,-38.32263,0.57536066,-0.3424121108503655,-0.3516339559981482,0.5139087,-0.35700151504373434,00:33:54.00
2035,-28.61502,0.8165797,0.09651300841285257,-0.21142989311264127,1.4498183,-0.02587784618336468,00:33:55.00
2036,-27.523216,0.42999646,-0.5476768423999796,-0.589551031900271,-0.43342906,-0.5550814330212575,00:33:56.00
2037,-29.206944,0.4365543,-0.5749513206163294,-0.6350429783625072,-0.8780568,-0.5906289690125608,00:33:57.00
2038,-31.446999,0.5693351,-0.3896815534168445,-0.5576049827230567,-0.5751476,-0.45486372230039557,00:33:58.00
2039,-31.821173,1.0667673,0.6719211783477378,0.5730421893251834,-0.5070881,0.6057382982799375,00:33:59.00
2040,-34.79696,0.6204116,-0.1752084099659809,-0.20658318267619383,-0.46654364,-0.20575227246228064,00:34:00.00
2041,-32.628265,1.1201743,0.49094515510998843,-0.1152679887994148,1.0860615,0.23154191267866128,00:34:01.00
2042,-27.81392,0.65882295,-0.16892401998937712,-0.3613316484360915,0.3405445,-0.2397650349011147,00:34:02.00
2043,-28.31424,0.6470123,-0.1515760216124388,-0.2705707925581416,-0.3740821,-0.1973880925196196,00:34:03.00
2044,-29.86577,0.91636366,0.280967259633831,-0.06719999910250471,-0.59342384,0.13547104425750814,00:34:04.00
2045,-30.185472,1.4490014,1.3481031679138755,1.1952918092195344,0.80781376,1.2602410416199445,00:34:05.00
2046,-30.0305,1.8271655,1.8595187312528656,1.3354803785709044,-0.66918314,1.6217496494583203,00:34:06.00
2047,-34.808346,1.646694,1.5940808950836005,1.649219437003248,0.026115878,1.5943449244615442,00:34:07.00
2048,-36.915035,1.0946149,0.7668425666947997,1.286563040507393,-0.2482399,0.9549062637719299,00:34:08.00
2049,-31.181286,1.8884625,1.9913533947744333,1.8795325758281243,0.5603341,1.932069200973977,00:34:09.00
2050,-38.700275,0.6179217,-0.11082341278999631,0.12852094420703944,-0.7569818,-0.0415575079246811,00:34:10.00
2051,-32.740986,1.5011272,1.4160004348539985,1.6300107764498404,0.3251502,1.486355206285372,00:34:11.00
2052,-38.825325,1.0509773,0.5237203904432608,0.5321268291835746,-1.284084,0.5004061643839568,00:34:12.00
2053,-37.959652,0.9719609,0.5420388238206988,1.0152870373486644,0.61543196,0.7118992910398384,00:34:13.00
2054,-36.929832,1.2185903,0.5709353135489613,-0.03147365779448189,-0.1050148,0.31255609243569227,00:34:14.00
2055,-36.59735,1.1395396,0.5979784783545979,0.3664031177755497,0.7897817,0.48391999589103124,00:34:15.00
2056,-32.141266,1.3277752,0.9567700640074439,0.6301329085376448,0.43981114,0.8046463042342026,00:34:16.00
2057,-35.153454,1.5861511,1.3994498228644658,1.1439587230720278,-0.43508708,1.2712770998392287,00:34:17.00
2058,-37.041763,0.9535175,0.4676158079045548,0.7235996446242837,-0.68824446,0.5485086429375002,00:34:18.00
2059,-34.415844,1.4856601,1.2317833146820922,0.9400092241403816,0.59717244,1.0893934426860963,00:34:19.00
2060,-35.885036,0.9656265,0.4222276686794437,0.353947661774302,-0.45303708,0.36919173230603913,00:34:20.00
2061,-35.752037,1.0535245,0.5334574683762656,0.35127324015840444,0.997399,0.4352802539105168,00:34:21.00
2062,-33.433075,0.7507233,-0.05234568899033542,-0.1776172557085958,0.26024762,-0.10470319445914934,00:34:22.00
2063,-28.756414,1.0451586,0.37591770661697105,-0.08908358177472867,0.99275297,0.19276310957983905,00:34:23.00
2064,-26.455568,0.91207486,0.1774505871199935,-0.15507164950131858,0.40366971,0.05654742936534669,00:34:24.00
2065,-24.685146,0.89846146,0.18981693669937558,-0.08831164544496581,0.52293706,0.09402321847080577,00:34:25.00
2066,-23.061886,1.0075632,0.41599214964336256,0.060761449968263374,0.36662492,0.28872461669969857,00:34:26.00
2067,-22.912481,1.0758528,0.5327073088949761,0.14727908479833332,0.20216851,0.3915180352689267,00:34:27.00
2068,-22.458437,1.0090559,0.39356263096862,0.01355314473680018,0.8441318,0.2580264242795433,00:34:28.00
2069,-18.694046,0.852339,0.1945964795036372,-0.1434801907090313,0.6786479,0.07697687673165698,00:34:29.00
2070,-18.307047,0.8594293,0.22114770988483837,-0.08989801693084098,-0.07846428,0.11595443635350967,00:34:30.00
2071,-20.289227,0.8913106,0.2523835608310979,-0.052239262741161044,-0.2409569,0.14807086098719602,00:34:31.00
2072,-21.411556,0.86254776,0.20708534559669722,-0.04918218631984158,-0.14346524,0.1206943828170271,00:34:32.00
2073,-21.814777,0.89418757,0.2253539726753039,-0.050342121537572455,-0.06686985,0.13350149776553175,00:34:33.00
2074,-22.66451,0.8642945,0.19086091556522958,-0.008016630106198736,0.16129155,0.12934174609081747,00:34:34.00
2075,-20.404976,0.94330275,0.333235923471819,-0.056537606567824986,0.788517,0.1915877427655361,00:34:35.00
2076,-18.938906,1.0690358,0.5521685377069632,0.04518321581621434,0.21670282,0.36217524627312264,00:34:36.00
2077,-20.463362,0.8478484,0.18124870309018618,-0.11450586142263758,-0.38168254,0.07795090970012425,00:34:37.00
2078,-22.303823,0.90089077,0.24093322782443674,-0.05746683983291219,-0.153659,0.13648272448940416,00:34:38.00
2079,-22.33845,0.94282585,0.324205977696153,0.0129317694738262,0.0934768,0.213590297754157,00:34:39.00
2080,-22.71135,0.91896164,0.28346581440668484,-0.009513740530147682,-0.00011064771,0.1794834530601633,00:34:40.00
2081,-21.804615,0.97913235,0.34320890819127053,-0.07844696242406796,0.6532033,0.18803586032602032,00:34:41.00
2082,-19.477425,1.002923,0.3956618456576526,-0.13316807629903074,0.52350104,0.19642544038237594,00:34:42.00
2083,-19.261599,0.8845084,0.26139155368970407,-0.12397921710255289,-0.027287323,0.11917870057402696,00:34:43.00
2084,-21.120157,0.87161106,0.21261633889521636,-0.1541747342143348,-0.29817048,0.07628605979325606,00:34:44.00
2085,-21.928602,0.9130612,0.27955270885263755,-0.10021576096661108,0.36613452,0.1368595055823322,00:34:45.00
2086,-19.531763,1.5196638,1.4969019833536386,1.1246860773855791,0.38200942,1.3459202607070127,00:34:46.00
2087,-23.213043,0.90190065,0.32874016133818,0.020691112872075205,-0.35409802,0.2085231698622404,00:34:47.00
2088,-22.082623,1.0385312,0.5869669194688084,0.19249598103126034,0.59519076,0.4282973308835614,00:34:48.00
2089,-20.779987,0.67610675,-0.13817399071024017,-0.412663231084649,0.16358002,-0.23059278247898074,00:34:49.00
2090,-21.137548,0.7631416,0.09338262822947097,-0.14626659890033056,-0.3571865,0.01224347950095806,00:34:50.00
2091,-23.12137,1.0864707,0.7447942928682775,0.4348081063905648,-0.1842694,0.6137971876104515,00:34:51.00
2092,-24.131401,1.4675049,1.209296189107954,0.4123583749601456,-0.06999618,0.8789541675198702,00:34:52.00
2093,-26.005524,1.0936685,0.5918937199571647,0.15176221371854656,-0.2097647,0.41800697715229584,00:34:53.00
2094,-26.728691,0.834178,0.1870913812368573,-0.020208905919168393,0.8271046,0.11191680225826518,00:34:54.00
2095,-19.598114,0.7173081,0.04069418391342025,-0.20973942319480343,1.170114,-0.04489303837948075,00:34:55.00
2096,-18.687904,0.68240625,0.001744817122940903,-0.2109032791413962,-0.06458921,-0.06665332592124434,00:34:56.00
2097,-20.097036,0.6713495,-0.016694700515028523,-0.21020421300544584,-0.6581338,-0.08030731713746739,00:34:57.00
2098,-23.559381,0.5801658,-0.2110494195052731,-0.29694779075710404,-0.63305175,-0.2314884277768249,00:34:58.00
2099,-24.276848,0.61898273,-0.1614504284739622,-0.3173147458237514,-0.75115436,-0.21500612291936294,00:34:59.00
2100,-28.574486,0.7107564,-0.06124477602972897,-0.2575269987293206,-0.6988615,-0.1382174984773339,00:35:00.00
2101,-25.855555,1.271419,0.7969173950269387,0.13594099930141293,1.9559097,0.5324683820000697,00:35:01.00
2102,-19.536177,1.321585,0.9596505639979432,0.18431625809512625,0.658975,0.6525148017535952,00:35:02.00
2103,-21.90952,0.80542994,0.1684251518677616,-0.13781434285228414,-0.4326872,0.05493259385513974,00:35:03.00
2104,-21.556065,1.5361503,1.336802578322509,0.5957610956793352,2.0242624,1.0403240898999306,00:35:04.00
2105,-15.638418,1.5517724,1.787379791646371,1.9460395967903659,0.64207035,1.859492945118399,00:35:05.00
2106,-13.462638,1.7238218,2.1055962677983775,2.3723852630345763,2.1787508,2.235286478128359,00:35:06.00
2107,-11.015002,1.7346042,2.3170834322150213,2.941182630108547,0.3041726,2.590788231369366,00:35:07.00
2108,-16.458984,1.2605115,1.4550852771094098,2.314749674364194,-1.2130479,1.8254764191097763,00:35:08.00
2109,-20.407907,1.1188592,1.0989034671890496,1.802618603013613,-0.04179502,1.3966720985593724,00:35:09.00
2110,-20.786634,1.051489,1.0215515522736007,1.9058841019695392,0.045606036,1.3945777284608636,00:35:10.00
2111,-22.306139,1.0331866,0.9232404104241336,1.796684891382003,-0.2888159,1.2968399061874873,00:35:11.00
2112,-22.58164,0.9452743,0.7522825961847149,1.7324006882139455,-0.0653753,1.1817744510910593,00:35:12.00
2113,-23.81399,0.96639246,0.7708487321721058,1.7336390752920845,0.10756577,1.1904854217661223,00:35:13.00
2114,-24.42366,1.0423245,0.8773332938637853,1.8249405677668065,-0.22816041,1.2923521873649715,00:35:14.00
2115,-25.019957,1.0302774,0.8544158896546233,1.8106867759980132,-0.06699469,1.2722526278228956,00:35:15.00
2116,-25.992222,1.0675049,0.912779167977991,1.8458021146045425,0.20962347,1.3166794618194668,00:35:16.00
2117,-24.944248,1.0221802,0.8718676158862049,1.863512492839873,0.32734406,1.301124571069719,00:35:17.00
2118,-23.635345,0.99823964,0.8288402729853223,1.7973527393638762,0.01186622,1.2506259061568852,00:35:18.00
2119,-25.548277,0.9902847,0.8017353858979951,1.7617738369774443,0.12343339,1.2152600914273968,00:35:19.00
2120,-24.617542,1.0415459,0.833473821596876,1.6397066072604625,-0.038793895,1.191752715674919,00:35:20.00
2121,-26.13554,1.070021,0.8852225596161877,1.6446147104450066,0.01650502,1.2131797334871022,00:35:21.00
2122,-25.529205,1.0286031,0.8643008576902805,1.8024367183077208,0.34085643,1.2698345275137748,00:35:22.00
2123,-23.889063,1.0608159,0.863137308351896,1.64073029044329,0.16300307,1.210911124511526,00:35:23.00
2124,-25.082176,1.0664579,0.842203641177346,1.4654520603598409,0.18736464,1.118209903026743,00:35:24.00
2125,-24.926321,1.0043736,0.7651751781208855,1.603268164845499,0.030107072,1.138486451602538,00:35:25.00
2126,-25.464037,1.4204626,1.3370893788343936,1.7098845975397716,0.018811695,1.513572681357479,00:35:26.00
2127,-25.103104,0.983123,0.7794813906638004,1.7497740149322365,0.330731,1.2049107119933138,00:35:27.00
2128,-24.46361,1.0252644,0.8190732504357552,1.6554188352426478,0.45079774,1.186990849831819,00:35:28.00
2129,-24.368988,0.9766243,0.7609632445511267,1.6404860775900842,-0.07779797,1.1437445920255378,00:35:29.00
2130,-24.100212,1.0096722,0.8093075613088279,1.6350632391944155,0.2678401,1.1679514056701126,00:35:30.00
2131,-24.967314,1.0444193,0.8281909903330513,1.5695921667781418,-0.34336147,1.151133416794117,00:35:31.00
2132,-25.37399,1.0020236,0.767263882384199,1.6418969543894162,0.22882502,1.1499623221989745,00:35:32.00
2133,-24.36164,0.99505234,0.7189102513564736,1.5000430222279468,0.31455806,1.0687284924726557,00:35:33.00
2134,-24.699406,0.9736875,0.6906450478385945,1.4982104493299873,-0.15017258,1.048826259621807,00:35:34.00
2135,-25.616432,1.003448,0.7008332455071585,1.4401502049400117,0.11838813,1.0315602167342106,00:35:35.00
2136,-25.83423,0.99849606,0.7049329887396248,1.4737650725465632,-0.03719391,1.0469253113227706,00:35:36.00
2137,-25.034958,1.0008622,0.7215480173634685,1.487153224170958,-0.045910712,1.06249534327072,00:35:37.00
2138,-26.272097,0.9964678,0.7248073098022808,1.6121867416982634,0.10684369,1.1173704458185865,00:35:38.00
2139,-25.600092,0.97375757,0.6856463861091182,1.5257761665956122,-0.04642186,1.0571156455254058,00:35:39.00
2140,-27.647467,0.96560556,0.68751058064233,1.600482524808644,0.44325277,1.085604264949652,00:35:40.00
2141,-21.772211,1.1681553,0.8595233869231812,0.8383949180625858,1.4848034,0.8693776397673726,00:35:41.00
2142,-19.53782,1.2497249,1.2555173811422065,1.3360774424108581,0.13571867,1.2716818200124662,00:35:42.00
2143,-21.933268,1.1057059,0.9806029909992083,1.2678244114129193,-0.41982552,1.0945504855249195,00:35:43.00
2144,-24.977354,1.0376586,0.8009767338792748,1.4392678254396687,-0.60640246,1.0858305625893365,00:35:44.00
2145,-27.322021,1.0298588,0.6919313358840514,1.2647503973803083,-0.11096736,0.9562825879103771,00:35:45.00
2146,-26.96291,1.0930198,0.8175787342619403,1.446390435562987,0.3780166,1.1059302469486665,00:35:46.00
2147,-22.800486,1.2711681,1.038230676208917,1.1229664889187723,2.5182536,1.0953389504556306,00:35:47.00
2148,-13.774565,0.9904525,0.7382000248620084,0.8203223058390489,1.0683156,0.7798258846017773,00:35:48.00
2149,-14.4406395,1.0142574,0.7731239152003582,0.9068525017867247,0.32061046,0.8386335471374232,00:35:49.00
2150,-14.766871,1.0290848,0.7764890585503177,0.8581185709211179,0.12787959,0.8227584808746051,00:35:50.00
2151,-15.292912,1.0563346,0.8029533174266832,0.8664333111009561,0.228968,0.8419351838969564,00:35:51.00
2152,-16.167774,1.0635138,0.822208530299454,0.9255584841474194,0.75187534,0.8768097299148296,00:35:52.00
2153,-11.913189,1.0648723,0.8319003784163421,0.6200679949140758,0.19952756,0.7577460556238549,00:35:53.00
2154,-17.556108,1.02654,0.7519967677748628,0.7190550181968138,-1.166502,0.7458163557656866,00:35:54.00
2155,-21.76541,1.0399607,0.7062130809280317,0.7928733295073592,-0.45663854,0.7573969467789339,00:35:55.00
2156,-22.978123,1.0825999,0.7643661923343957,0.7732433301517652,0.07791477,0.7784374057633011,00:35:56.00
2157,-22.746029,1.159248,0.8654738837431565,0.9268447489373526,0.47384453,0.9070788976633497,00:35:57.00
2158,-21.12204,1.1504834,0.876366404730155,0.9002903326558686,0.5966257,0.9003098754275053,00:35:58.00
2159,-20.293093,1.0608128,0.726578968031624,0.6911790708354066,0.14111304,0.7254319188253657,00:35:59.00
2160,-22.407272,1.0339156,0.6603836013534455,0.6910668469023552,-0.27210805,0.6892653831506119,00:36:00.00
2161,-21.905989,1.0505087,0.6363745646395392,0.45556074240239924,0.83753186,0.5748217314216673,00:36:01.00
2162,-18.057446,1.2090188,1.0026621031338043,0.8352098110169947,1.1753092,0.948307971891057,00:36:02.00
2163,-16.477007,1.1600056,0.9354263090337477,0.6311523727541193,0.97206676,0.8166144721528835,00:36:03.00
2164,-13.046152,0.9507723,0.6805252381488881,0.6020208909584651,0.75971216,0.6578100125759642,00:36:04.00
2165,-13.206347,0.9960825,0.7098119662293907,0.5239215211418347,0.35402724,0.6448289954880906,00:36:05.00
2166,-13.076104,1.0883472,0.877031703298068,0.6552015621800948,0.29230437,0.7972998113913358,00:36:06.00
2167,-13.027257,1.1737672,1.1554430493039705,1.329910849530024,0.722373,1.2440625566959658,00:36:07.00
2168,-11.348422,1.1054418,1.331260515836707,2.336980952613462,0.56791997,1.7695319940777823,00:36:08.00
2169,-12.252322,1.1226164,1.4259350984097052,2.621921853346174,-0.11169593,1.9391104446694636,00:36:09.00
2170,-12.970999,0.95223385,0.9316271145507575,1.5075655929355862,-0.6367289,1.181919791853476,00:36:10.00
2171,-23.650389,1.1289966,0.7138953729227491,0.21900468445597768,-3.841342,0.5112511499651038,00:36:11.00
2172,-39.797867,0.36346647,-0.23257052332969474,1.0391544449208578,-3.0875754,0.2743536783155255,00:36:12.00
2173,-43.768307,0.43870938,-0.1039711439076419,1.3036729901518684,-0.59876764,0.4495230375931312,00:36:13.00
2174,-40.65357,0.82776856,0.3680059413488257,1.1500072141085433,-0.17217712,0.6711345177446318,00:36:14.00
2175,-42.973663,0.511802,0.05053170332829086,1.3940953694164688,-0.89280176,0.5642182347893097,00:36:15.00
2176,-42.87906,0.45564622,-0.06605326117233876,1.2941656419450744,-0.49308884,0.4650930947038179,00:36:16.00
2177,-44.000885,0.6523582,-0.14580476359020222,0.11534707601912418,-0.9927039,-0.07022101096264706,00:36:17.00
2178,-44.838287,0.30431008,-0.8769701807858081,-0.7258172224665824,1.0834173,-0.8325297563072782,00:36:18.00
2179,-30.168526,1.1519821,0.4813442823929169,-0.1578429477918751,2.3628974,0.2249449932968247,00:36:19.00
2180,-28.655094,1.4092792,1.0316636389243277,0.4696451874253332,0.34903166,0.7987257163740114,00:36:20.00
2181,-29.454317,1.5736905,1.2636237789941893,0.5573547942590465,0.4445047,0.9712052354855792,00:36:21.00
2182,-24.159937,2.2636878,2.401900114528449,1.2304976088944988,4.550227,1.9175916166807863,00:36:22.00
2183,-8.86283,1.3518165,1.3639344722457478,0.8938457277640564,1.2988429,1.1794900370573418,00:36:23.00
2184,-13.401112,1.1124352,0.9391817749143924,0.7067175591442885,0.02428747,0.8509093906419222,00:36:24.00
2185,-14.131382,1.4511559,1.447254864859074,0.8990332970214624,0.24939136,1.2229568861262903,00:36:25.00
2186,-14.370141,1.4245051,1.4610517005170964,1.095575333583212,0.2340502,1.3095571840100615,00:36:26.00
2187,-16.097187,0.96420413,0.7629157390257552,0.8498411797167266,0.15240434,0.7988575164411755,00:36:27.00
2188,-15.849229,1.2726694,1.1271353619099438,0.724902962311602,0.41163254,0.9656011672023247,00:36:28.00
2189,-14.54882,1.2766563,1.2952240261857002,1.1908999803330294,0.81009835,1.248567905817874,00:36:29.00
2190,-15.354783,1.1346719,1.0995805441917732,1.0795138739418355,-0.0121847475,1.082452732380507,00:36:30.00
2191,-16.38025,1.0284508,0.723152678423838,0.5265157127921405,0.37600052,0.6504036875632999,00:36:31.00
2192,-14.303027,1.2803327,1.1839112975323611,0.8630412340496402,0.80967677,1.056025817099562,00:36:32.00
2193,-15.067941,1.1577733,0.9133086555437102,0.624889913465352,0.35386845,0.8086550365888592,00:36:33.00
2194,-14.8882885,1.5365314,1.3408208908892096,0.4790619534826796,0.54073435,1.0045361229505017,00:36:34.00
2195,-13.220784,1.2918621,1.0642184073111653,0.5300816137173087,0.67448515,0.8633144688737552,00:36:35.00
2196,-14.849175,1.2262866,1.0199260990990906,0.5443993200273514,0.40985805,0.8315902296698564,00:36:36.00
2197,-14.274756,1.3809297,1.3758559178815302,1.011111231500343,0.45855585,1.2266434618821307,00:36:37.00
2198,-14.5917635,1.3777266,1.456121216018741,1.3666811220192754,0.39374062,1.4187760912288772,00:36:38.00
2199,-14.991029,1.1449342,1.2075916120122103,1.3034434133446617,0.4338487,1.2306507671137634,00:36:39.00
2200,-14.647871,1.2317723,1.109335916023509,0.8682666093664839,0.5974306,1.01731191256516,00:36:40.00
2201,-14.56547,1.356286,1.2703801129359962,0.8136592257066944,0.2867203,1.0867577268471955,00:36:41.00
2202,-14.760788,1.081548,0.6771892970696303,0.22076000399895662,0.4787604,0.5068394115855179,00:36:42.00
2203,-15.73105,1.0053174,0.7428159219145564,0.6294137491357421,-0.5779127,0.6975934698517365,00:36:43.00
2204,-18.887308,0.99457556,0.5926493918332607,0.44541379547742976,-0.28975704,0.5413111367083954,00:36:44.00
2205,-20.794258,0.9235461,0.6011061308943357,0.8090025903910735,-0.20172143,0.6866217640407896,00:36:45.00
2206,-20.948378,1.0318043,0.6507512979678731,0.5397122247348115,0.20669673,0.6083535634466569,00:36:46.00
2207,-21.405247,0.9001436,0.5599921470057098,0.7824443838733465,0.064117245,0.6490778477941654,00:36:47.00
2208,-20.743296,1.0897052,0.7384850711684559,0.5742253881163429,0.2388733,0.6740420430289674,00:36:48.00
2209,-21.709692,0.8755012,0.5052013665150566,0.7218992831134254,0.00244286,0.5923733535458191,00:36:49.00
2210,-21.105358,1.1333079,0.85815470816509,0.7376010174457327,0.23202284,0.807183775470785,00:36:50.00
2211,-21.950068,1.0013926,0.6844269348004257,0.7346145169550082,0.1387203,0.7003626309641956,00:36:51.00
2212,-20.649889,1.1716195,0.9456267582485675,0.8202662269134336,1.0544177,0.8908300164827625,00:36:52.00
2213,-17.471764,1.1755459,1.040477386464829,1.0013920081012477,0.9914828,1.0240593156308297,00:36:53.00
2214,-15.217986,1.1115319,0.8960723490867839,0.7771777550938909,0.5189835,0.8567251874943561,00:36:54.00
2215,-15.3622265,0.99001426,0.724938357347128,0.734924625417841,0.37186176,0.7398156103534921,00:36:55.00
2216,-15.228004,0.94584197,0.6557727438463737,0.7193243923217535,0.10724485,0.6929901059730442,00:36:56.00
2217,-16.098309,0.91222185,0.5488309070104186,0.5318156572444209,0.20937893,0.5527322894628947,00:36:57.00
2218,-15.879462,0.87264276,0.4648742953334326,0.4241695322813981,0.10609268,0.45958017635526915,00:36:58.00
2219,-15.970951,0.9546856,0.4711592708474084,0.14376091607389682,0.70032644,0.35390950232361895,00:36:59.00
2220,-14.445412,1.2624447,1.1259319039208189,0.7712124169358457,0.018651336,0.9857214332718076,00:37:00.00
2221,-16.469484,0.8827897,0.3330370561216844,0.040344858824998275,0.24304599,0.23019628651082277,00:37:01.00
2222,-16.066011,0.9725625,0.5198519092625686,0.22023557951854275,0.23476677,0.4123430274626912,00:37:02.00
2223,-14.206921,1.6206455,1.564403181480838,0.7164242762160202,1.4192425,1.2263640106101277,00:37:03.00
2224,-12.626383,1.2324504,1.5491094611942129,2.1926403820693197,0.84722155,1.803712743097677,00:37:04.00
2225,-11.003222,1.2139399,1.6078286054637145,2.543306875098086,0.84017795,1.9917207432679407,00:37:05.00
2226,-11.746478,0.9632547,0.9220207394878547,1.1753931284368768,-1.0988106,1.0254326170180954,00:37:06.00
2227,-18.920546,1.1248403,1.037730146158804,1.2138719436841208,-0.5264937,1.1054456879657122,00:37:07.00
2228,-17.934744,1.2970308,1.2834513479886642,1.1772882403397282,0.10054261,1.2309823900915469,00:37:08.00
2229,-21.818602,1.2321535,1.1122286290680874,1.02877682833062,-0.25757983,1.0657703126613687,00:37:09.00
2230,-25.044474,0.97015256,0.7291417480013407,0.921886493563533,0.31203544,0.7859749254352729,00:37:10.00
2231,-17.586601,1.625178,1.7203886771287413,1.1651523185782608,1.6367356,1.479689758984182,00:37:11.00
2232,-19.706465,0.94408077,0.8431060795302027,1.19157240793814,-1.0520706,0.9668801546742347,00:37:12.00
2233,-21.763659,1.2513733,1.1805333857997886,1.0907918741821847,0.6149122,1.1240752377897325,00:37:13.00
2234,-21.637745,1.2000012,1.1217553293612286,1.1543161597150502,0.70800775,1.1187867286208333,00:37:14.00
2235,-19.316551,1.4736391,1.473460499129436,1.129335685887118,0.33180657,1.3247380124870154,00:37:15.00
2236,-18.88807,1.3630066,1.2664728239034413,0.9149040672740518,0.98532593,1.1195135022569587,00:37:16.00
2237,-16.750914,1.1202585,0.9256869486350998,0.746673011039832,0.49831572,0.852478222807724,00:37:17.00
2238,-18.297245,0.9989292,0.8153590854996347,0.8776436386641595,-0.11805973,0.8309085281742937,00:37:18.00
2239,-19.008097,1.0630919,0.9648242662131632,1.1208306082557398,0.14273162,1.0130253615775013,00:37:19.00
2240,-17.776855,1.1383232,0.9684067958072943,0.8032901071200612,0.37241137,0.894602846217677,00:37:20.00
2241,-20.300817,0.8901847,0.5939590361807475,0.6748982115696519,0.25941646,0.6150850115920286,00:37:21.00
2242,-16.194645,1.3541212,1.3334702533941285,1.0655408265928386,1.472758,1.2191322952861166,00:37:22.00
2243,-13.782767,1.5041089,1.7165296245301271,1.6424559632745035,0.54172474,1.684718894319603,00:37:23.00
2244,-15.545268,1.2626392,1.2901503875564773,1.3463261108509046,0.076989576,1.3100099228586535,00:37:24.00
2245,-16.877121,1.1134434,1.143578422416891,1.5152501850605766,0.2860184,1.2875418397481722,00:37:25.00
2246,-15.701487,1.3128225,1.2862341103574155,1.0857150060385887,0.22716509,1.202125683190639,00:37:26.00
2247,-18.138815,0.95966506,0.7991869353267714,0.9751762447111493,0.04099764,0.8570272877403599,00:37:27.00
2248,-17.266104,0.98248285,0.8184079472941226,0.9295189089721388,0.895085,0.8521738113582432,00:37:28.00
2249,-13.792413,1.5063926,1.547106628244784,1.0193633253989418,0.6633758,1.328514678516361,00:37:29.00
2250,-16.27758,0.92493296,0.7522839555176503,0.9385578146234038,-0.23919672,0.8222668235642964,00:37:30.00
2251,-17.297434,0.98152983,0.8221622980079337,0.8774841800884592,0.09219514,0.8314168656157326,00:37:31.00
2252,-17.429483,0.92838377,0.7449242551742757,0.8854283563089144,0.3516925,0.7901791974536712,00:37:32.00
2253,-15.793968,1.21215,1.2076386065647706,1.1916657785761426,0.64022905,1.1922699608283096,00:37:33.00
2254,-16.48828,0.99654245,0.9008501153080192,1.0901691078816411,0.042161074,0.9677167913806969,00:37:34.00
2255,-16.9399,0.9873612,0.7852198471683006,0.8222529290155767,0.3474979,0.7934756045798164,00:37:35.00
2256,-16.022055,1.000325,0.8720482771842013,0.9621378183492141,0.69958586,0.8973511207893226,00:37:36.00
2257,-13.475837,1.4084235,1.4407267212931034,1.0771035270533307,1.3341349,1.2878930344773813,00:37:37.00
2258,-11.7936735,0.95684946,0.9612622274109932,1.320542067812555,-0.2879744,1.101974870165053,00:37:38.00
2259,-15.209802,1.031533,0.8775176130499921,0.9016722050316092,0.12137974,0.883971763366485,00:37:39.00
2260,-14.792265,1.0100876,0.8924362025656838,1.0134300716831148,0.22861284,0.9382847892743822,00:37:40.00
2261,-15.830227,0.90769345,0.6697402305219994,0.7381714682003934,0.46626964,0.6913056061472618,00:37:41.00
2262,-13.576454,1.2184606,1.184630861949036,1.0727618653831315,0.39143452,1.139336919229827,00:37:42.00
2263,-15.38918,0.9645451,0.7570030184698426,0.8069462849420802,0.09475072,0.7759069901040051,00:37:43.00
2264,-15.482301,1.0167861,0.8710752260987286,0.9277042578382821,0.7147921,0.8868787339276053,00:37:44.00
2265,-13.21578,0.99280834,0.8037792563420836,0.7212000764420149,-0.054820854,0.7699807021760066,00:37:45.00
2266,-15.819719,0.766469,0.2553103195559997,0.151661397120331,-0.053446937,0.22082771786391778,00:37:46.00
2267,-15.616569,0.74749064,0.16177410569154346,-0.026501119295046924,0.36083186,0.09722352228569381,00:37:47.00
2268,-14.5753,0.7145397,0.08911657843912829,-0.10884610356072057,0.46949244,0.025155840932364403,00:37:48.00
2269,-12.889963,0.7139071,0.09089093095271182,-0.1330855540416927,0.2098968,0.020912283462546193,00:37:49.00
2270,-15.362735,0.7418077,0.1430365450539182,-0.0890686339915595,-0.8906631,0.0657003489203853,00:37:50.00
2271,-18.596466,0.80445516,0.09084485401838199,-0.3069921816556805,0.0039469018,-0.05156217600682465,00:37:51.00
2272,-17.280296,0.6868687,-0.0641695870571715,-0.34999188278098475,0.37768963,-0.16307658194968558,00:37:52.00
2273,-16.595736,1.0705577,0.5576792824934986,-0.05369444232769019,0.37682247,0.3265768142140933,00:37:53.00
2274,-16.441301,0.9882387,0.6270897307811721,0.29681413020326053,0.368422,0.4999908833634141,00:37:54.00
2275,-16.089403,0.9527984,0.4124767264094322,-0.04834508478430953,0.23147869,0.2394283623995137,00:37:55.00
2276,-15.571438,0.76018167,0.05901488205101443,-0.2921934253497548,0.39191598,-0.062116402993984694,00:37:56.00
2277,-14.955621,0.9263407,0.2784990344136999,-0.27456912530757605,0.3119673,0.07623822791122069,00:37:57.00
2278,-15.126655,0.7261884,0.03909202986168794,-0.22162388979980596,-0.03278728,-0.0445168194716293,00:37:58.00
2279,-15.967738,0.89860284,0.23945778490948813,-0.253221129417367,-0.020871181,0.06210075933829628,00:37:59.00
2280,-17.183353,0.79832786,0.12419717431328808,-0.21995454141487294,-0.11078494,0.003873378807244911,00:38:00.00
2281,-17.822445,0.9704069,0.39447102148441393,-0.0599226103725394,0.11822069,0.2296202977711477,00:38:01.00
2282,-17.802748,1.1007406,0.757514260337952,0.35600049184416127,0.31152973,0.5988798367594024,00:38:02.00
2283,-17.458494,1.1383144,0.8546527522130546,0.43745506205125545,0.19084643,0.6852391647988543,00:38:03.00
2284,-18.05976,0.8031148,0.2687854681230028,0.1373693131875918,0.31865662,0.22558120318975503,00:38:04.00
2285,-17.996885,1.0328225,0.5214146464108694,0.02698430596383865,-0.028654853,0.33509123400175495,00:38:05.00
2286,-18.759882,0.9676676,0.4614117359842504,0.08633539042346121,0.3093344,0.3182557075362147,00:38:06.00
2287,-18.053072,1.0582737,0.570159297358758,0.06687947460876865,0.3693511,0.3777580333062029,00:38:07.00
2288,-18.149553,1.1963667,0.7691816696573927,0.17344439148693835,0.19443855,0.539382098840298,00:38:08.00
2289,-18.164986,1.1222312,0.6575079120673136,0.1107798789724811,0.40357116,0.449266029542194,00:38:09.00
2290,-17.515455,1.0068747,0.5484990375884999,0.20714981583759207,0.3713794,0.42179668325538633,00:38:10.00
2291,-17.732723,1.0971049,0.8084243840247386,0.5835020510857891,0.09991989,0.718891030314304,00:38:11.00
2292,-19.051157,0.94701135,0.8158573446328312,1.0887271162798555,-0.1208139,0.9096353764187224,00:38:12.00
2293,-20.028965,0.95888954,0.6113470935215286,0.5663280596447472,-0.30105463,0.5900764709057338,00:38:13.00
2294,-21.66225,0.94893897,0.7219803699036832,0.8886220927654185,0.10409485,0.7739816860778319,00:38:14.00
2295,-21.435225,1.0690461,0.756933832618969,0.6303270349323823,-0.063940965,0.7001789768218339,00:38:15.00
2296,-23.259943,0.8632894,0.32959635205482046,0.2808218282329277,-0.01992219,0.31289828062992503,00:38:16.00
2297,-22.236025,1.048636,0.6520048855262891,0.4723769660625546,0.39046666,0.5776576865474303,00:38:17.00
2298,-21.493843,1.0303537,0.6335597436653633,0.43734484475839,0.46562946,0.5517945375438141,00:38:18.00
2299,-20.421078,1.0914912,0.7501728687938459,0.5150240251361375,0.4947579,0.6543115012265996,00:38:19.00
2300,-19.599598,1.1850356,0.9413523451323431,0.7073940350390362,0.98713124,0.8443578837659941,00:38:20.00
2301,-13.824964,1.4613534,1.4967438717044113,1.1198779133454997,0.480484,1.3435724145070003,00:38:21.00
2302,-24.645653,1.008382,0.56038781736067,0.48457778127341944,-0.85430604,0.5319882652574595,00:38:22.00
2303,-17.084064,1.1054269,0.8797986692974819,0.5430494826241645,1.5523907,0.7309613342484694,00:38:23.00
2304,-14.9411,1.1122104,1.0381574361472161,0.9446090623703728,1.1660308,0.986866762468236,00:38:24.00
2305,-12.963178,1.0604522,0.97088694817504,0.9024516228078032,0.4709845,0.9347089435732407,00:38:25.00
2306,-13.045037,1.0151659,0.872233321148848,0.7770085334684562,0.39071265,0.8254726461306514,00:38:26.00
2307,-12.778285,1.1069912,1.0351571930004508,0.9232247783153111,0.4016661,0.9838384858753001,00:38:27.00
2308,-13.63998,1.1236771,1.0399027987718534,0.9134307913080537,0.037772052,0.9826805557331207,00:38:28.00
2309,-14.405328,1.018831,0.8710215746765031,0.7886934474294074,0.2517041,0.8278672907517698,00:38:29.00
2310,-14.850696,1.1443663,1.0700856947185042,0.9710668847950585,0.41618246,1.0226199168002252,00:38:30.00
2311,-14.265767,1.0628291,0.9044272399655231,0.7429405521208646,0.3562862,0.8330388100270052,00:38:31.00
2312,-14.108203,0.99334335,0.7599346194699805,0.530226665473549,0.10264918,0.6603502913270691,00:38:32.00
2313,-16.11312,1.1145673,0.9010875793788355,0.5644325222473057,-0.14083989,0.757693191546031,00:38:33.00
2314,-18.14564,1.0456715,0.7684156384441841,0.50536424896644,-0.14404264,0.6541239835805915,00:38:34.00
2315,-19.004734,1.117135,0.9926732993458086,1.007302107923676,0.38508606,0.9868761517140044,00:38:35.00
2316,-18.168655,1.4883797,1.5442454052391568,1.1336332148975692,0.7039138,1.3576448292575634,00:38:36.00
2317,-16.212433,1.4193689,1.5841802495465394,1.7466748076466994,0.37279454,1.6464167795789064,00:38:37.00
2318,-19.835102,0.92740124,0.7529522485714669,1.0206671867388786,-0.33364648,0.8462458923186778,00:38:38.00
2319,-17.630322,1.0311843,0.8058050686250282,0.8575287169675331,1.5547363,0.8286740243730069,00:38:39.00
2320,-12.844218,0.942328,0.826343048942888,1.035940928544405,1.0665021,0.9128173417327443,00:38:40.00
2321,-12.067066,0.844421,0.6335477170185088,0.6927649158920177,-0.36444414,0.6571739585339549,00:38:41.00
2322,-15.223269,1.2450012,1.1209600677078662,0.8093012883361506,0.26621994,0.9938578546662168,00:38:42.00
2323,-14.532756,0.935146,0.6064524925231944,0.3940810134433123,0.8779122,0.5227042378314258,00:38:43.00
2324,-10.562981,1.0089113,0.729387354134953,0.40495488733147095,1.1684589,0.6097467857630873,00:38:44.00
2325,-9.01541,1.0817616,0.8663945191003891,0.4467600056317976,0.69384146,0.7071575209827304,00:38:45.00
2326,-8.332597,0.8505678,0.5384205819275647,0.35125527251606414,0.16978669,0.47593088539781037,00:38:46.00
2327,-10.47948,0.88355744,0.5160461166205743,0.25616765816710674,0.05649074,0.423835079584078,00:38:47.00
2328,-10.192553,0.8897994,0.5301157351344947,0.26393885006572765,0.2851472,0.4351151737815323,00:38:48.00
2329,-10.635698,0.84799534,0.4695903608747042,0.2484149377977312,0.50451666,0.39290227494785696,00:38:49.00
2330,-8.9887495,0.83185136,0.4792197421457633,0.2732916688433674,0.14318731,0.41064417618054366,00:38:50.00
2331,-11.263593,0.8719172,0.44216812114029264,0.1382507417055005,0.1331392,0.33530493714800397,00:38:51.00
2332,-10.581138,0.8920379,0.5306072150656621,0.23217243871795504,0.1896587,0.4221810521687056,00:38:52.00
2333,-13.043594,0.8242171,0.364289234517023,0.1280236183483426,-0.3111621,0.2820917607966394,00:38:53.00
2334,-13.634663,0.7968552,0.276355950899756,0.001486740642826372,-0.40102327,0.17749400727164868,00:38:54.00
2335,-19.202234,0.6436255,-0.051773875912007265,-0.17156194008243347,-1.9275306,-0.0912511694088357,00:38:55.00
2336,-26.297258,0.5837322,-0.30978055252877224,-0.46296571210517073,-0.8940325,-0.36136685602914964,00:38:56.00
2337,-26.59532,1.414279,1.0342871878924975,0.32970336030546715,-0.2839049,0.7445831490102102,00:38:57.00
2338,-32.026283,1.3981533,0.8489271022920373,0.10853035145222263,-1.1796261,0.5487061827651691,00:38:58.00
2339,-31.80774,1.5130342,1.1860416853235594,0.7585219483402261,0.3896321,1.0037183750529548,00:38:59.00
2340,-36.774075,0.71103084,-0.2925026648226889,-0.5099421614232632,-1.8722914,-0.3764000973755883,00:39:00.00
2341,-39.800182,0.44221613,-0.7725262505149746,-0.8019022069007098,-0.6785002,-0.7774058985794786,00:39:01.00
2342,-39.709133,0.39957228,-0.8273091935474527,-0.800347329612957,-0.4873395,-0.8090264318521148,00:39:02.00
2343,-38.986908,0.41388974,-0.7320381000038745,-0.6814129090250995,0.71661407,-0.7096321274415534,00:39:03.00
2344,-31.233002,1.5933316,1.3137199974346943,0.8459457274497081,0.9659894,1.1234821347653159,00:39:04.00
2345,-34.85361,0.96064395,0.16974600903446008,-0.2534766174757034,-1.5295529,-0.006705365665721772,00:39:05.00
2346,-37.225117,1.1239845,0.46972376600564375,0.03183258507460003,-0.38819402,0.27678183529398703,00:39:06.00
2347,-41.02612,0.4565424,-0.6999034707242101,-0.7292387802515884,0.03754096,-0.713124654040584,00:39:07.00
2348,-31.153442,1.632752,1.2159471005526372,0.4683721671110446,1.0731328,0.919682186022699,00:39:08.00
2349,-37.392273,0.9005322,0.16097689350245717,0.06614779908222673,-0.39955407,0.11307870412049308,00:39:09.00
2350,-31.84272,1.8120774,1.589276761399235,0.8340741393019927,0.46022263,1.273987528454654,00:39:10.00
2351,-38.44752,0.7830073,-0.06307574476192683,-0.1502196126963334,-1.9828032,-0.10564336658096228,00:39:11.00
2352,-41.697056,0.28541958,-0.9711073408778186,-0.8498890647104481,-0.9353213,-0.9213917972795308,00:39:12.00
2353,-41.714222,0.30846348,-0.9293231558941725,-0.8085945264417755,-0.63336504,-0.8807297259422973,00:39:13.00
2354,-42.19172,0.31955445,-0.9455820500144155,-0.8926120114712421,-0.60374546,-0.9245394987348821,00:39:14.00
2355,-41.417084,0.33612186,-0.9094235469557447,-0.8530684475039051,-0.51110274,-0.8853103279669795,00:39:15.00
2356,-41.34755,0.30693194,-0.9595466033611791,-0.8861451669643969,-0.5686493,-0.9280450344798675,00:39:16.00
2357,-40.94334,0.31233194,-0.936154974622291,-0.8580082636391813,-0.54959935,-0.9023403026298263,00:39:17.00
2358,-40.684162,0.3110036,-0.947219145970518,-0.8863295598498631,-0.5388467,-0.9203665049995104,00:39:18.00
2359,-40.250496,0.3274128,-0.9206950840618195,-0.8582979914412335,-0.51656723,-0.8915043935462461,00:39:19.00
2360,-39.683468,0.35480252,-0.8802071831403901,-0.8449863255377212,-0.33923924,-0.8613169738761016,00:39:20.00
2361,-39.638588,0.3916944,-0.8336117594630509,-0.8511695467336535,-0.5794374,-0.8363820767738053,00:39:21.00
2362,-39.04105,0.55389154,-0.5264817821985915,-0.6231183582541076,-0.13895245,-0.5669737959584208,00:39:22.00
2363,-37.600597,0.7777759,-0.09527542483993202,-0.21705878628179778,-0.31153324,-0.14893121919514846,00:39:23.00
2364,-39.366665,0.58568805,-0.46013305259674236,-0.5348472432404817,-0.73284584,-0.49291373056672855,00:39:24.00
2365,-39.493633,0.39183733,-0.8005233911346181,-0.7724620477035432,-0.5780715,-0.785924151703586,00:39:25.00
2366,-39.831486,0.39209214,-0.8039014665225384,-0.8018424017199316,-0.49635413,-0.8026225176654848,00:39:26.00
2367,-39.111134,0.43168977,-0.7805418026887493,-0.849446108605751,-0.18625249,-0.8039179814514875,00:39:27.00
2368,-38.177002,0.42712104,-0.7865337962307503,-0.8599241521671821,-0.9028631,-0.8093723832060019,00:39:28.00
2369,-40.60514,0.39080328,-0.8519402065318252,-0.8830071837253958,-0.82883114,-0.861097954199144,00:39:29.00
2370,-41.087826,0.36888525,-0.8807801427070042,-0.8839377584693846,-0.7278376,-0.8791453666954349,00:39:30.00
2371,-41.460007,0.35365376,-0.8618672940669313,-0.8187908758089635,-0.72490287,-0.8463886039177365,00:39:31.00
2372,-42.266415,0.37795174,-0.8734263383899132,-0.8956448599589936,-0.64682657,-0.8827033703536841,00:39:32.00
2373,-41.239716,0.556651,-0.5709654104829142,-0.6584154026882951,1.299827,-0.6066596791586939,00:39:33.00
2374,-29.649788,1.5466976,1.2866145193186778,0.851856125402048,1.2312732,1.1078026505420326,00:39:34.00
2375,-33.645565,1.3852264,0.9364095167717111,0.5141297317029289,-0.81477773,0.7625875081240754,00:39:35.00
2376,-35.255043,1.0237969,0.3409931622251682,0.16138707081400344,0.0056736283,0.26546369955960186,00:39:36.00
2377,-35.005714,0.8109278,-0.015953005234704054,-0.23124698818691278,-0.2569625,-0.1096156566543151,00:39:37.00
2378,-34.830982,0.47723186,-0.6649693754413162,-0.7571040272566398,-0.53919196,-0.6933145978364901,00:39:38.00
2379,-36.63524,0.47839835,-0.6075461691626594,-0.6306585817736857,-0.8857127,-0.6148943224129961,00:39:39.00
2380,-38.51702,0.6021097,-0.32193938465140304,-0.3813869306633954,0.17574368,-0.36026748700032374,00:39:40.00
2381,-30.754175,1.7780105,1.4679163818300531,0.42698785235222847,0.44247663,1.038547692517248,00:39:41.00
2382,-40.667774,0.72725713,-0.10856384607856544,-0.11500958156581424,-1.701513,-0.12812216541577567,00:39:42.00
2383,-40.39332,0.7630968,0.17112242126346192,0.6909875445732058,-0.72639364,0.36420044901044174,00:39:43.00
2384,-39.976864,1.098975,0.5311760709362481,0.4705103449733541,-0.19410151,0.49406710680219673,00:39:44.00
2385,-45.931618,0.67510074,-0.02071443741614862,0.6457640883361637,0.45939317,0.22330920978038404,00:39:45.00
2386,-32.76313,1.8008764,1.7475598643900545,0.9700373783628055,0.4910923,1.3959962556300363,00:39:46.00
2387,-35.86188,1.8055842,1.7187353461673198,1.3905416784216271,2.1500351,1.5674407740983258,00:39:47.00
2388,-30.730574,1.8425218,1.86962850571066,1.4150200988451118,-0.117004625,1.6739329585747214,00:39:48.00
2389,-34.77632,1.8988681,1.9732948168099556,1.7532394541697214,-0.67530596,1.8562624625499151,00:39:49.00
2390,-35.014465,1.4628667,1.0429183367262254,0.6358717841861506,0.48187375,0.8722603917126973,00:39:50.00
2391,-40.685955,1.0603989,0.5353893778236701,0.7396792119494698,-1.9318314,0.6005116669067186,00:39:51.00
2392,-44.40576,0.786643,0.055083218222949024,0.3723031692864587,1.2377889,0.16087853279581468,00:39:52.00
2393,-34.489017,1.053892,0.5545663785069422,0.5025332366478266,-0.8081334,0.5195409613556154,00:39:53.00
2394,-36.720074,1.6224939,1.326881250378331,0.7527777673849254,0.20804287,1.0700527101121493,00:39:54.00
2395,-42.298542,0.95655155,0.29223133539922014,0.3545884392159561,-0.1738179,0.2977364686479822,00:39:55.00
2396,-37.22872,1.3416811,0.9245206139559542,0.8228073834699852,-0.018461805,0.8727004754570579,00:39:56.00
2397,-38.043087,1.0373647,0.3788581942002176,0.036741962537009766,1.2989724,0.21561258397764388,00:39:57.00
2398,-34.025986,1.4309837,1.0753713352683163,0.8271034374247823,-1.5872682,0.9635063454691017,00:39:58.00
2399,-43.912567,0.6275766,-0.22409899759504337,-0.010310014524098318,-1.6032283,-0.16618216913846218,00:39:59.00
2400,-45.999012,0.44875753,-0.6343374390916375,-0.4200949030143788,-0.89234436,-0.5641986855089993,00:40:00.00
2401,-45.403812,0.6790016,-0.21168853612883304,-0.010023213929936728,-0.6691867,-0.14967456422875555,00:40:01.00
2402,-47.673676,0.46129882,-0.48878389103468006,-0.03170905559521137,-1.1768004,-0.3333823719779901,00:40:02.00
2403,-48.374317,0.4547228,-0.5577533836844069,-0.1293381572690296,-0.93386513,-0.40699357253886953,00:40:03.00
2404,-49.58766,0.4189691,-0.6888745721465518,-0.373844008491043,-0.8591274,-0.5835011645056721,00:40:04.00
2405,-50.130745,0.43313333,-0.6197978321082338,-0.2972632781634159,-1.0112776,-0.5222604534441191,00:40:05.00
2406,-51.143402,0.41362315,-0.6332394958071462,-0.26481789361882,-0.69642013,-0.5209422142927724,00:40:06.00
2407,-49.56671,0.3741647,-0.694373190850109,-0.35051394560670823,-0.6215076,-0.5883299336783768,00:40:07.00
2408,-49.84209,0.24723281,-0.8679325188173533,-0.4233226393386703,-0.19316451,-0.725025572543123,00:40:08.00
2409,-46.13418,0.1229297,-1.1309823181503484,-0.7462983926278149,-0.559248,-0.9957091083058258,00:40:09.00
2410,-47.134186,0.1369707,-1.176374754152188,-0.8554513854860227,-1.0871834,-1.0631973163561463,00:40:10.00
2411,-47.23541,0.118221186,-1.2023366656161782,-0.8396007112721214,-0.8491789,-1.0706823627360593,00:40:11.00
2412,-48.272633,0.16644701,-1.115754971743794,-0.7517075075528791,-1.2047721,-0.986427679442201,00:40:12.00
2413,-48.323135,0.21842451,-0.9335337185042204,-0.4778125320186664,-0.51664066,-0.7773097398340258,00:40:13.00
2414,-47.0746,0.20418267,-1.0988260074203497,-0.724218857955621,-0.6088256,-0.9515111008207164,00:40:14.00
2415,-45.988384,0.22685577,-0.6771427252308982,0.31973402281372637,-0.1810748,-0.29917657817446147,00:40:15.00
2416,-43.720676,0.2930756,-0.5901496186483116,0.5087772623587956,-0.7016224,-0.15832151445601747,00:40:16.00
2417,-45.493103,0.1450049,-1.116406959647601,-0.4040436539595819,-1.1549605,-0.8171075554807875,00:40:17.00
2418,-46.559532,0.20157427,-0.9275250434184644,-0.4766202110690536,-1.1214331,-0.7724188037935318,00:40:18.00
2419,-46.73862,0.1411143,-1.1069439269061692,-0.709349797679908,-0.5870615,-0.9652351733105766,00:40:19.00
2420,-45.719616,0.113092676,-1.1820249571361374,-0.8343563476060074,-0.9052936,-1.057110786421422,00:40:20.00
2421,-47.64953,0.10802925,-1.2089410443042974,-0.8527991911924729,-1.2583557,-1.0843398886912532,00:40:21.00
2422,-45.30951,0.6323112,-0.41457544926145307,-0.4880302744323481,1.357149,-0.46183573414305096,00:40:22.00
2423,-39.14819,1.083762,0.6670711626876462,1.2097095891074556,-1.2596714,0.8661308222214906,00:40:23.00
2424,-48.926212,0.65026075,-0.260449570621338,-0.009116852486761135,-0.6956313,-0.1942825776501562,00:40:24.00
2425,-47.618484,0.5851152,-0.37641648980343195,-0.2366506114530622,-0.74309015,-0.34821197435422385,00:40:25.00
2426,-44.825436,0.725378,0.03190306806292115,0.7762414495379308,-1.546878,0.3158379545187303,00:40:26.00
2427,-49.75574,0.48422742,-0.5702915311935147,-0.34640865507370733,0.0816993,-0.5112214740811498,00:40:27.00
2428,-44.213623,0.7898256,0.12623842212275121,0.41999846481046976,-0.2746608,0.21152718257958472,00:40:28.00
2429,-51.58793,0.27632007,-0.9308159605774238,-0.607934198052508,-0.93227243,-0.8331318659716878,00:40:29.00
2430,-38.3661,1.350034,0.8809241933823578,0.4245561734585978,3.274071,0.6660456698702955,00:40:30.00
2431,-35.585045,1.0657692,0.5762244135399553,0.4184887556621845,-2.6285017,0.4892304956476311,00:40:31.00
2432,-50.32344,0.31734106,-0.7205169289264219,-0.18527930448570318,-0.65262944,-0.5463364076497342,00:40:32.00
2433,-38.30749,1.4258251,1.0555186564533274,0.6414501650622604,0.42667425,0.8604556135487376,00:40:33.00
2434,-49.212505,0.59314895,-0.36610793401949765,0.03819546702891932,-2.5583112,-0.22353212491921226,00:40:34.00
2435,-49.104187,0.25352865,-0.9760042026441073,-0.6436429209935212,-0.67160124,-0.8644858471676662,00:40:35.00
2436,-49.717133,0.21676348,-0.9985285519361725,-0.613186661755054,-0.92333,-0.8708716820791584,00:40:36.00
2437,-49.46617,0.25196302,-0.9181045166624502,-0.5309692311453343,-0.050573863,-0.7920433310197954,00:40:37.00
2438,-42.700996,0.5375582,-0.5097021999944289,-0.4970217986739236,-0.2953203,-0.5209137402706915,00:40:38.00
2439,-46.09537,0.5663051,-0.5292041879615481,-0.5628552453020637,1.2939919,-0.5615519890892463,00:40:39.00
2440,-35.53686,1.359945,0.7850468886430317,0.12803225398411505,-0.47406596,0.5063082523196776,00:40:40.00
2441,-46.77044,0.41446868,-0.5508691890820958,-0.08487035054219239,-3.2640278,-0.39554101648827444,00:40:41.00
2442,-51.094727,0.34168363,-0.7390389478367476,-0.28854081112139235,1.4436381,-0.5923800924568193,00:40:42.00
2443,-33.512894,1.7666353,1.5267638632449694,0.7207068626484545,2.655345,1.1862450598962562,00:40:43.00
2444,-33.53789,1.5130614,1.3334584944615344,1.354752555608606,-0.04364211,1.3303755655136273,00:40:44.00
2445,-38.093983,1.2460852,0.7174228227393645,0.3104704323489649,-2.3445075,0.530102234191564,00:40:45.00
2446,-45.186405,0.552649,-0.31467415346374344,0.02663881637928758,-1.1957217,-0.2046908722820885,00:40:46.00
2447,-47.694485,0.5057662,-0.5432636459223106,-0.3659672034770068,-2.039447,-0.4948868387762969,00:40:47.00
2448,-51.258827,0.30416512,-0.8715388007576355,-0.4718314688454458,0.48215377,-0.7374031174057735,00:40:48.00
2449,-40.135353,1.0967215,0.40103793879038196,0.08609383519709063,1.5398526,0.25353870640592646,00:40:49.00
2450,-40.50738,0.9782993,0.24655118910565188,0.10876187694066665,-0.73738647,0.17162115318817162,00:40:50.00
2451,-42.473957,0.6545402,-0.23999634233810097,-0.11443307001217055,-1.1265601,-0.2096183885939552,00:40:51.00
2452,-42.577778,0.85738736,0.07890572663374465,0.033800220355117414,0.31943682,0.03394288400611439,00:40:52.00
2453,-39.97394,0.8650776,0.20405390449856073,0.2671062847391047,1.272427,0.20200278492281626,00:40:53.00
2454,-35.25918,1.2673417,0.8508086135176356,0.6259520483076101,-1.3659148,0.7418917281178021,00:40:54.00
2455,-44.13298,0.47544372,-0.6689098414097402,-0.48969668691854945,-1.0673213,-0.599596837528371,00:40:55.00
2456,-40.549076,0.86044765,0.1577447175656728,0.49351488163995344,1.3055505,0.2855666480059488,00:40:56.00
2457,-35.091076,1.1500149,0.7096361789323684,0.7012164160377647,-0.4624384,0.6930439273010864,00:40:57.00
2458,-40.756725,0.5141669,-0.5156549698680423,-0.2759277909227485,-1.3659892,-0.41835181443704567,00:40:58.00
2459,-42.13287,0.5109793,-0.5963826422728592,-0.4537084445039625,-0.37716994,-0.5410276452025692,00:40:59.00
2460,-40.03129,0.65359557,-0.24654187101773853,-0.08898177816792646,0.18032405,-0.19126455676335385,00:41:00.00
2461,-37.5115,0.79542965,-0.006099214641617569,-0.006675116684166894,1.1116405,-0.013591102741906601,00:41:01.00
2462,-31.32669,1.1279418,0.7058110013330876,0.5489601506715261,0.42346635,0.6276402484901419,00:41:02.00
2463,-32.253815,1.0556351,0.5804796689030826,0.5975358015593724,0.44168845,0.5761100169781966,00:41:03.00
2464,-28.190022,1.0398161,0.6612700542602097,0.8281733120790791,0.93809015,0.7232843725430683,00:41:04.00
2465,-26.31154,0.91217464,0.5023694319350345,0.6864207890992163,0.3763661,0.5691127946400925,00:41:05.00
2466,-25.230068,1.005903,0.5671950508895788,0.46985198412774376,-0.048940625,0.5243710775668777,00:41:06.00
2467,-26.911104,0.86140054,0.31768149197932694,0.3594575663799398,-0.28282806,0.3332593613543827,00:41:07.00
2468,-27.425556,0.89861625,0.32292407944784884,0.3246603614675023,0.5838305,0.32772515328897106,00:41:08.00
2469,-24.509712,1.1564846,0.640634215367188,0.2119675261950114,0.3210065,0.4783713601884296,00:41:09.00
2470,-22.570724,1.1259819,0.6046011630374913,0.13730628531315725,0.7807766,0.4265084271069128,00:41:10.00
2471,-21.7414,0.9211871,0.3174416025986965,0.041858716161104564,0.48880497,0.21984920913522052,00:41:11.00
2472,-18.9807,1.1852765,0.7008002675367802,0.06233351566528618,0.7263897,0.45842920261736775,00:41:12.00
2473,-19.831388,0.8106255,0.10913493202782273,-0.1615232835137617,-0.1503145,0.0210534443949109,00:41:13.00
2474,-20.57207,0.74783087,0.004992454707533338,-0.16684054902541182,0.45397058,-0.042423855202161465,00:41:14.00
2475,-17.884842,0.8474194,0.17133464844176452,-0.18866027826805198,0.41925383,0.047070859228423904,00:41:15.00
2476,-16.483162,0.8370539,0.18666095367597368,-0.16225786403706452,0.11401015,0.0680388881324089,00:41:16.00
2477,-19.675745,0.80680466,0.13783645791011906,-0.10681503219082873,-0.24053615,0.055630280930047245,00:41:17.00
2478,-20.427608,0.8375658,0.22197374492292785,0.014666033446685187,-0.669017,0.14890879053602166,00:41:18.00
2479,-22.031635,0.7727567,0.041313304659425454,-0.10612035244336358,-0.1354231,-0.00017645210672810252,00:41:19.00
2480,-23.131617,0.80213076,0.12253586789585919,0.030803711190814473,-0.11720106,0.10150446365194703,00:41:20.00
2481,-23.879028,0.8795455,0.2352807786981133,0.14151349915173647,0.3748255,0.21376231750170194,00:41:21.00
2482,-19.249643,0.9393173,0.38156363325322384,0.09600751387303318,0.85618955,0.2823206688253894,00:41:22.00
2483,-19.75265,0.93427604,0.3761897024632558,0.1308161668628429,0.1865732,0.2931624340511285,00:41:23.00
2484,-18.817347,0.9580826,0.4357998905549955,0.16749910418800398,0.33442634,0.3429067267916694,00:41:24.00
2485,-17.899939,0.96628785,0.46084637222235425,0.19958504159032248,0.51720667,0.3743052064185226,00:41:25.00
2486,-17.468044,1.2087022,0.8928408715834711,0.4375744501593228,0.028521031,0.7189860802912087,00:41:26.00
2487,-20.43115,1.0564927,0.7331966123483677,0.5193674834562402,-0.438463,0.6452630809761774,00:41:27.00
2488,-21.076494,0.90094286,0.2959807782751454,-0.06299146296046293,0.29961717,0.1622724491975043,00:41:28.00
2489,-20.38645,1.2646329,0.8278010356924242,0.0713355438758504,0.06520927,0.5281005554347288,00:41:29.00
2490,-22.57612,0.8576747,0.16490991159431884,-0.22073896372491475,-0.008899037,0.0213223813153087,00:41:30.00
2491,-20.87078,1.3803611,0.9198737715247849,-0.017127153586567186,0.76089096,0.5514687427793217,00:41:31.00
2492,-20.907892,1.391837,1.1141572361088419,0.3661184652657503,0.06017693,0.8099035881526243,00:41:32.00
2493,-23.384975,1.5010037,1.3139117756433936,0.7149561948707884,-0.104886584,1.064318408612082,00:41:33.00
2494,-25.553076,1.2823666,0.9138813511591117,0.382444901862212,-0.30949774,0.6936693662431496,00:41:34.00
2495,-25.124104,0.9972091,0.4388294239011487,0.10187686905977049,0.12892146,0.30605216970316973,00:41:35.00
2496,-25.956991,0.78366107,0.02581127948567795,-0.19361048693231317,0.16028875,-0.05112404091543819,00:41:36.00
2497,-25.461428,0.9709704,0.40536874865570127,0.1292192237932695,0.41715676,0.3001030101556179,00:41:37.00
2498,-19.823011,0.9172279,0.3494228961858403,0.03220927717484163,1.9087253,0.23547340672254816,00:41:38.00
2499,-15.075466,0.7871952,0.11015280128748688,-0.25399209336205003,0.79458433,-0.014328855604954848,00:41:39.00
2500,-15.523825,0.75869715,0.0637016544201286,-0.26641300004348634,-0.14753824,-0.04705669938811387,00:41:40.00
2501,-15.536151,0.7951486,0.11841649549535524,-0.25652243476465225,-0.15949512,-0.011827446339755316,00:41:41.00
2502,-17.705105,0.9356929,0.41731982537447065,0.024706133287913924,-0.44620243,0.27243353219469557,00:41:42.00
2503,-21.058886,0.91323125,0.37932267823754945,0.11306884766357875,-0.023960665,0.27935306272671423,00:41:43.00
2504,-19.4,0.82415897,0.1783058746148535,-0.09123603864375734,0.30943212,0.0821780122346208,00:41:44.00
2505,-17.632505,0.86165625,0.32736519578021267,0.1122263892637197,0.7399785,0.2527485704700758,00:41:45.00
2506,-17.02492,0.8847013,0.43832212402141907,0.31362506163611953,0.19302855,0.3978977814238856,00:41:46.00
2507,-17.83806,0.9853852,0.553053468108152,0.25769735152767254,-0.4346428,0.4397902739916899,00:41:47.00
2508,-20.924122,0.94075215,0.4430850221319497,0.2403847202489842,-0.6066753,0.3679336135842913,00:41:48.00
2509,-22.72185,0.9384148,0.4568095998075883,0.3224468347149678,-0.109168895,0.4060378982481339,00:41:49.00
2510,-24.033442,0.89277774,0.3856603667244025,0.29418887862334947,-0.034284048,0.3466096931642475,00:41:50.00
2511,-22.121065,0.96533763,0.47612652303928354,0.23226179238829,0.8355074,0.3847173233190487,00:41:51.00
2512,-21.050467,0.978005,0.5311968501551326,0.2487628412280076,-0.12469885,0.4200365766624523,00:41:52.00
2513,-22.290068,1.0506232,0.6112337574801596,0.27621671860087454,-0.07461279,0.47875692091279126,00:41:53.00
2514,-23.617023,1.1700107,0.8647239771433596,0.5471564827549895,0.0012664746,0.7288595993197814,00:41:54.00
2515,-24.048103,0.89885294,0.36381312468803506,0.13013666634676407,-0.21123564,0.2689993841292556,00:41:55.00
2516,-25.36095,1.1491005,0.7975677158163509,0.4209324237330776,-0.12365918,0.6316603654001348,00:41:56.00
2517,-26.799316,1.1754249,0.7768782934761908,0.3553032900470509,-0.12406497,0.5955034457976638,00:41:57.00
2518,-27.12791,1.2299714,0.9512785397946579,0.5711954022871164,-0.16820784,0.7753529886654333,00:41:58.00
2519,-29.560987,1.0647994,0.6425774000125913,0.41000991007876275,-0.5010173,0.5304433245711936,00:41:59.00
2520,-31.663328,1.0803884,0.7183489700031537,0.6486547517066045,0.79999435,0.6673718887409578,00:42:00.00
2521,-25.131594,1.5935211,1.5478177306646987,0.8892955888882664,1.4700344,1.2520516107156914,00:42:01.00
2522,-20.235943,1.3353795,1.105688839548589,0.45884642127815883,1.399994,0.8332569958119578,00:42:02.00
2523,-20.402784,1.5428278,1.3808194675941186,0.5186480677136682,-0.19958168,1.0167218477285642,00:42:03.00
2524,-24.949305,1.2964172,0.9121127067945151,0.26822992355290265,-1.3111002,0.6420168951286145,00:42:04.00
2525,-31.03446,1.1919885,0.6572928307845465,0.20401385894275315,-1.2667172,0.46848821628086973,00:42:05.00
2526,-35.26539,0.933152,0.27356269771795033,0.2159902766227922,-0.6947081,0.2432792791468138,00:42:06.00
2527,-36.134827,0.89058137,0.19382578950042892,0.15158225204300457,0.4220168,0.16769215430005216,00:42:07.00
2528,-31.386833,1.4482287,1.013917864575842,0.34521032857388306,1.1694436,0.7380060908811754,00:42:08.00
2529,-28.130394,1.5493907,1.2945738322895854,0.7079915934937149,0.34672037,1.0521461613707852,00:42:09.00
2530,-30.750612,1.2289083,0.7832504119566467,0.48432960427004806,0.3414086,0.6548083556497144,00:42:10.00
2531,-27.809216,1.153307,0.6858669306503267,0.39882157411322977,-0.12575299,0.5688950323212052,00:42:11.00
2532,-32.584023,0.8928241,0.29114273592701956,0.29039847922963147,-0.6096985,0.28201628933058254,00:42:12.00
2533,-29.50168,1.1577595,0.6618992956471197,0.3414982408587105,1.1924626,0.5292484178122644,00:42:13.00
2534,-26.57274,1.1139108,0.7231774750302028,0.6955997004339337,0.2666435,0.7127523204639913,00:42:14.00
2535,-26.368338,0.9605322,0.5556174247226358,0.6898085547120104,0.7878318,0.6066867763831638,00:42:15.00
2536,-21.928076,0.96577895,0.7015293731398727,0.9797171179942908,1.2633158,0.8127346051107024,00:42:16.00
2537,-18.298069,0.90571207,0.7119166035872617,1.1628862479786817,0.5965091,0.8981147847762617,00:42:17.00
2538,-18.343775,0.883777,0.7437126997190777,1.3864337525050212,0.25632933,1.0069605670725734,00:42:18.00
2539,-17.28925,0.9406259,0.8284833009369558,1.3680589063026638,0.64643264,1.0490220901535652,00:42:19.00
2540,-16.001108,0.9377225,0.8099965301671848,1.2271912512294314,0.39756346,0.9809193147955416,00:42:20.00
2541,-15.409491,1.1283996,1.1379030026659775,1.3957972740772264,0.511589,1.2394883874872205,00:42:21.00
2542,-15.437797,1.1563157,1.196611625878541,1.3990112051965002,-0.55777955,1.2701188739407936,00:42:22.00
2543,-21.835093,0.8739993,0.6703973399916251,1.2353055129461699,-1.707351,0.8972500171257521,00:42:23.00
2544,-29.028877,0.7599426,0.11998288405130722,0.19719703140410144,-1.1168565,0.14757398627698887,00:42:24.00
2545,-30.540346,1.0630765,0.5189969895726336,0.3070068073782987,-0.50244737,0.42924514528832663,00:42:25.00
2546,-30.241745,0.6870181,-0.22667188064264365,-0.5327728744727812,0.30446872,-0.3482259585068876,00:42:26.00
2547,-30.787933,1.0199159,0.3535977988295175,-0.1355703876398413,-1.2004968,0.1484874178044346,00:42:27.00
2548,-34.87485,1.2287259,0.6503669988648538,0.215692482356678,0.6700817,0.4641417458843052,00:42:28.00
2549,-32.489876,1.3003219,1.0157436030721558,1.0982741258251345,-0.3731793,1.042203847287757,00:42:29.00
2550,-30.417812,1.3020846,0.8787139691787691,0.3473718146869922,2.0135713,0.6512785131372588,00:42:30.00
2551,-22.526064,0.9991283,0.5354320987186989,0.2961328264967708,1.2659256,0.43771507369188767,00:42:31.00
2552,-23.07634,1.1265486,0.6530410333652082,0.17373449662732232,-0.17538889,0.4603076017869918,00:42:32.00
2553,-24.441475,1.5875092,1.3595087023514754,0.7158992722200607,-0.81114125,1.1021025255126975,00:42:33.00
2554,-32.232376,1.1240997,0.5930464076867998,0.2584945144175997,-1.2522889,0.4433155003190973,00:42:34.00
2555,-31.85788,1.2701287,0.7951942863051998,0.321233377247218,1.1953417,0.5897635675174075,00:42:35.00
2556,-29.31776,1.6274571,1.439998116037062,0.9519976855998331,0.24026252,1.23430062292071,00:42:36.00
2557,-29.389946,1.663504,1.3444165941285853,0.5492858408334754,-0.6099853,1.025792448938877,00:42:37.00
2558,-38.45782,0.84354347,0.1939994022883811,0.5285152927428157,-1.5366716,0.3179622990578189,00:42:38.00
2559,-34.60397,1.3528593,0.8946873678449991,0.5462521109268761,0.89074785,0.746080377557322,00:42:39.00
2560,-38.069252,1.1556579,0.5045680467997808,0.16376498738471634,0.36184338,0.35560235841814414,00:42:40.00
2561,-30.094252,1.7618504,1.4568090805872342,0.40877984434013603,1.0673648,1.0240004414478576,00:42:41.00
2562,-30.457182,1.439492,1.0174328418562713,0.3675569579725643,0.23874319,0.7476900272957561,00:42:42.00
2563,-32.28256,1.4076169,1.3598541740724321,1.569580296701483,1.3085029,1.4188843443469343,00:42:43.00
2564,-23.538261,2.115095,2.112856386914176,0.7998009579967742,1.6982284,1.5715951355217235,00:42:44.00
2565,-24.216002,2.0383673,1.9915214068841287,0.8439813377084789,0.37681833,1.5207168359744017,00:42:45.00
2566,-25.219347,2.1486118,2.122518383740902,0.8499146115569538,1.5161761,1.6052384716973145,00:42:46.00
2567,-19.039612,1.579845,1.501173072425788,0.8056959085482606,0.31208235,1.2153017553749996,00:42:47.00
2568,-27.598377,0.91955405,0.4606104935148817,0.43912260121372226,-2.2774544,0.44051677584686283,00:42:48.00
2569,-33.406933,0.8373175,0.12325474764909888,0.19195171127638522,-0.56571406,0.15302706591006812,00:42:49.00
2570,-32.60791,0.60561556,-0.2735672470802435,-0.027819809602941923,0.20752488,-0.15961071282029396,00:42:50.00
2571,-31.351564,0.9420413,0.3904576206292476,0.3808749371116831,-0.3679778,0.38049889389577174,00:42:51.00
2572,-31.13931,1.2504878,0.8668972471549279,0.7704230862107045,0.12426321,0.8245356171734591,00:42:52.00
2573,-33.51559,1.1988544,0.7006926603290987,0.4239742427202978,1.644763,0.5756308315911429,00:42:53.00
2574,-21.748775,1.730427,1.5941194833198582,0.6259128975497465,0.46290824,1.1968791871368203,00:42:54.00
2575,-27.956911,1.6684331,1.458015484547091,0.7024776188387978,0.05868845,1.1420603572927115,00:42:55.00
2576,-30.867943,1.47392,1.2631560080359994,0.9595194557716713,-1.4022036,1.1240762948415501,00:42:56.00
2577,-33.38009,1.0704358,0.3823402962845966,-0.03305854471137705,-0.1350814,0.20971253003547477,00:42:57.00
2578,-38.648808,0.66981864,-0.20035271768606744,-0.11469789966501032,-1.3247958,-0.17906595363887456,00:42:58.00
2579,-38.7487,0.646514,-0.22799409653847832,-0.16461715571327284,-0.5488366,-0.21983670626626217,00:42:59.00
2580,-39.41073,0.59136087,-0.312215185505212,-0.3073189064150476,-0.016897567,-0.3326990825915291,00:43:00.00
2581,-33.984787,1.3749678,0.8966597562738851,0.1599676763649717,0.95287645,0.5757012014889086,00:43:01.00
2582,-37.319107,0.6036472,-0.30544506960719814,-0.37900142503810247,-0.7837444,-0.34994147845983614,00:43:02.00
2583,-35.402287,0.6984376,-0.2303801976391295,-0.46945963825569204,-0.5223976,-0.33214633068990534,00:43:03.00
2584,-37.079834,0.5093506,-0.4546445628448857,-0.42995800611740925,-0.23813502,-0.45372485554141884,00:43:04.00
2585,-34.684387,0.7011737,-0.16239184521738598,-0.3539769636310622,0.40576515,-0.24735614916363172,00:43:05.00
2586,-32.817276,0.615459,-0.16748731797091063,-0.18032116649589555,-0.336271,-0.18558224839351237,00:43:06.00
2587,-33.857372,0.80857337,0.1680390579612326,-0.0032606512540006806,0.24085344,0.06894971173301975,00:43:07.00
2588,-29.741257,1.1478401,0.6630567966229134,0.17731014506553164,1.7043573,0.44735296778350864,00:43:08.00
2589,-24.216871,1.982661,1.9420524670613304,0.7776892453187861,0.8717262,1.4551716020102987,00:43:09.00
2590,-28.299253,1.1159015,0.6194019258703222,0.32673315907191913,-1.3531811,0.4963551468993352,00:43:10.00
2591,-31.99933,0.6582695,-0.20604571313279862,-0.3395070149006024,-0.3188669,-0.263090066355621,00:43:11.00
2592,-28.731804,1.1261799,0.6682302573798233,0.3575748438785705,0.75749767,0.5300563974016931,00:43:12.00
2593,-28.581299,0.9394338,0.5103210365444967,0.6358412797351801,0.49653777,0.5482761025785944,00:43:13.00
2594,-25.13566,0.85727096,0.4382119745865587,0.6707423433851636,0.5563763,0.5272969061934544,00:43:14.00
2595,-24.276747,0.8272235,0.4100172781106785,0.6732222398466401,0.3649022,0.5118403097720541,00:43:15.00
2596,-22.115618,0.8372512,0.4004549263423004,0.4101992158358011,0.19355255,0.3949102858425335,00:43:16.00
2597,-23.842482,0.8101936,0.3845989846801071,0.6042193356726059,0.13675368,0.46584901479500557,00:43:17.00
2598,-20.17331,0.83502984,0.3973150075569226,0.3990349762048578,0.89017195,0.3953534468086455,00:43:18.00
2599,-19.207735,0.81220424,0.38566809284728754,0.4626137635190098,0.24004674,0.4186381339023142,00:43:19.00
2600,-17.871616,0.8770619,0.4968513263639531,0.5381249704178834,0.8127294,0.5174804277249301,00:43:20.00
2601,-14.9291935,0.78060853,0.33614540463232323,0.3159797496141571,0.17627753,0.33466789759152965,00:43:21.00
2602,-17.983875,0.78137296,0.3303066622698199,0.47312814723661173,-0.5750744,0.39597080040132604,00:43:22.00
2603,-18.797396,0.8048735,0.30132352945338525,0.36492274463705676,0.06549403,0.33872423443211,00:43:23.00
2604,-19.903477,1.1454129,0.7306745969398533,0.37545392148982926,-0.5922762,0.5977421614425239,00:43:24.00
2605,-23.627092,0.6851192,0.07067547478984525,0.297997281070625,-0.16975118,0.17179775146974594,00:43:25.00
2606,-22.33907,0.7512525,0.11203527041247165,-0.05579884481469624,-0.22424716,0.044999955938501986,00:43:26.00
2607,-25.018206,0.77591413,0.2107006623100768,0.1279389216257779,0.0850644,0.16496310706231085,00:43:27.00
2608,-20.489594,0.97591877,0.5203080999058713,0.18361965233768449,1.1178269,0.3815565557183536,00:43:28.00
2609,-20.485815,1.1570919,0.9297522775568033,0.7379824004799341,-0.055080574,0.8408407317691434,00:43:29.00
2610,-19.353352,0.821148,0.3312224109343408,0.26446884597953146,1.2102185,0.3060116224937044,00:43:30.00
2611,-15.051522,0.82387483,0.3129594715806559,0.10967708858455828,0.6320626,0.24068818800521743,00:43:31.00
2612,-14.473514,0.82918406,0.33931945294191856,0.1529149034603055,0.51701,0.2737016722086924,00:43:32.00
2613,-13.191487,0.75514835,0.2606244418308389,0.22330920584373734,0.2231782,0.25963847460917555,00:43:33.00
2614,-14.31675,0.73535967,0.21658869222815325,0.25686108475779734,-0.3591302,0.2514373207512189,00:43:34.00
2615,-16.7388,0.8248667,0.3266202446399342,0.25425966745600553,-0.57492614,0.31109495732383097,00:43:35.00
2616,-20.04253,0.7347101,0.1157911762430612,0.05785201276599388,-0.8847829,0.10303847184310502,00:43:36.00
2617,-23.865454,0.85321176,0.2209894941023808,-0.028880472415261024,-1.0708879,0.1241066590752662,00:43:37.00
2618,-28.588058,0.5984453,-0.21634689024985218,-0.26615545407581104,-1.2996794,-0.2352788821237863,00:43:38.00
2619,-31.42263,1.1794883,0.675504062443689,0.22446417393212256,0.31164187,0.4772368308154498,00:43:39.00
2620,-28.859858,1.5230068,1.5308125932532404,1.8545944855444192,-0.1947157,1.6558774009790866,00:43:40.00
2621,-34.30962,1.2466092,0.8939197614656648,0.9991056239088922,-2.4069262,0.9204146835734068,00:43:41.00
2622,-41.108543,1.1038542,0.5319602868318611,0.3728975062438439,0.45887268,0.43437669157692493,00:43:42.00
2623,-43.203854,1.0203959,0.35101322432714344,0.38575369734378895,-1.8013992,0.3444864927076004,00:43:43.00
2624,-39.863297,1.517511,1.0466806008421883,0.5418122366541188,2.0429847,0.8268612104771396,00:43:44.00
2625,-35.5918,1.5898219,1.142819290808152,0.48780580534164025,0.5655632,0.8731644029752768,00:43:45.00
2626,-35.747963,1.5115814,0.9453076699034737,0.14386116384889036,-0.5036355,0.6195347676337172,00:43:46.00
2627,-43.745113,0.87931967,0.20356183982152945,0.5791785075624276,-2.708038,0.3332542306168417,00:43:47.00
2628,-44.713364,1.0096859,0.1493195605480395,-0.12504257855482975,-0.39854974,0.02446650537334508,00:43:48.00
2629,-51.832996,0.42249563,-0.7313859806748008,-0.4214781695679901,-1.9949424,-0.6295145360025306,00:43:49.00
2630,-50.63143,0.46551913,-0.5739599241487549,-0.2737288518966172,2.3433769,-0.49003226353910107,00:43:50.00
2631,-34.39426,1.7616249,1.4943050670174325,0.9226244140332504,1.0181493,1.258985695501243,00:43:51.00
2632,-43.295033,0.6670244,-0.2641548927194228,-0.18890648282094946,-2.849395,-0.25237533381116095,00:43:52.00
2633,-43.43099,0.9549733,0.2760839781032151,0.3848537502746214,2.3922043,0.29733964820629377,00:43:53.00
2634,-39.650604,1.1047115,0.5807293728909287,0.5727860755916995,-1.726691,0.5533869870987816,00:43:54.00
2635,-45.220695,1.0446881,0.40387291419108584,0.3753366738380189,-0.8115856,0.3596230741828765,00:43:55.00
2636,-41.197506,1.1927438,0.5908605578360998,0.2681449038405285,-0.09006016,0.43452025479235057,00:43:56.00
2637,-50.51969,0.2920687,-0.681459340024101,0.017687515533153515,-1.1837087,-0.44321425918532975,00:43:57.00
2638,-38.965454,1.4254528,1.0724763246145177,0.9969939455909393,2.80627,1.0234765185015609,00:43:58.00
2639,-35.935505,1.3384186,0.9126054029943617,0.6289238711637917,0.25199544,0.781285383215313,00:43:59.00
2640,-35.11166,1.2934097,0.8235735722384145,0.5486470504575403,0.072367445,0.7027983460996499,00:44:00.00
2641,-33.727604,1.4835887,1.1676679098394867,0.8326774736010044,0.70821977,1.0178632876469722,00:44:01.00
2642,-34.162495,1.2834109,0.8085370458589883,0.3473105400875821,-0.7508835,0.6004905374824101,00:44:02.00
2643,-38.200653,0.93452066,0.17853813102128183,-0.025058352736985794,-1.2260811,0.08159935889781555,00:44:03.00
2644,-40.821926,0.6209255,-0.39939334322251324,-0.4881805089145747,-0.22801971,-0.44511327040639126,00:44:04.00
2645,-38.148533,0.6557883,-0.34838355166118207,-0.5036859330649246,1.3928932,-0.41468845527854087,00:44:05.00
2646,-30.22491,1.2424686,0.7899764109560945,0.292046806792042,0.80310076,0.5735340176316136,00:44:06.00
2647,-30.008389,0.7243021,-0.09566896739909272,-0.3340590791277857,-0.9520591,-0.1934971945648101,00:44:07.00
2648,-34.766376,0.5854344,-0.412673408476044,-0.5748219904352209,-0.24241993,-0.480964338494165,00:44:08.00
2649,-31.074438,0.5962309,-0.42343953602469137,-0.6922567526994068,0.47248095,-0.5256490663038638,00:44:09.00
2650,-30.648964,0.62578994,-0.37465172931624857,-0.6748426201774615,0.18356133,-0.4909319691452259,00:44:10.00
2651,-25.972597,0.77158356,-0.004525265514545176,-0.3642803938610003,1.0344462,-0.14614613516894823,00:44:11.00
2652,-22.073967,0.93212414,0.23094043834718975,-0.3209826762900347,1.2610248,0.015392165525033794,00:44:12.00
2653,-17.896292,0.7621382,0.09518383230503326,-0.14749845847263462,1.3372756,0.01469005490121831,00:44:13.00
2654,-13.555071,0.81852615,0.25828410243002814,-0.03511061367746973,1.0768095,0.15706429991338774,00:44:14.00
2655,-10.190333,0.8541741,0.3656362042499329,0.0734652244097303,0.855378,0.2697514229827053,00:44:15.00
2656,-8.935788,0.7624795,0.2658851583777391,0.07500007361643762,0.3590783,0.21115401965114663,00:44:16.00
2657,-10.210359,0.7613538,0.21902285845783456,-0.007536552047763915,-0.0044426285,0.14947595660748939,00:44:17.00
2658,-11.041684,0.7509673,0.18593495083225153,-0.04206721494850231,0.2737879,0.11436797701796261,00:44:18.00
2659,-9.991113,0.7201035,0.17020674199712146,-0.030342307631785456,0.32466805,0.10809571452865076,00:44:19.00
2660,-9.87541,0.803896,0.3585096277319599,0.19772199160779966,0.28819555,0.31120095975639417,00:44:20.00
2661,-9.174173,0.80779046,0.3533560281795142,0.1808927322195153,0.48461315,0.3039432592045164,00:44:21.00
2662,-9.847055,0.70744884,0.18274442754387207,0.08403270767296171,-0.24266633,0.16342587241941392,00:44:22.00
2663,-13.021408,0.7019685,0.10156377500824497,-0.06002369736703118,-0.6759357,0.053178844834993064,00:44:23.00
2664,-15.23554,0.64569336,-0.05243817975970611,-0.2620214161092434,-0.6172071,-0.12336059746142303,00:44:24.00
2665,-17.730206,0.6294773,-0.11836438768022756,-0.3119794207729083,-0.37484312,-0.18435914633563885,00:44:25.00
2666,-18.738838,0.72775215,0.02420134441742211,-0.2538078958048127,-0.025256645,-0.07706402447151396,00:44:26.00
2667,-19.313013,0.6579807,-0.05086337016897682,-0.233489932099221,-0.20248413,-0.11480010764433701,00:44:27.00
2668,-20.6465,0.62223643,-0.15736748765038322,-0.34374234097124035,-0.24846831,-0.22140412501971796,00:44:28.00
2669,-20.136698,0.6833483,-0.09340322610768918,-0.41023102613338586,-0.10831331,-0.2099519990905401,00:44:29.00
2670,-21.036385,0.53456575,-0.35126140757750396,-0.5449343576619642,-0.3808653,-0.41656220416029116,00:44:30.00
2671,-21.867285,0.7200741,-0.10474823597456068,-0.5044399119204057,0.27944434,-0.25413868416335983,00:44:31.00
2672,-20.637642,0.652946,-0.16804761436417284,-0.48668723807983927,0.010299417,-0.28438258762817425,00:44:32.00
2673,-21.751749,0.5468876,-0.31066226825421794,-0.4816348297931936,-0.14561184,-0.36790453745748564,00:44:33.00
2674,-20.117083,0.7309627,-0.013078035369831209,-0.37698766080409163,0.05287881,-0.1486279689110489,00:44:34.00
2675,-21.190493,0.5821999,-0.273588548204439,-0.4960652272741601,-0.28406242,-0.3500567488645365,00:44:35.00
2676,-21.3146,0.59917295,-0.2834351076632703,-0.5649147015088013,0.12495581,-0.3835290048907815,00:44:36.00
2677,-21.147015,0.60919255,-0.27214973099780715,-0.5858680934114205,-0.19862503,-0.3864347391579856,00:44:37.00
2678,-22.321945,0.59407556,-0.3043900456059046,-0.5861935635124383,-0.05386945,-0.4074918203428825,00:44:38.00
2679,-20.471737,0.7132307,-0.06327599731558023,-0.4007146307460689,0.19572327,-0.19044040285493283,00:44:39.00
2680,-20.530216,0.74032426,0.07615821348295744,-0.10216676522834774,0.14539644,0.009535698069616598,00:44:40.00
2681,-19.643236,0.7769712,0.16100073256970165,-0.02774958440835551,0.20285793,0.08964419658441446,00:44:41.00
2682,-20.229551,0.7628722,0.11976419804039633,-0.10784269902846907,-0.074171275,0.030573582467319428,00:44:42.00
2683,-20.855747,0.7386352,0.0544811306049963,-0.17356558620735177,0.00809905,-0.03312310130492077,00:44:43.00
2684,-19.820288,0.749713,0.04416159486913628,-0.2765891184587451,-0.0040940954,-0.07854350494097187,00:44:44.00
2685,-20.480597,0.719879,0.01171757891004795,-0.2735723057196808,-0.10699749,-0.09979018892362686,00:44:45.00
2686,-21.02271,0.7276583,0.024220401009635323,-0.2518403170343825,0.20235379,-0.08472625497602332,00:44:46.00
2687,-20.786215,0.74201024,0.0558952298857272,-0.20117442484683237,-0.036375497,-0.04213999253610806,00:44:47.00
2688,-20.83024,0.7592665,0.07201152618709541,-0.21536705729445746,-0.12487891,-0.03805655445967382,00:44:48.00
2689,-20.668959,0.7429467,0.02478455375253772,-0.30580905308793815,-0.015206833,-0.10341102576449994,00:44:49.00
2690,-21.688103,0.6514686,-0.1421007364080156,-0.41006497717624124,-0.3627275,-0.24439857284406527,00:44:50.00
2691,-23.72595,0.6220271,-0.26238967162719223,-0.5383129176463213,-0.1239778,-0.3659380517079912,00:44:51.00
2692,-22.959026,0.5809478,-0.32370065403312337,-0.5807227134909816,-0.17893551,-0.4177268302866141,00:44:52.00
2693,-23.102917,0.6260478,-0.18925403129143137,-0.4230537829126159,-0.23691164,-0.2770729738282276,00:44:53.00
2694,-23.25922,0.8555723,0.3303178784072231,0.021807485004931116,0.045507092,0.19308815437216423,00:44:54.00
2695,-23.970728,0.8089088,0.2861357644875668,0.1395631849497853,-0.17452484,0.21683513008329305,00:44:55.00
2696,-25.305176,0.85053366,0.2900423644541142,0.04783075216376967,-0.08250264,0.18102354107102175,00:44:56.00
2697,-23.913122,0.7610403,0.0779341938887779,-0.180258606282683,0.053562474,-0.025562569113034773,00:44:57.00
2698,-24.261,0.6269461,-0.11732745554132273,-0.1643256052283708,-0.20694228,-0.13327842408325913,00:44:58.00
2699,-24.477283,0.65013146,-0.08308697292508721,-0.14317724573692497,0.049653497,-0.10458311457354606,00:44:59.00
2700,-24.817045,0.68934107,-0.04257681150678963,-0.17769618823294622,-0.19408618,-0.09585298880025987,00:45:00.00
2701,-24.775757,0.60066354,-0.1970205855492352,-0.29341506497179526,-0.081255384,-0.23350101529784678,00:45:01.00
2702,-23.49125,0.64167416,-0.16279550305493848,-0.3650191647606329,0.050099574,-0.23774754467659562,00:45:02.00
2703,-24.12123,0.66860723,-0.1373546874067774,-0.3687724324722156,-0.31785175,-0.22432598460227526,00:45:03.00
2704,-25.208765,0.6369397,-0.21795505653372937,-0.4340993030487896,-0.11726303,-0.2994737951094967,00:45:04.00
2705,-25.51787,0.77459085,0.08194653802309798,-0.21906606613806467,-0.19696298,-0.0423332377599519,00:45:05.00
2706,-25.454979,0.88995165,0.21869054844721206,-0.22913789298622747,-0.218509,0.03622576582740101,00:45:06.00
2707,-26.374825,0.6257447,-0.23331775527910223,-0.4889598807214767,-0.30540368,-0.33311222789207023,00:45:07.00
2708,-26.333385,0.6235427,-0.20626576142713463,-0.40516890094152647,-0.152767,-0.28336982881259726,00:45:08.00
2709,-26.961195,0.64391476,-0.193315131450335,-0.3590009132880196,0.24721196,-0.25470471641839,00:45:09.00
2710,-25.354769,0.62761647,-0.23050650356697736,-0.45021459848281625,-0.097658925,-0.3125465769308068,00:45:10.00
2711,-26.35891,0.60772437,-0.2676711233053713,-0.4764432201000222,-0.20423518,-0.34799830785169844,00:45:11.00
2712,-23.977053,0.6349894,-0.20861956614004984,-0.48469827038908,0.25521612,-0.31365727924477604,00:45:12.00
2713,-23.58507,0.65247685,-0.1802425418513013,-0.4662314272973931,-0.19845462,-0.2884744055877375,00:45:13.00
2714,-24.29306,0.6301167,-0.22153524787274867,-0.46791699598611747,0.37829134,-0.3136913630924815,00:45:14.00
2715,-22.66889,0.6424001,-0.18499670547799227,-0.47129562389224283,-0.08963517,-0.2930747400633363,00:45:15.00
2716,-23.71842,0.86391956,0.1336922519346274,-0.3255847640219361,0.029725127,-0.04638408890796592,00:45:16.00
2717,-21.6091,0.6850523,-0.08316869110734598,-0.3531075965008586,0.22028437,-0.18503941726070877,00:45:17.00
2718,-21.834806,0.77373326,0.07139680955128276,-0.2043679438821431,-0.16721506,-0.036136595268639285,00:45:18.00
2719,-22.330948,0.70243144,-0.015537967212658843,-0.17819588740866552,0.18177167,-0.0780208843170225,00:45:19.00
2720,-22.473198,0.750705,0.02299219508356749,-0.24626146023637416,-0.19685894,-0.08167580264203723,00:45:20.00
2721,-23.774641,0.65699816,-0.13564474068855278,-0.31880349010601905,-0.2552877,-0.2051579136092426,00:45:21.00
2722,-22.36413,0.6602776,-0.11425648197571987,-0.35331638628025885,0.023668353,-0.2063023219573844,00:45:22.00
2723,-22.797243,0.6889088,-0.05153586181258784,-0.30107442103217036,-0.13660146,-0.14918869541223975,00:45:23.00
2724,-23.173515,0.7374124,0.006430810158595057,-0.2557150708430831,0.7716918,-0.0923858166370816,00:45:24.00
2725,-19.499779,0.85039765,0.23181469316961725,-0.1778676518246376,0.83059126,0.073812935731169,00:45:25.00
2726,-15.837717,0.81939185,0.2080327893500909,-0.18212566512763423,1.0479519,0.06703889041862203,00:45:26.00
2727,-12.329195,0.8746618,0.34438006939492494,-0.09632121124344097,0.9117728,0.1854261994053213,00:45:27.00
2728,-11.398693,0.89071095,0.39951145412309885,-0.020953590648060558,0.62208086,0.2492522084229084,00:45:28.00
2729,-10.1042795,0.8879453,0.42021420329548725,0.02880942419746557,0.77407163,0.28369010929254146,00:45:29.00
2730,-8.23304,0.8971248,0.46427411403970004,0.05284709841294743,0.45010918,0.3204450234601812,00:45:30.00
2731,-8.723185,0.9010379,0.4813486022168918,0.09852129551188898,0.22993164,0.3482721053937446,00:45:31.00
2732,-9.108789,0.8939215,0.5002830485638142,0.1514751313116122,0.07119956,0.3783593352973313,00:45:32.00
2733,-11.940445,0.91613024,0.5118410888635008,0.16324637275875373,-0.44376937,0.38612769283625287,00:45:33.00
2734,-14.068092,0.8405927,0.3568944320973122,0.04748155054940666,-0.35707012,0.24413250163868988,00:45:34.00
2735,-16.949713,0.8129965,0.25618728525586604,-0.04300558289540312,-0.86162007,0.14631319792270522,00:45:35.00
2736,-20.533583,0.7665387,0.15101141665737186,-0.10853451960064536,-0.97435963,0.04906050996491401,00:45:36.00
2737,-24.537521,1.1238323,0.6464377572847393,0.14402111080168745,-0.092999555,0.43812725287832816,00:45:37.00
2738,-26.08241,1.6144257,1.2700005330833537,0.19061518385010873,-0.6105793,0.8264406647747455,00:45:38.00
2739,-29.606695,1.1962924,0.6282492376131933,-0.011683979340982746,-0.46073043,0.36088436999398305,00:45:39.00
2740,-31.20226,1.436232,1.410062445296575,1.552914919600797,-0.42238218,1.4322275485481997,00:45:40.00
2741,-32.900005,1.5221391,1.2226423783511233,0.7059780431013806,-0.0044794288,0.9883736401040691,00:45:41.00
2742,-34.230278,1.590645,1.133170948270607,0.19201502736553075,0.19880135,0.7362929030530938,00:45:42.00
2743,-33.54434,1.0416671,0.29335329350506995,-0.29470425448525106,-0.31399018,0.04688557365730817,00:45:43.00
2744,-36.87977,0.331063,-0.7406459890509267,-0.6555556225311393,-1.3096808,-0.7149708544535662,00:45:44.00
2745,-38.391266,0.48869714,-0.5403210120970833,-0.6223103476257432,-0.90691686,-0.5857806554334751,00:45:45.00
2746,-39.26167,0.72148937,-0.06252976505995633,-0.14456795117080626,0.40429127,-0.12678229271592184,00:45:46.00
2747,-36.99522,0.7576933,0.06201869258483799,-0.024648680171604924,-0.014088443,-0.00666082687079591,00:45:47.00
2748,-35.554226,1.4923793,1.092979557485701,0.288103690981589,-0.07554415,0.7270391905944528,00:45:48.00
2749,-36.6159,0.87564343,0.25118378393088275,0.16288089391527352,-0.687642,0.18330762946737028,00:45:49.00
2750,-39.86292,0.32166946,-0.7123566413031986,-0.5615362134715579,-1.2122731,-0.6728446962821149,00:45:50.00
2751,-42.019115,0.3974216,-0.6086902443549396,-0.4681139281017512,-0.971352,-0.5769767462285356,00:45:51.00
2752,-42.255066,0.34035045,-0.8067642787083291,-0.7317799762348518,-0.28148416,-0.7925572886729376,00:45:52.00
2753,-38.04754,0.8734154,0.09084333051902331,-0.14104171274385263,0.6141522,-0.023216373924836577,00:45:53.00
2754,-38.625473,0.38602358,-0.7534547547315257,-0.7799861355249248,-0.68766683,-0.7725721227567001,00:45:54.00
2755,-36.431393,0.77392274,-0.18388649772531276,-0.5483441991945945,0.37273234,-0.3363058250382271,00:45:55.00
2756,-36.968822,1.0920448,0.6301925607378915,0.694134717172671,-0.84279627,0.6278013305980403,00:45:56.00
2757,-38.17336,0.7324504,-0.2572272016158712,-0.5722098120930068,0.397884,-0.39263776397887856,00:45:57.00
2758,-35.825497,1.3259369,0.709656130360255,0.16653631609352817,-0.24741141,0.48468402802338056,00:45:58.00
2759,-38.673115,0.8241257,0.19699752023333722,0.37541563330160044,0.7149576,0.23663299492716558,00:45:59.00
2760,-28.73592,1.4822459,0.9692334418874291,0.0524949410206104,1.1020342,0.6016111420383824,00:46:00.00
2761,-34.679947,1.3218597,0.77847409057186,0.25435509589414135,-1.4041904,0.5526838277468683,00:46:01.00
2762,-34.963352,1.6526326,1.3942075520901547,0.7835124078970876,0.587519,1.1183797217844025,00:46:02.00
2763,-36.213158,1.7302903,1.505513680104635,0.9036862682321842,-0.41930237,1.2351829075044298,00:46:03.00
2764,-38.514664,1.0620126,0.3632250174366709,-0.11139103023844467,-0.59805614,0.14293876037140005,00:46:04.00
2765,-38.733707,0.6799092,-0.1718445533627444,-0.15127173426291537,0.17763987,-0.18499128437483942,00:46:05.00
2766,-36.024315,0.81041867,0.09325645032147845,-0.02273616792905876,0.32574603,0.018071978238208882,00:46:06.00
2767,-34.901638,1.3838874,0.7865113094240068,0.009948723883380672,-0.18829446,0.45766355237795714,00:46:07.00
2768,-39.621742,0.9212178,0.1259390374649287,-0.046239849423380636,-1.4369438,0.041178510413156316,00:46:08.00
2769,-40.594166,0.87298435,0.14538834947734403,0.030885058661353618,-0.17461562,0.06746624238544945,00:46:09.00
2770,-39.829227,0.3408609,-0.8489084949611015,-0.8668909376667465,-0.19779252,-0.8648628786050768,00:46:10.00
2771,-38.025997,0.5901764,-0.312908255420521,-0.2422870752664456,0.2147632,-0.30239928147903,00:46:11.00
2772,-35.93815,1.2709118,0.5881324054242435,-0.14781576892936327,0.08090267,0.27748338162590414,00:46:12.00
2773,-36.344296,1.2770832,0.7922920009855234,0.3954971284915335,-0.21740517,0.6051181054611341,00:46:13.00
2774,-38.467464,0.7867557,-0.11327891861581786,-0.39479694253041514,0.5027303,-0.23994510604459646,00:46:14.00
2775,-31.798216,1.5608748,1.0156791775151295,-0.0458051379143086,0.38274902,0.5838233304839833,00:46:15.00
2776,-36.526028,1.2264781,0.6077614787644972,0.07297982328259582,-0.68582886,0.37337267278910435,00:46:16.00
2777,-36.82468,1.0378402,0.3392222954775411,-0.014706939527238491,-0.7227153,0.17778946402025425,00:46:17.00
2778,-40.177868,0.34346378,-0.86359179797624,-0.8862663203711617,-0.9767636,-0.8814044064173343,00:46:18.00
2779,-40.157375,1.0148952,0.1758126212032243,-0.33732749755707325,1.3397478,-0.050227159960572434,00:46:19.00
2780,-30.60709,1.9453869,1.8021728155238252,0.8881790982866722,1.0348896,1.4234693182375144,00:46:20.00
2781,-34.75583,1.7181714,1.6681474021830012,1.5431442244743534,-0.19260946,1.5939215668363338,00:46:21.00
2782,-33.665833,1.5139586,1.2300476126019677,0.870001954815266,0.33599454,1.0638292397833895,00:46:22.00
2783,-34.476204,1.4026605,0.9425053576180199,0.24061172619835858,-0.33514687,0.6333178244546445,00:46:23.00
2784,-37.902832,0.5409677,-0.39325297518760277,-0.34965543937503296,-1.3759123,-0.3937705422895328,00:46:24.00
2785,-41.38016,0.32606518,-0.8929155900836669,-0.892566816737564,-0.49596456,-0.9025706613674157,00:46:25.00
2786,-36.458447,1.028006,0.3557017089267494,0.08393791298522384,0.6855991,0.22947143423522248,00:46:26.00
2787,-35.02736,1.4239159,0.8904364605518126,0.046203715257473625,0.42158797,0.524532970378265,00:46:27.00
2788,-35.503147,0.6564559,-0.29483872795759414,-0.5866133781543601,-0.7381193,-0.4239543114900809,00:46:28.00
2789,-36.852474,0.2981427,-0.8792364348294217,-0.8599838325809579,-0.1478582,-0.8740144758910849,00:46:29.00
2790,-32.176258,1.2116996,0.4950778837058494,-0.35668861963358506,0.39234588,0.1473497791913886,00:46:30.00
2791,-36.798504,0.61538446,-0.35153079164248585,-0.5488527455677863,-0.6704069,-0.44326687640555,00:46:31.00
2792,-32.660408,0.3775216,-0.7086991826583171,-0.7698988687005553,0.81313884,-0.7326739602370037,00:46:32.00
2793,-27.974602,0.41496247,-0.6174396613000978,-0.7313063494286306,0.81843036,-0.6553318198867834,00:46:33.00
2794,-24.859255,0.74158376,-0.03315784859245382,-0.4211934002115551,0.3279905,-0.18678635378601854,00:46:34.00
2795,-24.804565,0.7373601,0.054845466718213734,-0.21371194789336545,-0.15011019,-0.05849149624734477,00:46:35.00
2796,-25.065966,0.6460007,-0.04634397098727265,-0.12661056789090097,0.25790834,-0.08624808570508832,00:46:36.00
2797,-21.356821,0.8149952,0.23400056143449027,-0.07727173727207508,1.2029408,0.10337850440140389,00:46:37.00
2798,-17.703316,0.8010109,0.24461132721962944,-0.10205258511788685,0.46918705,0.10414720222045824,00:46:38.00
2799,-17.714464,0.6623324,0.004952129172559583,-0.22923876503657387,-0.13031194,-0.08280820121851416,00:46:39.00
2800,-19.243391,0.62986857,-0.09091339372772421,-0.318617954249461,-0.3977288,-0.17682303410454828,00:46:40.00
2801,-20.793154,0.65632874,-0.07813067429436173,-0.33819913746001945,-0.4558424,-0.17833941373676268,00:46:41.00
2802,-22.545897,0.67658436,-0.07146898837931714,-0.33633566823541555,-0.17033722,-0.17325044876156354,00:46:42.00
2803,-21.959093,0.68302405,-0.06840684907857568,-0.3633741147997581,0.26537755,-0.18210496165858836,00:46:43.00
2804,-20.48643,0.71793944,0.006676642770248867,-0.3270996903708455,0.18689883,-0.12221194086473984,00:46:44.00
2805,-21.187866,0.7855541,0.14906376493637127,-0.19155675767104743,-0.3773873,0.010708182270774138,00:46:45.00
2806,-22.920715,0.73680645,0.043494150973966215,-0.2309473512365762,-0.36208168,-0.06649906720507072,00:46:46.00
2807,-24.016043,0.7831599,0.10697922705745976,-0.18913594562065608,-0.13754505,-0.012932039589709149,00:46:47.00
2808,-23.125166,0.9354924,0.4482758943750252,0.1176235614152244,0.54503655,0.30722692673562924,00:46:48.00
2809,-21.661663,0.9176328,0.6428650096165731,0.5188291998641503,0.15996784,0.5655768831112749,00:46:49.00
2810,-22.039314,0.8947821,0.6155688972363144,0.5303281176011766,0.050568596,0.5520613737096727,00:46:50.00
2811,-22.318346,0.7778727,0.17118103831612688,-0.1310853463324276,-0.19027886,0.046036887801253985,00:46:51.00
2812,-23.76583,0.70835775,-0.04622767642717043,-0.35501344996539075,-0.5106885,-0.16781724349478896,00:46:52.00
2813,-25.827147,0.8552711,0.17934269632059804,-0.2098705026850067,-0.006930189,0.020949828964035515,00:46:53.00
2814,-23.578056,0.7493908,0.05561617996543925,-0.2625773422780347,0.53910524,-0.07177805974092058,00:46:54.00
2815,-22.219393,0.78187555,0.14239171205175763,-0.20461366878921364,0.19557884,0.002902635955174723,00:46:55.00
2816,-22.25973,0.9140461,0.36096550036877684,-0.06915642576965858,-0.07689857,0.18405492464369047,00:46:56.00
2817,-22.76748,0.8622787,0.32818505405541837,-0.0023521057551646385,-0.025464347,0.18769076775912136,00:46:57.00
2818,-23.427689,0.85321516,0.3349558606505857,0.0832714085470807,-0.29716852,0.2238195191442732,00:46:58.00
2819,-24.448112,0.8343962,0.31080136053705193,0.07671327570857706,0.25477353,0.20787945498558177,00:46:59.00
2820,-22.011484,0.9007505,0.430411827862641,0.08061660842691805,0.7153164,0.28232112210287963,00:47:00.00
2821,-20.032555,0.93044263,0.5029250568964276,0.10508710893391973,0.5078661,0.33676961165929853,00:47:01.00
2822,-19.634684,0.90496373,0.45456565255566866,0.06268102078265891,0.039162543,0.291482188650188,00:47:02.00
2823,-20.691156,0.97899973,0.46821888139845075,-0.04275040420286765,-0.29469368,0.26095963011984763,00:47:03.00
2824,-23.167877,0.9411654,0.45440955040956915,0.07060362693453337,-0.106706485,0.28835855458932813,00:47:04.00
2825,-21.625774,0.79026324,0.2287856358351402,-0.06159767363003802,0.45869073,0.10815345603807916,00:47:05.00
2826,-20.849865,0.9628177,0.5059701327038075,0.041040811705143926,0.20375569,0.31170342088737163,00:47:06.00
2827,-20.578289,0.79476744,0.2363192973284915,-0.07816839994053816,0.09333136,0.10937660573435871,00:47:07.00
2828,-20.968681,0.8609061,0.36039068838148347,-0.0052653669403798006,-0.3247747,0.2077974392094756,00:47:08.00
2829,-23.851208,0.92818743,0.4820366681163616,0.11759330174138256,-0.680196,0.3167419796008647,00:47:09.00
2830,-26.509413,1.0994027,0.7342869232158142,0.23431004021305052,-0.11893949,0.5003651030964569,00:47:10.00
2831,-25.53198,1.0874535,0.6799272454772525,0.15152299563491448,0.25775984,0.4448391265461817,00:47:11.00
2832,-26.030043,0.81037116,0.2898749867112502,0.0440304958175185,-0.5332457,0.1708446283656803,00:47:12.00
2833,-29.389757,0.71451586,0.10514460556716276,-0.02148467502392562,-0.4484709,0.031042206212627477,00:47:13.00
2834,-29.233685,1.7236257,1.6027870137292388,0.8487456521942568,-0.96384126,1.269341430466582,00:47:14.00
2835,-39.273716,0.8334707,0.1834707685217183,0.27878007055634546,-1.9496472,0.19337953563830934,00:47:15.00
2836,-37.359486,1.4016607,1.01320571298149,0.7824077941770597,1.0064656,0.9077516438270756,00:47:16.00
2837,-37.73589,1.0058815,0.4223912254393809,0.3629509136469965,-0.48656675,0.3786032159857087,00:47:17.00
2838,-41.746735,1.1151901,0.5364393179802568,0.5128100910935554,-2.412639,0.5118064782575286,00:47:18.00
2839,-46.46146,0.8926461,0.17277538177560042,0.30815569477948707,0.9514191,0.19899269063828046,00:47:19.00
2840,-42.02522,0.874244,0.11626675958771607,0.19436323379797596,-1.7349944,0.13402883328243584,00:47:20.00
2841,-45.812435,1.0513371,0.40712079092026576,0.5696207682747648,2.135107,0.4498546164541489,00:47:21.00
2842,-34.110897,1.760392,1.732355296564858,1.5028917068219738,0.45014337,1.6145877426393282,00:47:22.00
2843,-39.471794,0.88395876,0.25142740077330283,0.3617693222635052,-0.4593399,0.27577304366275174,00:47:23.00
2844,-39.726315,0.86702025,0.18896360048022612,0.2294535116836787,-1.7258908,0.1828260498391132,00:47:24.00
2845,-44.459923,0.61768526,-0.36077374637072523,-0.27308477441746704,0.8680026,-0.3411043881429638,00:47:25.00
2846,-35.23322,1.3789914,0.9480620714413984,0.4740520104364908,0.40012482,0.7428464410508897,00:47:26.00
2847,-37.603104,1.1573308,0.6937589071867916,0.7967309156447033,-0.8450139,0.7249855667513837,00:47:27.00
2848,-42.941807,0.59671134,-0.4225094124381502,-0.41322470326305455,-0.4143941,-0.42860331354734005,00:47:28.00
2849,-38.42957,0.98122185,0.2692976503287254,0.0046061722092775115,0.4962527,0.1463625176874552,00:47:29.00
2850,-35.103092,1.1274301,0.5549985963330836,0.2864919886873979,-0.6943321,0.4394041809334004,00:47:30.00
2851,-44.493843,0.6544666,-0.1614418223723802,0.13564518481896098,-1.4732956,-0.06325638587679903,00:47:31.00
2852,-42.290565,1.0680178,0.5225405632231963,0.601271448450643,-0.52424335,0.5299765752290873,00:47:32.00
2853,-47.970352,0.6085719,-0.08949649942866635,0.5993571812020096,-0.56800705,0.15306130409811683,00:47:33.00
2854,-44.096806,0.93663573,0.323024793913368,0.6539116736253364,-1.021109,0.4364647674133222,00:47:34.00
2855,-48.74652,0.5655574,-0.3497928095515058,0.08786330571195018,-1.0654174,-0.19850126019856693,00:47:35.00
2856,-49.691746,0.5429671,-0.4261681119028845,-0.02680373297033708,-0.9971246,-0.29064880549635735,00:47:36.00
2857,-50.90122,0.5162637,-0.6796083323128247,-0.5481722533622729,-0.77892554,-0.6415110177156648,00:47:37.00
2858,-50.68462,0.49585795,-0.7337960489166602,-0.5891330161202808,-0.5528479,-0.6868019888011299,00:47:38.00
2859,-49.109188,0.5404609,-0.43483377905464377,-0.12061395675816411,-0.18093324,-0.33487847805212456,00:47:39.00
2860,-45.981174,0.7568982,-0.008729954055943796,0.25171837907506345,1.8549674,0.06576787686873355,00:47:40.00
2861,-36.036636,1.5980098,1.192633336604331,0.5709659444952895,0.8113413,0.931647472699898,00:47:41.00
2862,-38.486603,1.2987717,0.6368122412071362,0.020184200781381268,-1.2446153,0.3739559901320957,00:47:42.00
2863,-46.30767,0.7349042,-0.06389624322540965,0.6465247434380031,-1.7373353,0.21500348700408606,00:47:43.00
2864,-41.752323,1.0451386,0.237030178010917,-0.11573270929841196,2.4339504,0.0810345636671579,00:47:44.00
2865,-36.445095,1.3654808,0.9538294342851542,0.723284147371065,-1.7827067,0.8492747896763734,00:47:45.00
2866,-49.097958,0.49688095,-0.5673278055876354,-0.33722051726900554,-1.5828254,-0.49682494502330715,00:47:46.00
2867,-42.955322,0.8315212,-0.01526657626629753,-0.13176949341321403,0.25468066,-0.08333145283763134,00:47:47.00
2868,-48.06793,0.65716815,-0.4461897564613495,-0.45268891621910223,0.6909835,-0.46496756508798226,00:47:48.00
2869,-35.190147,1.3772044,0.7574210772663865,0.014851871797106569,0.48784485,0.44781980946584926,00:47:49.00
2870,-40.650906,1.2159592,0.6056165858968531,0.4555500876834544,-1.7218803,0.5351344634678553,00:47:50.00
2871,-48.032692,0.5171219,-0.6338168133837427,-0.4885663508161775,-1.0945557,-0.5871944522874422,00:47:51.00
2872,-42.844433,1.0184116,0.3612341168787939,0.6557057455691723,2.3529902,0.47456490376002114,00:47:52.00
2873,-34.673782,1.5282476,1.3766085900119707,1.5862209131637977,0.0181823,1.4590402323073217,00:47:53.00
2874,-38.138264,1.0979419,0.4592699863168125,0.2800232581119521,0.2707463,0.3712473529372798,00:47:54.00
2875,-36.875164,1.4421077,0.886379054411088,0.22098714260431965,-1.3709162,0.5997966657989084,00:47:55.00
2876,-44.591316,0.4916201,-0.7572302836265973,-0.8557002632901395,-1.3390368,-0.8021709645100166,00:47:56.00
2877,-44.346607,0.47070077,-0.7741126466050511,-0.8387820493618103,-0.40568313,-0.8053561884013276,00:47:57.00
2878,-43.458958,0.488248,-0.7317195949176806,-0.7964981978768957,-0.38754907,-0.7622188697263732,00:47:58.00
2879,-43.1692,0.50058436,-0.7233492253193727,-0.8162472031162249,-0.65712845,-0.7647124626232493,00:47:59.00
2880,-43.943913,0.50218266,-0.7082494841538552,-0.7709803366390564,0.5600821,-0.7402882100887247,00:48:00.00
2881,-36.268,1.5470895,1.30667260813299,1.0947067678787574,-0.44826654,1.2048629009733736,00:48:01.00
2882,-45.71869,0.55656093,-0.5569230937401184,-0.3767722057529908,-1.800703,-0.4891151004443851,00:48:02.00
2883,-46.579758,0.48251444,-0.7890933574476281,-0.7598539889366367,-0.26447675,-0.7812354345644508,00:48:03.00
2884,-42.34026,0.9207494,0.06651003987395024,-0.14585675370647105,0.21242148,-0.0361640030065026,00:48:04.00
2885,-45.2882,0.55394113,-0.5855311533377456,-0.5997059754861701,-1.2317992,-0.6042907592374294,00:48:05.00
2886,-44.34614,0.5069122,-0.7214051802879028,-0.7490265577868535,0.23405719,-0.7362043654395706,00:48:06.00
2887,-40.542187,0.48858297,-0.6910313209261958,-0.6700695076385277,0.34505737,-0.6803708468725816,00:48:07.00
2888,-38.22787,0.5712751,-0.4692566869189823,-0.4544452177146693,-0.1276413,-0.46428433017562926,00:48:08.00
2889,-37.91239,0.58737016,-0.43806157622468994,-0.4277194842193129,-0.44352522,-0.4341702710061696,00:48:09.00
2890,-38.617935,0.56614834,-0.5138684166281962,-0.5537468392955729,-0.7683857,-0.5305060519286482,00:48:10.00
2891,-40.80521,0.5372842,-0.4876274408002454,-0.36633415003931785,-0.47400042,-0.4457399690586778,00:48:11.00
2892,-37.392868,0.62040395,-0.341937643818681,-0.31423975924201486,0.93911254,-0.3307151900966375,00:48:12.00
2893,-31.909004,0.7544427,-0.04168019223426492,-0.15970946959866295,1.230925,-0.08945160741238951,00:48:13.00
2894,-26.10016,0.66592443,-0.1650037559042039,-0.29637522126031746,1.4793804,-0.2086448862110032,00:48:14.00
2895,-19.832724,0.6688552,-0.13767681507960408,-0.3194220408429501,1.1908392,-0.19276980048247908,00:48:15.00
2896,-17.364613,0.663678,-0.08746195142535036,-0.18960335914728704,0.43611652,-0.10596582606851494,00:48:16.00
2897,-16.6577,0.6448483,-0.1080660293690396,-0.22110406064412869,-0.44912276,-0.13093410089214078,00:48:17.00
2898,-21.700315,0.6424296,-0.1987328308524181,-0.35774035649730057,-0.90039885,-0.24594387340064863,00:48:18.00
2899,-21.05116,0.74581474,0.005794795504566041,-0.24573480630924116,1.013565,-0.08010590981555564,00:48:19.00
2900,-16.792273,0.9354664,0.3919096774289411,0.026681458895157186,0.87052155,0.25797944803308087,00:48:20.00
2901,-14.924645,0.7879754,0.2626498917196619,0.23435647606534496,0.4550505,0.26986024982951107,00:48:21.00
2902,-14.890802,0.7950666,0.283050811426147,0.33072437877113287,0.22687466,0.32761817055921055,00:48:22.00
2903,-14.654971,0.87415767,0.3885068303195352,0.3862554528235899,0.017618462,0.415683382218149,00:48:23.00
2904,-16.071127,0.99594843,0.4959010123942093,0.18232783448655301,0.08624885,0.38679107145535596,00:48:24.00
2905,-16.485035,0.9498776,0.42023211071398964,0.09451957884261285,-0.09028999,0.3025640997279444,00:48:25.00
2906,-18.370466,0.7858282,0.20368835606097865,0.10534913477733018,-0.43064845,0.1769611259108973,00:48:26.00
2907,-20.331507,0.7807081,0.19283788471120322,0.13682823087365065,-0.4874759,0.1809057765634709,00:48:27.00
2908,-22.740492,0.8167634,0.20623152406456532,0.09536491562181643,-0.43465957,0.168730507297629,00:48:28.00
2909,-23.613766,0.9292294,0.3910058691972998,0.168201923576671,0.19877873,0.30067350509342833,00:48:29.00
2910,-22.75017,0.9532574,0.4186835607070295,0.12663791550471232,-0.09364727,0.300540789524242,00:48:30.00
2911,-23.846127,1.0916195,0.5948769850352533,0.07670983845257934,0.40212706,0.38053569082886646,00:48:31.00
2912,-23.263002,1.9035577,1.9126616235244482,0.8913433824250557,0.22735088,1.4773534374851975,00:48:32.00
2913,-25.40747,1.5001968,1.2754389568647717,0.5750004780941772,0.027867708,0.97396783509163,00:48:33.00
2914,-26.81644,1.9578447,1.8573503914400538,0.6278753746080027,0.34295094,1.3375714424133531,00:48:34.00
2915,-26.138197,1.7091385,1.5799505353845709,0.6470687225568247,0.6279258,1.17995589318219,00:48:35.00
2916,-26.454357,1.4951161,1.1362883371060148,0.20660697217849142,0.3847688,0.747933100769367,00:48:36.00
2917,-26.639435,1.5684345,1.4614019855971565,0.9184242942568956,0.04900242,1.2104314816106077,00:48:37.00
2918,-28.370026,1.1257031,0.5860351364980219,0.013451750649028598,0.08262327,0.3435087000294863,00:48:38.00
2919,-26.642212,1.2756274,0.8445438953489228,0.31377237243191697,0.36022475,0.627455769485281,00:48:39.00
2920,-27.596651,1.4771892,1.142871425672688,0.3750996590847403,0.39396948,0.8188471809559295,00:48:40.00
2921,-25.865416,1.6594129,1.3537185294748533,0.33189939259136775,0.8323938,0.9367393740117617,00:48:41.00
2922,-26.085724,1.3714112,0.9093260818934134,0.016518200979172403,-0.58564764,0.542623427515601,00:48:42.00
2923,-28.282942,1.4116802,1.1641273048966436,0.803121627012761,0.37931967,1.0010530331027592,00:48:43.00
2924,-30.364605,1.6082785,1.2622047090175594,0.48883290594301027,-1.3547894,0.939679601115807,00:48:44.00
2925,-37.20355,0.7905273,-0.06649107044823914,-0.3449151913532969,-0.44574192,-0.19265630355631932,00:48:45.00
2926,-36.43754,1.0868809,0.552775976566837,0.3790916665780364,-0.31717598,0.4579762946348156,00:48:46.00
2927,-31.147552,1.4580466,0.9515993655369198,0.12822179506879558,1.8169925,0.6149655722207936,00:48:47.00
2928,-30.686186,1.3823761,0.9564214287464181,0.3010169332424309,0.6825447,0.6774995616338746,00:48:48.00
2929,-28.247686,1.1374555,0.6746414858558594,0.2737024466046027,0.23444031,0.49855996095344696,00:48:49.00
2930,-26.312836,1.2872967,0.9491108481445352,0.31759180854304786,1.4969225,0.6714654703606847,00:48:50.00
2931,-21.502316,1.1723001,0.6920635106966113,-0.02066112915453124,0.9254954,0.40120720656460307,00:48:51.00
2932,-20.79226,1.6813973,1.4660317348214909,0.3055656190142625,0.35673591,0.9920199121893859,00:48:52.00
2933,-21.268972,0.9755569,0.4280213648036561,-0.0649440508155971,0.42175782,0.2278466615278451,00:48:53.00
2934,-19.469688,1.0860637,0.4725893041031599,-0.30608084067452307,1.3130145,0.1698717849612037,00:48:54.00
2935,-14.689152,1.4625431,1.177501781177091,0.19040372641304862,1.1154016,0.7878302576300609,00:48:55.00
2936,-13.827069,0.98483294,0.5626265245832928,0.19180686896868962,0.6209258,0.4242699755902646,00:48:56.00
2937,-12.780546,1.0277365,0.6668978879543482,0.29855925834789954,0.35583213,0.5291626189595522,00:48:57.00
2938,-13.367152,1.00746,0.6222823680292106,0.24429545200921038,0.2500926,0.4800712231775001,00:48:58.00
2939,-14.209533,1.0621957,0.6793327044452305,0.23738423275169715,-0.04971208,0.5099729063465824,00:48:59.00
2940,-15.380923,1.1229968,0.7328007087296642,0.17285177394954374,-0.052655637,0.511955235450104,00:49:00.00
2941,-18.873602,0.96242833,0.44907203270631635,-0.01548860858535508,-0.55658036,0.2640776980156001,00:49:01.00
2942,-18.723347,1.3178115,0.9024441501777546,0.016783641259151452,0.9039578,0.5503746174332983,00:49:02.00
2943,-17.036018,1.0759827,0.557004743562207,-0.12175892043860694,0.04865317,0.2938010052645643,00:49:03.00
2944,-19.923077,0.87537134,0.2102122337690694,-0.2794805029208151,-0.1456016,0.023577364619750026,00:49:04.00
2945,-19.437143,1.2986839,0.8453174142758734,-0.004012477236229264,0.066356905,0.5077683861683959,00:49:05.00
2946,-20.746367,0.94256264,0.27941132876881863,-0.27793591833601083,0.054060686,0.0664694016806849,00:49:06.00
2947,-21.998672,0.9486038,0.22721042155004118,-0.38022786114025864,-0.0034716818,-0.004806394498752275,00:49:07.00
2948,-21.606958,1.0766548,0.4677753478800669,-0.21571364393781328,0.32094985,0.2033068801417932,00:49:08.00
2949,-21.36518,1.0417312,0.40942280075428955,-0.24567680802236172,0.1141247,0.15721064218029016,00:49:09.00
2950,-21.121252,0.9752666,0.31993881955867914,-0.24097131161527907,0.32925048,0.10671231863781616,00:49:10.00
2951,-20.508785,0.82507706,0.1065284431752131,-0.30894542926414803,0.531097,-0.046771311388198504,00:49:11.00
2952,-18.390972,1.1674222,0.6729040540893496,0.0236726652666863,0.66595954,0.4241729362235455,00:49:12.00
2953,-16.704304,1.0119145,0.4864562752861315,-0.03746661925842432,0.78502125,0.29001662008960816,00:49:13.00
2954,-14.897245,0.87947106,0.3268956319733853,-0.05718620065665056,0.51672196,0.18819612829731683,00:49:14.00
2955,-14.6516,0.8522368,0.3008985373644413,-0.0448226781736871,0.3749683,0.17664917042278744,00:49:15.00
2956,-13.876113,0.9486445,0.4341530389543251,-0.001186717868902326,0.22016212,0.27572809638742374,00:49:16.00
2957,-14.986588,0.84826714,0.2913518783622279,0.058438956675197176,-0.76419735,0.21800574000568199,00:49:17.00
2958,-21.778923,0.9024533,0.380792190821704,0.2533760939746981,-1.4495069,0.3369181279044283,00:49:18.00
2959,-25.218164,1.0831758,0.6972205602104399,0.4979996769072919,-0.06391817,0.6082236107679068,00:49:19.00
2960,-24.798004,1.1057386,0.6586935077726439,0.2992547186770145,-0.7861622,0.5090960855714928,00:49:20.00
2961,-31.202688,0.7162834,0.019671039121444547,0.043112334730487735,-1.0693223,0.017815740702113697,00:49:21.00
2962,-31.812273,0.87246346,0.0509373941516142,-0.3057781561773122,-0.18204422,-0.09310553047867232,00:49:22.00
2963,-33.697475,0.5248314,-0.5905230009798573,-0.7519802530723038,-1.1465178,-0.6484410387731682,00:49:23.00
2964,-34.818874,0.87976414,-0.028480829308837028,-0.47626105330245677,-0.12973334,-0.21125565855983897,00:49:24.00
2965,-33.61382,0.75336134,0.05015726937362401,-0.017449684837770426,-0.08931961,0.009411858302635641,00:49:25.00
2966,-37.55585,0.52738905,-0.30583016577411865,-0.13762982377353986,-0.79171157,-0.2558462954988046,00:49:26.00
2967,-35.141327,0.7397902,-0.06952181240400675,-0.19689633619884564,-0.8560586,-0.12949966579301916,00:49:27.00
2968,-39.14051,0.65074706,-0.20468906454897481,-0.2077426129015276,-0.8018759,-0.2232901054522827,00:49:28.00
2969,-39.84158,0.6391998,-0.23276464530658383,-0.23105101383313667,-0.36366886,-0.2506914308248015,00:49:29.00
2970,-39.546776,0.64354986,-0.23059420379647907,-0.22089969576371657,-0.11047681,-0.243112714808689,00:49:30.00
2971,-37.838364,0.702934,-0.16141475333892882,-0.25107426280543144,-0.17486773,-0.20871659173980328,00:49:31.00
2972,-37.97809,0.9630138,0.46514010989069093,0.6123155039965286,-0.6244345,0.4964656313935299,00:49:32.00
2973,-40.6229,0.6588356,-0.19957465302256705,-0.1518461428349374,-0.9055992,-0.19807129590987263,00:49:33.00
2974,-41.465714,0.49887684,-0.538352609723821,-0.49989793436514196,-0.080577925,-0.534795071484873,00:49:34.00
2975,-38.09207,0.8629496,0.25811152072754523,0.22806052653213432,0.459614,0.21515436869101878,00:49:35.00
2976,-36.662758,1.0617611,0.5377023713097056,0.31088116731040144,-0.3513737,0.4207421225772829,00:49:36.00
2977,-37.860207,0.83325326,0.10675217128276382,0.014950115853878265,0.17792632,0.052940352577432424,00:49:37.00
2978,-36.056625,0.7026783,-0.15016962497649572,-0.3091131295172052,-0.22440943,-0.22593834743315327,00:49:38.00
2979,-33.838985,0.8493979,0.1244974977409164,-0.11446483468322592,0.10244683,0.01760635691036202,00:49:39.00
2980,-37.122395,0.99724656,0.48253547262914515,0.47848485221887904,-0.47668514,0.45637869712596024,00:49:40.00
2981,-35.74375,0.9951658,0.5702452542132573,0.794627366696442,-0.072644904,0.6394840587388315,00:49:41.00
2982,-35.83129,1.0770999,0.7489599065057809,0.9274019650675803,-0.0090052495,0.789743789254295,00:49:42.00
2983,-35.947136,1.0092435,0.7619029389457438,1.342517477231322,-0.33720973,0.9659663376779704,00:49:43.00
2984,-37.549313,0.9627466,0.448356008693001,0.5530396650889333,-0.5219649,0.4661810214233974,00:49:44.00
2985,-38.349823,0.85617834,0.23077118595216783,0.24481739297668498,-0.50494933,0.2103409032987999,00:49:45.00
2986,-39.157,0.583689,-0.2663109299040119,-0.1795360607173995,0.36171725,-0.2502566257701512,00:49:46.00
2987,-32.63416,1.3331851,0.8181135410277431,0.18666616892244223,0.62530464,0.5562839684137852,00:49:47.00
2988,-38.478893,1.0221167,0.49685229387326946,0.5781441024513032,-2.2651906,0.5063709994987966,00:49:48.00
2989,-43.18379,0.6714418,-0.12773890630482734,-7.927439288816062e-05,-0.85411066,-0.10869043472168388,00:49:49.00
2990,-43.390846,0.7426863,-0.03958406539999331,0.0326354053782096,0.23248872,-0.04218572259575433,00:49:50.00
2991,-37.067307,1.4313912,0.95999915877204,0.2741437330998096,0.6712991,0.6602698942643287,00:49:51.00
2992,-41.73329,0.64755535,-0.1263171835989496,0.12908993926381462,-0.4969906,-0.046726427356091095,00:49:52.00
2993,-35.90688,0.49541435,-0.42423870649316414,-0.3166745112341158,1.4106911,-0.3867601003772284,00:49:53.00
2994,-29.841814,0.4402421,-0.4640773661639417,-0.32321500123119273,0.6382082,-0.4003064916559117,00:49:54.00
2995,-27.698277,0.5310008,-0.3467556739044096,-0.31451382897906344,-0.117113635,-0.32252878644360944,00:49:55.00
2996,-27.519201,0.6132694,-0.18671881291743328,-0.19280982734414598,0.17125498,-0.18100670767487548,00:49:56.00
2997,-26.26858,0.79570395,0.17001129407220486,0.1338761345413139,0.52021956,0.16001977776356408,00:49:57.00
2998,-22.628958,0.7860585,0.22172501774984643,0.15000644576169206,0.44511506,0.19810397654084705,00:49:58.00
2999,-23.060629,0.77269596,0.12426786029681934,0.030904744511494508,0.070305035,0.09900368715192354,00:49:59.00
3000,-22.651667,0.7278924,0.05261767212096069,0.004397200477144119,-0.016667599,0.04892367429148256,00:50:00.00
3001,-22.888483,0.6959817,-0.0032137915924883628,-0.027916140589866523,-0.053900205,0.0021811878430672677,00:50:01.00
3002,-22.29299,0.7048819,0.03249976755558048,-0.0028892031284066216,0.16469657,0.03215028813474161,00:50:02.00
3003,-21.763731,0.6751535,-0.023138499236062992,-0.03970356447951702,0.110811636,-0.012732467800082435,00:50:03.00
3004,-21.130138,0.6254472,-0.10116471030715112,-0.08274282916799888,0.24049646,-0.07578370932364115,00:50:04.00
3005,-19.67073,0.7320704,0.12590667157886842,0.0492856064888005,0.27854794,0.10967618885058282,00:50:05.00
3006,-18.841364,0.7045925,0.07075880365627979,0.011628900998890197,0.29015008,0.06571653579398797,00:50:06.00
3007,-19.31302,0.7417857,0.09913311577990525,-0.018771141734431458,-0.037649106,0.06847574173615124,00:50:07.00
3008,-18.009611,0.71132094,0.08193136022349931,0.038577580898627756,0.19452535,0.08506165498027704,00:50:08.00
3009,-18.613638,0.7029215,0.06409354716652388,0.037696133800726075,0.19525474,0.07326631143904727,00:50:09.00
3010,-17.452728,0.78016394,0.2645523917904055,0.18253541977808543,0.037633065,0.24437283571697802,00:50:10.00
3011,-18.895655,0.7257282,0.13663796148577687,0.15149661795910066,0.26381335,0.15973936562518312,00:50:11.00
3012,-16.26033,0.61235195,0.0004883148150682165,0.10773784393724277,0.22243701,0.06239582554853441,00:50:12.00
3013,-16.7895,0.56294173,-0.08784190730890594,0.07826072086572534,-0.23701796,-0.001086656328076946,00:50:13.00
3014,-18.767807,0.5215853,-0.16036383443502028,0.0871302536011218,-0.14418024,-0.041332819877242424,00:50:14.00
3015,-16.799616,0.5322664,-0.12577969224763508,0.09035649533054904,0.09579929,-0.017531483433081443,00:50:15.00
3016,-18.83855,0.50976825,-0.19030763092666006,0.037564333949519385,-1.2092439,-0.08004756356352967,00:50:16.00
3017,-24.79366,0.5091547,-0.28912049148076024,-0.09315220140859655,-1.5458163,-0.1989100383121978,00:50:17.00
3018,-29.779123,0.49802324,-0.4357360975013327,-0.28061456840353166,-0.3193626,-0.3609286756276894,00:50:18.00
3019,-25.424961,0.8422763,0.1052231366209461,-0.2029266035879947,0.041700467,-0.008181098841973189,00:50:19.00
3020,-28.578056,1.3435047,0.9927135682638862,0.5048692142910555,-0.6395218,0.7837987410191924,00:50:20.00
3021,-33.052696,0.8561232,0.10040083019065947,-0.1748830725757047,-0.76040757,-0.017228489923883473,00:50:21.00
3022,-29.961346,1.3474407,0.8789936899282031,0.21406950324444154,0.20849219,0.6020497522928342,00:50:22.00
3023,-35.548687,0.8656084,0.26120557556672375,0.2666061020082617,0.3567026,0.2441688902289392,00:50:23.00
3024,-27.48607,1.7072645,1.4489531584431494,0.5053466584368296,0.47677585,1.0603007666099675,00:50:24.00
3025,-30.72371,1.0291615,0.4607363960595722,0.09865354640925615,0.0010358022,0.30128261342731905,00:50:25.00
3026,-31.04984,0.755945,0.061021369087654015,-0.12193457890625864,-0.21226458,-0.029035543486489013,00:50:26.00
3027,-29.644892,0.69692206,-0.12824277210374954,-0.3732125978801961,0.3270956,-0.23040897765019402,00:50:27.00
3028,-29.264296,0.9003249,0.305959094918976,-0.009913278671159605,-0.311998,0.16030373551594518,00:50:28.00
3029,-29.930647,1.0342627,0.48080796314339397,0.10287756617237032,0.17368647,0.31358279125263944,00:50:29.00
3030,-29.965286,1.5069904,1.1392414795784154,0.3655598059362364,-0.46305022,0.8166066281125233,00:50:30.00
3031,-32.86382,0.65831465,-0.24272159988201134,-0.4598914617477265,0.12896816,-0.33393674562931547,00:50:31.00
3032,-28.466751,0.7656717,-0.04769768530822207,-0.3743004029221951,0.674826,-0.17794870996908552,00:50:32.00
3033,-27.154123,0.58891934,-0.2922107657152892,-0.4978864221803306,-0.11988395,-0.3707957292702544,00:50:33.00
3034,-27.695166,0.5348562,-0.452853418362978,-0.665229271716628,-0.036899626,-0.5296386990815322,00:50:34.00
3035,-25.470348,1.2822372,0.7709723459159226,-0.025412519720043523,0.09529334,0.44606956193686625,00:50:35.00
3036,-29.686415,0.7491179,0.08136087490053832,0.1722924505244275,-1.0149597,0.11080176856848449,00:50:36.00
3037,-30.337904,0.77376825,-0.03766660850144289,-0.2965905789429864,0.7389206,-0.14249460238511863,00:50:37.00
3038,-26.875164,1.2437268,0.6964047789606772,-0.06270625988132006,-0.30306855,0.3874515808891875,00:50:38.00
3039,-28.702148,0.6138613,-0.2712968244360617,-0.4562057162622232,0.7963255,-0.3425154740349753,00:50:39.00
3040,-24.879295,1.5754561,1.2425114836562001,0.3444263958080116,0.15254891,0.8797863734685482,00:50:40.00
3041,-25.284296,1.1986527,0.6889303979460152,0.01246286503365248,0.36615694,0.4140813211919433,00:50:41.00
3042,-26.892689,1.1090001,0.5129789163053189,-0.10668541801983211,-0.10749285,0.2627332445459516,00:50:42.00
3043,-26.136719,0.8563499,0.13238919245946074,-0.24199285185616845,0.52530646,-0.011775517025846,00:50:43.00
3044,-23.252012,1.044564,0.4945397960939985,0.03938989890750555,0.79537416,0.31688471168952603,00:50:44.00
3045,-21.147886,1.1331121,0.7200969814127084,0.4031130920648767,0.846346,0.6009173187687101,00:50:45.00
3046,-19.009115,1.436172,1.3038799597577093,0.948972543945709,0.36850762,1.1664462408160514,00:50:46.00
3047,-20.663975,0.98127204,0.6443057080428033,0.7528635935571959,0.30706072,0.6953125457952879,00:50:47.00
3048,-18.739698,1.1749961,0.935772006338127,0.8059878529130985,0.66335666,0.8898047743038057,00:50:48.00
3049,-17.741493,1.1816047,0.926340576388145,0.7116248305385627,0.5226017,0.8474221297947488,00:50:49.00
3050,-17.934086,1.2382511,1.0569706087182669,0.8544503628404236,0.6105054,0.9780143654613597,00:50:50.00
3051,-15.659217,1.4319651,1.3458883274381843,0.9326581256598727,0.93376976,1.1856735282830713,00:50:51.00
3052,-15.794716,1.082386,0.8642557889119916,0.8719702861855773,0.034970105,0.880622289112816,00:50:52.00
3053,-16.279095,1.0256245,0.7604107848394394,0.7371048945565403,0.16919155,0.7612536434755544,00:50:53.00
3054,-18.41781,0.98463017,0.7360962163828138,0.8950724399596709,-0.35476467,0.8033264764874218,00:50:54.00
3055,-18.646288,0.9506838,0.5977940728294527,0.5529734298101668,0.536418,0.5826986703950173,00:50:55.00
3056,-17.210066,0.9970798,0.7411208015570344,0.822198828590141,0.50675493,0.7840210978110758,00:50:56.00
3057,-16.13651,1.0575845,0.7933944191963263,0.8051160673360148,0.28759554,0.8146592779196564,00:50:57.00
3058,-17.327234,1.1237721,0.9385298928135077,0.9306365109064523,0.15450229,0.9414791233081676,00:50:58.00
3059,-17.1234,0.9869801,0.7288962158903417,0.7724825670322208,0.6547031,0.7507373979048069,00:50:59.00
3060,-15.597455,1.2307235,1.1622869333734356,1.0970622122088443,0.70870394,1.139025072249357,00:51:00.00
3061,-13.875423,1.2120557,1.1841367601536776,1.2039543061902926,0.46118566,1.1994190384550567,00:51:01.00
3062,-15.689543,0.97999156,0.6469511451397604,0.608024153793881,-0.13957983,0.6458539170567864,00:51:02.00
3063,-16.081957,1.1130948,0.9421198147222277,0.8936528796406998,0.6011829,0.927101789065827,00:51:03.00
3064,-14.441784,1.0355377,0.8999104979031682,1.0139999557283015,0.70482236,0.951801133711472,00:51:04.00
3065,-14.295101,1.1712062,1.019345521967088,0.940644434118458,0.030780476,0.9991185525235607,00:51:05.00
3066,-15.71409,1.0081837,0.7679709725005701,0.8817294471898414,0.07226036,0.8291731959964044,00:51:06.00
3067,-16.397156,0.98766613,0.652127316115414,0.576081664554172,0.029013775,0.6331028672220893,00:51:07.00
3068,-16.954908,0.9881205,0.7653651213214918,0.9890603253105179,0.50051004,0.8652324627135712,00:51:08.00
3069,-15.2301235,0.9448402,0.7664769962704425,1.1652197832560796,0.41237453,0.9432885277160985,00:51:09.00
3070,-15.900054,0.86604387,0.5962387445057884,0.9913912155089537,-0.37742525,0.7724491630303546,00:51:10.00
3071,-17.870607,0.9200914,0.5710163790238355,0.6427549948906153,0.9692247,0.6090670258297377,00:51:11.00
3072,-12.727306,0.8537589,0.4674407712106602,0.16166255745290428,0.2911491,0.34617210930386066,00:51:12.00
3073,-16.437193,0.936833,0.5221354676093396,0.27421385431708795,-0.7682842,0.43235665148993296,00:51:13.00
3074,-19.5499,0.9119975,0.49578029629343556,0.4218924958639835,-0.21883337,0.47354387541521553,00:51:14.00
3075,-19.567251,0.9568572,0.5576849101718784,0.47900584304072713,0.091115065,0.530874059795638,00:51:15.00
3076,-20.79614,1.0006737,0.695073531193732,0.742891873918383,-0.18179768,0.7132839887934737,00:51:16.00
3077,-21.98159,0.8727891,0.48812946765495624,0.5894412874582792,-0.37260285,0.5250181383544489,00:51:17.00
3078,-24.276215,0.887664,0.34715348323592443,0.2693009411296408,-0.16008036,0.3202908109146677,00:51:18.00
3079,-23.568329,0.76016474,0.08059254054652545,0.040492815314810575,0.19557431,0.07630633299712254,00:51:19.00
3080,-22.933567,0.7457036,0.07103579709234488,0.047202655100223596,-0.07204226,0.0731578569034601,00:51:20.00
3081,-23.245287,0.7854119,0.11626869423664647,0.04489818796708462,0.13530986,0.09896522793521077,00:51:21.00
3082,-22.745375,0.75085616,0.08493046443081333,0.06280238420147671,0.121800065,0.08675143722267221,00:51:22.00
3083,-22.172155,0.8089957,0.16413974469567524,0.0669129409771574,0.14594167,0.13662686137068838,00:51:23.00
3084,-21.578342,0.80601525,0.17387930807526628,0.11338215534376878,0.18945986,0.162873371603232,00:51:24.00
3085,-20.505636,0.74407583,0.108518651311853,0.09352817626562315,0.30208138,0.11469924928781651,00:51:25.00
3086,-21.671824,0.75277734,0.10527815884263964,0.0996550904954676,0.09647714,0.11647109035808775,00:51:26.00
3087,-18.710022,0.6569517,0.04352094239508804,0.16375164837504722,0.5536017,0.10618006056678424,00:51:27.00
3088,-16.774921,0.5845756,-0.009208708236254571,0.22264521658797887,0.5106615,0.10104041358589542,00:51:28.00
3089,-15.545716,0.47284845,-0.11062628238326698,0.2704754294542478,0.22294521,0.05478283455397068,00:51:29.00
3090,-14.993412,0.53154796,-0.029194123943179565,0.25843890272238285,0.12613538,0.09714257746019492,00:51:30.00
3091,-14.586823,0.556812,-0.00543597226091562,0.2645152026404498,0.34630826,0.11742967551633766,00:51:31.00
3092,-12.961821,0.62955457,0.1147188273384324,0.3032512250972949,0.9641017,0.2083663521119593,00:51:32.00
3093,-7.999557,0.8297193,0.3834421810541121,0.28952494068966167,0.38620755,0.3747429247140048,00:51:33.00
3094,-15.248131,0.4715279,-0.26311967736319186,-0.022591721896223306,-3.64468,-0.14088678799293192,00:51:34.00
3095,-31.425142,0.33750883,-0.7628576628072706,-0.48865043475885206,-3.2617092,-0.6386043865489919,00:51:35.00
3096,-38.6805,0.24935527,-1.0216887869968472,-0.69994348224895,-2.5359201,-0.881925013919654,00:51:36.00
3097,-45.412853,0.1967861,-1.2216250287649115,-0.8986841724445449,-2.0734785,-1.0843614808842887,00:51:37.00
3098,-48.578194,0.18937778,-1.2932747975650836,-0.9865427278736744,-1.358587,-1.1627144296028715,00:51:38.00
3099,-50.37151,0.15993077,-1.3653427793851143,-1.0317820910627407,-0.2480253,-1.224982001298647,00:51:39.00
3100,-40.889626,0.86484313,0.04703062945944192,-0.06240902634997738,0.8616402,-0.017563292009782638,00:51:40.00
3101,-49.190357,0.48382166,-0.6747621233725184,-0.5315989024419879,-4.1713414,-0.6344857616420974,00:51:41.00
3102,-58.93391,0.124042206,-1.321684540860738,-0.8258408522074134,-1.8577508,-1.1441201258574527,00:51:42.00
3103,-58.902805,0.14656715,-1.1891946909992142,-0.5821036048380399,1.4833667,-0.977831651722977,00:51:43.00
3104,-39.984947,1.1785871,0.5375944228408523,0.21325616112720522,2.8857136,0.39096460138399347,00:51:44.00
3105,-34.392742,1.379953,0.7966457984151539,0.05197251909629718,-0.79721147,0.48644713536358575,00:51:45.00
3106,-48.573658,0.62950784,-0.2829699441114736,0.14361962241054443,-2.242205,-0.1320919667684462,00:51:46.00
3107,-43.327408,0.4905376,-0.5197794885333953,-0.47007837594429985,2.4464626,-0.5256372801199086,00:51:47.00
3108,-31.380114,1.9251415,1.7627357064685492,0.6180699439244794,1.3167179,1.2710998294580838,00:51:48.00
3109,-33.10084,0.8884303,0.13313992455056298,-0.2745761452738766,0.053279135,-0.04266110018465819,00:51:49.00
3110,-31.560919,1.0143028,0.30236427855512793,-0.2598870429024827,-0.15049364,0.06899798937779446,00:51:50.00
3111,-34.006557,0.51412004,-0.41803085226336106,-0.5056399327927464,-0.50687593,-0.46138297326630845,00:51:51.00
3112,-31.60141,0.51541924,-0.37830154350733247,-0.486727458099529,-0.14521168,-0.4286172933710548,00:51:52.00
3113,-33.524654,0.54322684,-0.3526982275376477,-0.465184333057846,-0.60301816,-0.40730306704605873,00:51:53.00
3114,-34.492104,0.58786845,-0.18409286663455732,-0.19676590371419064,-1.2855893,-0.2116655066471904,00:51:54.00
3115,-40.915787,0.56565404,-0.2867536770002316,-0.19028248198931266,-2.4039505,-0.27632781016250024,00:51:55.00
3116,-46.84956,0.70683557,-0.03815795883431894,0.3748517743849012,-1.5541829,0.09701667091997619,00:51:56.00
3117,-49.26387,0.5106779,-0.4298989713970226,-0.022979181008161598,-0.8442719,-0.29801642292426767,00:51:57.00
3118,-49.15995,0.5177509,-0.4070429695403401,0.005937235075140855,-0.6760537,-0.27378555869158866,00:51:58.00
3119,-49.2915,0.53806365,-0.3758377746373696,0.03554625355863383,-0.6785096,-0.24348531494009432,00:51:59.00
3120,-49.315056,0.5100797,-0.4212575655117928,0.006352687322615318,-0.7408131,-0.28184956096447994,00:52:00.00
3121,-49.710445,0.5274437,-0.3833586159736394,0.07133204430111498,-0.59710157,-0.23402505147300826,00:52:01.00
3122,-48.973915,0.6336806,-0.20423138879591798,0.22564741772224137,0.8261859,-0.06345394268680826,00:52:02.00
3123,-40.190174,0.69103473,0.05563149365620262,0.21283607970914853,0.14871214,0.0720469114210181,00:52:03.00
3124,-41.727306,0.58660847,-0.1798635136951101,-0.01858857977752657,-0.717061,-0.15506846184906625,00:52:04.00
3125,-44.05552,0.5380487,-0.270450622507947,-0.004130390876106507,-0.91324466,-0.2048122110359098,00:52:05.00
3126,-40.642796,1.0246667,0.3894903815247657,0.1884799335857711,2.5238795,0.2811531281290392,00:52:06.00
3127,-32.31905,1.6963166,1.6075041041405969,1.1337060045474936,0.097175844,1.3835402698243826,00:52:07.00
3128,-35.982185,1.2099357,0.7461106154811135,0.5693761740668732,-0.42520466,0.659862430722207,00:52:08.00
3129,-39.118202,1.0437458,0.6694059458812491,1.3909969004394453,-2.4074342,0.9520779854540646,00:52:09.00
3130,-47.001812,0.79834306,0.08340110224069278,0.5456419230094218,-1.2481747,0.24733660240223856,00:52:10.00
3131,-48.79134,0.60309523,-0.23591822282349453,0.27839080739291955,-0.22387359,-0.058596522108840546,00:52:11.00
3132,-43.54938,1.0488353,0.46393574450310954,0.6542631843380412,1.9380456,0.5235146869902705,00:52:12.00
3133,-36.794964,1.4435577,1.3232602395695983,1.8375336115231855,-1.656156,1.5193403950282165,00:52:13.00
3134,-48.84218,0.5883639,-0.20627541375161387,0.34888878854590766,-1.7200931,-0.017926282042559694,00:52:14.00
3135,-48.578518,0.6355456,-0.2079807563107183,0.20517599346662077,-0.4914636,-0.07149515874032565,00:52:15.00
3136,-49.035168,0.5808868,-0.27975831113777444,0.23270002237904291,-0.19595248,-0.10338872926275676,00:52:16.00
3137,-42.02016,1.1055808,0.5460017413415005,0.5497633228007537,1.5086517,0.5236306494138613,00:52:17.00
3138,-44.441704,0.7679035,0.05306216260706793,0.3357799907163976,-2.4351456,0.13913167561593573,00:52:18.00
3139,-49.03645,0.70641005,-0.06405052646213297,0.4823223199119738,0.5594623,0.12685918868170698,00:52:19.00
3140,-38.92366,1.490728,1.1613819792438198,1.039787947224127,1.6643633,1.1015911075933817,00:52:20.00
3141,-38.43159,1.3270189,0.9591534021128872,0.9272433916936584,-1.8825735,0.9287241168602673,00:52:21.00
3142,-50.293793,0.51466095,-0.3703463386681039,0.18930082588723632,-1.9129609,-0.17926467557960044,00:52:22.00
3143,-48.192753,0.7410823,-0.058275236383319384,0.25056337148008195,0.23075685,0.03631942418663372,00:52:23.00
3144,-45.534473,0.78140026,0.015211197752472616,0.3049750899422878,0.53519654,0.10840794320222738,00:52:24.00
3145,-43.339787,0.9184677,0.27539476146820663,0.4861578665229658,-1.1284957,0.33976728554277896,00:52:25.00
3146,-48.22362,0.5685931,-0.3225385793831516,0.06380148526653505,-1.1580837,-0.19662961742277207,00:52:26.00
3147,-48.914566,0.5424754,-0.38989445582315346,-0.021005911244389077,0.31114113,-0.27200895832712696,00:52:27.00
3148,-38.560562,1.5862024,1.3866336780856185,1.4535633425124408,0.6741197,1.4020177527731053,00:52:28.00
3149,-48.273647,0.544305,-0.3296987108446889,0.21409420682379246,-2.1978955,-0.138046643753021,00:52:29.00
3150,-48.355286,0.5928984,-0.3023229179235895,0.017530287755738148,0.010304327,-0.2050577050913199,00:52:30.00
3151,-46.925316,0.5534674,-0.3508753000646918,-0.051703797872761026,-1.2734147,-0.26220265988406694,00:52:31.00
3152,-49.231094,0.5293348,-0.39392423913725394,0.04549808300463394,-0.73328614,-0.24585626988161954,00:52:32.00
3153,-49.355152,0.5156275,-0.4224775339010579,-0.028803273697502973,-0.65738183,-0.2974280536734411,00:52:33.00
3154,-49.23327,0.5215606,-0.41698439868105286,-0.02565504659139787,-0.26996166,-0.291232392752367,00:52:34.00
3155,-43.172028,0.8909287,0.24022637639988634,0.37523371610242523,2.4310834,0.26495795226042146,00:52:35.00
3156,-35.815186,1.2685673,0.8446104762484525,0.6271046441137585,-0.3988643,0.7412602074883365,00:52:36.00
3157,-42.64781,0.6913696,-0.0510442087967329,0.29205514699582213,-2.7047386,0.06496017796026705,00:52:37.00
3158,-49.201035,0.5247792,-0.3883185524806177,-0.00017040693172246424,0.41369855,-0.26883887234036336,00:52:38.00
3159,-38.053925,0.50333685,-0.4263049593389359,-0.3378503884016215,1.0186551,-0.40394345128119347,00:52:39.00
3160,-36.13754,0.53073686,-0.39187527114928045,-0.31615731372734057,0.6148795,-0.36812377088546816,00:52:40.00
3161,-33.286583,0.60261667,-0.2832616511038337,-0.31205152897801136,-0.021384655,-0.29869871817233445,00:52:41.00
3162,-31.338207,0.6494945,-0.21319035211536608,-0.29932550155904153,0.34556678,-0.24997707591637083,00:52:42.00
3163,-29.620842,0.6188859,-0.22905330977332383,-0.2542034916165429,0.45016545,-0.23716668040501676,00:52:43.00
3164,-26.33735,0.6046707,-0.20835159140673276,-0.28879600078171513,1.072379,-0.23648624862418044,00:52:44.00
3165,-20.977457,0.58746225,-0.22266051284013,-0.3922119078701641,0.79842687,-0.27672517356838744,00:52:45.00
3166,-18.953926,0.63439965,-0.11268449995191966,-0.32892353834697496,0.085155964,-0.18433705061097294,00:52:46.00
3167,-20.979712,0.64159024,-0.06671881312386457,-0.22394239590910836,-0.4502389,-0.1205740919502473,00:52:47.00
3168,-21.480083,0.66168916,-0.0862520142685805,-0.3115682289032932,-0.4882399,-0.1680364390260236,00:52:48.00
3169,-25.288673,0.70067745,-0.03744646706732575,-0.26971623698834263,-1.3547604,-0.13326809319621385,00:52:49.00
3170,-30.696487,0.7412753,0.053809921148606096,0.001017609921636541,-1.3613012,0.02228368547762886,00:52:50.00
3171,-32.09626,0.97838503,0.3639333454699282,0.10200126027673907,0.8570084,0.24563389247607806,00:52:51.00
3172,-27.9306,1.2475833,0.7588283410128339,0.21314564761852847,0.19411397,0.5359935923078328,00:52:52.00
3173,-28.723198,0.8701327,0.24020091149533349,0.053511007348711614,0.96063775,0.1584624967254987,00:52:53.00
3174,-20.867182,0.6433051,-0.1386023775312468,-0.34384450213131407,1.283985,-0.20605513159963615,00:52:54.00
3175,-18.599306,0.9216917,0.3028597613243325,-0.2279771704862326,0.78296006,0.10418052936717322,00:52:55.00
3176,-17.802671,0.7745709,0.039135645943938875,-0.39973401064482855,-0.68342555,-0.11775971282928478,00:52:56.00
3177,-25.01639,0.75395006,-0.06669050370786378,-0.4552187910822118,-1.864663,-0.21180623410147173,00:52:57.00
3178,-29.916668,1.4074512,0.8710070405651844,-0.017131955839863645,-1.0922048,0.5085986048295971,00:52:58.00
3179,-34.61575,0.68462193,-0.19862295003979302,-0.33928854360878946,0.23654848,-0.26493361134796334,00:52:59.00
3180,-28.656906,1.6436107,1.458127581837927,0.9922648900913386,-0.45877364,1.264396760363987,00:53:00.00
3181,-37.605877,0.8228476,-0.02628029138630302,-0.20259023045920826,-1.212722,-0.10646510071561878,00:53:01.00
3182,-38.67512,0.6451592,-0.26789224211958834,-0.2764499512702722,0.6889578,-0.28526969409273606,00:53:02.00
3183,-31.220394,0.6998455,-0.1349556642308198,-0.3992801894587882,0.2964912,-0.2492954162579822,00:53:03.00
3184,-30.42945,0.91831875,0.15442564265599265,-0.32783063542100227,0.5245599,-0.04177842289106833,00:53:04.00
3185,-29.79619,1.2549258,0.8529386370890585,0.455214122121103,0.28192177,0.6784043260314551,00:53:05.00
3186,-26.873604,0.6837246,-0.057350476496703016,-0.2624631140252646,1.9189962,-0.14259830832619727,00:53:06.00
3187,-17.209726,0.9015534,0.4898585750141292,0.1491528086845731,1.7989545,0.35231206825517636,00:53:07.00
3188,-13.739025,0.84418464,0.4063456302600088,0.10137747713406725,0.5864701,0.2928170369048029,00:53:08.00
3189,-12.322747,0.7478416,0.20625463030537172,-0.049612829422290845,0.78011,0.12010574956843202,00:53:09.00
3190,-12.199467,0.716389,0.16321677505534804,-0.054837804476854685,-0.75399166,0.08697698326231357,00:53:10.00
3191,-18.008957,0.74619985,0.1793525097263375,0.06101878741828295,-1.2615831,0.131976115202725,00:53:11.00
3192,-22.568708,0.72043186,0.12698725650677326,0.36972406516422274,-1.0915294,0.2351240641711889,00:53:12.00
3193,-26.86568,0.75987697,0.12039849529404566,0.45125285001450516,-1.3704801,0.26902426290842557,00:53:13.00
3194,-30.63252,0.73017234,-0.022117208050009163,0.03271870414822909,0.6122521,-0.002788411051960748,00:53:14.00
3195,-20.793968,0.7718529,0.11796313188035551,-0.06490278561415934,2.9231212,0.05523011265049816,00:53:15.00
3196,-12.421544,0.7972545,0.25236326945586146,-0.07064909862731826,0.53181434,0.13558215313410402,00:53:16.00
3197,-17.361427,0.5502974,-0.15768586096890153,-0.19913901579607793,-2.4564807,-0.164403478368466,00:53:17.00
3198,-30.106604,0.39550883,-0.5717209129390955,-0.5054895429442391,-3.1439726,-0.5436443637282,00:53:18.00
3199,-38.64953,0.86827415,0.09799127109276018,-0.04612773464622938,-2.7188907,0.025094874162713405,00:53:19.00
3200,-47.870747,0.48828217,-0.4621543270202858,-0.046161182712219674,0.25079972,-0.32078104543495944,00:53:20.00
3201,-35.90926,1.2629912,0.6624530342201209,0.09960427829252864,-1.0147986,0.4267801498359853,00:53:21.00
3202,-47.21605,0.7088974,-0.16610377523182074,-0.05390719309455797,0.34949538,-0.1506794737345295,00:53:22.00
3203,-38.8265,1.2757847,0.8125256628467451,0.6741286334655858,0.18719254,0.7389183885577963,00:53:23.00
3204,-38.96774,1.3573754,1.1100942752067366,1.5252831768622686,0.5797384,1.2672229794034784,00:53:24.00
3205,-42.271255,1.0755662,0.4371139293386208,0.6891972747206467,-2.1427891,0.5371238357013337,00:53:25.00
3206,-43.357937,1.122514,0.33268706904944395,-0.12383668614851372,0.23172784,0.13235014889449975,00:53:26.00
3207,-47.37881,0.54107606,-0.46803698184664366,-0.27678329066817525,-1.8419894,-0.4151340893494863,00:53:27.00
3208,-47.13021,0.72140807,-0.14016295688221855,0.1361382125308772,-0.020701354,-0.049239292476509204,00:53:28.00
3209,-45.694443,0.7626059,-0.014761339374304265,0.190940227172277,0.5325077,0.03897619268506774,00:53:29.00
3210,-39.99822,1.1483691,0.47026828470487725,0.03966037709744206,1.2444065,0.279333805359064,00:53:30.00
3211,-39.863014,0.99558765,0.4765438064419769,0.949099872832488,-2.4193497,0.6573719497376639,00:53:31.00
3212,-49.17791,0.334666,-0.6763089230218846,-0.18148296845882725,-1.7105867,-0.5101969509040855,00:53:32.00
3213,-50.940636,0.33254004,-0.7862822004164257,-0.42020886582676265,-0.69662845,-0.6694245598374093,00:53:33.00
3214,-46.127243,0.63923776,-0.2796259617908059,-0.12519814756010952,2.5386913,-0.24173593702780882,00:53:34.00
3215,-33.05708,1.533177,1.2076939848813353,0.8263612273856549,0.9105708,1.047182041305593,00:53:35.00
3216,-37.177917,0.9829837,0.25618651598710596,0.024708520520154573,-1.6373321,0.15547552864168357,00:53:36.00
3217,-45.286366,0.9152787,0.2534230379559517,0.5305419534509457,-2.0882275,0.3378435951549653,00:53:37.00
3218,-46.37509,0.6539178,-0.20778717219552834,0.07506605226931148,0.96776325,-0.11744990529735728,00:53:38.00
3219,-38.289215,1.5804143,1.1958197803308368,0.8399897479377383,0.42618263,1.0445255482086417,00:53:39.00
3220,-39.76962,0.9684857,0.22391223103767272,-0.02892862269467462,-0.032414716,0.10173620387460222,00:53:40.00
3221,-39.48286,1.3041424,0.7299270048617674,0.31268825027794167,0.8537812,0.5434226799176387,00:53:41.00
3222,-36.076885,1.5697728,1.2663716873679767,1.003726105018808,-0.5217443,1.1573963927249002,00:53:42.00
3223,-45.891354,0.6311534,-0.28048433230571584,-0.11147821842733803,-1.3479638,-0.23694511284576913,00:53:43.00
3224,-39.97279,1.4648466,0.9029124986197729,0.15729047946068986,0.32176587,0.5825996344995231,00:53:44.00
3225,-41.649437,1.1674751,0.588645819952535,0.6145544936488306,-0.96342945,0.5868844668874605,00:53:45.00
3226,-47.00532,0.5183187,-0.5162948720155475,-0.3392068621062406,-1.2077538,-0.4657820033096366,00:53:46.00
3227,-47.469143,0.5736216,-0.49727820486255464,-0.4576400346396959,0.6073675,-0.5011686265468248,00:53:47.00
3228,-38.620014,1.4970598,1.2242375761958366,1.2652486760451869,0.68912756,1.2242099073820027,00:53:48.00
3229,-42.090473,0.9938406,0.27673464921632684,0.18931377288416476,-0.5435071,0.2246161148614955,00:53:49.00
3230,-43.068394,0.9845999,0.2445156518778414,0.14589794735039616,-1.5194371,0.18294982384562625,00:53:50.00
3231,-47.154335,0.4807227,-0.5756853233732474,-0.37356519802935206,-0.9105463,-0.5136323053400714,00:53:51.00
3232,-47.055126,0.53207487,-0.5056143929598722,-0.4092525064018899,-0.31773138,-0.4908988790482456,00:53:52.00
3233,-44.299034,0.87318116,0.07297544204102809,-0.0011863165172113466,0.43489948,0.0164817019539408,00:53:53.00
3234,-44.186474,0.73795325,-0.10184155985154729,-0.08780449324986751,-0.5430968,-0.12352711829159603,00:53:54.00
3235,-38.527966,1.2051339,0.7033068431992564,0.523882245532247,1.2765385,0.6113776019001864,00:53:55.00
3236,-43.1919,0.71790916,-0.08591535019978869,0.06210346490763742,-1.0483819,-0.05051261376836068,00:53:56.00
3237,-34.477608,1.6087149,1.338722314743518,0.8191562695945446,1.4279536,1.1100279930335317,00:53:57.00
3238,-41.505253,0.7187686,-0.0022071899192274303,0.21792246603652446,-2.4275072,0.06121325106780786,00:53:58.00
3239,-43.177795,0.8853459,0.1579983099968842,0.17547127943987384,-0.5357654,0.1418775401534932,00:53:59.00
3240,-46.214737,0.6500363,-0.2857840969175959,-0.1940406564338765,-0.91307485,-0.2732529860751228,00:54:00.00
3241,-46.32947,0.5941008,-0.41432323247504416,-0.3178605850534599,-0.41309783,-0.39402856049602203,00:54:01.00
3242,-44.268795,0.5649442,-0.436158725077502,-0.3864894099663535,1.1769023,-0.4349589156628595,00:54:02.00
3243,-30.108618,0.71568483,-0.15724807367178878,-0.46726873216130704,4.446162,-0.2791524137265887,00:54:03.00
3244,-16.022987,0.7084429,-0.005298087091108271,-0.34658700568052586,1.752469,-0.1241008356355773,00:54:04.00
3245,-14.442917,0.7318724,0.034496581333507546,-0.31697433387569834,0.24015455,-0.08427028343905436,00:54:05.00
3246,-14.223934,0.9902822,0.39419133127740924,-0.2734377504869885,0.8915209,0.1447528571019805,00:54:06.00
3247,-11.85426,1.0532713,0.6065357919027538,-0.057654636299143934,-0.018316364,0.35553873663417623,00:54:07.00
3248,-16.078167,1.4038177,0.9800482136583666,-0.11618897361453989,0.1420195,0.5493296872241257,00:54:08.00
3249,-13.832904,1.1096637,0.6342294976746621,-0.0892710875945814,0.8473168,0.35815557863654907,00:54:09.00
3250,-12.989465,1.2418652,0.8469242216782944,-0.012069987594421853,1.0236368,0.514948225115349,00:54:10.00
3251,-10.748004,1.1135446,0.6488923661503715,-0.10641158116915256,0.54203075,0.3647336126249375,00:54:11.00
3252,-11.323714,1.0616571,0.614567182041145,-0.04216794617963443,0.43571424,0.3678242761656578,00:54:12.00
3253,-11.345344,1.4395232,1.1469374195592854,0.06717513606148738,0.12060032,0.7244035434199847,00:54:13.00
3254,-13.46864,1.0010525,0.5275741664785254,-0.03236254018607173,0.09370976,0.31422220307801735,00:54:14.00
3255,-14.272129,1.2498136,0.9038021254299609,0.13425963347147216,0.0940242,0.6029384049676164,00:54:15.00
3256,-16.473608,1.2813015,0.9342731295661894,0.1752551945949969,0.3564196,0.633518945732508,00:54:16.00
3257,-13.73883,1.0217818,0.5763681335598303,0.027559311305659827,1.2415944,0.36693999731350374,00:54:17.00
3258,-11.074917,1.4120721,1.222247957789083,0.3202034757894983,0.8910655,0.8647981318482134,00:54:18.00
3259,-10.26882,1.0220948,0.7067505821108274,0.24517713618333295,0.5800372,0.5307733000140656,00:54:19.00
3260,-10.363745,1.2838153,1.011350236655986,0.18731827901842027,0.5237682,0.6910900719363287,00:54:20.00
3261,-10.621198,1.512894,1.4111357827500768,0.4728712767953161,0.40670016,1.0357567350869465,00:54:21.00
3262,-11.985688,1.009444,0.5911505705025728,0.07819995053476515,0.13995107,0.39650694813515996,00:54:22.00
3263,-12.820663,1.5052316,1.2645588450743432,0.19565092930712993,0.43266508,0.8415193702179065,00:54:23.00
3264,-13.3321295,1.0686857,0.6638618311583747,0.10427489763819027,0.0403411,0.4477664211191952,00:54:24.00
3265,-15.249574,1.1979781,0.7519419034075693,0.0017286941193510748,0.08441366,0.4620137572117809,00:54:25.00
3266,-15.739531,1.4023681,1.0804721731155096,0.1459384874836546,0.25534657,0.7096270622120038,00:54:26.00
3267,-16.919691,1.2535722,0.8545708811272611,0.10564272828018502,0.09601789,0.5579148195642399,00:54:27.00
3268,-18.979927,1.3113048,0.9243839258937429,0.17447856593690683,-0.09433583,0.6287852637693097,00:54:28.00
3269,-20.10268,0.83500797,0.2665440552357723,0.07576822215310483,0.008138693,0.19760347284635205,00:54:29.00
3270,-19.968954,1.2376425,0.8181925146779396,0.20425352584481066,-0.123536475,0.5772081767907101,00:54:30.00
3271,-22.359194,1.2512039,0.8469745980077559,0.3722730140325861,0.097331576,0.6608798289060611,00:54:31.00
3272,-23.040012,1.2843273,1.0312812720867677,0.6625395638674733,0.2465754,0.8753413109748952,00:54:32.00
3273,-21.226727,1.3634392,1.0181516862805424,0.44611305032239373,0.5293278,0.7955531811785469,00:54:33.00
3274,-24.001013,0.92097783,0.3070259440550523,0.1541088393726156,-0.022430414,0.2580000413022015,00:54:34.00
3275,-21.528614,1.5445042,1.2413475612759899,0.4789990141352248,0.15395585,0.9451410766207481,00:54:35.00
3276,-25.002552,1.1117573,0.5492308860571984,0.1398125490786396,-0.27867517,0.3933279517338802,00:54:36.00
3277,-25.808119,0.97745603,0.3542682007886634,0.1365740287875795,0.047915813,0.27782597144804916,00:54:37.00
3278,-24.72089,1.0027006,0.39738808882238086,0.09490226495119375,0.4237281,0.2861596382520981,00:54:38.00
3279,-23.785181,1.122427,0.5683032970159093,0.09483473769858625,0.23466514,0.385965119745761,00:54:39.00
3280,-24.06203,0.8376419,0.1505820717078863,-0.05750806382518663,-0.051188774,0.075421185057268,00:54:40.00
3281,-23.916023,1.2675102,0.8936426903445452,0.43476315776857327,0.29491472,0.7063781757020603,00:54:41.00
3282,-26.787102,1.2300614,0.7166984706672995,0.17538594253205694,-1.8671806,0.5009736625133523,00:54:42.00
3283,-36.1622,0.67807555,-0.1277463446368471,-0.14793542120199157,-0.43602687,-0.15198530738467467,00:54:43.00
3284,-31.985636,1.2011217,0.7209636078595018,0.48640305834039294,0.16381861,0.620976875636655,00:54:44.00
3285,-32.166775,1.1654903,0.59659898886979,0.07324060198241657,-0.17118718,0.3698869844256689,00:54:45.00
3286,-33.4273,1.2556559,0.7095302570610301,0.11387457908117889,-0.6199335,0.45312131032355973,00:54:46.00
3287,-38.341507,0.5538295,-0.4110937383624432,-0.4200509646410598,-1.1588156,-0.4262666064271996,00:54:47.00
3288,-36.860462,1.0311357,0.6448104427457192,1.0119723590258534,0.6868223,0.7740227804038183,00:54:48.00
3289,-38.10041,1.0378655,0.39525902783528166,0.04997499048105059,-0.47763872,0.23051643146427409,00:54:49.00
3290,-32.44656,1.6821122,1.5152548824169543,1.0105222036923736,1.1052315,1.2906689525530015,00:54:50.00
3291,-37.378147,1.0409694,0.3238536721192588,-0.14159885992919002,-1.6203718,0.11823386237236423,00:54:51.00
3292,-41.85927,0.58860064,-0.3874902876972687,-0.44311773183779124,0.07900085,-0.43287381463775715,00:54:52.00
3293,-30.68951,1.5367258,1.2518384757060623,0.7571373064777697,2.7541223,1.0380466081133624,00:54:53.00
3294,-27.618055,1.8543144,1.663141034827177,0.8039924463920415,0.318476,1.3196195038862213,00:54:54.00
3295,-33.880775,0.96441853,0.28337944610644406,0.05765163505283025,-2.1461427,0.18705764806032513,00:54:55.00
3296,-34.082645,1.3444424,0.8859821451833902,0.5021150892337316,1.2304728,0.7198742273239559,00:54:56.00
3297,-32.62654,1.1671259,0.6135153146999325,0.17055368172334298,-0.77344114,0.41876549334024615,00:54:57.00
3298,-36.612045,0.9458816,0.2401791783750169,-0.049637299382302574,0.003502012,0.10470131000618613,00:54:58.00
3299,-37.34009,0.6639641,-0.12082796935552041,-0.05912377802353628,0.37333095,-0.11529202756836555,00:54:59.00
3300,-27.54999,1.9364719,1.6972615866642888,0.42668820945144403,0.7807602,1.1797460352946467,00:55:00.00
3301,-37.35383,1.0027839,0.34564702308141476,0.14344681558725866,-1.3784664,0.2448899561356591,00:55:01.00
3302,-36.1147,0.9835078,0.22067633175919302,-0.22975655529772177,-0.27779502,0.025282924163188333,00:55:02.00
3303,-35.51869,0.61951715,-0.2975117875213911,-0.4785942058990365,0.66313726,-0.3820345535825979,00:55:03.00
3304,-30.392136,0.67664367,-0.15882393818109375,-0.39598376495224136,1.9131273,-0.25655170547057654,00:55:04.00
3305,-19.685772,0.9714661,0.3569459344119363,-0.1844238571817725,1.9096657,0.1517484948771632,00:55:05.00
3306,-18.021812,0.72363335,0.06027698811376166,-0.19832779181926039,0.4385086,-0.029528978167149767,00:55:06.00
3307,-15.111682,0.86731416,0.22480547415141952,-0.21180680161802973,0.9047823,0.06896166604619404,00:55:07.00
3308,-15.256379,0.82517767,0.23184527456988413,-0.06562879600986714,-0.48210555,0.1301365064185342,00:55:08.00
3309,-17.311132,0.7214013,0.026065151913359598,-0.20156436311982406,-0.04454194,-0.04874274172010983,00:55:09.00
3310,-17.96508,0.67999053,-0.07019055089690143,-0.322551141911334,-0.019551488,-0.15522904994046943,00:55:10.00
3311,-18.482172,0.5653489,-0.21823843158237655,-0.37248842276087846,-1.540317,-0.26655329895537166,00:55:11.00
3312,-29.337843,0.42796326,-0.5325002378806457,-0.5342619943228372,-2.1415403,-0.5279948609712519,00:55:12.00
3313,-30.704393,0.7769561,0.017361661340994004,-0.257803943537517,0.44196376,-0.09812749692199631,00:55:13.00
3314,-27.426245,1.3192097,1.039752531293305,0.4936498836992555,-0.14096376,0.7904255787264028,00:55:14.00
3315,-30.848715,0.4829233,-0.44454485468033417,-0.48107517609091555,-1.0004109,-0.46076061530590684,00:55:15.00
3316,-34.619465,0.37661818,-0.6138914221560039,-0.5307656264233709,-1.655313,-0.5896198596249561,00:55:16.00
3317,-38.640755,0.38441586,-0.6252922694547525,-0.521196431715112,-1.5586812,-0.5994329806926167,00:55:17.00
3318,-43.97463,0.369424,-0.6640959652090774,-0.45758160747788557,-0.507945,-0.6079061111008637,00:55:18.00
3319,-37.18908,1.5181239,1.264921820250824,1.3150375311115867,0.3945785,1.2765355985036055,00:55:19.00
3320,-39.56417,1.1580068,0.8162289076845543,1.3529159973078904,0.35605088,1.0160586625600754,00:55:20.00
3321,-37.2578,1.2280875,0.6999824729680376,0.38411160253187915,-0.014361486,0.553195577382257,00:55:21.00
3322,-41.00997,0.9549308,0.27175456477968407,0.1754170016114742,-2.0099046,0.2034904146772087,00:55:22.00
3323,-43.9711,0.8751604,0.21119017860853279,0.4201849964720266,0.5138136,0.26943777935769403,00:55:23.00
3324,-39.72181,1.6254464,1.3980926079712035,1.1565066384558969,0.5493533,1.27679342633772,00:55:24.00
3325,-42.20319,1.2720495,0.8062808871098243,0.8637997224752679,-1.8038509,0.8077948973015094,00:55:25.00
3326,-43.09315,1.258338,0.7306170121516995,0.49437184255590017,2.6169493,0.6044703308395596,00:55:26.00
3327,-33.806747,1.389657,1.0561683015806231,0.7933001419974166,-0.40534064,0.9322379407320217,00:55:27.00
3328,-39.881073,1.2274309,0.7004942507910755,0.39638326212826486,0.31997222,0.549477268131063,00:55:28.00
3329,-33.145824,1.3847164,0.9796490597288892,0.4305447407691819,0.28222644,0.7399284988571044,00:55:29.00
3330,-39.73736,1.361883,0.8393699574895906,0.3616664117659911,-2.1098883,0.6263953134910569,00:55:30.00
3331,-48.856037,0.5715191,-0.3389672519423643,-0.04017699013084964,-2.3407993,-0.2525180982644453,00:55:31.00
3332,-50.83724,0.47809693,-0.4774348623424712,0.002509939127173318,-0.95229053,-0.3150694686001941,00:55:32.00
3333,-51.131058,0.5093044,-0.4023183892055912,0.10773817114895023,-0.2413396,-0.23160831510115779,00:55:33.00
3334,-48.009525,0.50126624,-0.4105509266816852,-0.08991090507178504,1.1090719,-0.3175429481927955,00:55:34.00
3335,-38.942665,0.96198547,0.2500060010864148,-0.10418277783607728,0.6699367,0.0776606413312026,00:55:35.00
3336,-40.6781,1.1214889,0.46906251420465744,0.10260233862696855,-0.27487174,0.29537317469490215,00:55:36.00
3337,-39.37507,1.183426,0.5821332198113576,0.15210645434175174,0.24951759,0.38487369681975286,00:55:37.00
3338,-39.61008,1.299817,0.7543972209870138,0.3194239843650667,-0.7188057,0.5571809018799512,00:55:38.00
3339,-45.75217,0.9716152,0.28579008906114556,0.3766021038039015,-1.1536696,0.291752437175962,00:55:39.00
3340,-44.693367,1.0395062,0.3354204549286433,0.2372733878926816,0.467224,0.27392036550690174,00:55:40.00
3341,-36.25964,1.7746738,1.5942543706010126,1.195772678772368,1.8190817,1.4210877613118162,00:55:41.00
3342,-36.841824,1.8045292,1.6372652201738114,1.1403209993992052,0.0119454805,1.4151494101742323,00:55:42.00
3343,-38.12014,1.2204534,0.6808794765239637,0.3594635103413628,-1.7914215,0.5297909708655998,00:55:43.00
3344,-48.58966,0.53091943,-0.34152371777959156,0.08621004577165099,-1.9545612,-0.21136912266937752,00:55:44.00
3345,-50.41146,0.6892101,-0.01951927890243648,0.7963588404071661,-0.37937635,0.2811748853821431,00:55:45.00
3346,-42.325314,1.2500991,0.8894351704330417,1.3453314021802563,1.8127078,1.0571310160365075,00:55:46.00
3347,-42.407433,1.4329766,1.0627043830474505,1.2163542494099775,-1.4332781,1.1146888366011398,00:55:47.00
3348,-51.224762,0.6110168,-0.30477399438123653,0.20466387594289243,-2.3120522,-0.12499490396947584,00:55:48.00
3349,-53.906647,0.38958347,-0.5807805856222041,0.12436941080499901,0.21173349,-0.33625734334378854,00:55:49.00
3350,-41.27532,1.2982569,0.8728862434819772,0.939269095402405,2.235352,0.885620486679478,00:55:50.00
3351,-41.818497,1.1914526,0.6737677266744431,0.7252367760845609,-1.4505131,0.6767109054561833,00:55:51.00
3352,-48.363808,0.84776765,0.0951884393203258,0.5009856687189345,-0.454323,0.23631912998684637,00:55:52.00
3353,-40.902615,1.0122759,0.39029534360474677,0.47940539492323314,1.3798213,0.4025811405129035,00:55:53.00
3354,-38.803017,1.2492219,0.8073705450275397,0.9274991929042886,-0.14927338,0.8425009507791039,00:55:54.00
3355,-40.146072,1.5956527,1.2133884137201627,0.9015837036987474,0.072559424,1.0737613182972103,00:55:55.00
3356,-39.66082,1.3075649,0.7445294689029589,0.5489201245186426,0.72960424,0.6569575233820207,00:55:56.00
3357,-35.3004,1.6929417,1.5588374083820504,1.405375702184695,0.5613486,1.4917865725823802,00:55:57.00
3358,-37.29186,1.4492412,1.040559986020188,0.7067920171127919,0.5981753,0.8962897034275437,00:55:58.00
3359,-28.824474,1.6102066,1.3281199110753241,0.7221340812952933,0.53846216,1.083619031566308,00:55:59.00
3360,-42.197536,1.0090588,0.3402903768252665,0.43875557454086234,-3.7082918,0.36149812239701967,00:56:00.00
3361,-48.3637,0.7562081,-0.04975677312849261,0.2904928241250728,0.41771936,0.05989621229424092,00:56:01.00
3362,-34.92268,1.4394265,1.1059581505625202,0.9761484856982358,1.8633059,1.0460203817890812,00:56:02.00
3363,-44.527706,0.8748598,0.16473280648709182,0.37691287737298435,-2.1771073,0.22709601302514415,00:56:03.00
3364,-44.11479,1.1324183,0.5348914976359708,0.4816268929052796,-2.3738961,0.4876761590329608,00:56:04.00
3365,-53.697903,0.42706352,-0.5879332279166086,0.015756401782197945,-1.174282,-0.37681806941262097,00:56:05.00
3366,-52.53447,0.51567554,-0.5136829804705952,-0.12468853593109662,-0.23727809,-0.3867807921319621,00:56:06.00
3367,-47.474644,0.6695266,-0.2756264242154027,-0.14206784553563986,1.6997757,-0.24688715464718228,00:56:07.00
3368,-39.842426,0.7829381,-0.12150492920785051,-0.28243762976897835,0.9400582,-0.19950975797551757,00:56:08.00
3369,-34.54997,0.70630497,-0.12849106738632052,-0.22597871262820424,1.1069323,-0.1797308134090039,00:56:09.00
3370,-32.272785,0.7685647,-0.005200915023369112,-0.2029593983439981,0.10911676,-0.09667483419206799,00:56:10.00
3371,-31.196087,0.9133653,0.2872730729786339,0.09159219903705614,0.28492463,0.196933192041008,00:56:11.00
3372,-28.757015,0.95861125,0.48570556040330287,0.352984801637053,0.71805364,0.4161106750035415,00:56:12.00
3373,-24.43264,0.79379314,0.17482395041790597,-0.0565476967769402,1.7274898,0.07409529931913658,00:56:13.00
3374,-17.666962,0.81729966,0.2200538978189658,-0.14365475955728693,1.1085342,0.07936307267271987,00:56:14.00
3375,-16.678917,0.9044208,0.4094585163344109,0.0015895092509472057,1.1804304,0.2458629849126352,00:56:15.00
3376,-9.4516945,0.86453843,0.4167291928685696,0.014513755543732361,0.96551937,0.26963164391662964,00:56:16.00
3377,-13.122272,1.0931262,0.7768828047671815,0.2578619688440507,-0.35888797,0.5691982494263251,00:56:17.00
3378,-14.39967,0.8997038,0.4419384091388802,0.0935355056900188,-0.07208503,0.3072927217536529,00:56:18.00
3379,-14.234104,0.72587526,0.12221369003304228,-0.10791184102779208,-0.6959008,0.043541649915071715,00:56:19.00
3380,-21.739244,0.74569535,0.007263193461118315,-0.26076605745618514,-1.2547462,-0.09113696193453824,00:56:20.00
3381,-24.966087,1.2410516,0.7754598797908866,0.137238502121576,-1.2014679,0.5160715872429531,00:56:21.00
3382,-29.980236,1.1993188,0.5321900416188802,-0.19881002934783112,-0.88061863,0.23845924972500035,00:56:22.00
3383,-35.199207,1.1418831,0.6012916926050523,0.26523702054766213,-0.8419138,0.4455174643693868,00:56:23.00
3384,-34.35617,1.6584687,1.2509859694891932,0.36592307413531594,0.5062735,0.8844570754322431,00:56:24.00
3385,-34.65753,1.5285231,1.1488638023420477,0.5515603729408565,0.27606246,0.8933482637504133,00:56:25.00
3386,-34.582558,1.6721715,1.3296000713404028,0.5873716200756774,-0.04853778,1.016144824259948,00:56:26.00
3387,-35.75713,1.3337516,0.7169013343894733,-0.05773436864621126,-0.8957182,0.3903367301715665,00:56:27.00
3388,-39.79237,0.8996826,0.14038372402845095,-0.0678931114366874,0.6677611,0.038205486521200635,00:56:28.00
3389,-35.167053,1.3449475,0.9267971513198908,0.5588029799374783,0.48889315,0.7587916752661862,00:56:29.00
3390,-33.066036,1.2561798,0.7559556010244662,0.38153886028767003,-0.705315,0.5980207129215086,00:56:30.00
3391,-38.584465,1.1901789,0.6427284804309606,0.4075123317081229,0.76587474,0.5294514070508438,00:56:31.00
3392,-31.015457,1.8753247,1.64421312101931,0.692730863464072,0.04382759,1.2507768947725124,00:56:32.00
3393,-40.250046,0.6336994,-0.26443190662770083,-0.24391577290567953,-1.5263377,-0.2727613406715697,00:56:33.00
3394,-38.83589,0.93092114,0.10006160173025552,-0.23637451842696375,0.16721606,-0.0470551398704871,00:56:34.00
3395,-36.849983,1.0238694,0.13558666722267657,-0.4943618320584763,-0.1585367,-0.12100211535509074,00:56:35.00
3396,-37.583874,0.98360515,0.4127546242895954,0.5411196315346,-0.013373951,0.44702858770182863,00:56:36.00
3397,-40.886665,0.81725234,0.027827717581536553,0.06303965762081977,-1.633296,0.02217186442835243,00:56:37.00
3398,-44.196632,0.21373118,-1.178596873379966,-1.1122052677046803,-0.7526567,-1.1565304878808178,00:56:38.00
3399,-42.55574,0.45682445,-0.6748519383200156,-0.6768256321791156,0.09697272,-0.6852830688773127,00:56:39.00
3400,-39.34902,1.2409282,0.8275272992197672,0.6744812693905843,-0.19432008,0.7350199115383033,00:56:40.00
3401,-39.502144,1.2191045,0.7479062227741697,0.4723511961907393,0.012933964,0.6016167746670634,00:56:41.00
3402,-41.778637,0.6635738,-0.19007404804937733,-0.15782655409619653,-0.9369663,-0.20192659515150363,00:56:42.00
3403,-43.40439,0.2100616,-1.0402652110215103,-0.8344257752729131,-1.1462696,-0.9686934651395884,00:56:43.00
3404,-44.560543,0.27275714,-1.048036184045364,-0.9855388800137989,-0.5255806,-1.0303627830701447,00:56:44.00
3405,-42.28948,0.6727226,-0.22831114542459188,-0.3447576704924382,0.3547094,-0.301130255391686,00:56:45.00
3406,-39.525368,0.93754554,0.2764814238737355,0.0824483194727229,-0.7714233,0.16580001358059138,00:56:46.00
3407,-43.951088,0.19423357,-1.0993931169122233,-0.9137543212867862,-1.19875,-1.0327827483887255,00:56:47.00
3408,-44.491814,0.19954772,-1.1725262474707854,-1.0519214044655885,-0.79954886,-1.1283672242496143,00:56:48.00
3409,-44.1255,0.23106948,-1.100855253355113,-0.9876988742492567,0.08902686,-1.0602486544217347,00:56:49.00
3410,-36.858116,1.2012533,0.5893601562273663,0.10789094227084824,0.5349075,0.3806592047274151,00:56:50.00
3411,-42.705624,0.21336314,-1.1848484684263463,-1.1388378954260134,-1.6839592,-1.1675371203778528,00:56:51.00
3412,-42.305397,0.3908715,-0.8969681540602896,-0.9980856697204997,-0.5599239,-0.9421520375836567,00:56:52.00
3413,-43.076035,0.22868662,-1.1782141150557046,-1.1561958747374848,-0.73856705,-1.1710023058745018,00:56:53.00
3414,-42.299408,0.23063746,-1.133332155484059,-1.0834965011912694,-0.5365584,-1.1140100320847217,00:56:54.00
3415,-42.340824,0.25208914,-1.130451398453702,-1.1265095893287154,-0.795916,-1.1297440507857837,00:56:55.00
3416,-42.668533,0.22487795,-1.1816132771377408,-1.1590330527730504,-0.70109874,-1.1731421823644612,00:56:56.00
3417,-43.19785,0.22983609,-1.1677063072121325,-1.1354525395409159,-0.5285104,-1.1558930120715383,00:56:57.00
3418,-41.15242,0.8411424,-0.09806631276171839,-0.45357249830079704,-0.5822244,-0.25836149984768686,00:56:58.00
3419,-44.087364,0.2424025,-1.0518969460454022,-0.9277791400129215,-0.9036419,-1.0085274465121494,00:56:59.00
3420,-41.600704,0.7103158,-0.09282957522489349,-0.11331912430041925,1.1337792,-0.12970306057638006,00:57:00.00
3421,-35.43386,1.3853769,1.07182788434815,0.8633559481687386,0.97244495,0.9655097540232727,00:57:01.00
3422,-32.04566,1.3922336,1.0044017410094859,0.40335049961375175,1.1505071,0.7411632565173862,00:57:02.00
3423,-30.367977,1.1379555,0.5718194973417692,-0.019112626995552905,0.2543403,0.3206811016679954,00:57:03.00
3424,-29.939878,1.471083,1.0481071453953843,0.18306114216734365,0.3437667,0.6878409072008571,00:57:04.00
3425,-29.718853,1.3341906,0.8817979555560335,0.20195755704554297,0.17551169,0.5951762481522685,00:57:05.00
3426,-28.74341,0.843453,0.014785680802377028,-0.5013965463927149,0.7242861,-0.19031477341664543,00:57:06.00
3427,-25.410254,1.1825416,0.6044050132037728,-0.2023136041642594,0.84825206,0.27864660381622175,00:57:07.00
3428,-23.809338,1.122227,0.671621560900497,0.15810859601782803,0.33398142,0.4627590323810933,00:57:08.00
3429,-23.365631,1.0670096,0.4683720116012668,-0.1823445949756568,0.33782217,0.20970719067446775,00:57:09.00
3430,-22.57951,0.8839215,0.24789272303056906,-0.22003213154759574,0.1245569,0.06638057386714649,00:57:10.00
3431,-22.85631,0.9058965,0.29228015259310086,-0.1624277342017703,0.317477,0.11679475220732391,00:57:11.00
3432,-21.720615,0.80316365,0.11983681726709312,-0.2554415958163832,0.43426543,-0.019982916200717685,00:57:12.00
3433,-19.542385,1.0198588,0.40345832751012706,-0.206257594397409,0.54369646,0.17341349033780748,00:57:13.00
3434,-18.278912,0.8988617,0.30024057180187447,-0.05987748938835814,1.1320264,0.17188086712070907,00:57:14.00
3435,-12.39607,0.9390929,0.5031328454156088,0.1259002954655413,1.0187836,0.3672650145719725,00:57:15.00
3436,-14.193121,0.8609018,0.3059915846764127,-0.019858825160886263,-0.26165423,0.19177854374566008,00:57:16.00
3437,-15.41492,0.821327,0.25751241803874797,0.08516226738446815,-0.005561736,0.20760833507618,00:57:17.00
3438,-15.267665,0.82864726,0.2535361406302129,0.038320333212124746,0.33518258,0.18599174799088591,00:57:18.00
3439,-14.531073,0.8334121,0.271598738006002,0.05759630346580479,0.31537828,0.20662841143590535,00:57:19.00
3440,-14.728673,0.89989376,0.35932621235439316,0.05322938640601331,0.60124177,0.25738297831520324,00:57:20.00
3441,-11.319091,0.84669584,0.3312647425222336,0.020057470250036267,0.7777399,0.22682159590093515,00:57:21.00
3442,-12.394033,0.75691164,0.17253165782047494,-0.036648820153388745,0.05377824,0.11041200584540985,00:57:22.00
3443,-10.97409,0.7893114,0.24383284889527035,-0.020222409259869407,0.1851394,0.15899691363424298,00:57:23.00
3444,-12.638737,0.7432734,0.16369734504878736,-0.03974261960853214,0.13683276,0.1010647041620095,00:57:24.00
3445,-11.71454,0.7287658,0.1280893508922914,-0.14526545293608709,-0.046051513,0.03748998256368737,00:57:25.00
3446,-14.459769,0.73317057,0.11594887880447902,-0.12673032884494767,-0.38503417,0.03549110928317674,00:57:26.00
3447,-15.908118,0.68928224,-0.002589041720155486,-0.26555456588654175,-0.61258656,-0.0921729813813443,00:57:27.00
3448,-20.268175,0.68622315,-0.06246190285865452,-0.34273348502513906,-0.8402593,-0.16482976215105036,00:57:28.00
3449,-23.045904,0.66221493,-0.1558606678037648,-0.43997883463224696,-0.86927396,-0.26018512650500836,00:57:29.00
3450,-24.569012,1.1201814,0.5219187779432017,-0.15050127003537342,0.14839764,0.2530097285821991,00:57:30.00
3451,-25.033104,1.259544,0.7610287365728582,0.0028238250302512545,0.18169123,0.4509961141934536,00:57:31.00
3452,-24.771305,1.1852883,0.7358168788606327,0.15879824327362332,0.25993958,0.4980639927407441,00:57:32.00
3453,-23.536533,1.4984683,1.2647729798369667,0.5392299194614043,0.07797758,0.9614809527832208,00:57:33.00
3454,-28.130777,1.3737783,1.1271107445406106,0.7200520742239406,-0.5631469,0.9409777777110869,00:57:34.00
3455,-29.316011,0.9407213,0.2855536260937515,-0.11632545846330783,-0.06767569,0.11390637833133745,00:57:35.00
3456,-27.88473,0.68340516,-0.20970929862257773,-0.5352930032022648,0.5835837,-0.33649408269443,00:57:36.00
3457,-25.550611,0.65666914,-0.2222288585349684,-0.5319568728769065,0.36428022,-0.33908538833934243,00:57:37.00
3458,-24.214403,0.7387904,-0.1047006677019489,-0.5236205647834251,0.34766358,-0.26384437957694046,00:57:38.00
3459,-21.886784,0.71833926,-0.10968579906292243,-0.5018692965915803,0.06637026,-0.25543950318313635,00:57:39.00
3460,-23.58162,0.9028268,0.1093499357024274,-0.5023718040036588,-0.48343116,-0.128320852307885,00:57:40.00
3461,-25.650965,0.8519077,0.019230385991671557,-0.5262177793899243,-0.2773136,-0.1939978579316029,00:57:41.00
3462,-26.618437,1.1444621,0.5079207899800094,-0.23688053558097724,0.26076132,0.20675299183025078,00:57:42.00
3463,-25.982267,1.1719445,0.6012231002694427,-0.04827828027600028,0.014918315,0.3390048922395765,00:57:43.00
3464,-25.849936,1.4118078,0.9423343802546182,0.0061322303715435865,0.027354829,0.5602142536192746,00:57:44.00
3465,-27.085875,1.0943615,0.4725013884684158,-0.22300904378205189,0.17744456,0.1847616799072756,00:57:45.00
3466,-27.069057,1.0837655,0.570690635325855,0.0729142290533452,0.05806378,0.3600608569586349,00:57:46.00
3467,-27.629604,1.007367,0.48229448667157315,0.0849452290165908,0.08449,0.30902198065068415,00:57:47.00
3468,-27.436245,1.2400595,0.7892616982416173,0.17201109324874464,-0.5017428,0.5290424442956805,00:57:48.00
3469,-30.247175,0.96657073,0.27035277309572825,-0.24282998856173926,0.26577923,0.056483004369459036,00:57:49.00
3470,-28.625336,1.3311526,0.8300768486195956,0.09179482531336541,0.27015838,0.5275764201579317,00:57:50.00
3471,-26.078615,0.9830694,0.32117203903161556,-0.25951289830838536,1.2796307,0.08652933852900668,00:57:51.00
3472,-21.535875,1.2882782,0.9931773570589294,0.3542022630085219,1.1664255,0.7280714213137373,00:57:52.00
3473,-19.168636,1.0784994,0.5369652274351473,-0.12878402699939823,0.6275512,0.2779889597572621,00:57:53.00
3474,-19.22478,1.0304898,0.4458443348760172,-0.1917372402877433,0.25417262,0.2019992379905854,00:57:54.00
3475,-18.772333,1.1286277,0.5933680337010415,-0.17955704632919825,0.30347386,0.2907194979458826,00:57:55.00
3476,-19.470793,1.3955544,0.9368067033649422,-0.12131570311300699,0.027089454,0.5203638703816492,00:57:56.00
3477,-21.38168,1.0237569,0.5617657392362263,0.0951868986654709,-0.30475906,0.37591753466222605,00:57:57.00
3478,-23.567469,1.0429561,0.41095382999005337,-0.24942523422975188,-0.39949065,0.15209920500367147,00:57:58.00
3479,-24.902048,1.3500003,1.0456093953394585,0.40072085347960307,0.26740173,0.7717053947290636,00:57:59.00
3480,-24.309599,0.8803722,0.2666656431639144,-0.09961899390407698,-0.4529187,0.11607228974663303,00:58:00.00
3481,-29.134073,0.71864074,-0.06496145911487598,-0.3111238715170531,-1.2923996,-0.16441127674352057,00:58:01.00
3482,-31.716173,1.2271711,0.9225227801011004,0.8388759560059152,-0.08527821,0.8686011529473624,00:58:02.00
3483,-31.778778,1.0219125,0.48066089976152676,0.15007985570095952,-0.63237184,0.33123634120840856,00:58:03.00
3484,-36.500946,1.2715964,0.8302677086361516,0.5882417148789688,-1.6517075,0.7063147588195102,00:58:04.00
3485,-44.880966,0.8478436,-0.024451008573433023,0.033521392116944465,-2.597973,-0.01847282359481758,00:58:05.00
3486,-48.602154,0.63587695,-0.5246318920732765,-0.5412470515337929,1.1396608,-0.54530757923738,00:58:06.00
3487,-42.074646,1.3118327,0.8245031218292642,0.9021161501386212,-0.7268754,0.845051560434285,00:58:07.00
3488,-40.883335,0.9885492,0.3126474232904888,0.31755680771326467,0.49842453,0.29970981459709484,00:58:08.00
3489,-47.531887,0.83670384,-0.09341838028860917,0.08044962102948335,-1.9583093,-0.034122209466075186,00:58:09.00
3490,-43.490402,0.96052647,0.17130051550462858,0.0009115706104039881,0.04962173,0.07940603473371442,00:58:10.00
3491,-51.553326,0.48618543,-0.7815802100750586,-0.7071888234557592,-1.0932069,-0.7716842820599011,00:58:11.00
3492,-43.252426,1.1694871,0.5618020433599651,0.460089835413985,0.8912882,0.49855615759137994,00:58:12.00
3493,-46.59419,0.8946884,0.07227053080325611,0.016968179210891863,-2.3758228,0.02437406797199021,00:58:13.00
3494,-54.019337,0.4371913,-0.9815235698056904,-0.9953789151507776,-1.549142,-1.0042365201440457,00:58:14.00
3495,-54.12708,0.41692916,-1.0005226383793568,-0.975343997520572,0.0130975805,-1.0066782971023156,00:58:15.00
3496,-44.021057,0.9999631,0.1287253614970703,-0.27817360444004463,3.6584184,-0.05620251061140935,00:58:16.00
3497,-32.330917,1.6242192,1.436831040329897,0.9250674304906763,1.5026165,1.2036148048570945,00:58:17.00
3498,-30.980324,1.5464871,1.5232483357182374,1.6664757435837398,-0.27738252,1.561362047900212,00:58:18.00
3499,-35.354164,1.2845349,0.9913458404607284,0.938362068825035,-1.0874801,0.9475086073762921,00:58:19.00
3500,-40.25202,1.1016212,0.48168616805947584,0.22026875292767487,-0.63599014,0.35318958621713437,00:58:20.00
3501,-38.27776,1.3834987,1.0977772198337348,1.1695911873811093,1.9005624,1.1054791895466025,00:58:21.00
3502,-31.554117,1.7931042,1.5442692343164035,0.749024054115145,0.17369398,1.2181674474652047,00:58:22.00
3503,-34.018925,1.4242066,0.9030429492091152,0.16895301084460335,-0.7234139,0.5948812598152885,00:58:23.00
3504,-39.7885,1.3119066,0.8616828787720493,0.6851892921433637,-1.2793338,0.761930481788837,00:58:24.00
3505,-43.729687,1.0806335,0.49976124634254,0.6895433525894478,1.3505659,0.5530578317196592,00:58:25.00
3506,-30.681982,1.810508,1.6090023011158336,0.8874333147975666,1.1772057,1.3103861988551484,00:58:26.00
3507,-34.75795,1.6986034,1.3537130418364243,0.6327547202420782,-0.9700542,1.0492198202127114,00:58:27.00
3508,-38.35343,1.5752171,1.1491381077395781,0.6667042070015551,-0.10875304,0.9460530996606049,00:58:28.00
3509,-40.3984,1.3394718,0.9393052622939744,1.0544192430738308,-0.3427722,0.9749724305708156,00:58:29.00
3510,-38.863403,1.2609612,0.6989974027993526,0.3485534072143336,0.4036771,0.5402653227221846,00:58:30.00
3511,-39.776535,1.369645,0.9371034115159358,0.7395721370930378,0.511781,0.8327662157994081,00:58:31.00
3512,-34.99855,1.4418292,0.9456635623721634,0.331259998408225,0.62205994,0.6924201073911174,00:58:32.00
3513,-36.53463,1.6061645,1.2093017221336757,0.618156697134988,-1.1408627,0.9608519813841568,00:58:33.00
3514,-41.411392,1.482835,1.066465348197665,0.7241677551121116,-0.7039448,0.9034833886877986,00:58:34.00
3515,-48.710365,0.7709067,-0.19756335569840527,-0.21296998230895162,-1.2380531,-0.2299452999947114,00:58:35.00
3516,-39.858803,1.3548393,0.8862571708974621,0.489620528126264,1.7816544,0.701148491277068,00:58:36.00
3517,-40.302532,1.358877,1.0255978112166813,1.2109702107888045,-1.363608,1.086553433244826,00:58:37.00
3518,-49.008045,0.6576057,-0.45519712719883776,-0.519817917054381,-2.5059214,-0.5026692977001842,00:58:38.00
3519,-52.689213,0.4066927,-1.0061027760295929,-1.0349249896382333,-1.1347136,-1.0340642029519311,00:58:39.00
3520,-53.787167,0.3866328,-1.051283892154194,-1.0279500758525957,-0.9913568,-1.055767327307476,00:58:40.00
3521,-53.526752,0.3892906,-1.0427342123969154,-1.0237750568545436,-0.8466437,-1.0490518496998227,00:58:41.00
3522,-53.956448,0.39748612,-0.9984181028725798,-0.9336234204561737,0.2684918,-0.9873151874221295,00:58:42.00
3523,-47.426918,0.67194533,-0.2264266322741741,-0.01765157604219825,-0.27929604,-0.16813931926367823,00:58:43.00
3524,-44.281944,0.50191605,-0.45536813085760774,-0.20454964975327933,2.7924292,-0.3745882182731757,00:58:44.00
3525,-29.608152,0.6720409,-0.14319427636299997,-0.3829399225131556,1.8522749,-0.24196055421537616,00:58:45.00
3526,-27.247627,1.1622986,0.6417054227794614,0.014464969928531614,0.051053356,0.37786169541670894,00:58:46.00
3527,-27.78622,0.85388523,0.1165173562688311,-0.3147426719252719,0.26825106,-0.056502320885448085,00:58:47.00
3528,-26.792482,1.0382148,0.41624099077521287,-0.15803201317167162,0.030629015,0.1824891988794387,00:58:48.00
3529,-27.031609,0.77847326,-0.07306671036764602,-0.48007702010183634,0.122895494,-0.2341895899206647,00:58:49.00
3530,-25.705347,0.5382817,-0.491482103999028,-0.7731597473633383,0.32101604,-0.5932323166545007,00:58:50.00
3531,-23.100262,0.8040148,0.03671209691125356,-0.377174318580839,0.5527284,-0.11822544602481577,00:58:51.00
3532,-23.128077,1.0649985,0.7203386940402022,0.39468299306438426,-0.29378358,0.579612783506799,00:58:52.00
3533,-24.59571,0.61155677,-0.2729161081990865,-0.5295069082737914,-0.33908656,-0.3655078732877004,00:58:53.00
3534,-25.15914,0.5037469,-0.5256108000023534,-0.7520269649936561,-0.27950644,-0.6039282419926694,00:58:54.00
3535,-26.334959,0.5387087,-0.5044221859384862,-0.7739007135388817,-0.5351957,-0.6002102502631448,00:58:55.00
3536,-26.407946,0.6617119,-0.24308653326931964,-0.5617817775155236,-0.12943728,-0.3616867581238706,00:58:56.00
3537,-27.050451,0.6212678,-0.2866594510953017,-0.5241351425221411,-0.2589527,-0.37195169608876827,00:58:57.00
3538,-26.302467,0.7375383,-0.063617645750427,-0.33589695578820983,0.41225043,-0.16275135210783673,00:58:58.00
3539,-24.04762,0.56417537,-0.24064832270566452,-0.2640270891795126,0.174948,-0.23631329955896652,00:58:59.00
3540,-24.723434,0.7314799,0.022085360018699728,-0.1436039945869139,-0.4465804,-0.03371903749807758,00:59:00.00
3541,-24.13473,0.72473633,0.014165591471430374,-0.12678742371336282,0.29680678,-0.029700293240941058,00:59:01.00
3542,-24.582088,0.60055155,-0.1776381884791828,-0.18505368512354992,-0.45389163,-0.16756283993891746,00:59:02.00
3543,-27.485788,0.7399628,0.05743185077207033,-0.020098162772990955,-0.8887215,0.02835142052164013,00:59:03.00
3544,-26.84193,0.88095605,0.20697849815975017,-0.09076054707888999,0.6990871,0.09405822089456914,00:59:04.00
3545,-24.770699,0.8914034,0.31608115140255305,0.07409654702022735,0.023482174,0.2207174664082757,00:59:05.00
3546,-28.01151,1.0186609,0.4772787687611626,0.1226677713748545,-0.77456224,0.3301231255819429,00:59:06.00
3547,-27.717884,0.7885544,0.0888123307061549,-0.09441507058683399,0.45417413,0.02051142325094101,00:59:07.00
3548,-25.615885,0.8962121,0.2763115038922775,-0.016660496676689417,0.43542272,0.1653488729942971,00:59:08.00
3549,-26.97151,1.4699621,1.113768284856348,0.30083584369559513,-0.33792412,0.7810064295891236,00:59:09.00
3550,-27.317303,1.4526743,1.137790173945577,0.41859342557900797,0.9149295,0.8360171058900103,00:59:10.00
3551,-23.366549,1.2363988,0.8729968411540232,0.3079821008230331,0.7816762,0.6403634328723177,00:59:11.00
3552,-24.581472,1.0337588,0.5525052323201417,0.1676480405977131,-0.30875394,0.39763187402706224,00:59:12.00
3553,-25.997602,1.3294991,0.9708383434541691,0.32641869657074163,0.38735247,0.7058041548910977,00:59:13.00
3554,-23.077068,1.2730308,0.9595186183832681,0.3990013231193187,0.32081306,0.7281180170033569,00:59:14.00
3555,-25.6272,1.6248233,1.404365571033398,0.4957825599852707,0.31009522,1.0272016977379028,00:59:15.00
3556,-24.278013,0.8811288,0.39734236152240265,0.2540889842596869,0.2907324,0.3353453525513624,00:59:16.00
3557,-23.6935,1.3405226,1.077128201429053,0.4647372517030171,0.35946137,0.8162352976810568,00:59:17.00
3558,-25.785126,1.2615501,1.0997409194109087,0.8088356692138288,-0.00491402,0.9535037146089652,00:59:18.00
3559,-23.49796,1.1975127,1.0483493480263588,0.7809152029287243,0.7873106,0.9084685419942108,00:59:19.00
3560,-21.401817,0.95957875,0.5676931547010469,0.36503431498568933,0.8669991,0.48270727059122615,00:59:20.00
3561,-21.336624,1.0858294,0.6456566967837382,0.2588236378942394,-2.8608603,0.4955587574035347,00:59:21.00
3562,-41.30812,0.43076736,-0.507843130252541,-0.12911345541695463,-4.2974014,-0.36769520534905625,00:59:22.00
3563,-47.92449,0.51412237,-0.4771256478567756,-0.22338126163692607,-0.6049398,-0.4017817889178187,00:59:23.00
3564,-45.1733,0.49609366,-0.7161172101679041,-0.8167039245766138,0.21660441,-0.7663853704496119,00:59:24.00
3565,-41.132015,0.93376726,-0.02384957969790001,-0.5320939532681659,-0.7272764,-0.23919271871726447,00:59:25.00
3566,-46.926697,0.52748,-0.7950618217303483,-1.0157215834242757,-1.1710237,-0.8938001774943003,00:59:26.00
3567,-46.457294,0.54266506,-0.78847406644033,-1.068414021736602,-0.6102146,-0.9103448751649618,00:59:27.00
3568,-46.534332,0.70224214,-0.599849069303306,-1.0722181487718296,0.72913784,-0.7977657486769627,00:59:28.00
3569,-41.180073,0.7998722,-0.354530665876292,-0.9248406199976312,-1.6449375,-0.5874347555229047,00:59:29.00
3570,-49.590054,0.2669666,-1.2285653203342846,-1.2573510732212383,-0.3867183,-1.2501995131905168,00:59:30.00
3571,-39.031178,1.1737702,0.4071297147664561,0.0313704794086418,2.833769,0.25687098158155125,00:59:31.00
3572,-31.759758,0.7871327,0.027462790796605914,-0.049567623915671884,0.4125121,-0.004557294660059451,00:59:32.00
3573,-31.911407,0.71311855,-0.09766973519451154,-0.2314087685233452,-0.043686036,-0.15644137766408342,00:59:33.00
3574,-29.158827,1.3541778,1.0146842068803528,0.5776209984712516,1.7565551,0.8293177321288785,00:59:34.00
3575,-25.386696,1.4312952,1.335692426439983,1.334647293737112,-0.9190178,1.3336251584348897,00:59:35.00
3576,-33.042797,0.7184626,-0.094209409562251,-0.21672408182715816,-0.8501331,-0.1465866557584325,00:59:36.00
3577,-31.666178,1.210707,0.75129747826388,0.3108443927992749,0.48403102,0.5566487954268589,00:59:37.00
3578,-31.147055,1.2398596,0.8405027108706895,0.5284891972106774,0.21601792,0.7007449714910486,00:59:38.00
3579,-29.556017,1.2109367,0.7107079568215735,0.3383731674182137,0.4872857,0.5584993932595753,00:59:39.00
3580,-29.749187,1.1516588,0.8524438754972358,0.9194027366548287,0.09052746,0.8661026766374094,00:59:40.00
3581,-28.404907,1.0669435,0.5432779942755993,0.13492261486967963,0.25234076,0.36870927001773046,00:59:41.00
3582,-28.59786,1.3989595,1.179590268661525,0.8438770833964324,0.014053506,1.029363357930488,00:59:42.00
3583,-30.718674,1.2917362,1.0345814437923768,0.8403382565219872,0.11030287,0.9362349008889217,00:59:43.00
3584,-28.665068,0.9369297,0.32420450171564413,0.037851738376747275,-0.06595207,0.2075243866164179,00:59:44.00
3585,-31.370735,1.1009489,0.4572316327401822,-0.06883942822574872,-0.7851933,0.24261528435679708,00:59:45.00
3586,-34.209934,0.81187016,0.104559347756109,0.012383819742803177,-0.5122962,0.05554323365434771,00:59:46.00
3587,-33.18205,0.9037645,0.16192558643738533,-0.07089327865845951,0.43611896,0.06673414169817071,00:59:47.00
3588,-33.109825,1.02419,0.35933104466683974,0.010010455484011378,-0.82785803,0.21294397651746186,00:59:48.00
3589,-36.37474,0.5852965,-0.2699805335837675,-0.2076379046789799,-0.949227,-0.25645420577292577,00:59:49.00
3590,-35.635765,0.8907222,0.22473588283801021,0.1657350417868597,0.78995824,0.18812982912888357,00:59:50.00
3591,-33.176327,1.1954633,0.8073466840993176,0.7133967602566287,-0.04028106,0.7515984534990561,00:59:51.00
3592,-34.379032,0.6593984,-0.024720465655385097,0.11101789177037259,-0.78568244,0.010035063386795084,00:59:52.00
3593,-37.384995,0.66114044,-0.04731283425248555,0.130103547548243,-0.6387326,-0.001802006656579271,00:59:53.00
3594,-36.001938,0.886684,0.3058550074374687,0.25137374750066255,0.33498755,0.2554377108241691,00:59:54.00
3595,-33.201183,0.94878316,0.5130735271960688,0.8353150128087042,0.35308954,0.6260650321862017,00:59:55.00
3596,-34.50956,0.75918454,0.289902829180377,0.7301208311750786,-0.6630454,0.43089886528121163,00:59:56.00
3597,-34.0564,1.4423567,1.472565000427228,1.7848417392550273,0.94138986,1.5489724809604513,00:59:57.00
3598,-31.606897,1.2938279,1.0994813641692722,0.9374906003823221,-0.3820029,0.9942911871486284,00:59:58.00
3599,-33.912754,1.0524207,0.7042263696210408,0.9580953138893652,-1.0257499,0.7796897638263538,00:59:59.00
3600,-40.82579,0.5706502,-0.4399248307511457,-0.42017659925697254,-0.039738003,-0.44600601603851836,01:00:00.00
3601,-33.351727,1.824057,1.771934375045528,1.1017747498308668,0.36992753,1.4665837775546369,01:00:01.00
3602,-38.18694,0.94913995,0.6678521480216834,1.2400437304115681,-1.012156,0.8511145817222986,01:00:02.00
3603,-39.98197,0.5898624,-0.05254636791565797,0.18667500636906142,1.5826728,-0.006271371813980716,01:00:03.00
3604,-26.142908,1.8696246,1.6580386170005763,0.6614206883199143,1.6973215,1.2562285338561914,01:00:04.00
3605,-25.731113,1.461845,1.029622056616134,0.09984660433535605,1.4661236,0.6534683970249868,01:00:05.00
3606,-21.71154,1.4522161,1.0799057908289802,0.11223563560820686,0.6973234,0.6916026015272164,01:00:06.00
3607,-22.15063,1.1575673,0.5927718378987499,-0.13450317589969443,0.41570684,0.30837318186734447,01:00:07.00
3608,-20.381151,1.5635401,1.2629436559934737,0.19487841121698213,0.79166156,0.8353895710345,01:00:08.00
3609,-20.16606,1.3435858,0.8652213719130011,-0.08382184293341748,0.70234215,0.4916158445557272,01:00:09.00
3610,-18.373793,1.8878759,1.6995007610519124,0.2649356469710961,0.69202226,1.1256625936458051,01:00:10.00
3611,-20.30602,1.263295,0.789824197252534,-0.013072644029260921,0.09911703,0.47395674641458085,01:00:11.00
3612,-20.005846,1.2723542,0.7269066066319693,-0.22499216015619303,0.18569048,0.35631221732056084,01:00:12.00
3613,-21.559843,1.1149502,0.5541255596838793,-0.17928913677740638,-0.094587296,0.26781857649250385,01:00:13.00
3614,-22.901499,0.8835905,0.25652749527506447,-0.19163352430573258,-0.47212818,0.08088101279880179,01:00:14.00
3615,-27.089424,1.1435788,0.671950126403799,0.1051637220881756,-1.5479715,0.4340087078986066,01:00:15.00
3616,-34.49348,0.8902303,0.0955120924125473,-0.26628046125157734,-1.1009321,-0.060826631048219754,01:00:16.00
3617,-32.814346,1.0205947,0.3404473575317235,-0.103027975752467,0.13036174,0.1457162307064742,01:00:17.00
3618,-34.03859,0.43561748,-0.6907568396904948,-0.7022668859336746,-0.0138922585,-0.6906892439844627,01:00:18.00
3619,-30.593409,0.42760116,-0.6402734433828339,-0.6187698907189786,-0.47032785,-0.6232282209995531,01:00:19.00
3620,-33.540966,0.42325446,-0.6607541940525935,-0.6187834828127038,-0.14421704,-0.6406615422038633,01:00:20.00
3621,-29.803736,0.42661732,-0.5844691999539569,-0.5096096939374476,-0.0651355,-0.5468109205161841,01:00:21.00
3622,-31.093872,0.36680275,-0.7689747542923032,-0.7140164405316003,-0.35861906,-0.7383869180951697,01:00:22.00
3623,-30.043327,0.32659107,-0.8084310508154177,-0.7013156280492726,-0.42123556,-0.7554602279072987,01:00:23.00
3624,-32.266586,0.369148,-0.785157744117779,-0.7434851453191622,-1.2165121,-0.7613376537084642,01:00:24.00
3625,-32.126743,0.4064186,-0.7346933637996689,-0.745932447003596,-0.083810866,-0.7335278516942413,01:00:25.00
3626,-33.716236,0.41669536,-0.7422972000270969,-0.7470987464563686,-0.71017444,-0.7381542084014006,01:00:26.00
3627,-32.349106,0.3636637,-0.7940313031825151,-0.7324617729573336,-0.27045915,-0.7622933261313035,01:00:27.00
3628,-33.983707,0.38833266,-0.8036977996233408,-0.7993601278892587,-0.14754976,-0.7959537295713858,01:00:28.00
3629,-29.777306,0.3296572,-0.8048092777804804,-0.71126392486013,-0.16640729,-0.7581374131095775,01:00:29.00
3630,-32.407833,0.41552135,-0.7133699322889119,-0.6912928024058446,-0.25990504,-0.6969359633591546,01:00:30.00
3631,-28.120674,0.4671626,-0.45560764506953977,-0.39631627517125223,0.40200558,-0.4258083812536769,01:00:31.00
3632,-28.724796,0.43629166,-0.6007484025285865,-0.5513196071899901,-1.1679353,-0.567203356055678,01:00:32.00
3633,-30.98928,0.4226918,-0.619443556948013,-0.5549250124931984,-0.13127665,-0.5891647821008362,01:00:33.00
3634,-31.739113,0.46460897,-0.6141110717675388,-0.634176252579674,-0.8989781,-0.6144556865992964,01:00:34.00
3635,-30.907318,0.3661087,-0.7759594866844705,-0.7204192934743819,0.17844419,-0.7458405825448052,01:00:35.00
3636,-30.925467,0.39323986,-0.7471787865252684,-0.7315649625497316,-0.3541268,-0.7327955182354436,01:00:36.00
3637,-29.84508,0.305449,-0.8394041382738628,-0.7132080832174147,-0.8098869,-0.7798666340952182,01:00:37.00
3638,-32.42544,0.35882553,-0.8178518036307124,-0.7664160654456186,-0.038358074,-0.7897685093709068,01:00:38.00
3639,-28.293776,0.26270804,-0.8541913819119962,-0.6581277936262329,-0.050574236,-0.7639460787823694,01:00:39.00
3640,-31.171852,0.32760736,-0.8003414000028028,-0.6643953022909169,-1.2252861,-0.7354431123545428,01:00:40.00
3641,-30.194445,0.4560381,-0.5838556856816929,-0.5768967552797721,0.6436924,-0.573884009711772,01:00:41.00
3642,-27.65604,0.4814374,-0.47829463481101747,-0.44829840398795096,-0.044749502,-0.45600676334486273,01:00:42.00
3643,-26.450882,0.58466506,-0.22717404781084408,-0.2080474952020992,0.17400008,-0.21339988576549548,01:00:43.00
3644,-26.287231,0.45938912,-0.4903456037178527,-0.4433313055872113,-0.23743917,-0.4624424106371947,01:00:44.00
3645,-25.952148,0.5909805,-0.22080651581644273,-0.2274632087378783,-0.06536868,-0.21802963278578102,01:00:45.00
3646,-25.184074,0.80903625,0.18934982166567194,0.0697128457264931,0.59986115,0.1429026181667344,01:00:46.00
3647,-21.696732,0.5692815,-0.22659404561534782,-0.26891973255897844,1.1366369,-0.23333089708441906,01:00:47.00
3648,-14.340073,1.1815935,0.9549386502889993,0.4692275352331037,1.3260367,0.7590617602899603,01:00:48.00
3649,-18.561876,0.7770736,0.2904456685969271,0.2624179912532705,-0.29802734,0.2845229186659544,01:00:49.00
3650,-14.746187,0.9586153,0.5974012143742912,0.33931001140148426,0.87421596,0.4956094337848073,01:00:50.00
3651,-13.52902,0.85244715,0.39706497604734536,0.12107143345759232,0.5782726,0.2911475767336663,01:00:51.00
3652,-12.905418,0.96754986,0.7182249337184822,0.6791146040984534,0.38537204,0.7088981653958311,01:00:52.00
3653,-13.042792,0.85102993,0.6863459572461871,1.1011942678911064,0.13853188,0.860873230948981,01:00:53.00
3654,-13.43968,0.8300711,0.6773460088910308,1.1920330665420364,0.16927359,0.8931766514209667,01:00:54.00
3655,-13.71942,0.9086372,0.8179841956598248,1.252774053670078,0.056529354,0.9944529037231197,01:00:55.00
3656,-14.788725,0.86617064,0.7066862211588435,1.179722188668246,0.22472623,0.9046006903817603,01:00:56.00
3657,-13.489594,0.8680901,0.6688791660340577,0.91577233034652,0.44849122,0.7710812411272874,01:00:57.00
3658,-13.595941,0.87586427,0.6240838333513314,0.7018244029248354,0.13701321,0.6540436977597313,01:00:58.00
3659,-13.847189,0.9516792,0.7505094645099578,0.7880692036873758,0.32486758,0.763580684283794,01:00:59.00
3660,-13.750235,0.90563184,0.6851862942327324,0.8263047084498294,0.71363455,0.7463888365998327,01:01:00.00
3661,-10.03288,0.94678855,0.7564801668382491,0.8132172631554483,0.5824787,0.7918361869733384,01:01:01.00
3662,-13.429547,0.9329008,0.8119206119327987,1.090960059874204,-0.6298649,0.9274401291108465,01:01:02.00
3663,-15.981299,0.8535627,0.6329623757256883,0.976352465468107,0.057097685,0.7735611985783739,01:01:03.00
3664,-14.203657,0.9121966,0.6470712443111376,0.76798591346224,0.7003428,0.7067071437152863,01:01:04.00
3665,-12.996439,0.89045066,0.6324302845193926,0.7189262534411371,0.37260094,0.6759618321492353,01:01:05.00
3666,-13.414422,0.8673386,0.6151822372299852,0.7845530591695056,0.16807193,0.6924532752328103,01:01:06.00
3667,-13.8270445,0.974702,0.7301606847528528,0.7783322405383818,0.42429817,0.760491995065373,01:01:07.00
3668,-12.292577,1.3472614,1.2657395600266785,0.9444766965770459,0.7586991,1.1501144408762776,01:01:08.00
3669,-12.0402565,1.1496185,1.0140964021199375,1.0125515885595535,0.46185282,1.033297393322402,01:01:09.00
3670,-11.583475,1.0923741,0.8262783642114008,0.6533914068862111,0.37998334,0.7769926787631516,01:01:10.00
3671,-14.00844,1.2078782,0.9039990547449174,0.5710876904630237,0.02163774,0.791000849443617,01:01:11.00
3672,-14.011466,1.3833258,1.1916787354397,0.7588685369290361,0.6779959,1.0390625788658676,01:01:12.00
3673,-12.433276,1.2122575,0.9915805271103352,0.6600406278241643,0.7596719,0.8755191366751982,01:01:13.00
3674,-11.772732,1.3642615,1.1746673209846383,0.6475627862904839,0.57039934,0.9828113517498739,01:01:14.00
3675,-12.343848,1.4480311,1.3178513932358422,0.7726733903056201,0.65708643,1.1152544418818835,01:01:15.00
3676,-12.253688,1.4630233,1.44206133284165,1.0944592714611265,0.4554903,1.3129691965978594,01:01:16.00
3677,-13.3430605,1.2483779,1.1061600320840563,0.9195415398286081,0.33595818,1.043638442458224,01:01:17.00
3678,-13.914489,1.1797986,0.8659683403842696,0.43643984524664975,0.11931033,0.7047579005191069,01:01:18.00
3679,-14.267947,1.2713622,1.0321208863739413,0.6224199629969505,0.9111761,0.877408972906693,01:01:19.00
3680,-11.54416,1.3538262,1.3679447582386661,1.1462962530102954,0.4758646,1.2850054661232955,01:01:20.00
3681,-13.899071,1.1646094,0.8380099173472778,0.4484106901756188,0.52169144,0.6956576510861885,01:01:21.00
3682,-12.163284,1.4284781,1.3804320678558735,0.8383479182254295,0.6367458,1.1674356686236051,01:01:22.00
3683,-11.538156,0.9235605,0.5116103131654823,0.2895835993555068,0.72059155,0.44123259860795105,01:01:23.00
3684,-12.209578,1.008809,0.835756831591762,0.7667065853294128,-0.70940244,0.8124167636110416,01:01:24.00
3685,-16.61285,0.9351899,0.7335166656034495,0.9651267107428979,-0.5107403,0.8274976377731156,01:01:25.00
3686,-18.542982,0.96340567,0.7549208017295568,1.0693781742253823,-0.1278314,0.8850480533117195,01:01:26.00
3687,-19.852459,1.0438218,0.8714454657616045,1.1355373599778662,0.63302165,0.9761303411042775,01:01:27.00
3688,-16.185816,1.2208585,1.2302446497358936,1.3291451967876686,0.391253,1.266609339777187,01:01:28.00
3689,-18.339828,0.99103266,0.8200193947208497,1.1344344281596725,0.1312748,0.9474443651656685,01:01:29.00
3690,-18.091063,0.91931957,0.7638066562485085,1.2158056174855085,0.59660304,0.9433879014993569,01:01:30.00
3691,-16.577917,1.2730027,1.1659526801766646,0.9691124300732704,0.06411218,1.0835457041288836,01:01:31.00
3692,-17.222805,0.9115717,0.4618774052078664,0.24279069499684594,0.15403993,0.38420425548245446,01:01:32.00
3693,-18.347658,0.94085765,0.3917945965748505,-0.04117702589180716,0.27039388,0.228205171121854,01:01:33.00
3694,-16.929201,0.8376269,0.21045025603690143,-0.20098744410952485,0.35455737,0.05911546381096853,01:01:34.00
3695,-17.093597,0.81509787,0.14692037971902092,-0.27414491611731173,0.19089217,-0.007771100147564517,01:01:35.00
3696,-16.289309,0.9481557,0.3316464488505593,-0.2346234522809618,0.50904197,0.11847401881254167,01:01:36.00
3697,-14.806019,1.2300596,0.7949393906932795,-0.01996471063325221,0.5639176,0.4778341274198215,01:01:37.00
3698,-14.744558,0.821412,0.22829562290510957,-0.1431682756569912,0.3616005,0.0935536831435699,01:01:38.00
3699,-15.106292,0.912226,0.353945658941687,-0.0963654981481772,0.23908943,0.18528433860435356,01:01:39.00
3700,-13.84913,0.92276603,0.33859131451881913,-0.1969775101761771,0.44715384,0.13898080675095525,01:01:40.00
3701,-13.700857,0.95121497,0.39660351161979945,-0.13257561359491266,0.5287113,0.1994593175231094,01:01:41.00
3702,-12.387384,0.9028984,0.36964858107842113,-0.08979472486336229,0.44257835,0.20029371817477173,01:01:42.00
3703,-12.258583,0.8939402,0.3442908319156628,-0.11437274695320793,0.30850977,0.17794032769977308,01:01:43.00
3704,-12.450757,0.9024261,0.38117490874706994,-0.0658769360838019,0.3777444,0.21452496087717315,01:01:44.00
3705,-11.152392,1.0138701,0.5265416504272831,-0.07867710461169221,0.61776507,0.30059282608323123,01:01:45.00
3706,-10.854691,0.84568727,0.3310582383536701,-0.030086779981359103,0.35213307,0.20403188085394064,01:01:46.00
3707,-10.907446,0.88075787,0.36025576967127343,-0.07432372027572409,0.362752,0.20206904421347885,01:01:47.00
3708,-10.60695,1.1988285,0.7602153831812655,-0.06901188038013883,0.51918054,0.44495659148470773,01:01:48.00
3709,-10.212042,1.0966885,0.6607881246222341,-0.027946433352516068,0.5187686,0.4014602884980688,01:01:49.00
3710,-10.031051,1.0610412,0.6688819383567938,0.10628190801837763,0.57974565,0.45820351843372586,01:01:50.00
3711,-9.467754,1.0270973,0.6704781336952006,0.22270248146327107,0.5252136,0.5056703622979304,01:01:51.00
3712,-9.021389,0.96635705,0.6069344080440245,0.23926296883552184,0.3251578,0.4719229858213425,01:01:52.00
3713,-10.077908,0.83855146,0.4523225665031568,0.2657536126476916,0.22980794,0.38615149382280395,01:01:53.00
3714,-9.526529,0.91215354,0.5362083897054022,0.23981473852482926,0.5117939,0.42883122363370213,01:01:54.00
3715,-8.856488,0.85815305,0.4877976471378773,0.2550873742936261,0.30374986,0.404980556511607,01:01:55.00
3716,-9.961713,0.85110563,0.4618815147588902,0.2581138671652787,0.10561441,0.3895193071923011,01:01:56.00
3717,-10.371453,0.87829393,0.46979170935802395,0.18091383041248726,0.15712373,0.3629806417209492,01:01:57.00
3718,-10.66141,0.95109254,0.5392275632012439,0.1671805600522314,0.41348594,0.40436962867917237,01:01:58.00
3719,-10.386633,0.9565977,0.5487110143999042,0.15419348231280183,0.35183898,0.40508100767289695,01:01:59.00
3720,-10.358932,0.94301754,0.5261360526215758,0.15830513354073328,0.3245426,0.3951634635268065,01:02:00.00
3721,-11.124958,0.9043283,0.4774549451814314,0.17222434246172175,0.24141684,0.3702723323568394,01:02:01.00
3722,-10.595495,0.913962,0.48538409868394744,0.1308733973475534,0.36957568,0.3580913966266478,01:02:02.00
3723,-10.869958,1.0193386,0.6115869163423726,0.1404696035131342,0.38127166,0.43832198902849573,01:02:03.00
3724,-10.603722,0.9866006,0.64795942530862,0.25753503748021667,0.3827462,0.5021693396222889,01:02:04.00
3725,-10.894716,1.2025172,1.0022705688276463,0.5423456171431799,0.41596675,0.830487688660206,01:02:05.00
3726,-11.764858,1.2647113,1.0654484896458611,0.5494710422907627,0.31425378,0.8709624836928382,01:02:06.00
3727,-11.305134,1.2931843,1.101001637129806,0.5111490446931711,0.6002566,0.8747804248026264,01:02:07.00
3728,-11.735123,1.2383931,0.9360788571828124,0.20022363323819495,0.44701105,0.6528698943655163,01:02:08.00
3729,-11.457798,1.2675419,0.9771263836981628,0.22111998056615492,0.53263813,0.6869235533368957,01:02:09.00
3730,-12.098998,1.0978936,0.650872005139479,-0.013190773486346589,0.5344872,0.4025314846358015,01:02:10.00
3731,-10.996183,1.3791246,1.0370456047841141,0.03122142911343331,0.65612,0.6513917940173876,01:02:11.00
3732,-10.670972,1.0701237,0.6298942401434475,-0.0002875221347367899,0.56790155,0.3971462482270845,01:02:12.00
3733,-10.634867,1.1882975,0.8194398942729417,0.07903795928050357,0.27172047,0.5390848149876217,01:02:13.00
3734,-11.757432,0.8921667,0.4143007644657684,0.01511949410942222,-0.18602824,0.2691396808671804,01:02:14.00
3735,-14.5417795,0.84097415,0.3867846700922125,0.14060930454237724,-0.3138794,0.2966630718712834,01:02:15.00
3736,-15.964222,0.88873506,0.47331354397080105,0.18480768576764142,-0.22351351,0.3572552539298311,01:02:16.00
3737,-17.876556,0.84700304,0.39953606284778975,0.21662373164923032,-0.25896838,0.3273170707087995,01:02:17.00
3738,-17.368523,0.9028102,0.5163510845559401,0.34990030128739924,0.9085011,0.4530027007395907,01:02:18.00
3739,-15.904893,1.009969,0.7732411386152592,0.7696354697124361,-0.22634456,0.7751373020009705,01:02:19.00
3740,-17.818005,0.8570429,0.495171003221505,0.5121275776840271,0.28240222,0.5030354789902101,01:02:20.00
3741,-17.739384,0.8218636,0.3732375948702203,0.28580184756504334,-0.116092205,0.34323954560234465,01:02:21.00
3742,-18.227697,1.2218406,0.9960885470760427,0.5760189426298592,0.30133078,0.8217904536415359,01:02:22.00
3743,-19.182098,1.0055852,0.7220030091014672,0.6219216256463972,-0.22804768,0.6772232035413346,01:02:23.00
3744,-19.15053,1.3707193,1.1872452920777192,0.7519498055937534,1.3176255,1.0169741834586505,01:02:24.00
3745,-14.90178,1.4574312,1.2497093959156802,0.5714166572567739,1.271135,0.9938299036209675,01:02:25.00
3746,-12.7322645,1.2306415,1.0099251808354723,0.7307738056329051,1.548032,0.9195224234479235,01:02:26.00
3747,-7.062212,1.3231548,1.197236753284321,0.6399043764029723,1.5371997,0.9958055150270609,01:02:27.00
3748,-7.0861454,0.72342104,0.22855756822882536,0.007600986096431222,-1.6322541,0.16090094109785,01:02:28.00
3749,-19.91931,0.8733875,0.12320145642662578,-0.42216175681970985,-2.5173638,-0.08224982630467177,01:02:29.00
3750,-28.85566,0.87112623,0.12323500912109955,-0.27505395964101415,-2.421071,-0.03829628796554065,01:02:30.00
3751,-34.86177,1.225942,0.81368934074939,0.3693457430798247,-0.18403506,0.5989185866636305,01:02:31.00
3752,-33.37207,1.7192509,1.4468374449471086,0.5608834537176961,-0.049000453,1.063275628545715,01:02:32.00
3753,-41.212704,1.2656238,0.8875413977280072,1.015800493596788,-2.524345,0.9128427199315982,01:02:33.00
3754,-43.413982,1.458354,1.103460313910568,1.5079189242549083,1.542265,1.2777178973453176,01:02:34.00
3755,-32.439114,1.4262948,1.0590131183689924,0.7805971545052894,2.7811296,0.9414303351121454,01:02:35.00
3756,-28.004375,2.0143352,1.9010327031886578,0.8516287379640842,0.50145525,1.468698598588766,01:02:36.00
3757,-32.123707,1.3592739,0.9074915840889598,0.6217287336532601,-1.5314374,0.7925079943791355,01:02:37.00
3758,-39.92715,0.45405582,-0.7196034196386784,-0.8429416924707794,-0.5352524,-0.7798621695808478,01:02:38.00
3759,-35.340538,1.2161068,0.5997275148112083,0.19398501789149414,1.0176882,0.4288976630948334,01:02:39.00
3760,-29.243101,1.8617954,1.7802619737455474,1.240531654212959,0.4537239,1.5570197134004138,01:02:40.00
3761,-35.31906,1.9705766,1.9400998340379667,1.6823610783942073,-0.36934042,1.8303263570677806,01:02:41.00
3762,-31.887093,1.3624232,0.749956890106827,-0.0958592261805517,1.5160053,0.4061951135052485,01:02:42.00
3763,-30.705462,1.653206,1.2306290355547609,0.2207149318290221,0.14836718,0.8169647122169633,01:02:43.00
3764,-30.905525,1.7871174,1.510476220502595,0.6939575216729016,0.9150076,1.1754492077494996,01:02:44.00
3765,-29.512718,1.8669509,1.6531762376351047,0.5189596784796644,-0.037717387,1.1702251765165443,01:02:45.00
3766,-31.941286,1.364284,0.9608719602027432,0.4885845931402393,0.15393922,0.7502585155625087,01:02:46.00
3767,-32.826366,1.7610521,1.3384479215075065,0.2109050178179792,0.96405154,0.8709524431153426,01:02:47.00
3768,-27.544453,2.115822,2.098567379193642,0.8573297709639484,1.1317477,1.5751833473292607,01:02:48.00
3769,-29.972837,1.5151379,1.023576149544224,0.012479439241095186,-0.5780549,0.6098364144410445,01:02:49.00
3770,-32.909386,1.482841,1.0983706322898512,0.542225643750004,0.049754787,0.8594479357101654,01:02:50.00
3771,-29.186941,2.0231504,2.0699190372819958,1.4367939721766894,0.500088,1.8020864060906803,01:02:51.00
3772,-33.087486,1.493904,1.0138771362790222,0.2630706750672072,0.26340505,0.6998601115674247,01:02:52.00
3773,-32.146976,1.9075936,1.5930091395137393,0.4542309275349858,0.64912033,1.1272962813624756,01:02:53.00
3774,-29.81531,1.536742,1.0711986328830474,0.1388802447526719,0.3052482,0.69187909584495,01:02:54.00
3775,-35.211025,1.6062745,1.1544376506651504,0.304723796136493,-0.92978436,0.7993378383797901,01:02:55.00
3776,-31.58741,1.824997,1.5304159735016842,0.4396396265194459,1.5022328,1.0784407942397471,01:02:56.00
3777,-33.796402,1.6576804,1.3873444524140357,0.6361432776491236,-1.6766758,1.0525456426153192,01:02:57.00
3778,-44.052994,0.3894883,-0.5911964949831497,-0.40081091731768714,0.58788794,-0.553423114100228,01:02:58.00
3779,-26.93532,2.6365933,2.87269591398198,1.3648008113938244,2.7530184,2.2449093580204753,01:02:59.00
3780,-27.990742,2.1820242,2.081055733534026,0.7692607993220615,-0.22265361,1.542478866678812,01:03:00.00
3781,-34.388733,1.0022991,0.33661053551865233,-0.001840197298997085,-0.013717566,0.17856210342708295,01:03:01.00
3782,-29.167578,2.210441,2.13953760441041,0.8714839987700005,0.972712,1.6156432209903682,01:03:02.00
3783,-31.5097,1.5627108,1.0831901568608284,0.16799440080163353,-0.42060742,0.7054155594405511,01:03:03.00
3784,-36.974457,1.0103916,0.17335642973853893,-0.32192033165526895,-1.8122557,-0.03588825450830792,01:03:04.00
3785,-40.81109,0.20518309,-1.0714514806668727,-0.9363641211988862,-1.4208598,-1.0219094267093687,01:03:05.00
3786,-37.008335,1.3280069,0.6410775683327212,-0.2177025297310127,2.2313805,0.281114757016881,01:03:06.00
3787,-35.09451,0.95471555,0.19650089539213536,-0.09976116095119326,0.03392298,0.07041749997527352,01:03:07.00
3788,-30.524443,1.5728034,1.1524724443755705,0.3411154363672672,0.67641854,0.8228467024352811,01:03:08.00
3789,-28.802898,1.5453305,1.1464984704581278,0.20909860586196044,1.4399492,0.75674600189231,01:03:09.00
3790,-27.757576,0.5253277,-0.4018053937283724,-0.5007360451362978,1.4887449,-0.43558211698233223,01:03:10.00
3791,-16.74827,0.54152656,-0.3285080128912557,-0.5781482364838292,0.036951408,-0.4087733738241782,01:03:11.00
3792,-25.49145,0.45531383,-0.5813511377906023,-0.7335668458080334,-3.0075908,-0.6296655917138296,01:03:12.00
3793,-37.039333,0.37349275,-0.8517211511486459,-0.869200035067275,-2.2638679,-0.8534827511546547,01:03:13.00
3794,-38.818245,0.3793765,-0.8713732750825819,-0.870450779653125,-0.04578905,-0.8658813182783844,01:03:14.00
3795,-31.198256,0.4720607,-0.6099680772277666,-0.7251869766165797,2.8217864,-0.6489175634765469,01:03:15.00
3796,-18.700325,1.0330188,0.5459819785538828,-0.0008151050831114513,1.1526935,0.3255170456127229,01:03:16.00
3797,-24.502993,0.6021195,-0.147063398034531,-0.2273202365025268,-2.5956488,-0.1733548115724721,01:03:17.00
3798,-35.32014,0.7001356,-0.10685014242427159,-0.19906247692088808,-2.4479458,-0.16014974970069423,01:03:18.00
3799,-40.38673,0.9951108,0.36804880989118205,0.17877582097876668,-2.103077,0.26042181451668456,01:03:19.00
3800,-50.76511,0.5164822,-0.43518996387641806,0.0291040176917068,-0.5730415,-0.2803145518801786,01:03:20.00
3801,-36.213562,1.287439,0.7764635237301999,0.4110042019938959,2.5365803,0.6148025885230872,01:03:21.00
3802,-40.399483,1.1658813,0.5840045584671248,0.48193084867110425,-1.3890007,0.5303230599620103,01:03:22.00
3803,-38.36497,1.6211795,1.388203884723088,1.3207293796504378,-0.174416,1.3512267730761058,01:03:23.00
3804,-47.140377,0.89580613,0.13250353051664557,0.3245099346643076,-2.7992983,0.18537646982182665,01:03:24.00
3805,-49.86476,0.414088,-0.6492918674775817,-0.3373675024407891,1.5839502,-0.5558569186018308,01:03:25.00
3806,-35.606262,1.1746141,0.5712644825922286,0.03363242071446274,2.2950416,0.3352235594043472,01:03:26.00
3807,-32.746487,1.2436287,0.7064511211993258,0.13172353089266073,1.5182343,0.45942296503939006,01:03:27.00
3808,-23.95918,1.8989,1.5661544451313583,0.06812506287263127,0.97427046,0.9649846710923551,01:03:28.00
3809,-29.065577,1.7089764,1.530687514643389,0.9192269766876131,-0.8687668,1.2746581424021495,01:03:29.00
3810,-33.574184,1.3820351,0.8246143474568605,-0.021187272852452137,-0.96040905,0.4655234708507662,01:03:30.00
3811,-35.966747,0.30640545,-0.7611622109957924,-0.6306153044010185,1.247581,-0.7135530493038805,01:03:31.00
3812,-24.117918,0.56546885,-0.33845698721223566,-0.5886160152321404,0.5997852,-0.4297030704464286,01:03:32.00
3813,-27.901478,0.3446954,-0.73810216891603,-0.7716336092801601,-0.7814491,-0.7428751285219066,01:03:33.00
3814,-27.178553,0.24310552,-0.8947324457837971,-0.8168075471974346,0.22215386,-0.8513068799281841,01:03:34.00
3815,-24.20123,0.56465036,-0.38185970963801874,-0.6228240944572677,0.54535395,-0.4662004258081291,01:03:35.00
3816,-22.056334,0.8018105,-0.011161214425447041,-0.49585441476811576,0.69811344,-0.19323186341219895,01:03:36.00
3817,-19.197773,0.99857235,0.4116604999842556,-0.19570084924036318,0.42204627,0.17633896154057085,01:03:37.00
3818,-20.09475,1.0445195,0.43609232919398216,-0.2674114813964812,0.1890825,0.15883097904077345,01:03:38.00
3819,-19.136852,0.9615829,0.31323750420000795,-0.3132906486648339,0.31133378,0.0711805750035671,01:03:39.00
3820,-19.936754,1.2953686,0.8388694724362223,-0.08259260009584446,0.14531238,0.4700726595779489,01:03:40.00
3821,-19.046831,0.8476423,0.20460759020245908,-0.23229773174861465,0.60767895,0.03660735648246468,01:03:41.00
3822,-18.163656,0.8930332,0.2275730609483135,-0.3360850873868494,0.40918994,0.010595940151770948,01:03:42.00
3823,-16.914337,1.2199636,0.7861429301147287,-0.005751194669614401,0.5161881,0.4760676873414051,01:03:43.00
3824,-16.207607,0.9448662,0.37856558923991607,-0.107255222980434,0.60645014,0.19840956081934083,01:03:44.00
3825,-14.739903,0.94492996,0.38864676638819495,-0.1029149639316481,0.5990236,0.20737311735714295,01:03:45.00
3826,-14.075482,1.2235136,0.8102208282513446,0.05147493985673532,0.50608593,0.5217436756324586,01:03:46.00
3827,-13.58644,0.9522366,0.38067321853083463,-0.15672767097435739,0.5168895,0.18449613619678099,01:03:47.00
3828,-13.077677,1.0590458,0.503112805400195,-0.18707736478070708,0.33399057,0.24825218522393908,01:03:48.00
3829,-12.998568,0.8670244,0.220949393291828,-0.2719402621319436,0.37217402,0.04652245401795548,01:03:49.00
3830,-12.714641,0.84221864,0.18520457907836319,-0.2846076648911027,0.38329905,0.02003195947465388,01:03:50.00
3831,-12.231735,1.0461613,0.48129576209725977,-0.20191873644234296,0.30829382,0.22960074747486803,01:03:51.00
3832,-12.636882,0.8655487,0.24499580062281767,-0.21289183062296393,0.19097936,0.08264543460143998,01:03:52.00
3833,-13.059975,0.9581746,0.35541642300428944,-0.20929492257729318,0.31385893,0.1507545035745969,01:03:53.00
3834,-12.899687,0.96279,0.45809589019506247,-0.05454923239043155,0.009144608,0.26694542068151095,01:03:54.00
3835,-14.366063,1.069307,0.6375504591447654,0.016542589062130606,0.2665718,0.39340730819929975,01:03:55.00
3836,-14.7215805,1.0282035,0.5883125099289247,0.029267950502824106,0.1311097,0.3687034125952743,01:03:56.00
3837,-14.90692,0.88222045,0.3694977470182629,-0.06100378940126214,0.2283376,0.2025989052311381,01:03:57.00
3838,-15.075974,0.85205567,0.25850453186417555,-0.1968283291529219,0.55344063,0.08581585386310492,01:03:58.00
3839,-12.455051,1.0448549,0.4973417544356493,-0.16855591773539566,0.75079507,0.25078899284432354,01:03:59.00
3840,-12.16922,1.014298,0.5343544161495988,-0.025550924706878333,0.4278597,0.32732074911274955,01:04:00.00
3841,-11.879091,1.1944853,0.7801299467221736,0.0236856860200428,0.42772382,0.4948382348210812,01:04:01.00
3842,-12.208739,0.93862665,0.4122742492261954,-0.08109219384008032,0.38843793,0.23368628833129892,01:04:02.00
3843,-11.66281,1.2152495,0.8452748074152033,0.07875239810827954,0.5136404,0.5531893332578395,01:04:03.00
3844,-11.583054,1.1941166,0.827126129637624,0.11584200680473047,0.48582694,0.5565072767864946,01:04:04.00
3845,-11.648814,1.0076292,0.5543605002132592,0.033562542265613844,0.3234892,0.3625298897365049,01:04:05.00
3846,-12.2641535,1.1391243,0.7150599072259871,0.03486348319023904,0.26072732,0.4581197748062678,01:04:06.00
3847,-12.614176,1.017808,0.5518751262914671,0.00482631861612855,0.41994396,0.3473512112937808,01:04:07.00
3848,-11.62309,0.9732078,0.489493992198885,-0.02462480879845069,0.41443995,0.3016710752391208,01:04:08.00
3849,-12.564932,1.0585326,0.6118518323905803,0.03963235039068507,0.22014993,0.3989301697686715,01:04:09.00
3850,-12.520135,1.0261184,0.6722747558369354,0.2673507229857343,0.37498808,0.521254502234449,01:04:10.00
3851,-12.184715,0.9117119,0.5100352165249323,0.1974481188247377,0.27592206,0.39726675960224916,01:04:11.00
3852,-13.148501,0.9711946,0.5653609585741423,0.109172695721159,0.24250275,0.3906382144831195,01:04:12.00
3853,-13.082776,0.9370914,0.5238609178818804,0.10254077621979917,0.14349164,0.3625462738509988,01:04:13.00
3854,-14.194138,1.0437188,0.6512562099565182,0.13312255348179625,-0.21633525,0.4504716775879208,01:04:14.00
3855,-16.653269,0.9165386,0.5138063601243771,0.20850890836320415,-0.36257508,0.3908047643413694,01:04:15.00
3856,-18.935677,0.87119025,0.4302914531052678,0.20181980169066593,-0.3260782,0.3352132790843243,01:04:16.00
3857,-20.407356,0.9311387,0.5248978999433483,0.3007201272193461,-0.37426537,0.4286937699334919,01:04:17.00
3858,-22.619759,0.83444846,0.31639043001769696,0.16715316495794583,-0.2556011,0.25204508066039927,01:04:18.00
3859,-22.8912,0.78011626,0.15447034313458058,-0.004858322806073894,-0.17746127,0.0928933771866511,01:04:19.00
3860,-24.040747,0.7274816,0.11386666368320808,0.0838132860604152,-0.18949813,0.10228971278719615,01:04:20.00
3861,-24.35118,0.640185,-0.024504265061968,0.03199975246848015,-0.3193766,-0.0010458033510164736,01:04:21.00
3862,-25.44711,0.6225273,-0.09347042648829998,-0.02636732273897547,-0.10910013,-0.061712721580627995,01:04:22.00
3863,-24.02217,0.59021574,-0.18533751073287902,-0.1969884492924443,1.3025014,-0.1835569174626915,01:04:23.00
3864,-15.609918,0.7243226,0.06351648946862634,-0.2476184304416897,1.1880956,-0.04656564848028333,01:04:24.00
3865,-14.629766,0.81933343,0.2816354070275615,-0.08243189599950325,0.42125157,0.1471438339696425,01:04:25.00
3866,-14.2642355,0.93417734,0.5485039869619648,0.1700388180206063,0.216457,0.3986274941321076,01:04:26.00
3867,-15.517354,0.78983545,0.2231200746735,-0.10456898760961188,-0.12144959,0.1044335148262782,01:04:27.00
3868,-15.974353,0.8848413,0.2595416307983127,-0.2657215387566583,0.11478962,0.06414227617251637,01:04:28.00
3869,-16.264343,1.0254074,0.4565661961517082,-0.21474542837123936,0.2776715,0.19982316343012796,01:04:29.00
3870,-15.524494,0.9647646,0.4780840614745425,-0.017618986700423837,0.7857633,0.28815998463853326,01:04:30.00
3871,-13.281244,0.88650763,0.4555327029568304,0.1077274090720821,0.7492209,0.32498605741125436,01:04:31.00
3872,-11.301006,0.85148126,0.3858186216572475,0.014872082566256686,0.4848481,0.2502424936581923,01:04:32.00
3873,-11.153239,0.78547615,0.2514077389111833,-0.0837585126067355,0.25626275,0.13341637005770995,01:04:33.00
3874,-11.7707205,0.76266205,0.2042502477261016,-0.0900309932793837,0.07607427,0.10424813197575329,01:04:34.00
3875,-12.477327,0.7972343,0.2367537242793118,-0.09930587645723227,-0.09366219,0.11927341610860115,01:04:35.00
3876,-13.382324,0.78862727,0.23555652353373693,-0.08157516989228912,0.336533,0.12277661915552077,01:04:36.00
3877,-12.112537,0.8354467,0.33066866143241946,-0.044938501745694866,0.34460968,0.19579119535728895,01:04:37.00
3878,-12.657613,0.8023958,0.2509340725783154,-0.08186782280116417,0.22809632,0.13516511368930723,01:04:38.00
3879,-12.109765,0.77188563,0.2229123351439795,-0.0862594010839427,0.2321856,0.11555754707492905,01:04:39.00
3880,-11.998649,0.85606515,0.3553641623893632,-0.03453895630618331,0.6870695,0.21595864283760263,01:04:40.00
3881,-10.08534,0.80165845,0.30584915101902505,-0.035943630767551894,0.5102716,0.18827033069619564,01:04:41.00
3882,-10.046681,0.8274954,0.32634582376476967,-0.058338213793851644,-0.051967043,0.19223516476719862,01:04:42.00
3883,-11.473357,0.845792,0.34685943933775504,-0.029282015592420614,0.18609239,0.21515352632240226,01:04:43.00
3884,-11.884251,0.88856363,0.42908448617309397,0.019165121716382884,0.07997438,0.279917098770504,01:04:44.00
3885,-12.389563,0.8698523,0.4158998031842923,0.059756944273619224,0.26415482,0.286249890480383,01:04:45.00
3886,-11.755081,0.87106943,0.44124117098542553,0.08529462615995094,0.4911131,0.3106694807185705,01:04:46.00
3887,-12.229965,0.9313496,0.5422890497782316,0.15451635263973235,-0.049381733,0.39681306131399724,01:04:47.00
3888,-13.142941,0.8868699,0.4794574257739257,0.15654767130676708,0.5722198,0.35704591409958825,01:04:48.00
3889,-9.868686,0.82685494,0.3640409518229926,0.012035314182374331,0.64942116,0.23795403500714177,01:04:49.00
3890,-11.778468,0.81070334,0.29759479428591873,-0.04227918812468239,-0.17371637,0.17672255587706684,01:04:50.00
3891,-11.798492,0.8035543,0.2820374645903294,-0.04973293436141353,0.10109809,0.16551637146416054,01:04:51.00
3892,-13.213887,0.8216656,0.28870586135513265,-0.05822581667684372,0.008858348,0.16500695028859375,01:04:52.00
3893,-13.3007,0.8921471,0.4146867377298802,0.005204206370696829,0.5054752,0.26372401586597677,01:04:53.00
3894,-12.072906,0.8520431,0.3539031603700557,-0.022488575408457948,0.20771568,0.21877506273266317,01:04:54.00
3895,-13.1981325,0.85111856,0.33963779834862146,-0.020858043617672035,0.49354202,0.20955776804579607,01:04:55.00
3896,-10.093337,0.8962938,0.44257975776634345,0.008112486208899934,0.73113054,0.2858521154319187,01:04:56.00
3897,-10.907238,0.8521022,0.380212326659694,0.02994577088618369,0.14186458,0.2560892163595974,01:04:57.00
3898,-10.25874,0.8180006,0.3420775033830921,0.02642755944918649,0.54231286,0.23348945229128926,01:04:58.00
3899,-9.528047,0.821359,0.35259467857139765,0.024765230783537855,0.18072502,0.24004080350684623,01:04:59.00
3900,-11.023971,0.8512341,0.37773452836267757,0.030214374523780143,0.17298855,0.255460392109597,01:05:00.00
3901,-10.084494,0.9352448,0.4958289413283559,0.046834291782399895,0.44903412,0.33398882843317634,01:05:01.00
3902,-11.214612,0.8401421,0.34474263424783297,0.03125416219970318,0.22810669,0.23840619133469884,01:05:02.00
3903,-9.509756,0.77169305,0.2510198991992465,-0.06459935563024369,0.5792948,0.14515479505634393,01:05:03.00
3904,-9.42629,0.88105375,0.40533831483010013,-0.015836001318172647,0.08466719,0.2561988308324208,01:05:04.00
3905,-11.136462,0.80824274,0.29216430873656646,-0.029204233877981742,0.31496382,0.18157541200236083,01:05:05.00
3906,-9.14157,0.79350394,0.2928291428738109,-0.03645860058514524,0.30684456,0.17925561320088113,01:05:06.00
3907,-10.56363,0.746679,0.20261676790218733,-0.07102276913297655,0.006941913,0.112613726381007,01:05:07.00
3908,-11.499558,0.6909283,0.09316074307132895,-0.13951484846767478,0.040023744,0.019819878515277875,01:05:08.00
3909,-12.194144,0.77080876,0.16582204454400598,-0.15942536855043649,-0.3033973,0.053796028344873716,01:05:09.00
3910,-13.753384,0.74171025,0.09965389098874054,-0.2329246439367665,0.17095485,-0.017451874103507577,01:05:10.00
3911,-13.249134,0.8932927,0.3582472916651337,-0.10186563076617956,0.40097,0.1882750372045684,01:05:11.00
3912,-12.636501,0.8984918,0.3968553683672338,-0.020641356286016252,0.5231974,0.24419869252182547,01:05:12.00
3913,-11.4554405,0.9104365,0.4448767193652541,0.011802908155931815,0.63371515,0.2850020442400492,01:05:13.00
3914,-10.586551,0.90342206,0.46860411101792077,0.07245742079444276,0.41860983,0.323973184455111,01:05:14.00
3915,-10.09777,0.86804795,0.41979905352053454,0.06059669094701907,0.4804736,0.2914467396168851,01:05:15.00
3916,-10.244916,0.8804699,0.4186019331614301,0.032399529767803546,0.12035152,0.28028460785094095,01:05:16.00
3917,-10.67223,0.88457215,0.41533124273872685,0.021315151726781705,0.3848569,0.27300370376225147,01:05:17.00
3918,-10.212118,0.8738321,0.40652182561190825,-0.0033996438537425245,0.24035339,0.25655349833118246,01:05:18.00
3919,-10.932199,0.90754795,0.4435871024224107,-0.002124059339063839,0.20422363,0.27779331914740707,01:05:19.00
3920,-11.00962,0.8955621,0.4111437503608292,-0.017487757723422984,0.3897507,0.25503403271769454,01:05:20.00
3921,-10.386243,0.9215323,0.46020561682339683,0.00661119222751918,0.5577659,0.2944825902871394,01:05:21.00
3922,-10.640301,0.9436712,0.5356396561466488,0.11173871065900236,0.06770736,0.37887407658366024,01:05:22.00
3923,-10.077401,0.8876701,0.4471483060211556,0.06469436467844811,0.60626405,0.3077005231727258,01:05:23.00
3924,-10.076844,0.8899992,0.46534228844263875,0.09730344187723927,0.28554145,0.3313092759030056,01:05:24.00
3925,-10.412744,0.9576169,0.5593002749938643,0.1422446696452155,0.5164185,0.4067723850502629,01:05:25.00
3926,-8.673246,0.9467912,0.5569704925868947,0.12038459809671748,0.7064574,0.39784391805853536,01:05:26.00
3927,-7.73473,0.95889556,0.6125316906810316,0.17721952169121585,0.3792253,0.4527699603572494,01:05:27.00
3928,-9.65986,0.93646127,0.6140935802823801,0.30122151631854704,-0.12512073,0.49932323612298607,01:05:28.00
3929,-10.703387,0.93610436,0.6234706650597679,0.3522912105017316,0.0782204,0.5230837133851327,01:05:29.00
3930,-11.688367,0.929015,0.5881258994481214,0.31370277283865944,0.25842932,0.4865471095520833,01:05:30.00
3931,-11.007171,0.90457463,0.5498032440302394,0.27208200544231237,0.6089751,0.4476947234321163,01:05:31.00
3932,-10.6206875,0.9034064,0.5412200058874429,0.22945098839423445,0.23392151,0.42527177075106687,01:05:32.00
3933,-11.377051,0.8707372,0.48081290311079294,0.22452128928413498,0.7475205,0.38864967836794456,01:05:33.00
3934,-6.6880984,0.9028883,0.5554149719508428,0.17157395685484508,0.7707585,0.41589488525573154,01:05:34.00
3935,-8.931989,0.87718606,0.48698292603662907,0.17395184720720366,0.5419865,0.3773294789677594,01:05:35.00
3936,-4.76082,0.84264916,0.486777703204506,0.15596901983557573,0.9789126,0.3726754646701883,01:05:36.00
3937,-5.076555,0.86659145,0.48070010078333464,0.0916441962961263,-0.24363372,0.3451836530831084,01:05:37.00
3938,-11.196813,0.8488236,0.40939823134968756,0.13101249096428558,-1.7919837,0.31121707253765607,01:05:38.00
3939,-17.617912,0.8324193,0.3676109381602224,0.2755344044079439,-1.0294014,0.3380162192462582,01:05:39.00
3940,-20.837639,0.8315389,0.3468348614968065,0.37124106918911265,-0.08776887,0.36373763977041434,01:05:40.00
3941,-19.780558,0.8671937,0.4102986578607438,0.35870989877166387,0.18774769,0.39454932380102964,01:05:41.00
3942,-20.639463,0.8337259,0.3997170396027771,0.44338850581934,-0.075650886,0.4174680119898747,01:05:42.00
3943,-20.753792,0.87994134,0.4868247961814476,0.5221418602263388,0.7141287,0.49914275840693273,01:05:43.00
3944,-15.20902,0.8701392,0.539269849716727,0.3814917415391786,1.2072958,0.4668529653376117,01:05:44.00
3945,-14.886372,0.90188926,0.560764649856658,0.32697105552416716,0.3522234,0.460572189583135,01:05:45.00
3946,-13.531382,0.8073705,0.3899446094742281,0.19088149602733995,0.30369657,0.31198447662796175,01:05:46.00
3947,-14.108405,0.8436237,0.33312682524628096,0.0037064394960739347,0.08300319,0.21046650994751254,01:05:47.00
3948,-15.088048,0.6968533,0.07071928995421482,-0.13402530778797989,-0.2365027,-0.00010303061666452314,01:05:48.00
3949,-16.211319,0.74818397,0.09603313336768435,-0.17875716391522753,-0.019873682,-0.001446591928773557,01:05:49.00
3950,-16.110315,0.6283549,-0.09944104280571728,-0.23861725229462097,-0.19307281,-0.13792027882941393,01:05:50.00
3951,-17.464598,0.6709022,-0.04455652387120002,-0.2406337678896359,0.08980031,-0.10833654427262178,01:05:51.00
3952,-17.001207,0.68338835,-0.020216350716434406,-0.244268155972391,0.1383638,-0.09613256299917076,01:05:52.00
3953,-16.76373,0.6859206,-0.011788102596679131,-0.23568661187570938,0.16732816,-0.0872262471457328,01:05:53.00
3954,-16.155653,0.9254644,0.33281105049427906,-0.17231986881321387,0.27215117,0.1431769980447313,01:05:54.00
3955,-16.498766,0.8286883,0.20483121829574652,-0.17420099043060217,-0.09075833,0.0656698835546017,01:05:55.00
3956,-18.210485,0.6965819,0.02043128963680324,-0.19561533068013012,-0.32510796,-0.05440425570666681,01:05:56.00
3957,-19.376814,0.71782917,0.03176601886854849,-0.2103990937007253,-0.15703693,-0.054815605513078534,01:05:57.00
3958,-19.601221,0.71882826,0.012599546747591771,-0.2394018893545186,-0.025190087,-0.07787160204929289,01:05:58.00
3959,-19.881992,0.8208885,0.13456947716291973,-0.2596911758557617,0.05952584,-0.01310385262570688,01:05:59.00
3960,-19.946861,0.79509157,0.08916746465058854,-0.28053935230666066,0.10077048,-0.0480695726102326,01:06:00.00
3961,-19.697552,1.0207622,0.42267591185597025,-0.18049604712283118,0.14954041,0.188609104962288,01:06:01.00
3962,-20.310028,0.73418957,0.03430871590745763,-0.24846384754716985,0.06964791,-0.07063169262283761,01:06:02.00
3963,-20.255724,1.090239,0.5541489911165322,-0.1021015147058891,0.059347663,0.29474100120024654,01:06:03.00
3964,-20.652391,0.7414049,0.061020936771481724,-0.21830266138293908,0.045157276,-0.04511154859134078,01:06:04.00
3965,-20.49406,0.7655084,0.09134781659353516,-0.21806361152455256,0.5028135,-0.02610890860901004,01:06:05.00
3966,-16.624826,1.1030581,0.5628309015159502,-0.08648941127367911,1.8040707,0.31764670025453395,01:06:06.00
3967,-11.192229,1.0568818,0.6470819119628769,0.1841077721942433,0.45820037,0.482516707882558,01:06:07.00
3968,-14.851126,0.7756022,0.16584498023446712,-0.11321635498220718,-0.70373154,0.07138006691005513,01:06:08.00
3969,-16.693205,0.83435434,0.26644231934958085,-0.06624248697109393,-0.31685075,0.1437837313225925,01:06:09.00
3970,-20.651731,1.1183494,0.7454543778396515,0.37405747657066546,-1.3928589,0.5967938408906818,01:06:10.00
3971,-27.84793,0.97741264,0.49580083248924134,0.45754920923096737,-1.2244483,0.47383451240403823,01:06:11.00
3972,-30.705637,0.96278495,0.3995258506161873,0.39488382566861685,-0.42763558,0.39524269713197413,01:06:12.00
3973,-29.624588,1.1699258,0.9005203338056481,1.1241367292976163,0.37362537,0.9886395898047438,01:06:13.00
3974,-29.25053,0.98286515,0.5342647165795785,0.7511692815808501,0.5333778,0.6274041613130236,01:06:14.00
3975,-26.422121,0.9907072,0.6019606748070093,0.8022551116793181,0.97501063,0.6849911178243002,01:06:15.00
3976,-21.208052,0.99409086,0.5620878195013383,0.5861440692294888,1.3765222,0.5842706273784377,01:06:16.00
3977,-18.205935,0.6791076,0.013227968122687894,-0.03309133237578431,0.47308132,0.00962766125850216,01:06:17.00
3978,-16.849045,0.74697185,0.06795118619730868,-0.23719395935296286,0.9682446,-0.039296651400967754,01:06:18.00
3979,-11.700556,0.85561395,0.32371889739559356,-0.08418177152391618,1.5604157,0.17813609534972566,01:06:19.00
3980,-8.594871,0.8800163,0.4060274460935371,-0.012158814941653204,0.007851786,0.25899904380512306,01:06:20.00
3981,-12.968517,0.890108,0.37419403240689253,-0.006353638157970354,0.0727347,0.24063920847192952,01:06:21.00
3982,-10.598723,0.89909494,0.4238130635609531,0.02962142820188129,0.43869665,0.2856656520925365,01:06:22.00
3983,-12.062521,0.9348835,0.4899953074743192,0.10531727665440731,0.48080418,0.3511637224735896,01:06:23.00
3984,-9.144696,0.8966953,0.49039752677386333,0.1562841302650073,0.7987348,0.37516262756930274,01:06:24.00
3985,-8.650037,0.84656966,0.42494278508645794,0.10796400361883314,0.24256466,0.3153425374847662,01:06:25.00
3986,-10.132796,0.89923733,0.4540931287080079,0.06256100683243833,-0.072824486,0.3154369824110922,01:06:26.00
3987,-11.1634865,0.8943523,0.46787906675064755,0.1065562176774367,0.123620175,0.33569424872868703,01:06:27.00
3988,-13.315764,0.8735122,0.42841922503066077,0.14448762066369994,-0.34203348,0.32594025087500333,01:06:28.00
3989,-12.991783,0.9081883,0.46199693838814343,0.13990954117972892,0.41221806,0.3472093896109419,01:06:29.00
3990,-13.710424,0.90116346,0.46611860370198543,0.19079163357107334,0.4647496,0.3680039969510316,01:06:30.00
3991,-10.61927,0.93452984,0.5364203820444885,0.19217096336772715,1.2917523,0.4151437061094656,01:06:31.00
3992,-7.7249303,0.94607884,0.5891331534030075,0.2104988652418788,0.69405466,0.45655743178486474,01:06:32.00
3993,-9.371276,1.0070773,0.6639515558569989,0.19729995305143244,-0.66800404,0.493915849636948,01:06:33.00
3994,-13.478193,1.069826,0.7190067317390137,0.24270680888429289,-0.41932395,0.5392654686000775,01:06:34.00
3995,-16.074,1.0198175,0.6180964852967238,0.23106471046410085,-0.268328,0.47291994150055505,01:06:35.00
3996,-17.665773,1.0101087,0.5954410605063626,0.22443479448725095,0.3381715,0.4529936345231912,01:06:36.00
3997,-15.730911,1.004773,0.5662518342288725,0.16025343985772855,0.5394825,0.41648279412839,01:06:37.00
3998,-16.040445,0.97577953,0.5415432949333071,0.1559864448812075,-0.18234132,0.3959288688929728,01:06:38.00
3999,-18.296894,1.0914688,0.7076427680335142,0.27079991093116507,0.15485229,0.5375036302635263,01:06:39.00
4000,-18.082067,0.98940223,0.6150505846037441,0.3217538774622521,-0.06642572,0.4982331576540405,01:06:40.00
4001,-20.35295,1.035977,0.6743463631347625,0.3881108961326057,-0.4102787,0.5556110667517574,01:06:41.00
4002,-21.882915,1.0207248,0.6612734885907833,0.5597683037859339,0.27041405,0.6222870660570209,01:06:42.00
4003,-19.839025,1.0721973,0.7506683258504541,0.5264906008176635,0.4911578,0.661121069849522,01:06:43.00
4004,-19.851393,0.99957925,0.6771991322567666,0.6204327055931396,0.5170665,0.6570536504377595,01:06:44.00
4005,-18.500086,1.0427558,0.7342501007823748,0.5825002156856883,0.32023865,0.6779005625740292,01:06:45.00
4006,-18.021265,1.064889,0.779375459081911,0.6312308839483709,0.63567346,0.7246555509722156,01:06:46.00
4007,-16.796553,1.0251954,0.7082412430437465,0.5328167706997663,0.45721042,0.6458755022947421,01:06:47.00
4008,-15.971151,1.0924726,0.7825430074355277,0.4821347737577015,0.5787718,0.6712192892552097,01:06:48.00
4009,-15.062918,1.0294988,0.6930120277706071,0.4101219009651422,0.55005896,0.5888270433403776,01:06:49.00
4010,-14.244117,1.0281197,0.6887438708744971,0.37265568244028335,0.4074424,0.5715197887360134,01:06:50.00
4011,-14.24736,1.0362368,0.6770885772265076,0.32507651182553754,0.36514357,0.545963681987894,01:06:51.00
4012,-14.191476,1.0437971,0.7080965203226802,0.3767525277699878,0.23928888,0.5842317295030968,01:06:52.00
4013,-14.433768,0.98840636,0.6030801379180697,0.31558557007260285,0.3965346,0.49864607823129636,01:06:53.00
4014,-13.804176,1.0244627,0.6632002015489437,0.3569857668247877,0.74032307,0.5535520650126143,01:06:54.00
4015,-11.5933075,1.0370493,0.7074878698082265,0.3361676469835789,0.7393158,0.5715434117412106,01:06:55.00
4016,-10.792804,1.0434417,0.7349047142398237,0.3614758102747622,0.4847383,0.5979497452245885,01:06:56.00
4017,-11.373265,1.0439035,0.7324119410721389,0.3791931253103172,0.31610757,0.6042469273241992,01:06:57.00
4018,-10.228407,1.0698197,0.8000263583003806,0.46738534056899594,0.9964242,0.6844022216422183,01:06:58.00
4019,-8.712329,1.045202,0.7726302241907866,0.4133538469974207,0.6246279,0.6460000452659391,01:06:59.00
4020,-8.2223015,1.0453782,0.7932900698854985,0.4573260642502366,0.34934524,0.676538291781069,01:07:00.00
4021,-9.277176,0.9742532,0.6766883355109145,0.3882246332510792,0.022553364,0.5752757478793513,01:07:01.00
4022,-11.582948,0.9182312,0.5354767285726526,0.2946183024742408,-0.6522036,0.4541341017333727,01:07:02.00
4023,-15.566314,0.90739894,0.4917899355300215,0.35263678051425107,-0.5007544,0.44959583768994216,01:07:03.00
4024,-18.044384,0.9066674,0.4378311433107988,0.241279284716168,-0.50492644,0.3672755899089836,01:07:04.00
4025,-21.08692,0.9604865,0.5393851116240787,0.35902979516494204,-0.30480668,0.4662571996750434,01:07:05.00
4026,-22.175928,1.1825504,0.7848313679790248,0.32225723773294285,0.037527528,0.6003028072972909,01:07:06.00
4027,-20.966885,1.389537,1.235963210482641,0.8197032482960337,0.4234884,1.060395589546415,01:07:07.00
4028,-21.565931,1.1176854,0.7220097348055013,0.34027170340082685,0.43438673,0.5695777667539338,01:07:08.00
4029,-20.94616,0.963255,0.5446626563976117,0.33156286345232827,0.6572935,0.45770385693092613,01:07:09.00
4030,-17.293741,1.0620183,0.9810748430185892,1.227381898599447,0.5759078,1.0741446473790923,01:07:10.00
4031,-18.649755,0.9452275,0.5611699656803388,0.3613351666276998,-0.113425285,0.47805247213125596,01:07:11.00
4032,-19.931269,0.967306,0.5222844301937499,0.19491148804057248,0.08296912,0.388254134670184,01:07:12.00
4033,-20.327118,1.0058311,0.6044991859241807,0.36962162519983277,-0.10935845,0.5101101716426311,01:07:13.00
4034,-19.536623,1.0089954,0.6705769767720535,0.49275053364336147,0.61024266,0.5991920171156023,01:07:14.00
4035,-19.030346,1.0382142,0.669344874796285,0.3392167144901058,0.45762917,0.5350901520729638,01:07:15.00
4036,-17.482271,1.4050101,1.3082836804302784,0.7321696089605678,0.55285287,1.06447735751372,01:07:16.00
4037,-19.001934,0.9523699,0.527108796934598,0.2696709176164774,0.29822746,0.4243039260715477,01:07:17.00
4038,-16.11307,1.011946,0.6464918516993302,0.33871910207992495,0.8760155,0.5266051947760169,01:07:18.00
4039,-14.390046,1.0284473,0.7112396857219832,0.3901622451561128,0.9414292,0.585226318671323,01:07:19.00
4040,-11.912987,1.0145234,0.7657070501501724,0.4986345269960498,0.69748914,0.6608292906084804,01:07:20.00
4041,-11.846008,0.973328,0.7016207666828761,0.5471548016387232,0.2770634,0.6487462367089851,01:07:21.00
4042,-11.026185,1.0254265,0.789248309288331,0.617635388693438,1.0234501,0.7328990398667335,01:07:22.00
4043,-8.823917,0.9755727,0.771258784043921,0.6353300032417626,0.50552434,0.7259192688592915,01:07:23.00
4044,-9.522973,0.9248543,0.6558944939277266,0.5771681053744477,0.3105354,0.6382781577650983,01:07:24.00
4045,-9.035064,0.8973679,0.5939014233388424,0.4942814975709558,0.4388902,0.5697192417629406,01:07:25.00
4046,-9.300071,0.88249475,0.5678643431148294,0.5153265897874999,0.115718745,0.5647084051009272,01:07:26.00
4047,-10.428819,0.9147813,0.589688242534371,0.4905781225890765,0.04848417,0.5669052652897592,01:07:27.00
4048,-11.168167,0.92158765,0.6044428524205429,0.5301604547380462,0.3614111,0.5900791465059889,01:07:28.00
4049,-10.852674,0.8862063,0.5724506711880727,0.5472098552917587,0.23992394,0.5767933677389036,01:07:29.00
4050,-11.109061,0.893823,0.59845160798215,0.6693865188482673,0.3787347,0.645249541568877,01:07:30.00
4051,-10.752322,0.9149219,0.641802069077779,0.8737447208138533,0.2800993,0.7679546573008263,01:07:31.00
4052,-11.329459,0.88038546,0.5804411306981948,0.7741675062309866,0.16590679,0.6859600289318247,01:07:32.00
4053,-11.669494,0.9105352,0.618026712389609,0.7401968434487609,0.41873404,0.6915111632803628,01:07:33.00
4054,-10.261443,0.8758754,0.5785480916695471,0.6557517952157744,0.34784096,0.631803061072237,01:07:34.00
4055,-12.115828,0.9064048,0.5996513784703205,0.6586023406555395,-0.00032775762,0.6419494758251268,01:07:35.00
4056,-11.767821,0.92389244,0.6369490927651985,0.7133929844046717,0.6555309,0.6888089643035387,01:07:36.00
4057,-10.707522,0.9554392,0.6881864739392326,0.6484585686558578,0.32698563,0.6896063668719059,01:07:37.00
4058,-11.014747,0.8965287,0.6115091028147644,0.6715404617233008,0.28035572,0.6539001571562356,01:07:38.00
4059,-11.23707,0.95966995,0.6912562332070206,0.6645398112955326,0.28245,0.6970448089933016,01:07:39.00
4060,-11.062589,1.0688815,0.9536678816786356,0.9561748840795059,0.37687886,0.9642694414469233,01:07:40.00
4061,-12.133843,0.90905476,0.6458645020920636,0.6878093565600242,-0.009140687,0.6730880656556835,01:07:41.00
4062,-12.9277315,0.96765405,0.8224310924583805,1.0096590366971172,0.28827274,0.9036707408862101,01:07:42.00
4063,-12.648379,0.9608787,0.7307753096176318,0.807415970073533,0.18880066,0.7760129971739969,01:07:43.00
4064,-13.639309,0.9121944,0.7155555617323948,1.0133045689146047,0.13605908,0.8492555121437279,01:07:44.00
4065,-13.966519,0.91879046,0.765113600561764,1.1290543693553385,0.42207757,0.9222478748385318,01:07:45.00
4066,-12.077909,0.9339774,0.767472704496595,0.9967479783327524,0.72602713,0.8718924605906206,01:07:46.00
4067,-11.49162,0.92306596,0.767404131326736,1.0229299622521988,0.33302605,0.8837521896133617,01:07:47.00
4068,-11.4118185,0.89946383,0.7307294415877262,1.0333360863709873,0.52341276,0.8681378023920345,01:07:48.00
4069,-10.018403,0.92909896,0.7782946124199127,0.9964391315955741,0.65564555,0.8823720529541339,01:07:49.00
4070,-9.370818,0.88801706,0.7548850707311187,1.0597887361517422,0.5353146,0.8939812789576095,01:07:50.00
4071,-8.120027,0.89787513,0.7805968366814272,1.0097140747369406,0.6972277,0.8865401399623788,01:07:51.00
4072,-6.9813557,0.902051,0.8046241316977342,0.9927762893458298,0.5487867,0.8923780911544926,01:07:52.00
4073,-7.221092,0.91695935,0.827702485942745,1.0594170788812227,0.3888976,0.935913280720909,01:07:53.00
4074,-7.203054,0.94521964,0.9440120694551715,1.2946581043823748,0.41790625,1.0973893111878759,01:07:54.00
4075,-6.9264846,0.97219956,1.0120499573945958,1.4024522048357457,0.4614554,1.1815197484776343,01:07:55.00
4076,-6.5523405,0.9515139,0.9706776047191642,1.3074617319828328,0.65809464,1.116424330042012,01:07:56.00
4077,-5.924469,0.9395358,0.9397722698365889,1.211770639478393,0.40425825,1.0588797975227136,01:07:57.00
4078,-6.71464,0.9365324,0.9152494118778445,1.1785541554594674,0.26821372,1.0297842364000938,01:07:58.00
4079,-6.772321,0.93784535,0.9234994788686042,1.221445002904158,0.3320588,1.053476933350217,01:07:59.00
4080,-7.9931855,0.90788895,0.8848828593598543,1.2921868357412416,-0.1407888,1.0602685827149936,01:08:00.00
4081,-10.368602,0.915581,0.824235554198885,1.1341052480399665,-0.59241873,0.9580430310844175,01:08:01.00
4082,-15.924453,0.803518,0.5796298327560109,0.9823086520685735,-0.8242266,0.7449880254266263,01:08:02.00
4083,-15.378141,1.059884,0.9844332925804401,1.1863372491930488,-0.18420127,1.0684068522211367,01:08:03.00
4084,-22.220337,0.8785161,0.5712258467023575,0.8076128824834348,-1.1169362,0.6621938466266354,01:08:04.00
4085,-23.99342,0.8538665,0.38001265993502353,0.40079380243975693,-0.19014308,0.3885765950948265,01:08:05.00
4086,-23.681265,0.9217675,0.4553731505342831,0.3349885315914168,0.12785344,0.40580046373265366,01:08:06.00
4087,-24.191437,0.9274574,0.43929451967414174,0.2903382550235065,-0.10050096,0.3769616876110728,01:08:07.00
4088,-24.51928,0.94744617,0.46301637358523706,0.33097023556829686,0.015380377,0.41089628478281875,01:08:08.00
4089,-24.250698,0.9949691,0.5595412186373767,0.41490038578510835,0.4467745,0.5002824239767222,01:08:09.00
4090,-22.451769,1.0227386,0.6058645713786327,0.3615768647303079,0.6861008,0.5070243409479142,01:08:10.00
4091,-20.045973,1.0068988,0.6158221561647015,0.3062330843891352,0.655205,0.48732405347375723,01:08:11.00
4092,-18.911928,1.0027684,0.6319397842757493,0.3644439113867891,0.39419985,0.5238741306103125,01:08:12.00
4093,-19.03194,0.99185556,0.6232890655991185,0.39198647900282035,0.5070775,0.5305162417896621,01:08:13.00
4094,-17.012016,1.0833322,0.7939327732778076,0.45033852157599413,0.47674924,0.6552908408065317,01:08:14.00
4095,-17.168867,0.92687947,0.5327502877499479,0.29825033092382863,0.095240116,0.4396456460050512,01:08:15.00
4096,-17.564482,1.0075835,0.6178456080188572,0.2999779082668393,0.05150448,0.49351264746194884,01:08:16.00
4097,-18.994223,0.9714056,0.5603734920273574,0.3603745416691168,0.18787085,0.48581065856469174,01:08:17.00
4098,-17.723745,0.99931514,0.5823092111987497,0.26973807121151017,1.3932407,0.46347816357359983,01:08:18.00
4099,-10.34743,0.9858106,0.6628206216891614,0.24460941966726013,0.6939465,0.5006709712100137,01:08:19.00
4100,-15.80849,0.9817391,0.6292475802030164,0.4446602068493374,-0.7371627,0.5619826410440515,01:08:20.00
4101,-16.51513,0.9203061,0.5560031679150307,0.5018036692594385,0.22624147,0.540996123825945,01:08:21.00
4102,-16.56677,0.8438561,0.4225292097974193,0.437249278039494,0.24719775,0.43847411970214456,01:08:22.00
4103,-16.30985,0.95340586,0.5271485220603537,0.2834624160696096,0.36073104,0.43856296678105405,01:08:23.00
4104,-14.183044,1.0411968,0.6942167833515027,0.36664568991026214,1.0419493,0.5722574877630636,01:08:24.00
4105,-13.620152,0.9373149,0.5885236617266341,0.39417924487345435,-0.26882938,0.5166125894231168,01:08:25.00
4106,-16.313713,0.8972475,0.5217202211336387,0.4963428094785529,-0.1700992,0.5191501353239044,01:08:26.00
4107,-16.940899,0.903747,0.4875295788544532,0.4456081969987333,0.55910224,0.48281955322074765,01:08:27.00
4108,-12.174505,0.8455384,0.3836155092142807,0.0751458173460287,1.2354494,0.26869364679471164,01:08:28.00
4109,-13.378555,0.7808386,0.24387882530663071,0.008354629513325806,-1.0041724,0.161828208028607,01:08:29.00
4110,-17.811993,0.7296647,0.10925982146180958,-0.0034529469188495153,-0.15732373,0.07585947230330618,01:08:30.00
4111,-16.223896,0.6840564,-0.011598144037352359,-0.22841516916230073,0.4389772,-0.08287123466609857,01:08:31.00
4112,-16.283665,0.7946676,0.12809690492433237,-0.250595345095234,-0.050359774,-0.008119560548469601,01:08:32.00
4113,-15.319447,0.7259146,0.01982500614326207,-0.31632336486030477,0.8217249,-0.09769707354161586,01:08:33.00
4114,-13.321768,0.68072385,-0.017289371287654422,-0.3213744581648324,-0.23320797,-0.11995783187169456,01:08:34.00
4115,-16.781164,0.6110697,-0.15793362990330592,-0.3757293792595574,-0.59776974,-0.23002095890750607,01:08:35.00
4116,-18.791798,0.5926404,-0.20490223631337248,-0.3780187222848705,-0.17308457,-0.2595460441522581,01:08:36.00
4117,-18.115284,0.5578945,-0.2744335234402176,-0.4344328388758796,-0.32047024,-0.3205945607461815,01:08:37.00
4118,-20.477942,0.5476521,-0.31743245114765134,-0.4584539807062495,-0.12803735,-0.3581202875408953,01:08:38.00
4119,-19.380308,0.50075155,-0.3708761125661346,-0.4819543339781161,-0.9325656,-0.39848093426117753,01:08:39.00
4120,-26.26281,0.49623072,-0.5020362602119853,-0.6377906193509106,-1.7231112,-0.5461326966124901,01:08:40.00
4121,-31.127443,0.4574052,-0.5812765546947959,-0.642015163319589,-0.02886575,-0.6010347460044002,01:08:41.00
4122,-25.350302,1.6051831,1.444269834374447,0.7081963631024798,0.022515168,1.1291056828874382,01:08:42.00
4123,-29.51133,0.5605106,-0.2851033320378395,-0.39319794368082783,-0.06184326,-0.33176970429816544,01:08:43.00
4124,-29.104883,0.6171341,-0.11876088468798494,-0.21077909767627043,-0.55748576,-0.1640421887453592,01:08:44.00
4125,-28.905222,0.6468434,-0.07442914035110097,-0.20255076933880406,0.7036499,-0.13356742211800046,01:08:45.00
4126,-22.923613,1.598146,1.2010631984055107,0.0235563251189928,0.76129955,0.731167543873162,01:08:46.00
4127,-28.356909,1.244514,0.9355450656709681,0.4815940449813021,-1.0333514,0.7242396924264736,01:08:47.00
4128,-31.203793,1.0468735,0.5602140830740262,0.16486377023281232,0.1480936,0.37383274808964323,01:08:48.00
4129,-26.21012,0.9180543,0.2712610781355899,-0.2288224116635354,1.4838744,0.06344994553890403,01:08:49.00
4130,-22.715899,1.7680496,1.7044629304822474,0.8058258986287963,0.4943289,1.3281569500555448,01:08:50.00
4131,-24.88169,1.3093287,0.9214046337783061,0.13676375217580636,-0.14938702,0.5915128384742463,01:08:51.00
4132,-25.812344,1.4061224,1.125513899645935,0.2784240393777976,0.77663386,0.7574145067682998,01:08:52.00
4133,-21.514507,1.8024423,1.8013784758876386,0.8926861033647397,0.9155862,1.417601987666106,01:08:53.00
4134,-24.423712,1.0181959,0.5702756158347873,0.13426937300519415,-0.71128035,0.3785045275253687,01:08:54.00
4135,-26.678913,0.7773181,0.13983609447307696,-0.1698538227869314,-0.36845887,0.001096060571407284,01:08:55.00
4136,-27.179262,0.50981057,-0.3642701100540931,-0.48612684604372736,-0.2426037,-0.4139921913564461,01:08:56.00
4137,-27.360811,0.6151757,-0.2529945485649796,-0.5225467939528025,-0.4259279,-0.36197090845225066,01:08:57.00
4138,-28.71328,0.45738763,-0.5234913647190662,-0.6541483252221186,-0.15192065,-0.5743975805267887,01:08:58.00
4139,-26.814098,0.96568155,0.31249139369017076,-0.19478287503407993,-0.19977751,0.10448888392910144,01:08:59.00
4140,-29.728603,0.4149475,-0.6075376542345309,-0.6898243396885517,-0.31597018,-0.6382855525264232,01:09:00.00
4141,-29.012207,1.1633414,0.6562014575633281,0.12198285166835966,-0.47825736,0.42349080248608656,01:09:01.00
4142,-31.334576,0.4249582,-0.6827481054380736,-0.8556227826929338,-0.6143922,-0.7492786184841022,01:09:02.00
4143,-31.927355,0.38224772,-0.751624616509999,-0.8653004074172312,-0.4781648,-0.7939993772434231,01:09:03.00
4144,-31.71985,0.3454934,-0.7892997832442397,-0.8616260424110398,-0.3963176,-0.8151121237069123,01:09:04.00
4145,-32.017776,0.37787226,-0.7061787800945323,-0.7687928656338674,-0.35983795,-0.7289227578143607,01:09:05.00
4146,-31.41912,0.34505823,-0.766200233481029,-0.8025892766491048,0.24176806,-0.7751668481010864,01:09:06.00
4147,-28.307106,1.1209985,0.6153779151893674,0.29380772695973256,0.09587265,0.4775028501093736,01:09:07.00
4148,-29.736944,0.9171281,0.1366614164319589,-0.4151743823420214,-0.32467088,-0.09430548519598334,01:09:08.00
4149,-30.42928,0.37971136,-0.7209723500465125,-0.8172110172853798,-0.36655828,-0.754313423864811,01:09:09.00
4150,-29.971975,0.37661952,-0.7023521289954002,-0.7713085259411253,0.05619896,-0.7240105667287623,01:09:10.00
4151,-27.928867,0.8159272,0.14033178835979376,-0.17863154640226184,0.03961188,0.006491829361936591,01:09:11.00
4152,-28.165527,0.40211886,-0.5932244380740255,-0.6441613016582178,-0.3150698,-0.6074561635484619,01:09:12.00
4153,-28.146229,0.3857995,-0.6519954578863746,-0.7297944914872619,-0.20422126,-0.6758860471882309,01:09:13.00
4154,-27.533047,0.5106056,-0.36950952695496964,-0.49376033854616014,-0.15336336,-0.4210045909476138,01:09:14.00
4155,-27.168747,0.739792,0.16386421334566728,0.19088220034944814,-0.040927686,0.16347784829979642,01:09:15.00
4156,-27.053246,0.42039058,-0.5733317795662809,-0.6621685540400979,-0.35112464,-0.6028053325605655,01:09:16.00
4157,-30.662186,0.6921617,-0.21001877879670702,-0.5364749365279378,-1.807324,-0.3458337341421173,01:09:17.00
4158,-34.414013,1.2556251,0.6831134978061714,0.14077628571857062,-0.92856795,0.4528733064916395,01:09:18.00
4159,-40.137264,0.49230528,-0.6494756959709721,-0.7822119927788204,0.41597402,-0.7107074714783134,01:09:19.00
4160,-27.953812,0.9871426,0.23224645047848386,-0.38961299242429637,2.6476855,-0.014262454171920803,01:09:20.00
4161,-19.628763,0.84624994,0.12417580053018337,-0.430520229218026,1.7883438,-0.08748749539139479,01:09:21.00
4162,-15.733888,0.6894305,-0.011327507158245143,-0.35176851048353275,0.7456594,-0.12951977279334176,01:09:22.00
4163,-14.310221,0.72165596,0.05628094206040782,-0.32266253036837167,0.53177416,-0.08074520541937352,01:09:23.00
4164,-13.328942,0.7282083,0.09620962533368793,-0.24618136986936354,-0.06129475,-0.02453271259614224,01:09:24.00
4165,-15.192383,0.76639724,0.1625203026701774,-0.17463520535855298,-0.013758,0.039134031182194655,01:09:25.00
4166,-14.707848,0.81848884,0.22577998324544915,-0.18481230894973774,0.4185621,0.07411942681674476,01:09:26.00
4167,-13.938581,0.62309724,-0.04318789375467788,-0.2335156201510951,0.16230303,-0.10254347385676771,01:09:27.00
4168,-14.261404,0.64564216,-0.017587153636070312,-0.2227569598079243,-0.06209235,-0.08123080835195128,01:09:28.00
4169,-15.117902,1.030348,0.6078546573296408,0.11883287006488585,0.21831281,0.42200718447566926,01:09:29.00
4170,-14.350409,0.72487473,0.08907463700339877,-0.21136489774585648,0.40026885,-0.013420829714620646,01:09:30.00
4171,-13.7762,0.7173978,0.08544878557990056,-0.23474293385766895,0.32248214,-0.02702565157789866,01:09:31.00
4172,-13.133663,0.9883539,0.5769395070520474,0.1387631096155838,0.42277566,0.41376110249214976,01:09:32.00
4173,-12.952844,0.9187826,0.5016659660301112,0.18796085145588806,0.25471154,0.39042278877908165,01:09:33.00
4174,-13.056601,0.9029003,0.5134010352181201,0.26645206726694165,0.36436456,0.4243559969400002,01:09:34.00
4175,-12.589626,0.8663343,0.4548875389917826,0.27527732767251895,0.46125203,0.39767443926563695,01:09:35.00
4176,-11.576909,0.8731392,0.49176316381623464,0.34526527839893933,0.38894588,0.4495576297029922,01:09:36.00
4177,-10.914776,0.9360874,0.5690800071106926,0.2863107478794553,0.42305136,0.46971933143800865,01:09:37.00
4178,-12.335265,0.88071537,0.46014727630927627,0.20510628861330263,0.003586191,0.3719314178060386,01:09:38.00
4179,-12.333996,0.8928546,0.49796613145445784,0.21676024222834495,0.508182,0.3952995941959132,01:09:39.00
4180,-10.807582,0.8862623,0.5208073404920327,0.2077989794104682,0.07196119,0.40287039243533246,01:09:40.00
4181,-14.62565,0.9234372,0.5539063881074391,0.3197179173726293,-0.7028553,0.4644560426566077,01:09:41.00
4182,-16.47979,0.8790128,0.42783700618776976,0.2692424590194425,0.62343276,0.3761693701051715,01:09:42.00
4183,-13.088446,0.93734884,0.5052760100690808,0.135845560335037,0.9875348,0.36990256409432615,01:09:43.00
4184,-10.179855,0.94684345,0.6132131688098251,0.2258702821896927,0.756176,0.4650281949481181,01:09:44.00
4185,-11.650487,0.90066206,0.555613460087113,0.31022642877257234,-0.2176742,0.4664898222924476,01:09:45.00
4186,-11.734328,0.8565868,0.4644760893428117,0.23677257449950992,0.8018557,0.3852169280979425,01:09:46.00
4187,-9.413046,0.84694195,0.4654689855444174,0.14314946328622827,0.15090531,0.34581504346908604,01:09:47.00
4188,-12.5906105,0.85756814,0.46468204298364546,0.19424056097198145,-0.606842,0.3621762769923208,01:09:48.00
4189,-15.499219,0.8524818,0.4315970182206353,0.21164040338696755,-0.51402926,0.3462338469901407,01:09:49.00
4190,-18.407043,0.8513696,0.42877684147552,0.33153381874550364,0.09688223,0.3910407833573105,01:09:50.00
4191,-16.050713,0.868946,0.46939259301241554,0.2525738371766339,0.027500909,0.38183584768092516,01:09:51.00
4192,-19.810413,0.87261724,0.43953578401987214,0.3161483212511782,-0.7048038,0.3891385862007749,01:09:52.00
4193,-21.376596,0.8729429,0.45727886060776246,0.43302306880240615,-0.1548704,0.4456626221565441,01:09:53.00
4194,-22.452734,0.7977873,0.29337811420123067,0.21930199727736155,0.47059542,0.2581592240478569,01:09:54.00
4195,-16.690727,0.77897966,0.14576378473408436,-0.20916163334415352,1.5618006,0.01847575957156318,01:09:55.00
4196,-14.187931,0.6883125,-0.020693721216916778,-0.3657902180979643,0.32826418,-0.1367775931432223,01:09:56.00
4197,-12.535107,0.8290282,0.20829654177040544,-0.2855528423633496,1.0729235,0.032451122753490644,01:09:57.00
4198,-11.353925,0.7905829,0.24218141191881806,-0.12061047851846254,-0.49166524,0.11806349816304909,01:09:58.00
4199,-14.594298,0.79806465,0.23509237017159887,-0.10800322909019967,-0.13776065,0.11235589633087832,01:09:59.00
4200,-14.789146,0.86013246,0.3318174998071717,-0.07527571186298844,0.14680624,0.17994004899352498,01:10:00.00
4201,-15.869675,0.759945,0.14013412647084117,-0.18556931286219774,-0.2544967,0.02311481838996057,01:10:01.00
4202,-18.444517,0.7379814,0.023154148066360385,-0.28724178181221227,-0.6159462,-0.08722842019459692,01:10:02.00
4203,-18.742636,0.77077574,0.054859338374508654,-0.27664223071957744,0.6868076,-0.0635029153621584,01:10:03.00
4204,-15.237972,0.81216323,0.1955430382403338,-0.14477529669470224,1.0678372,0.07634497141934386,01:10:04.00
4205,-13.236389,0.7812625,0.19114793654574214,-0.12413269851325276,0.34648108,0.08467536433436232,01:10:05.00
4206,-12.676054,0.82483214,0.255728275852929,-0.12971452428174263,0.08117315,0.12065921988855459,01:10:06.00
4207,-13.457793,0.8030454,0.2075956678360473,-0.14797608646801846,0.40528753,0.08465636882919744,01:10:07.00
4208,-14.335641,0.7364387,0.0961369204462433,-0.17599379680677524,-0.49997395,0.006392315111244607,01:10:08.00
4209,-15.706581,0.80585355,0.1891198726750779,-0.11381127531061815,0.13160582,0.08428785719240514,01:10:09.00
4210,-15.419204,0.8281946,0.2525318697781835,-0.016498208561546,0.21848048,0.15985154793880382,01:10:10.00
4211,-15.453026,0.8884038,0.33578172295688724,-0.018002553028029288,0.33591762,0.2077790853410916,01:10:11.00
4212,-14.924523,0.90394896,0.36457223565133223,-0.004268476721514682,0.30330092,0.23078496417862693,01:10:12.00
4213,-14.732992,1.1967571,0.8612734683264063,0.2689248544324708,0.47481307,0.6314345097167837,01:10:13.00
4214,-14.245696,1.2710141,1.0327394612974001,0.4278142793994207,0.6766076,0.7946183495032099,01:10:14.00
4215,-13.841916,1.3941292,1.1753147397163666,0.4324581582553905,0.33248785,0.885619234362725,01:10:15.00
4216,-15.04614,1.3205307,1.0084200296658283,0.272122118578039,0.29678556,0.7218220078453885,01:10:16.00
4217,-15.030209,1.2648143,0.9685628678321871,0.3603730357105522,0.39084986,0.7306916674352834,01:10:17.00
4218,-16.132822,1.4362094,1.2424254552472946,0.5207708378175013,0.24220885,0.9540189387440678,01:10:18.00
4219,-16.945715,1.3379492,1.0988912071426489,0.48720302886830547,0.41062412,0.8566152585831486,01:10:19.00
4220,-16.42913,1.4525816,1.259066622488379,0.5217035745074273,0.43057987,0.9665617846567576,01:10:20.00
4221,-17.610212,1.1519876,0.772375242228018,0.25317207197147346,0.17066492,0.5713482710368009,01:10:21.00
4222,-17.00534,1.2178955,0.848893841643918,0.2102491396779631,0.7262165,0.5994455982054524,01:10:22.00
4223,-17.252438,1.6332976,1.6508179403561656,1.068696982573964,0.3710167,1.4117630069666056,01:10:23.00
4224,-17.12459,1.3949234,1.1601709029419196,0.43234707264197814,0.3316262,0.8688201115323119,01:10:24.00
4225,-18.449697,1.1908307,0.856946006542016,0.3591414888840673,0.27063835,0.6593666666410252,01:10:25.00
4226,-17.833504,0.99979943,0.49903340110952094,0.03213054758687797,0.22427051,0.32147085947525,01:10:26.00
4227,-18.890821,0.97889096,0.42467829361224385,-0.060522389025282376,0.027715025,0.23876843201738318,01:10:27.00
4228,-19.046535,0.8269543,0.1770570181139729,-0.17070755874047835,-0.01372946,0.049699761950988804,01:10:28.00
4229,-19.55687,0.8632596,0.1997230166064356,-0.2044954520752249,0.43331802,0.049858871688690035,01:10:29.00
4230,-17.763647,1.3178724,0.8716390641022628,0.009212547506943869,0.3364998,0.536364779558946,01:10:30.00
4231,-19.432198,1.231742,0.8262361663584902,0.18139561749861657,-0.0965962,0.5709661558980066,01:10:31.00
4232,-21.055717,1.0560265,0.444308994862266,-0.17856265775138064,-0.15738377,0.20370511075567935,01:10:32.00
4233,-21.923388,0.89892864,0.2307250250964197,-0.22343993226101055,0.3843147,0.057527398076604286,01:10:33.00
4234,-20.642246,1.1610662,0.6298598535649299,0.012287010738997196,0.15519015,0.3960484037040774,01:10:34.00
4235,-20.542124,1.2715297,1.0108402104827665,0.6597659944323616,0.38007873,0.8736951784366418,01:10:35.00
4236,-21.00957,1.3318639,0.9949077363760837,0.4159330225372763,0.9542733,0.7704126782081159,01:10:36.00
4237,-16.135395,1.5622566,1.5939437729819823,1.2372586102396812,1.4467796,1.4602547856664374,01:10:37.00
4238,-14.772641,1.367742,1.4340516932557603,1.5281907081898525,0.8940097,1.4854335779527914,01:10:38.00
4239,-13.926072,1.2376485,1.1805866043766309,1.2730800525980528,0.47960502,1.2381856405769793,01:10:39.00
4240,-13.499918,1.3699685,1.3856093072469513,1.36368431626714,0.629795,1.3969513761178516,01:10:40.00
4241,-13.03012,1.3050126,1.3210790707367317,1.4385747393120436,0.5880733,1.3907015664536744,01:10:41.00
4242,-14.266331,1.1247852,1.0427682829409906,1.2692251212934584,-0.3146361,1.1507378003713487,01:10:42.00
4243,-16.986301,1.0336171,0.8514395776112665,1.106899133251185,-0.3298442,0.9664203379281882,01:10:43.00
4244,-18.828165,1.1835763,0.9068617244176391,0.5707209738397553,0.24613877,0.7709150942485818,01:10:44.00
4245,-18.838354,1.4359334,1.092722734091457,0.13465385867543678,0.27266827,0.707702107475466,01:10:45.00
4246,-19.644648,1.4616904,1.3191504119013233,0.7654959345045974,0.73614115,1.0876394889972258,01:10:46.00
4247,-17.135004,1.2840817,1.094472650542133,0.6886018941395043,1.1530194,0.9324242024476033,01:10:47.00
4248,-14.237304,1.2630105,1.1710125327346217,0.8823535141274235,0.7097311,1.0514637751791638,01:10:48.00
4249,-14.611299,0.9874258,0.8443752072372862,1.060204226431686,0.37492806,0.9321901178890358,01:10:49.00
4250,-13.987607,1.0152256,0.8771101969097542,1.0168079485960793,0.034748256,0.9351291986266609,01:10:50.00
4251,-16.522036,0.904389,0.5852618566548436,0.550862485936694,-0.24703962,0.5695357683891474,01:10:51.00
4252,-17.57694,1.2659171,1.0271170848166937,0.5320278963347019,0.7633125,0.8244685348345279,01:10:52.00
4253,-14.3785305,1.3214356,1.269913280340159,0.9526307855860664,0.87620384,1.1401670955814402,01:10:53.00
4254,-13.603214,1.1491523,1.0741495632342029,1.0061617161142886,0.4353722,1.0436205119475213,01:10:54.00
4255,-14.848109,1.056755,0.9300001087733032,1.0549327314742736,0.06634886,0.9826862033642235,01:10:55.00
4256,-15.359199,1.0017266,0.8787601184958148,1.1097843009219173,0.0097351065,0.9726793481678546,01:10:56.00
4257,-17.969532,1.1329421,0.8857363812548027,0.6057130749837825,-0.4403734,0.7678056817622704,01:10:57.00
4258,-19.704203,1.1895674,0.8487477010731774,0.3434625787824558,0.5078089,0.6404316399762124,01:10:58.00
4259,-16.426445,1.0872517,0.8782869283620733,0.7750644156235832,0.9334199,0.8367493018177098,01:10:59.00
4260,-15.937385,1.2623385,1.182923377528615,1.0649375478882253,0.25986755,1.1344793475609776,01:11:00.00
4261,-17.380188,1.011204,0.7881896264833714,0.8801161585571524,0.031830445,0.8252757778932618,01:11:01.00
4262,-17.345789,0.867812,0.5911285576063335,0.8275110261716296,0.22113197,0.6877914562644905,01:11:02.00
4263,-17.281366,1.2416283,0.9795390408082005,0.5117787824267555,0.467749,0.7943750829204864,01:11:03.00
4264,-17.11012,1.0954883,0.7272868613758514,0.23561106218756714,0.40609798,0.5310555766881491,01:11:04.00
4265,-16.031868,1.0309693,0.7319275505930499,0.5079262930986879,0.4807869,0.6459389560580319,01:11:05.00
4266,-15.567086,0.95261854,0.6787565599425166,0.6410932797653445,0.43755528,0.6654262232802041,01:11:06.00
4267,-14.794512,0.9585477,0.695394392764143,0.6812335045280861,0.36424074,0.6949696968434045,01:11:07.00
4268,-15.044265,0.8918395,0.6115626672714309,0.6983904998579438,0.12776442,0.6520285023964368,01:11:08.00
4269,-15.488808,0.92282265,0.5793366518914312,0.3866881097428702,0.3322004,0.5003392811646249,01:11:09.00
4270,-14.661434,1.0440615,0.7496300881208743,0.4493966707843332,0.33305633,0.6308039202513059,01:11:10.00
4271,-14.764486,0.93414086,0.6424125822382595,0.5658943019274904,0.2803044,0.6151516228655203,01:11:11.00
4272,-15.199102,0.98147655,0.7230786916838182,0.619973070723076,0.44882774,0.681647407004337,01:11:12.00
4273,-12.751186,1.1446292,1.0595250850073068,1.0321919062194629,0.6629173,1.0534507893866,01:11:13.00
4274,-13.933536,0.83254915,0.6211399314395364,0.7945312572956541,-0.010296347,0.6867595212825588,01:11:14.00
4275,-14.276465,0.93413293,0.7252458099806525,0.6915640463747458,0.21117711,0.7050623180405516,01:11:15.00
4276,-14.398712,0.86844766,0.5831374922430449,0.5601180382465012,-0.02168805,0.5715965751960244,01:11:16.00
4277,-16.142614,0.8902826,0.5791598490212009,0.5275421362372947,0.23879169,0.5532762530055929,01:11:17.00
4278,-15.296398,1.1686673,1.037292882069429,0.7916090525481245,0.027729942,0.9289578061849713,01:11:18.00
4279,-17.798317,1.0788963,0.8897807240559436,0.8140138531325278,0.029176287,0.8505303680304436,01:11:19.00
4280,-18.028465,1.2463591,1.1059786828460934,0.9130491254724222,-0.3967199,1.0249469607410575,01:11:20.00
4281,-22.699875,1.0164745,0.7913913411485353,1.0196085557043946,-0.71821237,0.8751196392993307,01:11:21.00
4282,-24.943783,1.0732538,0.8500984104876678,1.0825653360263026,0.4174107,0.9352926581104342,01:11:22.00
4283,-20.79194,1.197047,1.080678984806983,1.2071801764452939,0.65252626,1.1287404683120363,01:11:23.00
4284,-22.0107,1.3465741,1.3517086321483502,1.6000752346784863,0.0941129,1.4517358705202006,01:11:24.00
4285,-23.170824,1.0333148,0.8650019945311637,1.1206053775252574,-0.066025466,0.9525533853752439,01:11:25.00
4286,-22.687872,1.1694669,1.1057787841257545,1.3017809809140637,0.72458833,1.1667915207364015,01:11:26.00
4287,-20.318886,0.99345076,0.8605653336252175,1.0971292953020038,1.0213206,0.9405982947051039,01:11:27.00
4288,-16.777573,1.4309266,1.5592950647453199,1.3893585791561909,0.87889624,1.4703506766632477,01:11:28.00
4289,-15.851623,1.0265243,0.9142582360084348,0.8932367342043722,0.8828431,0.8910896039979278,01:11:29.00
4290,-13.491185,1.0356306,0.9346649315145633,0.8577184773620544,0.9039389,0.8939988740027586,01:11:30.00
4291,-11.80683,1.0556281,0.9926504956325796,0.8993968099265274,0.5310495,0.9476147073251819,01:11:31.00
4292,-11.764497,1.018739,1.0062359303282338,1.0750677876418566,0.3418084,1.0251188119319283,01:11:32.00
4293,-12.8006935,0.89343256,0.7737472549897803,0.8041413315554243,-1.1661342,0.7727763956725453,01:11:33.00
4294,-22.475111,0.8470276,0.47801142457309115,0.3917991388507995,-2.3097515,0.4203651600508724,01:11:34.00
4295,-29.677397,0.8580084,0.31846644816495734,0.36629975650705393,-1.0584583,0.3288642402003175,01:11:35.00
4296,-30.789213,0.9104671,0.43178185925192974,0.5575243274767356,0.6259763,0.46949019800115743,01:11:36.00
4297,-23.37129,0.88896835,0.480645534417423,0.3000007217171008,2.1734667,0.3906352374397741,01:11:37.00
4298,-17.679176,0.8470948,0.3590292647586628,0.04066904411603534,-0.32557467,0.23237701698827207,01:11:38.00
4299,-25.874722,0.9350762,0.44546498175437604,0.2377024995342143,-1.9326992,0.3504143569956834,01:11:39.00
4300,-30.727306,1.0299115,0.6220145610675104,0.6497991992096356,-0.04653058,0.6184985819058302,01:11:40.00
4301,-27.143663,0.9717133,0.529650885061898,0.36774860515525476,1.2519203,0.44636435300511895,01:11:41.00
4302,-21.551994,1.1683948,0.8871238620563942,0.402616214611994,1.587205,0.6745677064371355,01:11:42.00
4303,-18.530155,0.82522225,0.2736465288486057,-0.016068946952415477,-0.2984474,0.1628812811858421,01:11:43.00
4304,-22.922947,0.6700961,0.011255625552950918,-0.11992341952031403,-0.9021681,-0.039963721447226846,01:11:44.00
4305,-26.105822,0.72272074,0.020448176250286113,-0.21422588412938331,-0.37940428,-0.07651952920843118,01:11:45.00
4306,-22.899355,1.1505561,0.6099815556159554,-0.10910942447269929,1.2089535,0.3241177985227648,01:11:46.00
4307,-21.16904,1.5140585,1.2103773063075374,0.28587229233011835,0.8656449,0.839882332786411,01:11:47.00
4308,-19.494942,1.5908222,1.3397886807701966,0.41079363741287894,0.25582483,0.9739456871363356,01:11:48.00
4309,-21.618284,0.9888585,0.5871368229527637,0.36323258571819855,0.20190871,0.49228339396959025,01:11:49.00
4310,-20.733515,1.7894346,1.7329930311861794,0.7564227562118492,0.49875015,1.3300485141743943,01:11:50.00
4311,-22.19978,1.9994922,2.262311256454855,1.7636459183140567,0.4561774,2.0371400852826045,01:11:51.00
4312,-22.900316,1.8263866,1.8544694023806532,1.056971614798234,0.097708814,1.50957501820302,01:11:52.00
4313,-25.819302,0.9326218,0.3079680510247106,-0.1253934526550978,-0.072350934,0.1275251788308058,01:11:53.00
4314,-24.724745,1.3593191,0.9991298633481809,0.1950654336385968,0.97657007,0.6567412760889298,01:11:54.00
4315,-21.451536,1.61553,1.3517517019729766,0.4036839601960697,0.69354856,0.9709710165009543,01:11:55.00
4316,-22.528776,1.4043967,1.0446031902325625,0.2548191272391617,-0.51257217,0.7225017511099135,01:11:56.00
4317,-27.568539,1.1417518,0.5304127496945072,-0.04668778066052006,-0.9375078,0.29790760441835046,01:11:57.00
4318,-30.0794,1.1489652,0.5967899158273187,0.16008765287983462,0.04160402,0.4142442115696637,01:11:58.00
4319,-29.943277,1.0855438,0.497218721829631,-0.04452083736475588,0.036502335,0.2722218646625267,01:11:59.00
4320,-28.166195,0.687123,-0.03925800321849552,-0.08510028218197402,0.511177,-0.0547775363279791,01:12:00.00
4321,-26.017363,0.7341618,0.12497893840696926,0.11686459263566852,-0.024939453,0.1200919285748903,01:12:01.00
4322,-28.324568,0.89644355,0.4768652919403261,0.47352389741821826,-0.2977117,0.4562810662924876,01:12:02.00
4323,-26.580118,1.160616,0.8859645279702498,0.6278608113817136,1.1306802,0.7565088779522141,01:12:03.00
4324,-21.364208,1.102817,0.8139722870131558,0.4023300540696054,1.3742493,0.6251727134016776,01:12:04.00
4325,-18.72123,0.91308105,0.5180637881568387,0.15860694488474347,0.47880343,0.3609778110673915,01:12:05.00
4326,-18.053707,0.94404256,0.5462874860665672,0.19109758403682622,0.42664516,0.39973129756204456,01:12:06.00
4327,-18.131989,0.9231438,0.5293752034664786,0.23021269385551688,-0.32742375,0.4044254437355726,01:12:07.00
4328,-20.735415,0.9448755,0.6070303812606525,0.4825408476969716,-0.37331012,0.5484190124924218,01:12:08.00
4329,-22.32985,0.96348137,0.52926585770918,0.3092834478580164,-0.043481495,0.4407961643326001,01:12:09.00
4330,-22.261566,0.98894775,0.580731272105633,0.5379012062949283,0.078620665,0.5719372025804637,01:12:10.00
4331,-22.409163,0.9552128,0.5189618131650716,0.45861066976191456,0.29492053,0.4989307575327551,01:12:11.00
4332,-22.087343,0.9773997,0.5441164942575161,0.44449539940912214,-0.08674547,0.5085290520875954,01:12:12.00
4333,-22.695848,0.9489221,0.5055190813272467,0.5107971362135723,0.6542664,0.5147053597460354,01:12:13.00
4334,-18.292522,1.1797184,0.9070452153123901,0.7166266764387864,0.84445536,0.8372869865270239,01:12:14.00
4335,-20.901148,0.8794354,0.42123151567673506,0.4971260979657442,-0.6889552,0.4637742934827016,01:12:15.00
4336,-21.291746,0.8235085,0.2525562629846593,0.04077188687397333,0.72753197,0.17448216261084198,01:12:16.00
4337,-17.908752,1.2331128,0.9587338390942969,0.7323035175943031,0.5284456,0.882123373664341,01:12:17.00
4338,-19.2922,0.7788271,0.11164192259290534,-0.21707000371827292,0.02328175,-0.009276436581701583,01:12:18.00
4339,-17.809456,1.0171169,0.44907475488441223,-0.15264662396431872,0.35864788,0.22011465937184793,01:12:19.00
4340,-19.34877,1.3878074,1.0216784460657795,0.1394616668550232,0.15034974,0.6711785437866552,01:12:20.00
4341,-20.014744,1.3695502,1.12980980446784,0.5719475351899482,-0.308125,0.9021953218897906,01:12:21.00
4342,-23.455181,0.9569183,0.3146450136477739,-0.15357718529078007,0.21982901,0.13265285447752778,01:12:22.00
4343,-21.061651,0.9924478,0.4620994132020615,-0.003137227182434186,0.2291415,0.2770168629629261,01:12:23.00
4344,-21.841875,0.85247344,0.23394783723913262,-0.13331222470617543,0.44665766,0.088229969772552,01:12:24.00
4345,-19.033796,1.6670943,1.4820294587480327,0.48647696329948614,0.80722135,1.0835900124845814,01:12:25.00
4346,-19.905767,1.355195,1.020314354517249,0.33458550110477386,-0.2006583,0.7494656881279972,01:12:26.00
4347,-22.929773,1.4163872,1.196385000685001,0.714581850548978,-0.5463513,0.9976134837739962,01:12:27.00
4348,-26.567394,0.9754195,0.4365783537223803,0.21225257516079546,-0.22705358,0.34329071236954417,01:12:28.00
4349,-25.630463,0.87492967,0.25881634578699375,0.03479006456952315,0.58043534,0.16979341743466822,01:12:29.00
4350,-23.242907,1.1612331,0.6785076136232767,0.17296382918795675,0.55085164,0.4807563906232218,01:12:30.00
4351,-22.053852,0.9998019,0.485496411180525,0.17115881827688095,0.54873234,0.36681304820397614,01:12:31.00
4352,-20.717737,1.0134517,0.5452418129406202,0.24579685715326957,0.5639077,0.43290112879648995,01:12:32.00
4353,-18.767422,0.95098627,0.46758403342798094,0.23123101849925592,0.9529622,0.38520191346536153,01:12:33.00
4354,-15.004345,0.9885334,0.5831087157399858,0.3289078327727809,1.0966412,0.49692991271705467,01:12:34.00
4355,-13.41445,0.9195892,0.5340490682103188,0.3784543739806477,-0.6101534,0.4879898065453873,01:12:35.00
4356,-21.128893,0.75109357,0.145982173271691,0.05302748557334028,-1.6235482,0.11855186323144747,01:12:36.00
4357,-25.309101,0.7743339,0.1291906081467111,-0.02704801713940535,-0.24423096,0.06895507378463171,01:12:37.00
4358,-23.197666,0.8342898,0.2511414708570671,0.0012163849079690717,0.1393504,0.1519728203985948,01:12:38.00
4359,-24.225128,0.90472156,0.37067594538389437,0.10209645822058215,0.38181514,0.2604184174090533,01:12:39.00
4360,-22.18814,0.8929165,0.38113084295614386,0.10966145223939279,0.14684619,0.27193065078043904,01:12:40.00
4361,-22.39353,1.0099686,0.5953352128471785,0.26630022990455726,0.08296116,0.45759807880877745,01:12:41.00
4362,-23.227444,1.0484395,0.7803669907369745,0.5875216561908269,0.36787125,0.683311344372139,01:12:42.00
4363,-21.059938,0.9550986,0.5561828088204865,0.3084633638466483,0.24041635,0.4532088527543907,01:12:43.00
4364,-21.55432,0.98147184,0.6044640943432579,0.35905165719381255,0.076463744,0.49972775854828994,01:12:44.00
4365,-22.068886,0.96037716,0.5770285123827985,0.37192007543738315,0.012594754,0.4877156458275955,01:12:45.00
4366,-21.59076,0.9704635,0.6460535222323714,0.48893870954836316,0.37934637,0.5708886088400251,01:12:46.00
4367,-22.089703,0.940795,0.694543959346616,0.7447729209968764,0.50554556,0.6940463795926196,01:12:47.00
4368,-18.778748,1.3538654,1.2507539352546728,0.8594743109804237,0.16173585,1.0796986472244403,01:12:48.00
4369,-22.329222,0.89391327,0.36483540185743796,0.08815889683616213,-0.18450584,0.2524749818474723,01:12:49.00
4370,-22.697123,1.1824958,0.7750895100208435,0.23186611229399587,-0.2957175,0.5522122168857279,01:12:50.00
4371,-23.779541,1.2709873,0.8813765302043046,0.27028584806453154,0.42327693,0.6295923655596414,01:12:51.00
4372,-24.799498,1.3610386,1.0823470382444125,0.49067939453992043,-0.46947387,0.8277172182621746,01:12:52.00
4373,-27.243834,1.5287102,1.2677857412312052,0.5086034924923061,-0.2634349,0.9391231637797227,01:12:53.00
4374,-30.59138,1.0992047,0.6203846923186133,0.35013056588653574,-0.0113804815,0.4950443494608336,01:12:54.00
4375,-25.14023,1.7576545,1.472219926268271,0.2425455044279289,2.1971803,0.969943362443308,01:12:55.00
4376,-22.695366,1.4235368,1.087695730428445,0.30683874637401964,-0.21048631,0.7686477162718094,01:12:56.00
4377,-26.367798,0.7955993,0.11355237897496047,-0.1827797293461406,-0.27312344,-0.01386492971214164,01:12:57.00
4378,-25.800507,0.8394648,0.29267828255370404,0.09327151851659868,-0.06487756,0.19247303627558557,01:12:58.00
4379,-26.7693,1.015734,0.5424111077356394,0.17291886499657885,-0.6950355,0.3704592391944416,01:12:59.00
4380,-31.284182,0.6698587,-0.13446436945119447,-0.2189829036657704,-0.9611183,-0.1735234329884665,01:13:00.00
4381,-31.841192,0.94144493,0.33098597395482476,0.09280448574164885,0.07918376,0.22366649537994554,01:13:01.00
4382,-29.866072,1.3770297,1.1252839931281975,0.7082866154590952,0.92401224,0.9364728163850448,01:13:02.00
4383,-27.618866,1.0711803,0.5857980607513966,0.22890621442764889,0.5357115,0.43391845810155194,01:13:03.00
4384,-28.42782,0.78388155,0.20027440107082922,0.23518831111253855,-1.1435456,0.20990322121250313,01:13:04.00
4385,-29.616018,1.245915,0.7778647534848826,0.21610862341439507,0.38273937,0.5402964569705708,01:13:05.00
4386,-30.912739,1.4169565,1.0796614860418912,0.40348251439380955,0.43821734,0.7772245664356554,01:13:06.00
4387,-26.717663,1.0773882,0.569083468569454,-0.005440998739414231,1.1813732,0.322228731042253,01:13:07.00
4388,-23.453777,1.5374861,1.215626065291088,0.17624603327680502,1.2496579,0.7834670951038087,01:13:08.00
4389,-21.344595,1.620122,1.335776043683538,0.23344592969772304,0.24149036,0.8890419540153272,01:13:09.00
4390,-23.135803,1.0080811,0.5077821775476477,-0.007212670283195102,0.1883124,0.29195774070191516,01:13:10.00
4391,-22.900537,1.7732235,1.845919939789058,1.3096346680964757,-0.14146395,1.6016790391862161,01:13:11.00
4392,-27.291363,1.2716908,0.7983227152482343,0.02562391979102856,0.019704085,0.4746465071398627,01:13:12.00
4393,-24.45083,0.9222925,0.2777213532164681,-0.2222848177878141,0.98543894,0.07858959229258984,01:13:13.00
4394,-21.540533,1.2898766,0.8391244667222192,0.010495454229473285,0.59884346,0.5067658254086734,01:13:14.00
4395,-21.42755,0.6557256,-0.06895060702462624,-0.23208541622512793,0.20224562,-0.1256465824175677,01:13:15.00
4396,-20.009613,0.87088645,0.2788540330182602,-0.03698478132591503,0.5365089,0.1571686053939292,01:13:16.00
4397,-19.296099,0.7831026,0.18688105967802618,0.04036163087467606,-0.2757305,0.13534790675875072,01:13:17.00
4398,-20.84607,0.85605943,0.2713396541102174,0.10950624714598121,0.5515636,0.21496009528090698,01:13:18.00
4399,-17.17558,0.7649934,0.18153561702315946,-0.010743627893588594,0.319449,0.11060720614482954,01:13:19.00
4400,-19.34358,0.72075087,0.06946507978028868,-0.10434813013945655,-0.40768278,0.006162201841538742,01:13:20.00
4401,-19.937855,0.6823008,-0.04447828018305242,-0.26799843986787214,-0.22317228,-0.12486960605385777,01:13:21.00
4402,-22.312128,0.68520314,-0.08108856927764571,-0.31834660124483327,-0.91209793,-0.16783101465017816,01:13:22.00
4403,-25.415209,0.7180941,-0.017199246551140964,-0.16857983482594824,-0.8405442,-0.0716995602933427,01:13:23.00
4404,-28.166273,0.7799183,0.03394013436966269,-0.16650453984021066,-0.48692846,-0.04562475252784136,01:13:24.00
4405,-28.000597,0.9342213,0.31682737326471727,0.06726666363452,0.99094296,0.2137391422900216,01:13:25.00
4406,-22.932789,1.1604332,0.6213677909432722,0.2803352964953735,-0.15558383,0.500675393446228,01:13:26.00
4407,-27.51667,0.9065839,0.2597530853515649,0.056486219708009267,0.079944514,0.18049171570713413,01:13:27.00
4408,-25.853552,0.96884316,0.3903570866099183,0.2718581533692793,-0.628056,0.35112117862857367,01:13:28.00
4409,-29.614094,0.88805515,0.3072894219360417,0.3665340260560795,0.5159245,0.3303073299666142,01:13:29.00
4410,-24.367432,1.2816908,0.7620696744562481,0.35967927175053327,0.39651883,0.6196566922663204,01:13:30.00
4411,-27.27503,0.85798305,0.15032116594342246,0.10331579728001712,-1.0552536,0.14405865468364334,01:13:31.00
4412,-30.173134,0.6688572,-0.15967009221116296,-0.1953768892855253,-0.10850761,-0.17073810063437367,01:13:32.00
4413,-28.552559,0.75534517,-0.013324260053013718,-0.10134870126043091,0.53261775,-0.042667423375146174,01:13:33.00
4414,-25.684175,0.7602606,0.015112966730946963,-0.0942572628706278,0.39546946,-0.01632398044961375,01:13:34.00
4415,-24.452055,0.71401066,-0.0459178315825528,-0.08747056999763392,0.18304533,-0.046227471605551136,01:13:35.00
4416,-24.070753,0.6968842,-0.070283089732105,-0.08078451262624184,-0.15749863,-0.05709526557301797,01:13:36.00
4417,-25.106812,0.5577731,-0.29976485227908956,-0.12491896383718183,-0.93783367,-0.20942512411389902,01:13:37.00
4418,-30.135435,0.5088417,-0.4782428624776006,-0.2696726761760813,-1.534107,-0.3753219459981127,01:13:38.00
4419,-34.10774,0.4695203,-0.513707364104814,-0.25420244602403846,-1.2788684,-0.39984287121940776,01:13:39.00
4420,-34.55045,1.3406314,0.9120187769465972,0.706622212014933,0.3882275,0.8272987897121865,01:13:40.00
4421,-32.742363,1.0493039,0.4722715141868592,0.25225046385715544,2.7279696,0.37647269878555956,01:13:41.00
4422,-18.99508,1.0421541,0.575637285379895,0.13797877966035402,1.6712915,0.4084551348673319,01:13:42.00
4423,-18.154366,0.95122164,0.41822927072760135,0.03131177348170313,0.37869632,0.2741531899232243,01:13:43.00
4424,-17.539736,1.0650821,0.626518061950904,0.17899223028268102,0.46063444,0.45676409837494464,01:13:44.00
4425,-16.551159,1.0164163,0.6019512661725791,0.28136896166177905,0.4020402,0.48471709089219944,01:13:45.00
4426,-16.886932,0.9572345,0.447110468420257,0.0722213109381974,0.2799684,0.3106822220786187,01:13:46.00
4427,-16.589167,1.0663152,0.5980963053514724,0.1355091628301191,0.34286678,0.42783882918980237,01:13:47.00
4428,-15.84252,0.9590374,0.4610503538025695,0.08810396132887349,0.3487356,0.3272343593716748,01:13:48.00
4429,-16.314974,1.0257486,0.5304656814981753,0.08161772468070615,0.09401397,0.36503396591991893,01:13:49.00
4430,-17.080269,0.94959533,0.44260683036509163,0.10047938838515391,0.10611584,0.3169583713977719,01:13:50.00
4431,-17.30666,1.0302627,0.6175993464263273,0.28772991378170076,0.21970366,0.4916179743644609,01:13:51.00
4432,-17.558702,0.9363868,0.5291292673393854,0.37724878974296466,0.13730943,0.47364398844610145,01:13:52.00
4433,-17.111837,1.0446045,0.6100413532399019,0.22586752095959337,0.60465837,0.4630143106096833,01:13:53.00
4434,-15.36207,1.2082388,1.0241983353836535,0.6732345797621814,0.71867126,0.884897130762002,01:13:54.00
4435,-15.182833,1.1063668,0.8309796058649634,0.5316489341256946,0.60983676,0.7169616813172243,01:13:55.00
4436,-14.04044,1.1633723,0.9612005983421882,0.6597377536801596,0.6449819,0.8461410909623628,01:13:56.00
4437,-13.647643,1.4025925,1.268431658266317,0.5918677321827771,0.05039145,0.9972313206282313,01:13:57.00
4438,-15.258047,1.0480312,0.6604087091601633,0.3360859361991962,0.34775,0.5418766477717837,01:13:58.00
4439,-15.047759,0.8960911,0.45867683601164144,0.18495714126520377,0.45192084,0.35340747989888177,01:13:59.00
4440,-14.430202,1.2465377,0.918972594319923,0.35215982455759975,0.5690379,0.7045753688821653,01:14:00.00
4441,-13.266306,1.2794752,1.1228998566755333,0.6471249631493642,0.5566862,0.9347532860798663,01:14:01.00
4442,-13.482055,1.116481,0.8749793625634961,0.5363090307354322,0.39090976,0.7441319827003684,01:14:02.00
4443,-13.575401,1.2326359,1.0114988430265281,0.5434842654348196,0.6744673,0.8311476215590727,01:14:03.00
4444,-11.933088,1.1269705,0.9456838361079964,0.681147242925895,0.53443223,0.8469539455846816,01:14:04.00
4445,-12.308463,1.244592,1.1111478990283812,0.7210431653111015,0.69139683,0.9608490029542951,01:14:05.00
4446,-11.394496,1.2314941,1.0874641941819514,0.6854530825609534,0.5583648,0.9332488602462249,01:14:06.00
4447,-11.532721,1.1920509,0.9675168696376946,0.5588365257038255,0.6535149,0.8187968691038799,01:14:07.00
4448,-9.701692,1.2737714,1.239348685002827,0.92155792003795,0.7692652,1.119974909779946,01:14:08.00
4449,-10.438497,1.0429521,0.8817333277080953,0.7363876327371032,0.23343404,0.8327922352678403,01:14:09.00
4450,-11.112231,1.0624825,0.8739897597040156,0.6308443369967148,0.28278735,0.783943486781964,01:14:10.00
4451,-11.126769,1.0715623,0.7962669546970156,0.4938667313196727,-0.16282192,0.6915578345911829,01:14:11.00
4452,-15.193603,0.850019,0.35842728798651213,0.16701182945469065,-0.3274242,0.29631173622008805,01:14:12.00
4453,-16.309088,1.1709805,0.7648562392905203,0.1777915661946687,-0.39611945,0.5394990433089224,01:14:13.00
4454,-19.656681,0.95229715,0.39383128550651725,0.010447572550044136,-0.37084398,0.24870367987571443,01:14:14.00
4455,-20.68145,0.9766581,0.43481946563918517,0.058594851619063,-0.1333481,0.2912760751975909,01:14:15.00
4456,-22.467846,1.1315299,0.6498735313724996,0.17374485456701805,0.08642824,0.464722635298232,01:14:16.00
4457,-20.33103,1.5514218,1.3461863370638818,0.639760302387942,1.0731721,1.0641962073133804,01:14:17.00
4458,-18.526104,1.4108323,1.0974377548843561,0.36298052048533896,1.0968138,0.8120325814161831,01:14:18.00
4459,-16.456846,1.3306674,1.0670710060470425,0.46836984486049377,0.17450036,0.834324177127125,01:14:19.00
4460,-19.805004,1.5820345,1.4095905541569713,0.6596345688313504,0.51348287,1.1090748357883484,01:14:20.00
4461,-18.71523,1.2084548,1.017483509835764,0.944111800568849,0.38881844,0.9929749232309725,01:14:21.00
4462,-16.083582,1.4829183,1.240087453457023,0.394496346883619,1.4985994,0.9094516356510125,01:14:22.00
4463,-14.451649,1.5506042,1.404488306136637,0.5894990484728545,0.7355822,1.0865663378460424,01:14:23.00
4464,-15.676215,1.5512782,1.5869881188340427,1.198146276723501,-0.27193958,1.4311251357641384,01:14:24.00
4465,-17.95024,1.2888622,0.9732484435803718,0.33325386575585475,0.7762931,0.7210683512853394,01:14:25.00
4466,-15.09725,1.5104226,1.40801875309067,0.6875636074008408,1.1106585,1.1211665972397287,01:14:26.00
4467,-13.777405,1.4846529,1.3381860849749747,0.6291804171349503,0.6451069,1.0656089628756524,01:14:27.00
4468,-14.906623,1.161717,0.8820849520861126,0.49035494063373364,0.19507557,0.735161672426516,01:14:28.00
4469,-14.377804,1.1408625,0.8157688945190935,0.3515029242540233,0.5559257,0.6413419289837468,01:14:29.00
4470,-13.633846,1.0985005,0.8048626542138055,0.4375174215127595,0.937956,0.6682848280848405,01:14:30.00
4471,-10.740979,0.94470036,0.7194300858264676,0.6154880363180385,0.54643023,0.6862505017132058,01:14:31.00
4472,-11.609923,0.88529754,0.6662872135661856,0.7213127188662201,0.018879373,0.6954873305566377,01:14:32.00
4473,-13.203358,0.9077116,0.6452273858039893,0.6709798769414891,0.12935284,0.6635853647934532,01:14:33.00
4474,-12.560587,0.8767536,0.6031759907716,0.6478016460696221,0.31582916,0.6313291873155954,01:14:34.00
4475,-13.204758,0.83962107,0.475278910128462,0.466081483059797,0.10329911,0.4842136434727711,01:14:35.00
4476,-13.321228,0.89353395,0.4679293289831157,0.23691263315839645,0.5625313,0.3891499763142847,01:14:36.00
4477,-11.070935,1.1457561,0.9137491182753449,0.6068304132847555,0.775102,0.8071642228163289,01:14:37.00
4478,-11.159206,1.0769808,0.8856534757055415,0.6750572648240398,0.48678687,0.810440778302911,01:14:38.00
4479,-10.3522415,1.193388,1.0496262654052593,0.7762978965468271,0.7296493,0.9531137197063071,01:14:39.00
4480,-10.018095,1.291099,1.2215948565961114,0.7886252460907711,0.4229188,1.052739639637113,01:14:40.00
4481,-10.6548195,1.0564419,0.8409386083416746,0.6607068545586322,0.3019015,0.7812388778636198,01:14:41.00
4482,-11.25149,1.3947244,1.2489117023777705,0.5700984721194188,0.46319988,0.9874690293788195,01:14:42.00
4483,-10.539506,1.139709,0.9422576504939074,0.6536650498574098,0.58147144,0.8399898958252574,01:14:43.00
4484,-11.119114,1.0505828,0.7751906214979829,0.5093567394379311,0.38356173,0.6830073749775564,01:14:44.00
4485,-10.842389,0.9483125,0.687688606122611,0.6416381678114015,0.26768398,0.6825902479074601,01:14:45.00
4486,-11.138903,1.0455886,0.7826454074549795,0.584615117006253,0.53241605,0.7208097393456743,01:14:46.00
4487,-10.507407,0.94585973,0.7283520265408807,0.723227814869649,0.37072894,0.7378648345642295,01:14:47.00
4488,-10.398222,0.95281094,0.7402090741737788,0.7236370320729707,0.4589762,0.7432988031138458,01:14:48.00
4489,-10.379482,0.9312533,0.7273446080392817,0.7696644971573479,0.22771083,0.7551607608185397,01:14:49.00
4490,-10.972454,1.0011292,0.8117363212309584,0.8369104099212561,0.38263118,0.8376016032123196,01:14:50.00
4491,-10.74238,0.8768967,0.6146591006158548,0.6395359471485192,0.26951978,0.6357838963389388,01:14:51.00
4492,-10.875839,1.0320016,0.8075233466773233,0.7444749195309585,0.3375929,0.8018248036180805,01:14:52.00
4493,-11.425074,0.95300895,0.7419366165928192,0.7868060157326311,0.33465475,0.7743856129430379,01:14:53.00
4494,-10.569922,1.088305,0.9106361129024639,0.7563723579245463,0.5058769,0.861382431553009,01:14:54.00
4495,-11.066899,1.3190237,1.2097989388324808,0.7570310891711122,0.22125076,1.0374172277941347,01:14:55.00
4496,-15.366404,1.1900952,1.1770284582728263,1.2699888061191928,-0.6135343,1.2147623314658602,01:14:56.00
4497,-16.514269,1.1899422,1.1326329887287208,1.2139023074791204,-0.5091556,1.1675551988723183,01:14:57.00
4498,-20.30672,0.75438946,0.028058032944866848,-0.16379392661129616,-0.08447737,-0.032047074960422424,01:14:58.00
4499,-18.840427,0.76839155,0.020689669787073334,-0.28910339081878766,0.55537146,-0.08580114914019323,01:14:59.00
4500,-18.012524,0.71948195,-0.0177843728423815,-0.29192783983811194,-0.2656781,-0.1118215224587693,01:15:00.00
4501,-20.641392,0.68768287,-0.11363372646639118,-0.3766122400480454,-0.5614969,-0.20499437112213398,01:15:01.00
4502,-22.44271,0.662326,-0.18551454265869197,-0.44673348671941876,-0.734631,-0.2774480593173421,01:15:02.00
4503,-25.995953,0.63027406,-0.2797173870572528,-0.5205922754507025,-0.9290535,-0.3676220275122962,01:15:03.00
4504,-28.27723,0.6921467,-0.20903592103139115,-0.5276825587174738,-0.4232225,-0.33307350246258993,01:15:04.00
4505,-27.567545,0.80930054,-0.005136458379366777,-0.430947237665599,0.6782083,-0.1747032467009774,01:15:05.00
4506,-24.084166,1.41023,1.1595879578493955,0.39882488011498224,0.7176243,0.8327602916450128,01:15:06.00
4507,-23.3194,0.8647167,0.21733072043838622,-0.174509792455659,-0.034347728,0.06035473568425832,01:15:07.00
4508,-25.35348,0.7450238,-0.08139702041349345,-0.4598028200217441,0.45947376,-0.22956007013503157,01:15:08.00
4509,-25.033401,1.3792573,1.1439425490764568,0.8324730017747808,-1.870048,1.0135122386097173,01:15:09.00
4510,-32.48882,1.2054157,0.5463783525865539,-0.09975601498543635,0.64614314,0.2825680150081854,01:15:10.00
4511,-25.132906,1.7745053,1.666656790139083,0.7638942621143829,1.9072021,1.2934515279393486,01:15:11.00
4512,-21.115376,1.8225548,1.6851003148587214,0.6669661274469607,1.2863466,1.2810009129907411,01:15:12.00
4513,-20.983294,1.5950848,1.4432983220051976,0.7712701142102572,0.55078185,1.1773297400531093,01:15:13.00
4514,-19.79211,1.1876807,0.9710607021725366,0.7443931339016987,0.66131514,0.8777253762824399,01:15:14.00
4515,-19.346817,1.059562,0.8696812045383788,0.9338751822551934,0.66413486,0.8918002541651601,01:15:15.00
4516,-15.244633,1.1415149,1.1416619379249697,1.3152357929137393,1.3434447,1.2090488353955557,01:15:16.00
4517,-15.260247,0.89276433,0.7783668327877464,1.2394631303775885,-0.4522184,0.9676363169580712,01:15:17.00
4518,-16.995079,1.0119015,0.594493141419055,0.36025985079579065,0.034341298,0.517212529422433,01:15:18.00
4519,-17.81082,0.9138849,0.3414387298996888,0.007388141167181538,0.6965504,0.22345316608434881,01:15:19.00
4520,-12.616578,0.9298683,0.43608219086738265,-0.02296400673342627,2.1554608,0.26705887859559535,01:15:20.00
4521,-8.025994,1.1338066,0.8022406634048952,0.09737487558963787,0.39455813,0.5351987022079555,01:15:21.00
4522,-9.082553,1.13249,0.8266544886179268,0.14934045545373886,0.59622407,0.5653725561837579,01:15:22.00
4523,-7.4437413,1.542876,1.422395932784336,0.34614348541916223,0.9774441,0.998766643885169,01:15:23.00
4524,-8.296794,1.2831368,1.052732037660644,0.23283685083749184,0.27174357,0.7352317405635574,01:15:24.00
4525,-10.23039,1.1407413,0.7765348053750254,0.09357353067252168,0.3496891,0.5177101650941911,01:15:25.00
4526,-7.637185,1.3317167,1.3993407432372953,0.9804690606494867,1.4142919,1.232681629544583,01:15:26.00
4527,-5.8465,1.148036,1.0161501360677434,0.4915397260132892,0.18823038,0.818357343126012,01:15:27.00
4528,-9.739339,0.8979768,0.42978918063436483,-0.018824986108814903,0.08975334,0.2701407774624727,01:15:28.00
4529,-9.601364,0.9464369,0.5617282540517063,0.12193447811775492,-1.0995877,0.4012935120349686,01:15:29.00
4530,-20.129253,1.7765117,1.8245537177281195,1.0491586492940528,-1.640733,1.4984151653900086,01:15:30.00
4531,-25.921787,1.1048547,0.5519392470553803,-0.012236364018723899,-1.1401893,0.32398681082524783,01:15:31.00
4532,-31.543123,1.2333996,0.8398250670244007,0.5986044829546784,0.06814641,0.7327988401064968,01:15:32.00
4533,-21.158731,2.5856316,3.026549177694427,2.0036748574367156,4.336471,2.6198602805830915,01:15:33.00
4534,-13.391095,1.6891835,2.1865956544534946,2.6077093003421554,1.3784465,2.3645821646465874,01:15:34.00
4535,-13.287871,1.2648523,1.5647616465615046,2.126447486868896,0.6258736,1.7889949435593835,01:15:35.00
4536,-12.23573,1.211229,1.4047250499930808,1.7346030650449107,0.82958245,1.5360883120988547,01:15:36.00
4537,-11.098423,1.2033573,1.4634637759648894,1.9023957356193173,0.64794624,1.637629038714233,01:15:37.00
4538,-10.542554,1.1662539,1.4217973628628224,1.8760484780255753,0.60114074,1.6002493671620786,01:15:38.00
4539,-10.126577,1.1276802,1.374069214776233,1.8977393040972166,0.5293163,1.5838454035346308,01:15:39.00
4540,-10.540604,1.2087512,1.4685596515733903,1.8319490889708812,0.31206894,1.6092057124415888,01:15:40.00
4541,-10.983116,1.1619955,1.3975631568719415,1.8160565225679641,0.4811918,1.5607415309165689,01:15:41.00
4542,-11.207398,1.0429456,1.1668758417286944,1.6495595076250302,0.05652878,1.3605020829597547,01:15:42.00
4543,-12.674845,0.94274175,0.8330479392666281,1.0532048186323426,0.17350355,0.9251681439081598,01:15:43.00
4544,-12.763495,1.0859274,0.9876083371274001,0.9884855251686526,0.6735142,0.9916247195620576,01:15:44.00
4545,-10.811508,1.2727911,1.5684831254133447,1.958004423396544,0.82988626,1.7229788117866558,01:15:45.00
4546,-10.485915,1.1790096,1.4659421986043797,1.9752278695547352,0.9648974,1.6662126610186672,01:15:46.00
4547,-7.2006764,1.244035,1.4252850848461744,1.4008422238762386,0.7403584,1.4145322025909897,01:15:47.00
4548,-9.639685,1.0726012,0.8721666607551599,0.6118489508479904,-0.49172002,0.7791046470631002,01:15:48.00
4549,-12.292942,1.0092362,0.6045198493471283,0.22311903778183093,0.1570019,0.4709841957381373,01:15:49.00
4550,-13.196418,0.8697973,0.34896519000344134,0.022071715960512404,-0.14112018,0.23750799971267672,01:15:50.00
4551,-15.332491,1.2200267,0.8388852700751075,0.13905624770100197,-0.6040805,0.5664485355891445,01:15:51.00
4552,-19.630074,1.3138957,0.8527110963398632,0.038921371265242526,-0.107304566,0.5388525156235886,01:15:52.00
4553,-20.313723,1.3752097,1.2188458912058389,0.8786940242257563,0.51874596,1.082203501231992,01:15:53.00
4554,-18.87243,1.4679259,1.2428610040292765,0.49342765568469965,0.5109315,0.9407453700474769,01:15:54.00
4555,-18.847885,1.2108344,0.8227047365943182,0.24921884327196603,0.55021,0.5980894756112648,01:15:55.00
4556,-17.855726,1.1736721,0.8624976228588674,0.39193670381778367,0.28015965,0.6701686693891663,01:15:56.00
4557,-20.35636,1.1484574,0.7632878042614761,0.2883973507036714,-0.10085444,0.5717423898895159,01:15:57.00
4558,-18.997826,1.402621,1.1081577855727596,0.33923247565005443,0.46569452,0.7997800079089932,01:15:58.00
4559,-21.773857,1.4511997,1.1323725253264556,0.3262429972399902,0.2847293,0.8077822034673772,01:15:59.00
4560,-18.355667,1.5407588,1.3543281875894486,0.5817617199814616,1.1499653,1.0480658389220223,01:16:00.00
4561,-19.273607,1.2707878,1.0584483565965035,0.7750309342737841,-0.10257456,0.9458581219870693,01:16:01.00
4562,-19.101496,1.0309346,0.4768395023642596,0.02208770533227871,0.8441977,0.30671778185715026,01:16:02.00
4563,-16.246813,1.0320477,0.5507427540337853,0.22963705933448952,0.9339845,0.4406831994362532,01:16:03.00
4564,-14.213525,1.1025668,0.7350030403703925,0.43131128551671344,1.218387,0.6337861858877982,01:16:04.00
4565,-9.23803,0.99318856,0.8204433191825727,0.7600126665883759,1.0906415,0.8082312074538579,01:16:05.00
4566,-10.354699,0.8823805,0.718158087561329,0.9974933507268755,-0.05300282,0.8475623769710965,01:16:06.00
4567,-10.681056,0.9858604,0.8460533992412941,0.9310950116571205,0.42112452,0.8917110173151921,01:16:07.00
4568,-10.865635,0.8914702,0.7073253266787565,0.8343352318701389,0.11633335,0.7684231297368213,01:16:08.00
4569,-11.5004835,0.9259362,0.7037430234386256,0.719257275864444,0.2034054,0.7183232126754251,01:16:09.00
4570,-11.80616,0.92706317,0.6864363585749047,0.7097067550989575,0.21627203,0.7056751075546692,01:16:10.00
4571,-12.40166,0.9398992,0.6520694261793466,0.6469657065392562,0.36039755,0.6661241888010628,01:16:11.00
4572,-12.462271,0.9063419,0.5983549212196612,0.5522644398560993,0.024838239,0.5904572998006395,01:16:12.00
4573,-12.708019,0.928477,0.5944231955334601,0.4040139836795848,0.46919176,0.5258612603379617,01:16:13.00
4574,-11.726955,1.0176759,0.7137897923411747,0.35325425773777214,0.45582908,0.5773722767557367,01:16:14.00
4575,-12.121866,0.98603815,0.627210282025478,0.2783507189229718,0.43354443,0.5012535577173198,01:16:15.00
4576,-11.17955,1.0395837,0.6965386694590364,0.2517606989645454,0.5432606,0.53285521609448,01:16:16.00
4577,-10.8094845,1.2608892,1.074392231711513,0.452533256896524,0.69003046,0.8327340176889045,01:16:17.00
4578,-10.856564,1.0617491,0.7754516100976331,0.3983873463069037,-0.3668742,0.6370061404049461,01:16:18.00
4579,-15.364112,0.8584466,0.22656972251796403,-0.20415226324953473,-0.30974782,0.0718424326908606,01:16:19.00
4580,-15.210373,0.8973476,0.26693768243320565,-0.22844123078491899,0.32939294,0.08684005980227322,01:16:20.00
4581,-15.3025255,1.0870634,0.5443158005517909,-0.1403080513168347,0.2903061,0.28688415972638454,01:16:21.00
4582,-15.035166,0.970392,0.4068549422553756,-0.11658835677063695,0.34137124,0.21447064480330436,01:16:22.00
4583,-14.633511,1.0471311,0.5242495347733077,-0.07984776085136032,0.67563474,0.2986967724153849,01:16:23.00
4584,-13.691192,1.3800985,1.1295631391607637,0.3059803129115913,0.5996107,0.803960727252694,01:16:24.00
4585,-12.839071,1.2807084,1.017214349317661,0.3145285108383345,0.8358488,0.744056975796127,01:16:25.00
4586,-11.151134,1.2468361,1.0242196866311077,0.4672667345266077,0.83733714,0.8112339352313028,01:16:26.00
4587,-10.256873,1.3235478,1.1372515453813543,0.47625831148447056,0.79636496,0.8838307815767316,01:16:27.00
4588,-11.587971,1.343694,1.2450020631647638,0.6405683450899291,-0.130729,1.0034715184017466,01:16:28.00
4589,-13.258836,1.2960248,1.301951326203973,0.9542236457517542,0.16303703,1.155248461474626,01:16:29.00
4590,-14.279725,1.149602,0.8250658950427735,0.27857907215291716,0.55362725,0.6130892620685326,01:16:30.00
4591,-13.316243,1.5045922,1.4403968678824572,0.739923851085531,0.43821442,1.1635932915125884,01:16:31.00
4592,-15.090597,1.2576934,1.0050924945251474,0.41703818282673394,0.20108615,0.7745640226682301,01:16:32.00
4593,-14.155462,1.1176134,0.836714460068498,0.4782733921710116,1.0701216,0.700316522558684,01:16:33.00
4594,-10.088984,1.0308934,0.84091387624289,0.646461473785598,0.8003992,0.7695066571552686,01:16:34.00
4595,-12.863901,0.90585685,0.6621047170396651,0.7069276027461918,-0.23735486,0.6870231020626216,01:16:35.00
4596,-12.882554,1.0023214,0.7110047120453765,0.4708338373979836,0.10034376,0.6224353558459569,01:16:36.00
4597,-13.808626,1.0646204,0.7648066699640367,0.48081723497445833,0.27431825,0.662319563863388,01:16:37.00
4598,-15.398039,1.0452651,0.7688000156901765,0.6374169922242924,0.03825948,0.7269256899229337,01:16:38.00
4599,-14.617024,0.99129325,0.9135986233771747,1.1369118619343572,1.033581,1.0003441726324913,01:16:39.00
4600,-10.22824,1.0821958,1.2533275010957787,1.578900473614394,0.6521835,1.3737453036146576,01:16:40.00
4601,-12.678341,1.0881985,1.1219636856013802,1.455757474380586,0.06719507,1.2637070543102482,01:16:41.00
4602,-12.283782,1.1322737,1.1865689771011334,1.306088224835137,0.4082766,1.2294275636471979,01:16:42.00
4603,-14.057446,0.97995645,0.7060271095693937,0.6047223968924225,0.28225344,0.6711927741466941,01:16:43.00
4604,-12.688476,1.2557653,1.2692445825749494,1.1628634807092846,0.50687534,1.2250632607887635,01:16:44.00
4605,-13.470087,1.1574265,1.0953330724746786,1.04988306125261,0.51762456,1.0777375281129664,01:16:45.00
4606,-11.927856,1.1725543,1.1850126836334105,1.1500885025574574,0.5408348,1.168085151217337,01:16:46.00
4607,-11.834881,1.2958778,1.3396482057436059,1.1450061810353949,0.42075813,1.2596844763615285,01:16:47.00
4608,-12.637544,1.1823344,1.2073802575904153,1.1504945708382597,0.20343056,1.177013178290135,01:16:48.00
4609,-14.325056,1.0698049,0.7960036954072426,0.5087413534385954,0.31761456,0.6861397562303213,01:16:49.00
4610,-13.484374,1.658679,1.663750108590742,0.8737135381982523,0.7472923,1.3475398489745996,01:16:50.00
4611,-13.522091,0.93987334,0.9248165805952481,1.359905069890896,0.31770846,1.099054479305808,01:16:51.00
4612,-14.140715,0.9022691,0.921168418697429,1.5338571511106023,-0.05493258,1.16638482048687,01:16:52.00
4613,-14.328965,0.98916423,0.7537208823604643,0.6932680353385384,0.26708487,0.735878907696121,01:16:53.00
4614,-14.784679,1.0870466,0.8260173544468066,0.5407049622968991,0.13121548,0.716200590434649,01:16:54.00
4615,-15.790995,1.1551104,0.7644280175626982,0.2029445240665928,0.83643746,0.5494844826394413,01:16:55.00
4616,-11.650644,1.4602383,1.3379474428140143,0.6065483553457202,1.2375546,1.052927044038288,01:16:56.00
4617,-11.867872,1.4268407,1.3780747715488997,0.7791776500247909,0.65450305,1.138044997785684,01:16:57.00
4618,-11.376998,1.3605164,1.3671540420450776,1.003323020251177,0.57857174,1.2225166370068579,01:16:58.00
4619,-11.224417,1.4476109,1.4345681810532016,0.8491270333142213,0.8577946,1.1994687225780858,01:16:59.00
4620,-10.502848,1.4962958,1.6749831616045425,1.2247894125563468,0.48277274,1.4844472500968335,01:17:00.00
4621,-10.603237,1.2813556,1.1085124357515965,0.5076525717683088,0.4771865,0.8741688593040761,01:17:01.00
4622,-12.164368,1.140656,0.8139097541464394,0.29079178316601745,0.47681218,0.6174759029326065,01:17:02.00
4623,-11.204177,1.4194394,1.3170860007466545,0.6648370372237873,0.54428184,1.0614844593184587,01:17:03.00
4624,-10.981849,1.2310534,0.9612948612946519,0.3669583353127824,0.83570176,0.7370971787759931,01:17:04.00
4625,-11.084812,1.1077166,0.8534491176720582,0.44890591697045673,-0.026951158,0.703146297953551,01:17:05.00
4626,-12.641419,1.1641825,0.950633352620819,0.5494114236980785,0.46453395,0.7987543156492118,01:17:06.00
4627,-11.65654,1.23736,1.0403304341783333,0.5586110492969643,0.6324443,0.859914038376074,01:17:07.00
4628,-10.658088,1.4061646,1.3804564824995316,0.798506219155165,0.94973016,1.1523941345527555,01:17:08.00
4629,-9.919585,1.1427053,0.9164679169542542,0.5833738760901789,0.43994695,0.8015381630675298,01:17:09.00
4630,-10.408232,1.0643255,0.8390050835141305,0.582133157253553,0.34314266,0.7520009110955989,01:17:10.00
4631,-12.240042,1.2179512,0.9837989241835509,0.5039955192144974,-0.1075062,0.8030350163104502,01:17:11.00
4632,-12.320536,1.530975,1.4931773781865216,0.7807212962734448,0.92488694,1.2112184232058174,01:17:12.00
4633,-11.587371,1.5553262,1.8435868300801537,1.5882149990089909,0.26811245,1.7281182217314177,01:17:13.00
4634,-15.520415,1.1415615,0.9431374619918085,0.7348670538169287,0.1518271,0.8643504387075877,01:17:14.00
4635,-12.604641,1.6125191,1.8150087625903217,1.4313873102298673,1.1306348,1.6578583022465245,01:17:15.00
4636,-12.636501,1.4252481,1.7090775780843883,1.781491728225216,0.4691185,1.7271587598792937,01:17:16.00
4637,-14.294181,1.3174239,1.387566140560663,1.3094403354736228,-0.17230916,1.3530701425765406,01:17:17.00
4638,-16.160524,1.1299227,0.7900928604804218,0.3769462425729458,0.18376106,0.6336471672098228,01:17:18.00
4639,-16.203178,1.1215075,0.9717256543108005,0.9489925066066958,0.50303924,0.9658537849782424,01:17:19.00
4640,-15.551354,1.1632414,0.9642690793884986,0.6830271696411014,0.32257727,0.8519335687966789,01:17:20.00
4641,-16.18807,0.97202414,0.6524832928910407,0.5531695104652754,0.18736152,0.6182102493722531,01:17:21.00
4642,-16.308699,1.0676535,0.7307369972491785,0.4254997173430133,0.27956593,0.6141102196065278,01:17:22.00
4643,-16.018688,1.1375169,0.9886463208118947,0.8596126346935474,0.45631725,0.9355915966892744,01:17:23.00
4644,-16.193106,1.2172382,1.140450982139734,1.0613252305424763,0.15127432,1.1086189302615308,01:17:24.00
4645,-16.927671,1.0963087,0.8739304601238366,0.7061551194781215,0.5940342,0.807520572976669,01:17:25.00
4646,-15.287658,1.0794617,0.7366483055700691,0.3575714624403527,0.24458522,0.5933101736372888,01:17:26.00
4647,-16.876682,1.0855521,0.6771459060572859,0.23346832195688308,0.12412491,0.5075749878946139,01:17:27.00
4648,-16.662624,1.1479162,0.7274128411398791,0.19254557869321756,0.49124047,0.5261404389991721,01:17:28.00
4649,-16.006289,0.99323237,0.5920880341938541,0.3581107056869452,0.27402157,0.5123189579901812,01:17:29.00
4650,-16.375853,1.162187,0.8174005587565365,0.337630970340428,0.2921026,0.6333370203747329,01:17:30.00
4651,-16.602633,1.1345676,0.764268853734739,0.31397833892558213,0.52957755,0.59430449333729,01:17:31.00
4652,-15.211533,1.2959975,1.0145138993680398,0.38004154961856074,0.3032172,0.7701497466743608,01:17:32.00
4653,-16.610552,0.9130537,0.39950258637922703,0.1065036523722987,0.2133326,0.2958253752442948,01:17:33.00
4654,-16.510368,1.1756527,0.7898115621935035,0.2532809984971454,0.6409446,0.5854800687978637,01:17:34.00
4655,-14.373443,1.2812668,1.0249304419601213,0.48266634413250487,0.6535576,0.819290806844949,01:17:35.00
4656,-14.576187,1.1906165,1.0216759214933164,0.6801210422364823,0.6770602,0.8860312094983335,01:17:36.00
4657,-13.198102,1.2362744,1.083254083954128,0.7048924575685765,0.06992606,0.9387644377869815,01:17:37.00
4658,-16.327188,1.1219352,0.7477231248506583,0.30211328328765347,0.70227927,0.5786355804429948,01:17:38.00
4659,-12.089567,1.1365459,1.0265832336259255,0.8324366846734017,0.46223366,0.950181564400637,01:17:39.00
4660,-16.78128,0.95625013,0.7400397942494089,0.7771448968366588,-1.9766896,0.7521901581184349,01:17:40.00
4661,-25.282553,1.0481569,0.7263656234778539,0.7689772539947954,-0.590881,0.7351542393008558,01:17:41.00
4662,-24.018154,0.9830337,0.6316064468671846,0.599202545915646,0.5258656,0.6057605920917549,01:17:42.00
4663,-20.570242,1.5999376,1.5316818936362198,0.9794427070814299,2.985831,1.3083192964742676,01:17:43.00
4664,-9.111365,1.7729675,2.280463720997147,2.2136108278348297,1.8721946,2.2551500666379454,01:17:44.00
4665,-10.660357,1.777662,2.2460231807719513,2.0782723332630098,0.14826165,2.171610634011725,01:17:45.00
4666,-13.494585,1.7716527,2.1071226285625686,1.7932812087435284,0.25369987,1.9749329705034326,01:17:46.00
4667,-17.290691,1.1012261,1.0436665029846202,1.1958388801464954,-0.69715303,1.0970902801860065,01:17:47.00
4668,-17.345676,1.2304738,1.1337418566718296,0.9264805880461684,1.1217008,1.042398371697805,01:17:48.00
4669,-14.287915,1.14193,1.0113581298456642,0.8256216574877892,0.36731565,0.9371872284299434,01:17:49.00
4670,-16.217182,1.0585052,0.8652211430876858,0.7644198618635287,0.33049762,0.8239203721691282,01:17:50.00
4671,-15.871872,1.0818279,0.8875237982827421,0.7846184336886607,0.06188521,0.8471885373171185,01:17:51.00
4672,-15.517363,1.1728871,1.0208975142447765,0.8013699706906274,0.92588294,0.9328808999079733,01:17:52.00
4673,-14.249617,1.1507332,1.0220322571918712,0.879032209668176,0.4659537,0.9671877781971537,01:17:53.00
4674,-13.653674,1.1275167,1.0824566782883942,1.1510243460840501,0.24389054,1.1112554256988556,01:17:54.00
4675,-15.578709,1.1376874,0.9632876567437547,0.8798874224636434,0.5445536,0.9363944883070462,01:17:55.00
4676,-13.53209,1.1927872,1.1987980056552632,1.165449459541966,-0.005526023,1.1821258065707523,01:17:56.00
4677,-17.003387,1.0091377,0.8164975993617045,0.8027524147755353,0.029457664,0.8057940100513861,01:17:57.00
4678,-15.7993765,1.0988096,0.9003584279906868,0.7777800635589809,1.0244535,0.8546583167075804,01:17:58.00
4679,-14.574365,1.1351527,1.0703552286401046,1.051269418483657,-0.36616975,1.0610815558227975,01:17:59.00
4680,-17.228313,0.9427529,0.6680682523699637,0.6878559327066884,0.28854716,0.6768652612509491,01:18:00.00
4681,-15.334846,1.7019118,1.771889401227566,1.0350319200806655,1.0932626,1.4714954131401796,01:18:01.00
4682,-14.9540205,1.1396823,0.8563157633959335,0.41377751815281966,0.059218112,0.6817336124523403,01:18:02.00
4683,-16.222395,1.6166797,1.6684547917721497,1.1208440834938573,1.3375854,1.443163378865711,01:18:03.00
4684,-12.080241,1.2744412,1.3811665819458383,1.3843968588115523,0.8415843,1.378377813125129,01:18:04.00
4685,-12.600461,1.7413144,1.9451494889405478,1.316961223951872,0.33587942,1.6856657876923329,01:18:05.00
4686,-13.940349,1.0806352,0.7320936956277551,0.33003981471891586,0.5469099,0.5810681531773881,01:18:06.00
4687,-13.094951,0.96971256,0.583089431736103,0.2931785927286238,0.48647973,0.4789571367044877,01:18:07.00
4688,-12.240485,1.4653597,1.4680099682709864,0.9635503328195715,0.7577398,1.267215975266422,01:18:08.00
4689,-12.19411,1.4826512,1.4141137242499058,0.7643525490361646,0.42491487,1.1601062448961483,01:18:09.00
4690,-12.745949,1.0394919,0.6006277400639282,0.11025326654583002,0.45372054,0.4208837928234958,01:18:10.00
4691,-12.27821,0.966661,0.5285332233010511,0.15979054477906854,0.4912737,0.39883641016531635,01:18:11.00
4692,-12.127349,1.0194727,0.6347038945545939,0.2299827335309882,0.22115095,0.48749127039172674,01:18:12.00
4693,-12.26325,1.0448369,0.6268041116398435,0.1572335193140422,0.20364362,0.4565124402227192,01:18:13.00
4694,-13.766479,0.8408455,0.32553873012027784,0.07945213782407225,-1.0156913,0.24362975037564286,01:18:14.00
4695,-22.590576,0.86008996,0.16158466053759762,-0.27189772349111585,-1.8542565,-0.007614503913188496,01:18:15.00
4696,-25.99174,0.98193836,0.34999821857944474,-0.00018325190383459557,1.4254277,0.2092000817145059,01:18:16.00
4697,-16.419407,1.5254476,1.6082406561564626,1.39638865853398,1.7828027,1.525582432951784,01:18:17.00
4698,-13.697433,1.1091905,0.6794871967814206,0.032315712945613966,0.79748636,0.43396082544680487,01:18:18.00
4699,-13.813791,1.3684578,1.245332681615083,0.6865376213475012,0.04951713,1.0262085111786667,01:18:19.00
4700,-16.996763,0.908101,0.49832968903160135,0.34398493806953484,-0.059010405,0.44279454197268325,01:18:20.00
4701,-15.962731,1.1813459,1.1517676042329439,1.2351419799420702,0.5015305,1.1815792369569136,01:18:21.00
4702,-15.510687,1.1777583,1.07599181709009,1.02985320909913,0.7888253,1.0568187778336073,01:18:22.00
4703,-14.148432,1.079417,1.0469881424324725,1.2934401371338065,0.43081874,1.147827417109228,01:18:23.00
4704,-13.860023,0.981981,0.8146424225372062,1.0684294453710756,0.53664804,0.9303388345726481,01:18:24.00
4705,-13.760983,1.0502914,0.8474964857814986,0.9380947808616299,0.03764151,0.900680341879776,01:18:25.00
4706,-14.86869,0.97616976,0.6602584416778293,0.6167839634889557,-0.003317788,0.6543681509574245,01:18:26.00
4707,-16.777233,1.0432974,0.6948782332570443,0.5172110569530599,-0.12382699,0.6355845245834757,01:18:27.00
4708,-17.146076,0.8361117,0.3070651659402951,0.1265050606112361,0.28690213,0.2468818621028759,01:18:28.00
4709,-16.316032,0.9499214,0.5118465933361815,0.28396546504492903,0.48697418,0.432655729469842,01:18:29.00
4710,-15.696879,0.90187514,0.4980433627531722,0.46245853087073907,0.16879864,0.49902378853965956,01:18:30.00
4711,-16.19562,0.8901763,0.45847896015555856,0.4154961116277446,0.086085595,0.4560040033150374,01:18:31.00
4712,-15.897197,1.2740861,1.083917499619017,0.6742044000886698,0.89343965,0.9239348671232435,01:18:32.00
4713,-17.056223,0.81781965,0.4263788676218295,0.4463279586191459,-1.6100807,0.43866630723059996,01:18:33.00
4714,-23.783665,0.8194926,0.21110818431495773,0.161681156230864,0.54030806,0.20647550695258596,01:18:34.00
4715,-19.249676,1.620067,1.6935619593868134,1.3961710779845524,0.3097209,1.5772352902754323,01:18:35.00
4716,-19.89334,1.1723857,0.7920602434333258,0.32599316726531685,0.48983058,0.6088596403013665,01:18:36.00
4717,-19.51766,0.93940204,0.37464821745046806,0.0034808138010316266,0.28182486,0.23393484818347737,01:18:37.00
4718,-19.283094,0.91534555,0.33853948283868696,-0.01416902938386159,0.53901064,0.20609124936165718,01:18:38.00
4719,-16.68841,1.1576109,0.775362563678332,0.2279757355715967,1.1249051,0.5633726380886881,01:18:39.00
4720,-15.259614,1.4365025,1.2919296547772832,0.5793505076207375,0.18563628,1.0046024301211278,01:18:40.00
4721,-15.292932,1.3208668,1.1516806808010265,0.6615034816243913,0.9375332,0.9571374669304312,01:18:41.00
4722,-14.896252,1.0782292,0.9791579803101975,1.12363951042105,0.17485665,1.0412798654508186,01:18:42.00
4723,-16.157406,0.952515,0.5747264840661556,0.4723123567158499,0.033165894,0.544175243485131,01:18:43.00
4724,-15.986596,0.9398371,0.5641192719354311,0.52328308070098,0.1121068,0.5613403188775685,01:18:44.00
4725,-17.155132,1.0019507,0.5409938558835747,0.27109893171485516,0.29619238,0.4459900540744093,01:18:45.00
4726,-16.034803,0.985628,0.5891137107867394,0.4462749703551239,0.29081324,0.5463654808845788,01:18:46.00
4727,-16.059174,0.99911714,0.6070506445855791,0.43799141257968904,0.5081977,0.5518497375415056,01:18:47.00
4728,-13.778924,1.0089847,0.734509139079165,0.6239447958987592,0.6333062,0.6996408360524559,01:18:48.00
4729,-15.790265,0.87304634,0.4141828104528055,0.31142361942293606,-0.3541841,0.38725036563741116,01:18:49.00
4730,-16.387337,0.9637293,0.5411260705800803,0.33458051278966155,0.26323745,0.46888649828958984,01:18:50.00
4731,-16.430143,0.96988714,0.5675181362609784,0.41241668211457766,0.26596957,0.5167810074843238,01:18:51.00
4732,-16.205185,0.94516295,0.6658129253839605,0.7329240202292447,0.18860044,0.7000802075028292,01:18:52.00
4733,-16.507797,0.9668118,0.7290612743667898,0.7984409727912631,0.1780839,0.7589977609019364,01:18:53.00
4734,-16.786428,0.96550536,0.7183484564577666,0.7905741320743839,0.18150628,0.7501789906837423,01:18:54.00
4735,-17.098675,0.9845706,0.7351268955453057,0.8065782147177136,0.26553112,0.7696115277884332,01:18:55.00
4736,-16.487602,0.9671798,0.6967884014623137,0.7103232333800308,0.3229226,0.7062450768294036,01:18:56.00
4737,-16.393353,0.939149,0.668516336999893,0.7367902322128892,0.2957641,0.7005058785492944,01:18:57.00
4738,-16.312553,0.99879724,0.7653675043815642,0.7789187106176906,0.32578626,0.7735074905521284,01:18:58.00
4739,-15.894086,0.9584618,0.700554496256146,0.7112706755864876,0.22171313,0.7077265026798637,01:18:59.00
4740,-16.464851,0.95389885,0.6942292705375471,0.7645001576550695,0.19637339,0.7263128750668516,01:19:00.00
4741,-16.284409,1.0023634,0.7456585520812815,0.7401972466590724,0.28136894,0.7490605059111096,01:19:01.00
4742,-16.049591,0.99036264,0.7674503707933603,0.8058337062651503,0.29867458,0.784960380895485,01:19:02.00
4743,-16.500526,0.9612178,0.713982647137882,0.7961936700148904,0.24790181,0.7511903693031976,01:19:03.00
4744,-15.880409,0.9498227,0.6995579923709276,0.7739936943932133,0.36324313,0.7349454622172067,01:19:04.00
4745,-15.55565,0.9521581,0.6716042100657641,0.6496350941149632,0.35864085,0.6674347266287326,01:19:05.00
4746,-15.502712,1.236069,1.1852150527128515,1.0912742195439358,0.0139444815,1.1455731615186326,01:19:06.00
4747,-18.139498,0.96719956,0.6954055167998493,0.7660513500696532,-0.2813581,0.725486752224718,01:19:07.00
4748,-18.786783,0.9028417,0.541884191187004,0.6455924350447826,0.38943163,0.5899130972579602,01:19:08.00
4749,-17.2293,0.80371875,0.2940259538306859,0.30196530561425716,0.793788,0.3116724213667723,01:19:09.00
4750,-12.944943,1.0215814,0.6853504064010498,0.5046194192570898,1.3732027,0.6290715026825173,01:19:10.00
4751,-12.087838,0.96894217,0.79540375915105,0.8986971791400615,-0.25590232,0.8488888797399694,01:19:11.00
4752,-14.724371,1.0659099,0.6646530863512393,0.24244436796452085,0.20074612,0.5083583832608063,01:19:12.00
4753,-13.816153,1.2238184,0.9496773880582314,0.4345386068753909,0.71820194,0.7541382895911535,01:19:13.00
4754,-13.555469,1.0109785,0.6933850086017341,0.4949967980637822,0.09251717,0.626726501034081,01:19:14.00
4755,-13.266444,1.2269684,0.9412578331153424,0.3981431548792745,0.82859457,0.7363177398089296,01:19:15.00
4756,-11.785664,1.2840099,1.244989956907719,0.957394566842644,0.92512786,1.1345412563448436,01:19:16.00
4757,-11.956593,1.1513435,0.969802803050372,0.652146840200899,0.25999132,0.850299938520853,01:19:17.00
4758,-11.426172,1.0403196,0.8211237435192789,0.6082586532595595,0.45901272,0.744544531150434,01:19:18.00
4759,-12.146125,1.0145552,0.7582283660695788,0.5421777307412103,0.14060088,0.6794999819583727,01:19:19.00
4760,-12.750489,1.0242517,0.7633416216393684,0.5758654199303924,0.24141937,0.69848396199029,01:19:20.00
4761,-13.017906,1.059508,0.8391568197960205,0.6456216082020517,0.49252003,0.7683710756362198,01:19:21.00
4762,-12.976473,1.0855209,0.992193503359633,0.931289956265609,0.581889,0.9677398667151376,01:19:22.00
4763,-10.31316,1.275563,1.1290675868703839,0.6737222035376477,0.493238,0.9591904284329263,01:19:23.00
4764,-15.0108,1.1461068,1.1028753333701335,1.027847542300321,-1.1479435,1.06280022684668,01:19:24.00
4765,-17.567297,1.5717487,1.394796445522608,0.4905715705615944,1.1901008,1.0321340882291945,01:19:25.00
4766,-14.161575,1.0309098,0.618819709727192,0.1652063169190019,0.63475037,0.445928034289783,01:19:26.00
4767,-13.679949,1.293346,1.090259463331604,0.5070250712272373,1.1325185,0.8590731444048493,01:19:27.00
4768,-10.427415,0.9141217,0.783900192314988,0.7989377987545269,0.5295036,0.7858226652672671,01:19:28.00
4769,-11.099828,1.1271104,1.0584924234547912,0.8716600381835823,0.018512595,0.980485020801375,01:19:29.00
4770,-13.6719675,1.0329635,0.9218120299493411,0.9530899582831304,0.30878004,0.9317755085931575,01:19:30.00
4771,-14.165585,0.8812123,0.6903877201473715,0.8539376876893061,0.114341915,0.7536605115874172,01:19:31.00
4772,-11.876236,1.1577302,1.129432862234387,0.9864171837678251,0.37776726,1.0647652409397517,01:19:32.00
4773,-13.281628,1.1000018,1.0324557361688949,0.9777803913185606,0.4212989,1.0028968361828328,01:19:33.00
4774,-14.804748,1.0444258,0.9389041080227533,1.0120891212586243,0.23042573,0.9632021940720711,01:19:34.00
4775,-14.046262,0.88299453,0.7116895502224263,0.8562018855440937,0.123036005,0.762461548182097,01:19:35.00
4776,-12.809671,1.1967883,1.166326233211204,1.0098424270999642,0.85967404,1.0978391046964768,01:19:36.00
4777,-12.38222,1.0520611,0.9565907431233035,0.9129687215249499,0.6146031,0.9347089208608433,01:19:37.00
4778,-12.626846,1.1136869,1.015705386682893,0.8873644772546565,0.21818066,0.9611043401400462,01:19:38.00
4779,-11.753494,0.9588818,0.8239477609419551,0.8437462626512363,0.2635151,0.8289201896256165,01:19:39.00
4780,-12.928397,1.1164834,1.0403722204854093,0.9578456676742643,0.55379575,1.003631290306464,01:19:40.00
4781,-12.554228,1.1197377,1.0234695138198033,0.9168353863268406,0.46410754,0.9792030282370197,01:19:41.00
4782,-11.304718,0.9589268,0.8548842894061768,0.9495645274640764,0.28107595,0.890912135419839,01:19:42.00
4783,-12.261334,1.1591798,1.1394350072612844,1.0502080714804962,0.54836553,1.0980190327475063,01:19:43.00
4784,-12.312879,1.1445477,1.106181220306673,1.0024994560856357,0.37951687,1.0569742784187142,01:19:44.00
4785,-12.044693,1.1215419,1.1150794841695144,1.1217739841887986,0.03570901,1.1130628698564191,01:19:45.00
4786,-14.333374,1.2894415,1.279491206650024,1.1209957393342866,1.2578262,1.2133326167397556,01:19:46.00
4787,-7.017476,0.9762506,0.7037264803929606,0.35714613021652386,0.84415454,0.5794661131439713,01:19:47.00
4788,-9.488766,1.0545877,0.7680725631239006,0.29784525099151105,0.96308327,0.589714072858031,01:19:48.00
4789,-6.756368,1.3481346,1.3784001769640855,0.8023480528578822,0.100432776,1.1483201577749231,01:19:49.00
4790,-9.946031,1.2188535,1.137652850596417,0.7594425496796039,0.85613686,0.9916413564122613,01:19:50.00
4791,-7.215329,0.9566688,0.7657591302048264,0.5373533369783601,0.1962322,0.6781030450811281,01:19:51.00
4792,-12.012671,0.8416404,0.33190808268503674,-0.04903769873117196,-1.9936378,0.19313595660008295,01:19:52.00
4793,-19.893688,0.7479342,0.09449986879385285,-0.2172879458171285,-0.44306082,-0.024244892775330335,01:19:53.00
4794,-18.711718,0.5661169,-0.2497578929781071,-0.48819725923087576,0.17968787,-0.333218300462173,01:19:54.00
4795,-18.161232,0.55671304,-0.26527833624009384,-0.5034234482121677,-0.08783625,-0.3468590946088662,01:19:55.00
4796,-19.543627,0.5241652,-0.31960294750901397,-0.5118682117951722,-0.64887923,-0.38263094489581084,01:19:56.00
4797,-22.045452,0.6438561,-0.14015472009693256,-0.432680577537185,-0.6256488,-0.24973906579084673,01:19:57.00
4798,-24.231226,0.71809936,-0.026663642843270264,-0.37196394004893923,-0.68069977,-0.16387843986240963,01:19:58.00
4799,-26.82463,0.9386211,0.3486668905213824,-0.1547565292108025,-0.69513875,0.12892993929922697,01:19:59.00
4800,-29.329248,1.1601714,0.775550015814619,0.21377070051026226,-0.38087836,0.510642064099269,01:20:00.00
4801,-29.898582,1.2912842,1.0278112486373885,0.6353396268156261,0.2545881,0.8309037681598013,01:20:01.00
4802,-29.01852,1.3915868,1.2128741927931685,0.8072324528060492,0.07769646,1.0154394037394936,01:20:02.00
4803,-32.497574,1.2549973,0.9445549899775596,0.5089719632142423,-0.2810023,0.7301723225384084,01:20:03.00
4804,-31.595243,1.4248395,1.1585688067094495,0.6890845490655375,0.18956415,0.9444559801162746,01:20:04.00
4805,-32.49133,1.390464,1.0924976032323501,0.6384396502292852,-0.42956808,0.8835757577173904,01:20:05.00
4806,-34.468475,1.0822041,0.655310066066339,0.534339532750974,0.6598984,0.5786978608799036,01:20:06.00
4807,-32.06511,1.266893,0.96119288837783,0.8260093315636734,-0.22912526,0.8871377276743332,01:20:07.00
4808,-31.548828,1.9008718,1.9199672792375855,1.095304726054766,0.7178863,1.5433104910880928,01:20:08.00
4809,-32.11957,0.91673774,0.39165274192823457,0.27658005003656855,0.007806297,0.32183023854830745,01:20:09.00
4810,-30.732069,1.0026196,0.4381549115113207,0.1372687044861197,0.77246255,0.3041851863818211,01:20:10.00
4811,-28.609682,1.4123842,1.1702414909902292,0.685611197143547,-0.33757457,0.9533853450079156,01:20:11.00
4812,-29.423708,1.3063896,0.9782545706723855,0.6322315032231834,0.918277,0.8254340866775909,01:20:12.00
4813,-27.758326,1.6402286,1.3112859546370077,0.31507664130931873,0.48943055,0.9031256929885861,01:20:13.00
4814,-26.48694,1.6726558,1.5582235810501692,1.014319894165716,0.44614854,1.333005995393278,01:20:14.00
4815,-28.213041,1.5931295,1.3997404499139798,0.7418733416815233,0.5388604,1.1166194762119077,01:20:15.00
4816,-24.526669,1.5815688,1.4449320648929507,0.9019258267924272,1.3512058,1.221261868725028,01:20:16.00
4817,-23.65923,1.5432152,1.3856102685641334,0.6722032955840886,1.0894021,1.0813421934091447,01:20:17.00
4818,-23.646296,1.5340927,1.4365389865842821,0.8410351245759721,-1.5181102,1.1749939127059497,01:20:18.00
4819,-30.657331,1.069915,0.5781152299470294,0.2574624825977096,-0.2739031,0.4313007440820806,01:20:19.00
4820,-30.123396,1.0355403,0.461025064449628,0.0467292657719486,-0.05443777,0.2825788021699409,01:20:20.00
4821,-30.2511,1.0267029,0.4456310454799036,0.0288007563127628,0.20941384,0.2659316062318738,01:20:21.00
4822,-28.746304,0.8194068,0.13994295004487764,-0.0837441583411337,0.396931,0.04508787626583915,01:20:22.00
4823,-26.437786,0.8198973,0.11270256975660983,-0.13370919854322366,0.37812334,0.016580869119463215,01:20:23.00
4824,-26.224861,0.72077966,-0.05173511919161902,-0.25756589354510795,-0.4349595,-0.13113059406001357,01:20:24.00
4825,-27.279243,0.7416517,-0.04216644547973474,-0.2254331025645326,0.40976423,-0.11069127072537807,01:20:25.00
4826,-24.020798,0.7542027,0.009934220502735529,-0.22156431561046322,0.49781066,-0.07579401689111188,01:20:26.00
4827,-23.478697,0.68977517,-0.06459670146342167,-0.18727879566278754,-0.085049205,-0.10372472436570504,01:20:27.00
4828,-24.069017,0.74697715,-0.0038219716055060966,-0.14168013904097707,-0.1868291,-0.04693650087776646,01:20:28.00
4829,-23.494976,0.7501729,0.013306270877857738,-0.16606972497563505,0.13251649,-0.04950375213639711,01:20:29.00
4830,-24.034609,0.8442477,0.17491550952399118,-0.024762272250798415,-0.06459915,0.10243598611703902,01:20:30.00
4831,-24.155796,0.86159587,0.3179235055908571,0.2827773623777565,0.23513186,0.3075343370028809,01:20:31.00
4832,-21.647896,0.9509646,0.6025407086491796,0.5579480489401288,0.7797384,0.5786977959568361,01:20:32.00
4833,-19.315712,0.9184428,0.43679702483997895,0.2758878636771408,0.78620434,0.38223569967056736,01:20:33.00
4834,-17.81601,0.8441494,0.3101882101696919,0.28422771798954705,0.20736308,0.3216274431049712,01:20:34.00
4835,-17.63657,0.8036198,0.23161582789200172,0.2589555965988481,0.31293845,0.2694730234904009,01:20:35.00
4836,-17.644522,0.73241866,0.10573281357725076,0.12322457805741799,0.017254995,0.13697626675778707,01:20:36.00
4837,-16.78001,0.8114342,0.21485941104429346,0.05385712680411328,0.52341384,0.16860438436698788,01:20:37.00
4838,-15.670697,0.8306442,0.2746790608300036,0.28095045473944674,0.39134732,0.3073111788715938,01:20:38.00
4839,-15.289863,0.7729292,0.19042376434759456,0.15114555978530153,0.050985236,0.1988934078018106,01:20:39.00
4840,-15.7541685,0.7240565,0.11953400144480031,0.2848661331529241,-0.15221295,0.22320140771013086,01:20:40.00
4841,-18.142937,0.72539943,0.04619304208346126,-0.04851038473849177,-0.33349034,0.028834556561114152,01:20:41.00
4842,-18.629396,0.7233861,0.02671609112375515,-0.11980322353763329,0.08660952,-0.015449248923977746,01:20:42.00
4843,-17.575325,0.82166857,0.19516183157919853,0.0013443948373097635,0.3830527,0.13530910274619537,01:20:43.00
4844,-17.013231,0.7524534,0.14201589023843741,0.033972359841200034,0.04207508,0.1149608178673069,01:20:44.00
4845,-18.488342,0.71183735,0.060240195455137,-0.05878040405604827,-0.010666001,0.025640219762994156,01:20:45.00
4846,-16.217556,0.80954653,0.18912485354306266,-0.0788852580093682,0.95968336,0.09730891604914126,01:20:46.00
4847,-14.897762,0.7796282,0.19445914030686684,0.020581717305045658,-0.32185322,0.14098036977000294,01:20:47.00
4848,-18.305967,0.69200647,0.02267270490478619,-0.006141404445119716,-0.70179296,0.02895445817114152,01:20:48.00
4849,-20.817524,0.6373494,-0.11657899284658516,-0.13639719729272287,-0.9304633,-0.10651279020403853,01:20:49.00
4850,-25.177416,0.63604754,-0.19520959239518484,-0.2749327844259751,-1.233847,-0.21373445626662357,01:20:50.00
4851,-29.181374,0.5998722,-0.3233076256417617,-0.39001903576790586,-1.0131863,-0.3395982227089329,01:20:51.00
4852,-30.999603,0.48427227,-0.586281943090514,-0.6358913698700036,-0.7332795,-0.596812865477868,01:20:52.00
4853,-33.464386,0.44914263,-0.7105957033300186,-0.812117941674669,-1.7315049,-0.7452942994837439,01:20:53.00
4854,-41.032677,0.3312267,-1.0273919761058565,-1.0738443638511501,-3.396281,-1.0450669207706238,01:20:54.00
4855,-54.65355,0.13048479,-1.5046975747098115,-1.3668107075406972,-5.292795,-1.4585019599383942,01:20:55.00
4856,-73.506874,0.01584376,-1.8404751993418016,-1.5065911136615946,-5.063233,-1.7401433027437059,01:20:56.00
4857,-80.0,0.0,-1.6243403188509227,-0.8605530186570384,-2.1144483,-1.394984130662512,01:20:57.00
4858,-80.0,0.0,-1.3862944909694646,-0.23969497230126544,-1.5839764,-1.0360894814719692,01:20:58.00
4859,-80.0,0.0,-1.2902104131318992,-0.037785628207292546,-1.5797857,-0.9177069470022077,01:20:59.00
4860,-80.0,0.0,-1.296635799542381,0.23432785196845055,-1.5797697,-0.790728211588722,01:21:00.00
4861,-80.0,0.0,-1.4479934278252486,0.2710984909749649,-1.4519975,-0.8189013644962408,01:21:01.00
4862,-78.62632,0.0002126174,-1.6690914019721694,-0.672924540628792,1.55346,-1.3188631564621842,01:21:02.00
4863,-58.154114,0.33102483,-0.7902427578725572,-0.1151092614621956,1.704022,-0.5598659288273491,01:21:03.00
4864,-57.305897,0.37051782,-0.5938784435954364,0.30138734820409324,-0.90831584,-0.2779380755439359,01:21:04.00
4865,-57.00244,0.31412336,-0.7948548323249842,-0.09709180700724539,-1.0576278,-0.5547399937552266,01:21:05.00
4866,-58.80496,0.2915461,-0.9154586589217905,-0.25258547327421915,-1.324532,-0.6843173617206967,01:21:06.00
4867,-59.49064,0.27873853,-0.8827565250160435,-0.10161516416615508,-0.7226419,-0.6073323896789122,01:21:07.00
4868,-57.029926,0.4064827,-0.45353402818531735,0.6583788703529347,-0.33678165,-0.047010002001070535,01:21:08.00
4869,-55.132618,0.46947652,-0.27998322710421975,0.9198781593261582,-0.7115824,0.1647485247495,01:21:09.00
4870,-56.440147,0.43270114,-0.3324590286360265,1.0141721738404634,0.4254648,0.1719428671331546,01:21:10.00
4871,-49.279858,0.98157924,0.5020191696989278,1.2988522092371897,-1.2591293,0.7926566741962078,01:21:11.00
4872,-53.23378,0.58358043,-0.07631875788925177,1.0620312539772137,0.22849289,0.3441298136582879,01:21:12.00
4873,-47.086296,0.8412514,0.3151952389612248,1.0587058925282142,0.088681795,0.5845798316060038,01:21:13.00
4874,-54.328518,0.5175588,-0.21951129294920935,1.0013678837547035,-2.9831831,0.23388214286249015,01:21:14.00
4875,-57.30813,0.37795818,-0.5109566502019426,0.7626895441175345,1.6687554,-0.03162071700815366,01:21:15.00
4876,-37.331604,1.4767525,1.2214418907241982,1.3029296498646,0.67482644,1.244048072462216,01:21:16.00
4877,-52.190315,0.6455983,0.10770607283913591,2.0091716502034744,-3.5302355,0.8736590759966937,01:21:17.00
4878,-57.501858,0.42805746,-0.35586069211321475,1.2125411586315105,0.14007322,0.2503579788731487,01:21:18.00
4879,-47.620228,0.7965437,0.1880461925372206,0.8097181367606779,0.6885788,0.40340550218669213,01:21:19.00
4880,-49.246986,0.50629914,-0.16755535199660346,0.7741954480555401,-2.0175235,0.16276704428549948,01:21:20.00
4881,-53.547955,0.1427199,-0.6469589469668854,0.553347892660993,-0.39009866,-0.24833113293756856,01:21:21.00
4882,-49.104458,0.1855802,-0.427848833640048,0.8410588657016533,-0.106339596,-0.009601196765600402,01:21:22.00
4883,-47.32641,0.4843999,0.07946782498956652,1.3634928201448895,-1.4178281,0.5145249445551973,01:21:23.00
4884,-50.923,0.14303616,-1.0602080388125534,-0.3603512860413216,-0.793642,-0.8057324311132656,01:21:24.00
4885,-49.530003,0.07951382,-1.2395344846582776,-0.7453433482939985,-0.5596671,-1.0587433615946822,01:21:25.00
4886,-48.49027,0.09858165,-1.2601757774432898,-0.8379546116019319,-1.1760955,-1.100660144131934,01:21:26.00
4887,-51.721153,0.20849706,-1.0821550017246182,-0.618417105608319,-1.1275948,-0.911684725178234,01:21:27.00
4888,-47.880444,0.17718259,-1.1390244356173254,-0.7792248625351834,0.026631502,-1.009333356102282,01:21:28.00
4889,-47.727478,0.12366685,-1.2734007909571323,-0.9207091581132947,-1.6119442,-1.1376753987498918,01:21:29.00
4890,-51.51421,0.08993306,-1.1141657063815116,-0.49265607154257757,-1.1161608,-0.9037220327955781,01:21:30.00
4891,-49.484596,0.14672633,-0.951994239831419,-0.28640373553054327,0.31952462,-0.7208877426794459,01:21:31.00
4892,-42.949425,0.2084425,-0.9184394225980483,-0.4862987920016538,-0.09582104,-0.759867710215773,01:21:32.00
4893,-45.152786,0.23985367,-0.8365762718307235,-0.30764454277195896,-1.1278014,-0.6505917903904315,01:21:33.00
4894,-45.36136,0.30963936,-0.8649974406407094,-0.5747133579666803,-0.51418215,-0.7646226280459402,01:21:34.00
4895,-43.917576,0.26018468,-1.0417778723201216,-0.8057933941576702,-0.6896412,-0.947626602756402,01:21:35.00
4896,-43.500687,0.259527,-1.0698758063781293,-0.892309548008647,0.30748612,-0.9999045125556038,01:21:36.00
4897,-35.006474,1.4623128,1.0434280515981584,0.7025525726249464,2.3331053,0.8992885561377043,01:21:37.00
4898,-32.249027,1.7648251,1.468815399387318,0.6303903691828872,-0.463778,1.1206958986897277,01:21:38.00
4899,-39.38019,1.3279146,0.678229787679629,-0.05394323323836477,-2.5106325,0.3605554597551936,01:21:39.00
4900,-49.59404,0.29121837,-1.105153196001891,-0.9228697816132337,-1.5860043,-1.0391668997461398,01:21:40.00
4901,-42.322292,1.0318781,0.2434613020829182,-0.0033444140195302546,3.0069404,0.1253665291561616,01:21:41.00
4902,-34.471912,1.4031829,0.9938540317227149,0.6190578599562363,-0.6087889,0.8254317481437754,01:21:42.00
4903,-41.93529,1.0225052,0.2481489252778147,-0.14405191815207818,-1.6912712,0.06518646873086699,01:21:43.00
4904,-45.46787,0.34978923,-0.9136949456189651,-0.8616096683264245,-1.532793,-0.9070223752904569,01:21:44.00
4905,-49.22177,0.17961742,-1.3535455854409055,-1.2964079561128252,-1.202919,-1.3370415412617247,01:21:45.00
4906,-46.06161,0.6493677,-0.480439362634915,-0.6009097904684324,2.3855371,-0.5395637370682604,01:21:46.00
4907,-32.247025,1.5759147,1.1976273906875314,0.5483689741250809,1.069866,0.9370263530209321,01:21:47.00
4908,-36.009113,1.3969342,0.8771148321772707,0.3936284930034866,-0.5131679,0.6795144725879577,01:21:48.00
4909,-37.532963,1.0609816,0.4238853703779567,0.2967635600836253,-0.44171476,0.36488362533600066,01:21:49.00
4910,-38.837673,0.92910695,0.16833227073492046,0.006485051382019555,-1.1331939,0.09496676621879237,01:21:50.00
4911,-45.148724,0.72190285,-0.1877017774184886,-0.145673009340506,-1.6136762,-0.1932588035886044,01:21:51.00
4912,-42.67004,0.91861796,0.024267987286826512,-0.28051456069822717,1.173746,-0.11230472009890255,01:21:52.00
4913,-43.832657,0.9038106,0.14840376077341802,0.2346054121259656,-2.2786286,0.16635420247508656,01:21:53.00
4914,-48.362827,0.18678255,-1.3442800577960858,-1.2864633667723893,-0.84538937,-1.3263166280274847,01:21:54.00
4915,-47.490788,0.17974526,-1.340673040932117,-1.2810632949994933,-0.79450846,-1.3220296998281589,01:21:55.00
4916,-47.910538,0.23423757,-1.2417111589708787,-1.200302234004121,0.11683409,-1.231399806245516,01:21:56.00
4917,-41.86336,0.38398445,-0.9424713648808296,-1.075471959433642,-0.21096952,-1.0007646406189512,01:21:57.00
4918,-40.960964,0.75655234,-0.21078232896014598,-0.326329502866691,1.8661721,-0.26704965258985114,01:21:58.00
4919,-29.409359,1.3289193,0.6362792744180472,-0.2702696428635271,1.423369,0.2775451563505053,01:21:59.00
4920,-29.546043,1.3770179,0.7886870303651686,-0.003277189087948305,-0.6511217,0.4742921153514824,01:22:00.00
4921,-39.097416,1.1080071,0.46895476547330905,0.45129281961152246,-3.117205,0.4512940537113664,01:22:01.00
4922,-46.769444,0.3027939,-1.0672105553431313,-0.9631984244552293,0.36052442,-1.0351984383418815,01:22:02.00
4923,-31.251429,1.4429195,0.8179937373630888,-0.12566818035211802,2.479807,0.4365563365351122,01:22:03.00
4924,-35.384846,1.2682309,0.5509204751580342,-0.11280929010743011,-1.4336997,0.2817207995528452,01:22:04.00
4925,-35.299995,1.2696011,0.5739071031358801,-0.11462871672850695,0.86688995,0.29080908232545455,01:22:05.00
4926,-36.52544,1.2192181,0.41800865293089734,-0.3377104580468624,-2.2223701,0.1088288530803206,01:22:06.00
4927,-46.83632,0.30570048,-1.0802514616496786,-1.0461505877307233,-1.9236934,-1.074567266014854,01:22:07.00
4928,-44.81158,0.5472307,-0.36464358253024765,-0.1393505479237648,1.0742342,-0.3014090985522839,01:22:08.00
4929,-39.990395,1.2758032,0.8272887664729613,0.8857889153561056,1.2079891,0.8431423326319046,01:22:09.00
4930,-31.882586,1.4303364,0.9285762718273717,0.2558738174863301,0.37300953,0.6603385256106391,01:22:10.00
4931,-40.2066,0.72879046,-0.12081934778043286,-0.07507484832614951,-1.3960571,-0.11486097866064274,01:22:11.00
4932,-36.92551,0.9018335,-0.014652820215288185,-0.4124029620693594,0.0892201,-0.1737977314017985,01:22:12.00
4933,-37.188576,0.83263683,-0.081495745498591,-0.3712877533882924,1.2178452,-0.1986486851937976,01:22:13.00
4934,-31.667112,1.3454366,0.7303005070945504,-0.05089483172794459,-1.0817122,0.411648396086916,01:22:14.00
4935,-43.54063,0.5343621,-0.6796672839024872,-0.8260837058455932,-0.94488925,-0.7440656444944824,01:22:15.00
4936,-36.327366,1.2998496,0.7458452809075691,0.22354903225570968,0.9289293,0.5244702709162311,01:22:16.00
4937,-32.05858,1.3397094,0.8805198909878631,0.4186812018129808,-0.05912001,0.6933580795538461,01:22:17.00
4938,-39.236385,0.8047819,-0.04184339014808489,-0.17290209367919374,-0.6196209,-0.10417893105194202,01:22:18.00
4939,-39.637955,0.9773356,0.24584773816200592,0.043213946514480496,-1.172415,0.14991735694011182,01:22:19.00
4940,-43.34311,0.8957994,0.07649729494664097,0.042565250521923795,0.17135589,0.0457163939860408,01:22:20.00
4941,-34.858925,1.0906055,0.3601888408723696,-0.04526018495415382,1.1643066,0.19439283854126926,01:22:21.00
4942,-39.076668,0.7527086,-0.2927504362567489,-0.6100363939575361,-0.5306075,-0.4243205435978522,01:22:22.00
4943,-30.352247,1.5623698,1.0082693680476518,0.0365207803526337,0.9394133,0.6204858511394044,01:22:23.00
4944,-34.795597,1.021618,0.18747366988749808,-0.32823036740253897,-1.733628,-0.022787331217001508,01:22:24.00
4945,-43.34435,0.4055311,-0.8720874132132551,-0.9352844362273105,-1.1769531,-0.9074568770338339,01:22:25.00
4946,-37.142036,1.0261916,0.12787454354664882,-0.5375307507739955,2.0937636,-0.1481086332327789,01:22:26.00
4947,-32.518475,1.5091846,1.0060637710286229,0.24623364347233664,-0.99989414,0.697489044333096,01:22:27.00
4948,-43.261,0.8087318,-0.18660891152573786,-0.4382073320717019,-2.0814967,-0.2981114098316516,01:22:28.00
4949,-45.437405,0.3660006,-0.8690134233462063,-0.6502180444166371,-0.7770638,-0.7880675024599669,01:22:29.00
4950,-43.022404,0.6915529,-0.21690471237673611,-0.12575886286232227,1.8346227,-0.1972553684829252,01:22:30.00
4951,-33.256382,1.5609012,1.208855822727219,0.7079612868774668,-0.0082687,1.0055121585739661,01:22:31.00
4952,-39.76592,1.1002227,0.5527201117909871,0.47215923479772,-1.2673153,0.49679892081215576,01:22:32.00
4953,-41.833214,0.47344545,-0.6253987289935661,-0.6151240587507978,0.32618076,-0.6351762832910467,01:22:33.00
4954,-33.777428,1.0607233,0.263213705090577,-0.3639692616731724,1.7090199,0.00407408702639382,01:22:34.00
4955,-31.12349,1.4939917,0.9421774970404742,-0.048052755988656534,0.14688456,0.5342844511357443,01:22:35.00
4956,-32.935364,1.4040505,0.7734500606559445,-0.09921900293219627,-0.79916966,0.4164141930584807,01:22:36.00
4957,-38.118107,0.9740415,0.11875656964492463,-0.33390696227121996,-1.7312448,-0.07444544614761743,01:22:37.00
4958,-42.701283,0.19778346,-1.2006569165300844,-1.1287421656863363,-0.98272556,-1.1734524741867796,01:22:38.00
4959,-42.513622,0.19043128,-1.2293131398574548,-1.1760236957743946,-0.6293406,-1.2087170520553565,01:22:39.00
4960,-42.223637,0.17829065,-1.242428384997532,-1.1894939539678482,-0.7218476,-1.2222726014574716,01:22:40.00
4961,-39.197422,0.97008806,0.2481367356619546,0.29285012442576003,1.3283596,0.2555598086492726,01:22:41.00
4962,-38.061386,1.6388627,1.2226526884814026,0.5485579900956188,-0.9164705,0.9341054710936684,01:22:42.00
4963,-42.355038,0.92725277,0.042189571118998785,-0.12706437165981038,-1.1027215,-0.03766394951339454,01:22:43.00
4964,-39.69709,1.199651,0.5003657493846324,0.018349190108376053,0.8303738,0.2913877084766917,01:22:44.00
4965,-44.22692,0.6853141,-0.020028518442046485,0.456805122095064,-2.0873432,0.1413626048207243,01:22:45.00
4966,-47.5781,0.2278773,-0.9299042591812231,-0.5997049801930318,1.4185362,-0.8229249034985833,01:22:46.00
4967,-31.60355,1.9748292,1.8289112707191972,0.8604729951667028,2.2083917,1.4256797459146147,01:22:47.00
4968,-31.410852,2.0090046,1.8976199764806994,0.9784930666444903,0.26907536,1.511427658869411,01:22:48.00
4969,-34.99201,1.6652275,1.29107791146383,0.5490024333896076,-0.8328306,0.9818618984262751,01:22:49.00
4970,-33.789932,1.4924806,1.0346821758291271,0.18074149284333502,1.2109371,0.6712120638601248,01:22:50.00
4971,-33.580627,1.7629827,1.4747845767430083,0.7038935069672907,-0.2628046,1.1530761310279236,01:22:51.00
4972,-39.441814,1.0784463,0.35869528639099296,0.0243926596885918,-1.8725448,0.20854383023026635,01:22:52.00
4973,-38.84015,0.80839944,-0.0700535686589934,-0.38742624930344,1.9828713,-0.21355162437918332,01:22:53.00
4974,-31.680843,1.7745471,1.5094092514432462,0.598737725238487,0.7418944,1.1250334700520317,01:22:54.00
4975,-32.352722,1.7654961,1.402200452034979,0.2755201467688607,-0.023459384,0.9319459314845715,01:22:55.00
4976,-31.835577,1.4771737,1.0861824612498545,0.53139779502808,0.7384265,0.8498108869335741,01:22:56.00
4977,-34.968727,1.7259957,1.4423429587267154,0.7334602191923655,-0.09961341,1.1357616103127823,01:22:57.00
4978,-31.6313,1.6142153,1.2702104548859205,0.547014681352713,-0.24957408,0.9682322926485529,01:22:58.00
4979,-38.22364,1.2236737,0.6609235587241415,0.3276067548468902,0.19103059,0.5027111205375432,01:22:59.00
4980,-32.242374,1.7491378,1.4532381265556944,0.5630123033061273,1.2841051,1.0807469246522268,01:23:00.00
4981,-32.17178,1.4693009,1.0519387717510058,0.4347964586688831,-1.4116777,0.7907002923888128,01:23:01.00
4982,-39.480434,0.55463225,-0.5621544752640016,-0.6028322192111469,-0.21260606,-0.580327784501375,01:23:02.00
4983,-35.90081,1.20588,0.5427401513370632,-0.03097665740658519,-0.3127026,0.3018526340413292,01:23:03.00
4984,-39.878304,0.98442787,0.4013666841185815,0.4181218162222909,-1.1618257,0.38028953124198933,01:23:04.00
4985,-43.455627,0.48504046,-0.5605254991654226,-0.16435710453311925,-1.5300212,-0.40986480863352875,01:23:05.00
4986,-45.92465,0.15246336,-1.3414960147301045,-1.2450830742995802,-1.1354102,-1.305242709434428,01:23:06.00
4987,-45.880375,0.16438806,-1.3318440048922846,-1.2618562124463553,-0.11783772,-1.3058345536085063,01:23:07.00
4988,-41.83552,0.3586872,-0.5567239010869608,-0.2423137395705297,0.15309745,-0.45932455702955777,01:23:08.00
4989,-40.164204,0.26163957,-0.6091850134621328,-0.1195903912120761,-0.38428426,-0.44209062502255225,01:23:09.00
4990,-39.692055,0.44963375,-0.4358085847906961,-0.25518854148075276,-0.22083808,-0.38800764495568907,01:23:10.00
4991,-35.31308,0.9855977,0.3299626251845158,-0.03341010742678483,0.8664614,0.16346604330584805,01:23:11.00
4992,-38.50137,0.93653184,0.23248846466714312,-0.005041738626346545,-0.4736803,0.11439253601593143,01:23:12.00
4993,-30.21157,1.6066636,1.3478420094113275,0.8358382951392557,1.9994597,1.1366284938286275,01:23:13.00
4994,-32.57728,1.3794879,1.0619423120852785,0.8006447929537264,-1.294061,0.9435032821319005,01:23:14.00
4995,-38.186054,0.9148111,0.14048742821135818,-0.12621698103226414,-1.738639,0.01971656262232379,01:23:15.00
4996,-42.538467,0.37493685,-0.7110257867997827,-0.5772434068692568,-0.74921906,-0.6733254923081965,01:23:16.00
4997,-39.208603,0.8751257,-0.0514602577333289,-0.46386314412607954,-0.23409045,-0.22510268812384526,01:23:17.00
4998,-43.800842,0.62597436,-0.3057000767722334,-0.24535795177057543,0.36909923,-0.30594270345837243,01:23:18.00
4999,-35.659363,1.5857102,1.3649296283980787,1.07361560875901,-0.37582037,1.224713193459056,01:23:19.00
5000,-43.92565,0.72705483,-0.15922367240119686,-0.09520563859585467,-2.0041685,-0.1517169050036986,01:23:20.00
5001,-48.52553,0.34671876,-0.860842043060417,-0.6221050663990593,-1.6890721,-0.7846061486274377,01:23:21.00
5002,-50.79729,0.40108815,-0.5861013265671797,-0.05909617234719068,1.0611085,-0.4121624173293697,01:23:22.00
5003,-38.447887,1.4592992,1.1706709419639671,1.0714774420644195,-0.32850692,1.1046590003992551,01:23:23.00
5004,-45.694813,0.65693396,-0.3153396716591679,-0.31316142525696256,-0.26535133,-0.3399703346594201,01:23:24.00
5005,-45.466213,0.34878483,-0.7889573410493388,-0.5584319923408243,-1.5015507,-0.7159164713670829,01:23:25.00
5006,-47.407055,0.47184965,-0.4698941406985113,-0.1370224184059169,-0.7684277,-0.37024981959669473,01:23:26.00
5007,-48.317276,0.4594971,-0.54228790280542,-0.19744095661551891,-0.8029268,-0.43434401214245716,01:23:27.00
5008,-45.000626,0.95564264,0.20628126790874815,0.08681129598436033,1.0458076,0.12633320455403926,01:23:28.00
5009,-42.6644,0.84666246,-0.015350775632233134,-0.12207516895413455,-0.846459,-0.07650049504818189,01:23:29.00
5010,-44.185055,0.3945964,-0.5152462798497398,-0.10939667242173134,-0.5052092,-0.3856166657870222,01:23:30.00
5011,-44.936905,0.3438236,-0.5236341581839229,-0.019171495257275246,-0.9534009,-0.36465427174539367,01:23:31.00
5012,-43.77914,0.3799195,-0.6421705843324621,-0.37131895240258367,-0.6290989,-0.5584744382883566,01:23:32.00
5013,-46.293392,0.32639414,-0.7495077545901718,-0.38279034998515543,-0.9259674,-0.6295831982864512,01:23:33.00
5014,-45.043087,0.3250328,-0.8293452715300358,-0.5981246021846738,-0.038042717,-0.755077180858778,01:23:34.00
5015,-42.165142,0.27142844,-0.9466918960320001,-0.7365413597682131,1.0298886,-0.8687691092646589,01:23:35.00
5016,-33.644714,1.7199013,1.4309249707983742,0.7120555143484595,0.6257922,1.1272064086477132,01:23:36.00
5017,-36.17365,1.6206582,1.1081744667861462,0.2913527623016044,-1.4567527,0.7737173876411192,01:23:37.00
5018,-46.236134,0.37019727,-0.8905605754909391,-0.7255740538008918,0.64873654,-0.8320270508740748,01:23:38.00
5019,-30.006561,1.734023,1.662914451175665,1.3848377155426101,1.6814615,1.549732449330836,01:23:39.00
5020,-34.44645,1.2031647,0.6521609389952834,0.2593643742783293,-2.2013505,0.4849455174639808,01:23:40.00
5021,-43.211147,0.88902444,0.03956112727937872,-0.10770386576759494,0.40432838,-0.03622810014212786,01:23:41.00
5022,-36.26108,1.5892715,1.3325824050222488,1.2607574506845198,-1.7804383,1.3063725817133651,01:23:42.00
5023,-51.798367,0.20438467,-1.2885014494825389,-1.1340772467926463,-2.77028,-1.2359501445075651,01:23:43.00
5024,-53.41511,0.17529203,-1.3775801759169422,-1.266109102978229,-1.1146446,-1.3448440648068043,01:23:44.00
5025,-53.27271,0.17831236,-1.35849080599512,-1.2282191857470364,-1.0149746,-1.3183208542794667,01:23:45.00
5026,-54.221878,0.1639078,-1.4176153838897734,-1.2588418613565195,-1.3477494,-1.3623444816763561,01:23:46.00
5027,-53.707497,0.1316072,-1.4527041352983205,-1.1896087701136746,-0.87416315,-1.3537195497651804,01:23:47.00
5028,-57.738457,0.083226874,-1.5303971150888727,-1.1921794120736657,-2.246567,-1.4088064015549133,01:23:48.00
5029,-58.866543,0.08844376,-1.390747104615876,-0.9420206718280081,-1.0405296,-1.2372712672240305,01:23:49.00
5030,-59.165817,0.11040261,-1.423801292988628,-1.062637011293903,-0.6363715,-1.303760835536501,01:23:50.00
5031,-51.96698,0.20697975,-1.2680767506512483,-1.0494614586958053,2.1418889,-1.1907966486757593,01:23:51.00
5032,-40.836685,0.14922805,-1.0853846992612084,-0.8039635773623158,1.0949104,-0.9772876573763369,01:23:52.00
5033,-35.70771,0.17981763,-0.926885301779377,-0.6766935619050787,0.7029562,-0.830271131933968,01:23:53.00
5034,-31.80813,0.19148469,-0.8925102903155437,-0.6826391775396822,-0.18573026,-0.8049930237169785,01:23:54.00
5035,-32.83751,0.30452463,-0.7402329714149711,-0.6370916782516594,-0.93094677,-0.6994235928164095,01:23:55.00
5036,-35.09202,0.34182432,-0.6288276905529124,-0.49911067226751926,-1.1049193,-0.5901534673407691,01:23:56.00
5037,-37.569042,0.20977426,-0.8813985231168786,-0.6325296569833515,-1.0779291,-0.7908994116655872,01:23:57.00
5038,-38.313774,0.17256151,-0.9133297097760423,-0.5987024336770311,-0.67679644,-0.7987900606744565,01:23:58.00
5039,-38.04767,0.21996135,-0.8562621877888825,-0.5965343561425283,-0.73789793,-0.764515872641936,01:23:59.00
5040,-39.667324,0.22835368,-0.7998256905240151,-0.5020624060689838,-1.6483312,-0.7031023916219277,01:24:00.00
5041,-45.56078,0.18162912,-0.9512414434036208,-0.5669775754201606,-2.0609565,-0.8221363847314341,01:24:01.00
5042,-47.083492,0.20503843,-1.0107033767669158,-0.6769236698184807,-0.6918888,-0.8958217465090956,01:24:02.00
5043,-48.364132,0.14574572,-1.1121109110953058,-0.7044582147522256,-1.973502,-0.9684945631118862,01:24:03.00
5044,-53.61111,0.15451935,-1.1888453966323025,-0.7778350143442634,-1.2910726,-1.0510438863513794,01:24:04.00
5045,-49.869152,0.28225344,-0.7858926439284842,-0.35291608445585954,0.009706841,-0.6502196155278879,01:24:05.00
5046,-50.560524,0.2496954,-0.6784772389588243,0.018895733786938172,-1.6123095,-0.4512390782805426,01:24:06.00
5047,-53.18464,0.22979617,-0.7595120121704664,-0.015790784768318963,-1.3478416,-0.513384057498503,01:24:07.00
5048,-54.58864,0.2167082,-0.9184457955370334,-0.3645494531171675,-0.6602406,-0.7438672909277515,01:24:08.00
5049,-48.15269,0.3590278,-0.6168624082791964,-0.1376287996353062,1.7165813,-0.46330754079570136,01:24:09.00
5050,-38.52261,1.1378226,0.7242006020367803,0.870253933967963,-0.01690569,0.7555302975107377,01:24:10.00
5051,-51.10177,0.51684254,-0.3699485133293544,0.19748172877035747,-3.5129447,-0.18450856482624436,01:24:11.00
5052,-52.725677,0.11551764,-1.248195418873551,-0.7658490265779964,-0.7718735,-1.0760518820316811,01:24:12.00
5053,-56.995163,0.048248813,-1.620207334488657,-1.299689695054007,-2.5752783,-1.5025464801896333,01:24:13.00
5054,-58.93013,0.041865636,-1.6538761824108974,-1.3387471776059388,0.10573344,-1.5407616716356012,01:24:14.00
5055,-48.62655,0.13333572,-1.3888185096318346,-1.197687307962403,0.52490234,-1.3200609753380517,01:24:15.00
5056,-48.63444,0.08179035,-1.4646013474251525,-1.1891560419601654,-0.94972795,-1.3573896255035338,01:24:16.00
5057,-50.669445,0.08527711,-1.5163992896881158,-1.2783884431732118,-1.567331,-1.422540912160193,01:24:17.00
5058,-49.756954,0.12563592,-1.4746059668321072,-1.4087213499672901,0.48258662,-1.4540329884247818,01:24:18.00
5059,-41.643135,0.20983933,-1.22688581265973,-1.1911856419349525,0.9282393,-1.2099953077088519,01:24:19.00
5060,-37.962822,0.18822537,-1.1890327491561008,-1.1268135619099606,0.3038429,-1.1601796428617126,01:24:20.00
5061,-33.951553,0.2556535,-1.0264225738491957,-1.0406957236215753,0.31907952,-1.0263638760874463,01:24:21.00
5062,-32.321648,0.3675481,-0.8350876977299426,-0.9254131906468549,0.039032593,-0.8634578667713744,01:24:22.00
5063,-29.62228,0.4585465,-0.6553040546100755,-0.8216069933138679,0.5012773,-0.7130801456177057,01:24:23.00
5064,-26.283106,0.5382513,-0.4796613456104821,-0.6849795384897601,0.37329563,-0.5490316446946031,01:24:24.00
5065,-25.09222,0.6749919,-0.24186821109482604,-0.5173429650624944,0.38789448,-0.33791719655862096,01:24:25.00
5066,-22.878355,0.6823624,-0.17891923164070314,-0.4217933366823383,0.33903173,-0.25946456091489306,01:24:26.00
5067,-22.221785,0.68373466,-0.16958126259880968,-0.43122114466148515,0.12387507,-0.25842604220909926,01:24:27.00
5068,-21.268398,0.6719832,-0.17985943817293693,-0.42022710939447055,0.02570521,-0.25762754912233526,01:24:28.00
5069,-21.381895,0.6486371,-0.2250280337272422,-0.45851774948678353,0.011755932,-0.2999284056111706,01:24:29.00
5070,-21.945621,0.6630395,-0.2173307862734946,-0.4739244076004522,-0.3615718,-0.30219236629251633,01:24:30.00
5071,-23.662102,0.611065,-0.3012846091002499,-0.512672411367104,-0.27857688,-0.3726452746558958,01:24:31.00
5072,-23.048794,0.62015814,-0.2865544378466931,-0.49821754368059096,-0.3693243,-0.35471354491270535,01:24:32.00
5073,-24.977081,0.5390272,-0.4410791131069173,-0.6765856999799831,-0.43482137,-0.5265785543454179,01:24:33.00
5074,-25.10462,0.5674066,-0.41917970560010454,-0.6713633103387986,0.11814721,-0.5084923871270851,01:24:34.00
5075,-24.87955,0.5242366,-0.46248310358104217,-0.6458874577552721,-0.31934685,-0.5243595489430779,01:24:35.00
5076,-25.042759,0.5271118,-0.4467613731057488,-0.6158412267043275,-0.11909812,-0.5036518283826931,01:24:36.00
5077,-23.669626,0.6151418,-0.3085276601603077,-0.5694741094076465,0.053812847,-0.40093560955288476,01:24:37.00
5078,-23.956812,0.51980716,-0.45011617382917146,-0.6495837359246415,-0.21855928,-0.5202152988625856,01:24:38.00
5079,-24.838537,0.49957493,-0.49950969314828514,-0.6647087290686571,0.9742824,-0.5540989023364603,01:24:39.00
5080,-16.842033,0.6616023,-0.15442553494214992,-0.5247464114806,0.065456316,-0.2854549381874876,01:24:40.00
5081,-21.638008,0.55124056,-0.3901422100364077,-0.6523935912780338,-0.71406245,-0.48238775202013645,01:24:41.00
5082,-21.774754,0.5505782,-0.38117393961240825,-0.5999240246146226,-0.03439528,-0.45554344977762096,01:24:42.00
5083,-22.38316,0.46254295,-0.5235838914239533,-0.6737719756956351,-0.32118177,-0.5698261168079949,01:24:43.00
5084,-23.031462,0.4534726,-0.5397612522975427,-0.6827327019847966,-0.089931004,-0.5844130869859178,01:24:44.00
5085,-20.957413,0.66532683,-0.20160173528413036,-0.5204159352908128,0.1349378,-0.31520166308189523,01:24:45.00
5086,-22.153994,0.6767851,-0.14841940347731272,-0.4012843883428332,-0.29879,-0.23908567380136087,01:24:46.00
5087,-22.761726,0.6891349,-0.13600253635296386,-0.4088682450844716,-0.16686486,-0.23641499710815186,01:24:47.00
5088,-23.544981,0.64888746,-0.22750886036484216,-0.4933712203128129,-0.20703992,-0.3244745240616509,01:24:48.00
5089,-22.635347,0.6483696,-0.23162642197146097,-0.5669750658008382,0.4475144,-0.35766551488058523,01:24:49.00
5090,-21.47365,0.6003636,-0.27186576505093907,-0.5344322141528693,-0.27053425,-0.3665134116178191,01:24:50.00
5091,-22.834263,0.55624044,-0.35636600221922693,-0.5403780523971494,-0.3560233,-0.4176937681259016,01:24:51.00
5092,-24.041103,0.59030896,-0.31885810910668744,-0.5590779474805451,-0.13102324,-0.4058284243379667,01:24:52.00
5093,-22.079964,0.60488325,-0.27134363582578663,-0.537463473586737,0.30975518,-0.3668418088517175,01:24:53.00
5094,-21.692194,0.6277645,-0.2608471583780823,-0.5385934094761576,-0.2664263,-0.35621898064378166,01:24:54.00
5095,-23.199017,0.53071827,-0.42541688770565056,-0.6155143246949866,-0.30697164,-0.4874195961051619,01:24:55.00
5096,-23.778875,0.53671205,-0.44127184335155994,-0.6623544806928593,-0.5206488,-0.516290974743428,01:24:56.00
5097,-25.355461,0.5004059,-0.5163144580269186,-0.6979019856292235,-0.13803187,-0.5770023163479965,01:24:57.00
5098,-22.89675,0.5097307,-0.4777473140271027,-0.6938164200225576,0.4312259,-0.5502143094360268,01:24:58.00
5099,-21.295105,0.46942613,-0.5176575819054585,-0.6957768169991839,0.32869196,-0.5724528699563891,01:24:59.00
5100,-20.192442,0.46274394,-0.5186738934007789,-0.7210790146405377,-0.19524352,-0.5831599642200374,01:25:00.00
5101,-21.04591,0.4221246,-0.5923540333814674,-0.7408390098911402,-0.45732045,-0.6344013803890693,01:25:01.00
5102,-23.071342,0.38903192,-0.6563768236850567,-0.7699861885324847,-0.63523537,-0.6860799099701701,01:25:02.00
5103,-24.484089,0.33372238,-0.747563732758106,-0.7968882458501585,-0.7673687,-0.752374883123655,01:25:03.00
5104,-24.919739,0.2970038,-0.8011464502252056,-0.8187549302505343,-0.42936504,-0.7937133014141047,01:25:04.00
5105,-27.027042,0.23278281,-0.9263947916739875,-0.8883156622137487,-0.80737245,-0.8983342514925222,01:25:05.00
5106,-27.875715,0.1885191,-1.0038214127051697,-0.9239041630537788,-0.80627966,-0.9590984836927186,01:25:06.00
5107,-28.57102,0.32478023,-0.8451117779802251,-0.9235540466679408,0.098973915,-0.8643831971854096,01:25:07.00
5108,-25.426466,0.21296442,-0.9193759112503649,-0.7407255425364602,-0.022455225,-0.8320106985077549,01:25:08.00
5109,-26.833254,0.2034276,-0.9607727294381349,-0.7816076290360466,-1.3054177,-0.8740023232536624,01:25:09.00
5110,-30.82044,0.18267573,-1.0657789106439994,-0.8997889843799861,-1.0623233,-0.9882542894786949,01:25:10.00
5111,-31.799189,0.21785659,-1.0308690277328116,-0.8742900556083014,-0.84769875,-0.9564020563156611,01:25:11.00
5112,-33.17861,0.19873588,-1.081557643243691,-0.8909770739381613,-0.54255843,-0.9926711115946781,01:25:12.00
5113,-31.8766,0.18341488,-1.0740155705172603,-0.8561849349111853,-0.14170752,-0.9737837762379964,01:25:13.00
5114,-31.826109,0.3024948,-0.9000405881051685,-0.7435942768108379,-0.4860667,-0.8225601755413035,01:25:14.00
5115,-29.473,0.28861934,-0.8815315702514472,-0.7382693187404398,0.23470356,-0.8099756133332146,01:25:15.00
5116,-29.653923,0.16419005,-1.0402782398801935,-0.7489511076012758,-1.3670515,-0.91054807064367,01:25:16.00
5117,-34.16593,0.19547363,-1.0866946189173865,-0.843664523472007,-0.6692484,-0.9777589974629524,01:25:17.00
5118,-31.593744,0.16233307,-1.082326021553541,-0.8038531729244878,-0.30493414,-0.9582621470161617,01:25:18.00
5119,-32.410152,0.24241842,-0.9902494355460154,-0.7920126391793718,-0.6158283,-0.8990233823477127,01:25:19.00
5120,-32.357265,0.17025821,-1.0852945850017983,-0.8168952837679437,-0.65067255,-0.9661582603674801,01:25:20.00
5121,-32.485607,0.15170147,-1.11113827110276,-0.8291474299549337,0.49685058,-0.9871650023678441,01:25:21.00
5122,-26.116692,0.25614753,-0.8542556315390556,-0.6454849249591834,-0.19188194,-0.7555630565431027,01:25:22.00
5123,-28.694977,0.29443017,-0.8536332209362466,-0.7031145495553844,-0.5622243,-0.7795917504895201,01:25:23.00
5124,-31.07862,0.18639274,-1.031269346855519,-0.7555887130014145,-1.5528008,-0.9089284429059566,01:25:24.00
5125,-34.45086,0.209835,-1.0651884413767159,-0.8419980887017849,-0.70536965,-0.9668576914991078,01:25:25.00
5126,-31.964409,0.19825083,-1.042987251112921,-0.8210606319947615,0.043743733,-0.943445384201767,01:25:26.00
5127,-31.338833,0.2597474,-0.946707821667795,-0.7524731781129442,-0.27136204,-0.8560752140652994,01:25:27.00
5128,-30.42932,0.28397146,-0.8874247054530161,-0.6770678301874752,-1.0430541,-0.7887631874160387,01:25:28.00
5129,-33.501522,0.24436383,-0.9963913171429586,-0.7778849385074259,0.50175905,-0.8977272514566268,01:25:29.00
5130,-27.498682,0.2935931,-0.8180540465671512,-0.6213744883401147,-0.20983528,-0.7255415948537348,01:25:30.00
5131,-29.465488,0.27168554,-0.9001160763329163,-0.7354881983831604,-1.0785102,-0.8210104401666825,01:25:31.00
5132,-31.591301,0.18567356,-1.0448133046103338,-0.787449932099282,-0.73987246,-0.9312568351923431,01:25:32.00
5133,-33.18025,0.18523195,-1.0734848237728576,-0.8174463171724242,-0.6467464,-0.9614001718512651,01:25:33.00
5134,-30.363,0.291283,-0.8920098714397994,-0.7862723122898939,0.966316,-0.8399181271101182,01:25:34.00
5135,-25.966051,0.27366948,-0.8240482052945997,-0.6235902054162565,-0.75721776,-0.7285055082098911,01:25:35.00
5136,-30.404177,0.21707785,-0.9806959126221907,-0.7459257757317108,-1.1268301,-0.8751976036999187,01:25:36.00
5137,-31.433298,0.28905678,-0.912698947027682,-0.8058836198177048,0.3021789,-0.8607802988493294,01:25:37.00
5138,-26.964872,0.18567374,-0.9572524768314681,-0.6486930292102812,-0.76088566,-0.8181709406588681,01:25:38.00
5139,-31.134851,0.18984021,-1.0364598715337223,-0.7928398055546513,-1.0748487,-0.928188297649831,01:25:39.00
5140,-32.261257,0.16738693,-1.0846197960656283,-0.8167654081604017,-0.61792266,-0.9668888871036644,01:25:40.00
5141,-32.288876,0.24592324,-0.9798051327047569,-0.7806339159413576,-0.16780177,-0.8892290016214344,01:25:41.00
5142,-28.628744,0.294778,-0.8582036745341314,-0.7559227984734974,0.97291434,-0.8042428333944677,01:25:42.00
5143,-24.175474,0.6048628,-0.29579600012057605,-0.4777977019154787,0.8170151,-0.35529042804939776,01:25:43.00
5144,-20.495502,0.7748455,0.05346970442499843,-0.2069134321093813,0.52025604,-0.03580366486796037,01:25:44.00
5145,-20.847452,0.59191936,-0.18424330565810046,-0.19174294460626373,-0.4574374,-0.1705945463149113,01:25:45.00
5146,-22.441925,0.53392905,-0.33046722167914916,-0.32168571288902625,-0.85274106,-0.3084433585983433,01:25:46.00
5147,-27.346516,0.49533933,-0.4720453170625477,-0.4593418500515018,-0.9112173,-0.4541664537477245,01:25:47.00
5148,-27.388153,0.4707293,-0.5233471798061501,-0.4923881873080609,-0.8330054,-0.49674810177495604,01:25:48.00
5149,-30.383709,0.30320057,-0.8455261200943365,-0.7039090408967588,-0.6003301,-0.7762379425252646,01:25:49.00
5150,-30.65403,0.23055321,-0.971201790058872,-0.7681373243943949,-0.47706077,-0.8761896506148532,01:25:50.00
5151,-29.873522,0.2719571,-0.9194490117531773,-0.8045846901420324,-0.27191722,-0.8614676418359526,01:25:51.00
5152,-29.81056,0.26192662,-0.913076319466188,-0.7128799511897094,-0.24496163,-0.8190016237071829,01:25:52.00
5153,-26.413738,0.27019626,-0.8424758907593867,-0.672849555607504,-0.11166816,-0.7610398606861162,01:25:53.00
5154,-31.25783,0.18639083,-1.0413691286823796,-0.7985939373348031,-1.4181378,-0.933730695177959,01:25:54.00
5155,-31.670847,0.23193268,-0.9976871448021931,-0.8199304195541425,-0.40979877,-0.9156394132636584,01:25:55.00
5156,-31.152397,0.2085288,-1.0144811500462003,-0.8017604080304456,-0.6080008,-0.9184843188461638,01:25:56.00
5157,-30.857277,0.1633809,-1.072859521546157,-0.831717554576545,-0.34383258,-0.9661298695435518,01:25:57.00
5158,-32.5381,0.17211413,-1.0849933618998049,-0.8184802995101181,-0.636156,-0.9676237527900612,01:25:58.00
5159,-29.221296,0.3332686,-0.8166260571391871,-0.7275410648753119,1.1537883,-0.76739793411201,01:25:59.00
5160,-23.79312,0.20719051,-0.875847433356801,-0.5997475154227779,-1.1501195,-0.7481808547073113,01:26:00.00
5161,-32.34776,0.2171664,-1.0217373616418863,-0.7987611475768241,-1.1041793,-0.9215352310780559,01:26:01.00
5162,-29.950579,0.3263909,-0.8439556820807139,-0.8149437309218459,0.7611941,-0.8239589828741202,01:26:02.00
5163,-24.027967,0.26336476,-0.8006411122033193,-0.5831087300770501,-0.46444964,-0.6970374703077967,01:26:03.00
5164,-30.721376,0.23151338,-0.9740636915531907,-0.7586405158009081,-1.623486,-0.8743065743823691,01:26:04.00
5165,-31.2591,0.19142137,-1.040164620807838,-0.8275088710435565,0.5712968,-0.9455485697589936,01:26:05.00
5166,-23.868633,0.31550848,-0.7515141434245118,-0.7193894207803586,0.13053034,-0.727014395401227,01:26:06.00
5167,-28.007492,0.19653092,-0.9760727639591478,-0.758845960540868,-1.122996,-0.875870904131915,01:26:07.00
5168,-28.809069,0.1765847,-1.0185536702086377,-0.7810601512165691,-0.6818773,-0.9104239002670312,01:26:08.00
5169,-30.54734,0.20552576,-1.0115675461071256,-0.7929819265555068,-0.64141154,-0.9110076064574488,01:26:09.00
5170,-29.65339,0.24139029,-0.9507699088786055,-0.7879332693684947,-0.63295877,-0.8730036508095992,01:26:10.00
5171,-30.873915,0.16782407,-1.0657574368530263,-0.8071501116534245,-0.5654209,-0.9500012346336134,01:26:11.00
5172,-30.636625,0.24039195,-0.9818517765932655,-0.8736604870368146,-0.17297383,-0.9282509278895347,01:26:12.00
5173,-29.66815,0.12643924,-1.1208427143875825,-0.9132300112874504,-0.7586802,-1.0274560983117074,01:26:13.00
5174,-32.65877,0.08766746,-1.2273248056425565,-0.974997076807867,-1.616281,-1.1163892376979998,01:26:14.00
5175,-36.28037,0.09224162,-1.2884351257226931,-1.0753110983728262,-1.2582328,-1.196899755703452,01:26:15.00
5176,-37.995113,0.08514026,-1.3325110706048056,-1.1215914622530223,-0.9524151,-1.2426687946880568,01:26:16.00
5177,-37.74159,0.0952698,-1.3219107709903621,-1.1354432959351095,-0.4720306,-1.2413321168874718,01:26:17.00
5178,-37.563072,0.07208383,-1.347575344941244,-1.1331609982047188,-0.36075908,-1.255905904737746,01:26:18.00
5179,-36.06093,0.27672952,-1.0280110758849954,-0.9163929576344099,-0.41838643,-0.9718701054039548,01:26:19.00
5180,-30.989199,0.21331696,-1.0129137640200554,-0.8089038793048292,0.06912597,-0.9178923690181482,01:26:20.00
5181,-38.592094,0.116934754,-1.289430277225399,-1.0548028216219165,-2.5696647,-1.1878518968254366,01:26:21.00
5182,-41.731606,0.10812919,-1.3618637436300316,-1.1471650725233555,-1.1893021,-1.2710041733944781,01:26:22.00
5183,-42.747864,0.086631306,-1.408290877087634,-1.1963919172150248,-1.1013423,-1.3210272689058549,01:26:23.00
5184,-44.707836,0.07150739,-1.4589868258727767,-1.189791387169444,0.7359882,-1.3466466021032144,01:26:24.00
5185,-31.626524,0.24846882,-0.9628939394689472,-0.7679122634110238,-0.6019372,-0.8736566281570002,01:26:25.00
5186,-42.63548,0.08608928,-1.370735715587993,-1.0145468507719766,-1.8806581,-1.2220091806388034,01:26:26.00
5187,-43.26854,0.075686246,-1.4028608016062705,-1.0732493832578929,-1.9909438,-1.265503680487719,01:26:27.00
5188,-47.925053,0.0793505,-1.4857788069084845,-1.1618141855497175,-0.8097134,-1.3504208323109197,01:26:28.00
5189,-45.193077,0.056341708,-1.4667429142625232,-1.125187059660857,-1.019391,-1.3250968600326933,01:26:29.00
5190,-47.361927,0.058253832,-1.5058207837455058,-1.1858770984664802,0.15878567,-1.3739141172334286,01:26:30.00
5191,-37.484837,0.1201304,-1.262082703856705,-1.1058732434910878,1.10561,-1.195231401428906,01:26:31.00
5192,-34.79381,0.21232581,-1.0888625193935288,-1.0517624499808105,1.08593,-1.0699336131947854,01:26:32.00
5193,-25.554508,0.29808465,-0.8038067528373315,-0.8065873530082928,1.6077827,-0.7920445835248571,01:26:33.00
5194,-20.851961,0.33980858,-0.6481619994530816,-0.6638137500054085,0.5622607,-0.6388549294858318,01:26:34.00
5195,-19.88771,0.35742274,-0.610718179054646,-0.6384326946689597,-0.85339683,-0.6038417489949893,01:26:35.00
5196,-22.477503,0.26814094,-0.7813539041866082,-0.7350864967356024,-0.3741355,-0.7482398414326966,01:26:36.00
5197,-22.536646,0.257998,-0.8077825664845999,-0.7636778403823026,-0.55388063,-0.7752664537661793,01:26:37.00
5198,-25.80198,0.28683096,-0.8286484083411753,-0.8396154771053606,-0.9593648,-0.8216881579029532,01:26:38.00
5199,-24.165785,0.27439687,-0.8233073480081043,-0.8248101831435876,0.70197976,-0.8102842516008187,01:26:39.00
5200,-20.74446,0.27035567,-0.7617460591218268,-0.7312001617893847,-0.25268066,-0.7324127278566626,01:26:40.00
5201,-24.202892,0.3039028,-0.7567210137467666,-0.750698411176271,-0.96673524,-0.7418745418913322,01:26:41.00
5202,-24.556902,0.34454176,-0.6953924602860845,-0.7191587515913186,0.36160094,-0.6937892205472245,01:26:42.00
5203,-20.531487,0.350509,-0.6320605489799923,-0.6662738156839372,0.029329078,-0.6293650967794903,01:26:43.00
5204,-21.074827,0.30697054,-0.7002897915798415,-0.6827642496195098,0.36704996,-0.6771526310895708,01:26:44.00
5205,-17.409973,0.2794847,-0.6727856711859418,-0.600750469297897,0.11864276,-0.6236846078570407,01:26:45.00
5206,-21.085701,0.29826593,-0.7074182394018744,-0.6697261173302471,-2.0578783,-0.6763760689117093,01:26:46.00
5207,-26.481909,0.33852807,-0.7464147424233847,-0.7705107614254334,-1.2071438,-0.7447148127395836,01:26:47.00
5208,-28.882097,0.31867495,-0.8133683993819936,-0.8175557840020407,0.23258476,-0.8063179818744822,01:26:48.00
5209,-25.012772,0.29228684,-0.7908305638560857,-0.7612361410218347,0.26730654,-0.7654575983189301,01:26:49.00
5210,-21.26214,0.29978517,-0.7194961836700147,-0.704147787596275,0.9564842,-0.6972957604990777,01:26:50.00
5211,-19.52954,0.31427452,-0.671073672498967,-0.6766852793199412,-1.34591,-0.6564480658019333,01:26:51.00
5212,-26.121202,0.30639696,-0.7918735946623383,-0.8148240062935286,-1.2456927,-0.7914584969996494,01:26:52.00
5213,-28.168684,0.32738724,-0.8041700842044276,-0.8605455645725972,-0.07523809,-0.8184117641349087,01:26:53.00
5214,-23.179607,0.2842616,-0.7785100954740227,-0.7726420540523146,0.5878917,-0.7627074776582231,01:26:54.00
5215,-24.031239,0.29707876,-0.7788289846243732,-0.7754555367286304,-1.372548,-0.7636758856172594,01:26:55.00
5216,-28.812088,0.29097083,-0.8701416819235491,-0.8749525818912772,-0.9388387,-0.8626670771313519,01:26:56.00
5217,-27.326286,0.28299907,-0.8632891059315795,-0.8811020332716094,0.12023092,-0.8602433486516949,01:26:57.00
5218,-30.088947,0.17892446,-1.055051126363168,-0.9710458987034557,-4.3787503,-1.0128767804538803,01:26:58.00
5219,-56.523296,0.02382645,-1.7364692803944781,-1.596017512875609,-8.7945595,-1.6914292361635055,01:26:59.00
5220,-79.86711,0.0,-2.1091666012408647,-2.0149234735825883,-3.8091679,-2.11084972381853,01:27:00.00
5221,-80.0,0.0,-1.241151161271045,-0.552548992590086,-1.6157131,-1.1777889854832695,01:27:01.00
