This is LuaHBTeX, Version 1.17.0 (TeX Live 2023/Debian)  (format=lualatex 2026.5.3)  1 AUG 2026 09:07
 restricted system commands enabled.
**structural-semantics.tex
(./structural-semantics.tex
LaTeX2e <2023-11-01> patch level 1
L3 programming layer <2024-01-22>
Lua module: luaotfload 2023-08-31 3.26 Lua based OpenType font support
Lua module: lualibs 2023-07-13 2.76 ConTeXt Lua standard libraries.
Lua module: lualibs-extended 2023-07-13 2.76 ConTeXt Lua libraries -- extended c
ollection.
luaotfload | conf : Root cache directory is "/home/flyxion/.texlive2023/texmf-va
r/luatex-cache/generic/names".
luaotfload | init : Loading fontloader "fontloader-2023-08-19.lua" from kpse-res
olved path "/usr/share/texlive/texmf-dist/tex/luatex/luaotfload/fontloader-2023-
08-19.lua".
Lua-only attribute luaotfload@noligature = 1
luaotfload | init : Context OpenType loader version 3.133
Inserting `luaotfload.node_processor' in `pre_linebreak_filter'.
Inserting `luaotfload.node_processor' in `hpack_filter'.
Inserting `luaotfload.glyph_stream' in `glyph_stream_provider'.
Inserting `luaotfload.define_font' in `define_font'.
Lua-only attribute luaotfload_color_attribute = 2
luaotfload | conf : Root cache directory is "/home/flyxion/.texlive2023/texmf-va
r/luatex-cache/generic/names".
Inserting `luaotfload.harf.strip_prefix' in `find_opentype_file'.
Inserting `luaotfload.harf.strip_prefix' in `find_truetype_file'.
Removing  `luaotfload.glyph_stream' from `glyph_stream_provider'.
Inserting `luaotfload.harf.glyphstream' in `glyph_stream_provider'.
Inserting `luaotfload.harf.finalize_vlist' in `post_linebreak_filter'.
Inserting `luaotfload.harf.finalize_hlist' in `hpack_filter'.
Inserting `luaotfload.cleanup_files' in `wrapup_run'.
Inserting `luaotfload.harf.finalize_unicode' in `finish_pdffile'.
Inserting `luaotfload.glyphinfo' in `glyph_info'.
Lua-only attribute luaotfload.letterspace_done = 3
Inserting `luaotfload.aux.set_sscale_dimens' in `luaotfload.patch_font'.
Inserting `luaotfload.aux.set_font_index' in `luaotfload.patch_font'.
Inserting `luaotfload.aux.patch_cambria_domh' in `luaotfload.patch_font'.
Inserting `luaotfload.aux.fixup_fontdata' in `luaotfload.patch_font_unsafe'.
Inserting `luaotfload.aux.set_capheight' in `luaotfload.patch_font'.
Inserting `luaotfload.aux.set_xheight' in `luaotfload.patch_font'.
Inserting `luaotfload.rewrite_fontname' in `luaotfload.patch_font'.
Inserting `tracingstacklevels' in `input_level_string'. (/usr/share/texlive/tex
mf-dist/tex/latex/base/book.cls
Document Class: book 2023/05/17 v1.4n Standard LaTeX document class
(/usr/share/texlive/texmf-dist/tex/latex/base/bk11.clo
File: bk11.clo 2023/05/17 v1.4n Standard LaTeX file (size option)
luaotfload | db : Font names database loaded from /home/flyxion/.texlive2023/tex
mf-var/luatex-cache/generic/names/luaotfload-names.luc.gz)
\c@part=\count185
\c@chapter=\count186
\c@section=\count187
\c@subsection=\count188
\c@subsubsection=\count189
\c@paragraph=\count190
\c@subparagraph=\count191
\c@figure=\count192
\c@table=\count193
\abovecaptionskip=\skip48
\belowcaptionskip=\skip49
\bibindent=\dimen139
)
(/usr/share/texlive/texmf-dist/tex/latex/fontspec/fontspec.sty
(/usr/share/texlive/texmf-dist/tex/latex/l3packages/xparse/xparse.sty
(/usr/share/texlive/texmf-dist/tex/latex/l3kernel/expl3.sty
Package: expl3 2024-01-22 L3 programming layer (loader) 

(/usr/share/texlive/texmf-dist/tex/latex/l3backend/l3backend-luatex.def
File: l3backend-luatex.def 2024-01-04 L3 backend support: PDF output (LuaTeX)
\l__color_backend_stack_int=\count194
Inserting `l3color' in `luaotfload.parse_color'.
\l__pdf_internal_box=\box51
))
Package: xparse 2023-10-10 L3 Experimental document command parser
)
Package: fontspec 2022/01/15 v2.8a Font selection for XeLaTeX and LuaLaTeX
Lua module: fontspec 2022/01/15 2.8a Font selection for XeLaTeX and LuaLaTeX
(/usr/share/texlive/texmf-dist/tex/latex/fontspec/fontspec-luatex.sty
Package: fontspec-luatex 2022/01/15 v2.8a Font selection for XeLaTeX and LuaLaT
eX
\l__fontspec_script_int=\count195
\l__fontspec_language_int=\count196
\l__fontspec_strnum_int=\count197
\l__fontspec_tmp_int=\count198
\l__fontspec_tmpa_int=\count199
\l__fontspec_tmpb_int=\count266
\l__fontspec_tmpc_int=\count267
\l__fontspec_em_int=\count268
\l__fontspec_emdef_int=\count269
\l__fontspec_strong_int=\count270
\l__fontspec_strongdef_int=\count271
\l__fontspec_tmpa_dim=\dimen140
\l__fontspec_tmpb_dim=\dimen141
\l__fontspec_tmpc_dim=\dimen142

(/usr/share/texlive/texmf-dist/tex/latex/base/fontenc.sty
Package: fontenc 2021/04/29 v2.0v Standard LaTeX package
)
(/usr/share/texlive/texmf-dist/tex/latex/fontspec/fontspec.cfg)))
(/usr/share/texlive/texmf-dist/tex/latex/unicode-math/unicode-math.sty
Package: unicode-math 2023/08/13 v0.8r Unicode maths in XeLaTeX and LuaLaTeX

(/usr/share/texlive/texmf-dist/tex/latex/unicode-math/unicode-math-luatex.sty
Package: unicode-math-luatex 2023/08/13 v0.8r Unicode maths in XeLaTeX and LuaL
aTeX

(/usr/share/texlive/texmf-dist/tex/latex/l3packages/l3keys2e/l3keys2e.sty
Package: l3keys2e 2023-10-10 LaTeX2e option processing using LaTeX3 keys
)
(/usr/share/texlive/texmf-dist/tex/latex/base/fix-cm.sty
Package: fix-cm 2020/11/24 v1.1t fixes to LaTeX

(/usr/share/texlive/texmf-dist/tex/latex/base/ts1enc.def
File: ts1enc.def 2001/06/05 v3.0e (jk/car/fm) Standard LaTeX file
LaTeX Font Info:    Redeclaring font encoding TS1 on input line 47.
))
(/usr/share/texlive/texmf-dist/tex/latex/amsmath/amsmath.sty
Package: amsmath 2023/05/13 v2.17o AMS math features
\@mathmargin=\skip50

For additional information on amsmath, use the `?' option.
(/usr/share/texlive/texmf-dist/tex/latex/amsmath/amstext.sty
Package: amstext 2021/08/26 v2.01 AMS text

(/usr/share/texlive/texmf-dist/tex/latex/amsmath/amsgen.sty
File: amsgen.sty 1999/11/30 v2.0 generic functions
\@emptytoks=\toks17
\ex@=\dimen143
))
(/usr/share/texlive/texmf-dist/tex/latex/amsmath/amsbsy.sty
Package: amsbsy 1999/11/29 v1.2d Bold Symbols
\pmbraise@=\dimen144
)
(/usr/share/texlive/texmf-dist/tex/latex/amsmath/amsopn.sty
Package: amsopn 2022/04/08 v2.04 operator names
)
\inf@bad=\count272
LaTeX Info: Redefining \frac on input line 236.
\uproot@=\count273
\leftroot@=\count274
LaTeX Info: Redefining \overline on input line 399.
LaTeX Info: Redefining \colon on input line 410.
\classnum@=\count275
\DOTSCASE@=\count276
LaTeX Info: Redefining \ldots on input line 496.
LaTeX Info: Redefining \dots on input line 499.
LaTeX Info: Redefining \cdots on input line 620.
\Mathstrutbox@=\box52
\strutbox@=\box53
LaTeX Info: Redefining \big on input line 722.
LaTeX Info: Redefining \Big on input line 723.
LaTeX Info: Redefining \bigg on input line 724.
LaTeX Info: Redefining \Bigg on input line 725.
\big@size=\dimen145
LaTeX Font Info:    Redeclaring font encoding OML on input line 743.
LaTeX Font Info:    Redeclaring font encoding OMS on input line 744.
\macc@depth=\count277
LaTeX Info: Redefining \bmod on input line 905.
LaTeX Info: Redefining \pmod on input line 910.
LaTeX Info: Redefining \smash on input line 940.
LaTeX Info: Redefining \relbar on input line 970.
LaTeX Info: Redefining \Relbar on input line 971.
\c@MaxMatrixCols=\count278
\dotsspace@=\muskip16
\c@parentequation=\count279
\dspbrk@lvl=\count280
\tag@help=\toks18
\row@=\count281
\column@=\count282
\maxfields@=\count283
\andhelp@=\toks19
\eqnshift@=\dimen146
\alignsep@=\dimen147
\tagshift@=\dimen148
\tagwidth@=\dimen149
\totwidth@=\dimen150
\lineht@=\dimen151
\@envbody=\toks20
\multlinegap=\skip51
\multlinetaggap=\skip52
\mathdisplay@stack=\toks21
LaTeX Info: Redefining \[ on input line 2953.
LaTeX Info: Redefining \] on input line 2954.
)
(/usr/share/texlive/texmf-dist/tex/lualatex/lualatex-math/lualatex-math.sty
Package: lualatex-math 2022/01/01 v1.12 Patches for mathematics typesetting wit
h LuaLaTeX

(/usr/share/texlive/texmf-dist/tex/latex/etoolbox/etoolbox.sty
Package: etoolbox 2020/10/05 v2.5k e-TeX tools for LaTeX (JAW)
\etb@tempcnta=\count284
)
Lua module: lualatex-math 2013/08/03 1.3 Patches for mathematics typesetting wit
h LuaLaTeX)
\g__um_fam_int=\count285
\g__um_fonts_used_int=\count286
\l__um_primecount_int=\count287
\g__um_primekern_muskip=\muskip17

(/usr/share/texlive/texmf-dist/tex/latex/unicode-math/unicode-math-table.tex)))
luaotfload | cache : Lookup cache loaded from /home/flyxion/.texlive2023/texmf-v
ar/luatex-cache/generic/names/luaotfload-lookup-cache.luc.

Package fontspec Info: Font family 'TeXGyrePagella(0)' created for font 'TeX
(fontspec)             Gyre Pagella' with options [Ligatures=TeX].
(fontspec)              
(fontspec)              This font family consists of the following NFSS
(fontspec)             series/shapes:
(fontspec)              
(fontspec)             - 'normal' (m/n) with NFSS spec.:
(fontspec)             <->"TeXGyrePagella:mode=node;script=latn;language=dflt;+
tlig;"
(fontspec)             - 'small caps'  (m/sc) with NFSS spec.:
(fontspec)             <->"TeXGyrePagella:mode=node;script=latn;language=dflt;+
tlig;+smcp;"
(fontspec)             - 'bold' (b/n) with NFSS spec.:
(fontspec)             <->"TeXGyrePagella/B:mode=node;script=latn;language=dflt
;+tlig;"
(fontspec)             - 'bold small caps'  (b/sc) with NFSS spec.:
(fontspec)             <->"TeXGyrePagella/B:mode=node;script=latn;language=dflt
;+tlig;+smcp;"
(fontspec)             - 'italic' (m/it) with NFSS spec.:
(fontspec)             <->"TeXGyrePagella/I:mode=node;script=latn;language=dflt
;+tlig;"
(fontspec)             - 'italic small caps'  (m/scit) with NFSS spec.:
(fontspec)             <->"TeXGyrePagella/I:mode=node;script=latn;language=dflt
;+tlig;+smcp;"
(fontspec)             - 'bold italic' (b/it) with NFSS spec.:
(fontspec)             <->"TeXGyrePagella/BI:mode=node;script=latn;language=dfl
t;+tlig;"
(fontspec)             - 'bold italic small caps'  (b/scit) with NFSS spec.:
(fontspec)             <->"TeXGyrePagella/BI:mode=node;script=latn;language=dfl
t;+tlig;+smcp;"


Package fontspec Info: Font family 'TeXGyrePagella(1)' created for font 'TeX
(fontspec)             Gyre Pagella' with options [Renderer=Basic].
(fontspec)              
(fontspec)              This font family consists of the following NFSS
(fontspec)             series/shapes:
(fontspec)              
(fontspec)             - 'normal' (m/n) with NFSS spec.:
(fontspec)             <->"TeXGyrePagella:mode=base;script=latn;language=dflt;"

(fontspec)             - 'small caps'  (m/sc) with NFSS spec.:
(fontspec)             <->"TeXGyrePagella:mode=base;script=latn;language=dflt;+
smcp;"
(fontspec)             - 'bold' (b/n) with NFSS spec.:
(fontspec)             <->"TeXGyrePagella/B:mode=base;script=latn;language=dflt
;"
(fontspec)             - 'bold small caps'  (b/sc) with NFSS spec.:
(fontspec)             <->"TeXGyrePagella/B:mode=base;script=latn;language=dflt
;+smcp;"
(fontspec)             - 'italic' (m/it) with NFSS spec.:
(fontspec)             <->"TeXGyrePagella/I:mode=base;script=latn;language=dflt
;"
(fontspec)             - 'italic small caps'  (m/scit) with NFSS spec.:
(fontspec)             <->"TeXGyrePagella/I:mode=base;script=latn;language=dflt
;+smcp;"
(fontspec)             - 'bold italic' (b/it) with NFSS spec.:
(fontspec)             <->"TeXGyrePagella/BI:mode=base;script=latn;language=dfl
t;"
(fontspec)             - 'bold italic small caps'  (b/scit) with NFSS spec.:
(fontspec)             <->"TeXGyrePagella/BI:mode=base;script=latn;language=dfl
t;+smcp;"

LaTeX Font Info:    Overwriting math alphabet `\mathrm' in version `normal'
(Font)                  OT1/cmr/m/n --> TU/TeXGyrePagella(1)/m/n on input line 
21.
LaTeX Font Info:    Overwriting math alphabet `\mathit' in version `normal'
(Font)                  OT1/cmr/m/it --> TU/TeXGyrePagella(1)/m/it on input lin
e 21.
LaTeX Font Info:    Overwriting math alphabet `\mathbf' in version `normal'
(Font)                  OT1/cmr/bx/n --> TU/TeXGyrePagella(1)/b/n on input line
 21.

Package fontspec Info: Font family 'TeXGyreHeros(0)' created for font 'TeX
(fontspec)             Gyre Heros' with options [Ligatures=TeX].
(fontspec)              
(fontspec)              This font family consists of the following NFSS
(fontspec)             series/shapes:
(fontspec)              
(fontspec)             - 'normal' (m/n) with NFSS spec.:
(fontspec)             <->"TeXGyreHeros:mode=node;script=latn;language=dflt;+tl
ig;"
(fontspec)             - 'small caps'  (m/sc) with NFSS spec.:
(fontspec)             <->"TeXGyreHeros:mode=node;script=latn;language=dflt;+tl
ig;+smcp;"
(fontspec)             - 'bold' (b/n) with NFSS spec.:
(fontspec)             <->"TeXGyreHeros/B:mode=node;script=latn;language=dflt;+
tlig;"
(fontspec)             - 'bold small caps'  (b/sc) with NFSS spec.:
(fontspec)             <->"TeXGyreHeros/B:mode=node;script=latn;language=dflt;+
tlig;+smcp;"
(fontspec)             - 'italic' (m/it) with NFSS spec.:
(fontspec)             <->"TeXGyreHeros/I:mode=node;script=latn;language=dflt;+
tlig;"
(fontspec)             - 'italic small caps'  (m/scit) with NFSS spec.:
(fontspec)             <->"TeXGyreHeros/I:mode=node;script=latn;language=dflt;+
tlig;+smcp;"
(fontspec)             - 'bold italic' (b/it) with NFSS spec.:
(fontspec)             <->"TeXGyreHeros/BI:mode=node;script=latn;language=dflt;
+tlig;"
(fontspec)             - 'bold italic small caps'  (b/scit) with NFSS spec.:
(fontspec)             <->"TeXGyreHeros/BI:mode=node;script=latn;language=dflt;
+tlig;+smcp;"


Package fontspec Info: Font family 'TeXGyreHeros(1)' created for font 'TeX
(fontspec)             Gyre Heros' with options [Renderer=Basic].
(fontspec)              
(fontspec)              This font family consists of the following NFSS
(fontspec)             series/shapes:
(fontspec)              
(fontspec)             - 'normal' (m/n) with NFSS spec.:
(fontspec)             <->"TeXGyreHeros:mode=base;script=latn;language=dflt;"
(fontspec)             - 'small caps'  (m/sc) with NFSS spec.:
(fontspec)             <->"TeXGyreHeros:mode=base;script=latn;language=dflt;+sm
cp;"
(fontspec)             - 'bold' (b/n) with NFSS spec.:
(fontspec)             <->"TeXGyreHeros/B:mode=base;script=latn;language=dflt;"

(fontspec)             - 'bold small caps'  (b/sc) with NFSS spec.:
(fontspec)             <->"TeXGyreHeros/B:mode=base;script=latn;language=dflt;+
smcp;"
(fontspec)             - 'italic' (m/it) with NFSS spec.:
(fontspec)             <->"TeXGyreHeros/I:mode=base;script=latn;language=dflt;"

(fontspec)             - 'italic small caps'  (m/scit) with NFSS spec.:
(fontspec)             <->"TeXGyreHeros/I:mode=base;script=latn;language=dflt;+
smcp;"
(fontspec)             - 'bold italic' (b/it) with NFSS spec.:
(fontspec)             <->"TeXGyreHeros/BI:mode=base;script=latn;language=dflt;
"
(fontspec)             - 'bold italic small caps'  (b/scit) with NFSS spec.:
(fontspec)             <->"TeXGyreHeros/BI:mode=base;script=latn;language=dflt;
+smcp;"

LaTeX Font Info:    Overwriting math alphabet `\mathsf' in version `normal'
(Font)                  OT1/cmss/m/n --> TU/TeXGyreHeros(1)/m/n on input line 2
2.
LaTeX Font Info:    Overwriting math alphabet `\mathsf' in version `bold'
(Font)                  OT1/cmss/bx/n --> TU/TeXGyreHeros(1)/b/n on input line 
22.

Package fontspec Info: Could not resolve font "LatinModernMono/BI" (it
(fontspec)             probably doesn't exist).


Package fontspec Info: Could not resolve font "LatinModernMono/B" (it probably
(fontspec)             doesn't exist).

luaotfload | aux : font no 62 (nil) does not define feature smcp for script latn
 with language dflt
luaotfload | aux : font no 63 (nil) does not define feature smcp for script latn
 with language dflt

Package fontspec Info: Font family 'LatinModernMono(0)' created for font
(fontspec)             'Latin Modern Mono' with options
(fontspec)             [WordSpace={1,0,0},HyphenChar=None,PunctuationSpace=Word
Space].
(fontspec)              
(fontspec)              This font family consists of the following NFSS
(fontspec)             series/shapes:
(fontspec)              
(fontspec)             - 'normal' (m/n) with NFSS spec.:
(fontspec)             <->"LatinModernMono:mode=node;script=latn;language=dflt;
"
(fontspec)             - 'small caps'  (m/sc) with NFSS spec.: 
(fontspec)             and font adjustment code:
(fontspec)             \fontdimen 2\font =1\fontdimen 2\font \fontdimen 3\font
(fontspec)             =0\fontdimen 3\font \fontdimen 4\font =0\fontdimen
(fontspec)             4\font \fontdimen 7\font =0\fontdimen 2\font
(fontspec)             \tex_hyphenchar:D \font =-1\scan_stop: 
(fontspec)             - 'italic' (m/it) with NFSS spec.:
(fontspec)             <->"LatinModernMono/I:mode=node;script=latn;language=dfl
t;"
(fontspec)             - 'italic small caps'  (m/scit) with NFSS spec.: 
(fontspec)             and font adjustment code:
(fontspec)             \fontdimen 2\font =1\fontdimen 2\font \fontdimen 3\font
(fontspec)             =0\fontdimen 3\font \fontdimen 4\font =0\fontdimen
(fontspec)             4\font \fontdimen 7\font =0\fontdimen 2\font
(fontspec)             \tex_hyphenchar:D \font =-1\scan_stop: 


Package fontspec Info: Could not resolve font "LatinModernMono/BI" (it
(fontspec)             probably doesn't exist).


Package fontspec Info: Could not resolve font "LatinModernMono/B" (it probably
(fontspec)             doesn't exist).

luaotfload | aux : font no 68 (nil) does not define feature smcp for script latn
 with language dflt
luaotfload | aux : font no 69 (nil) does not define feature smcp for script latn
 with language dflt

Package fontspec Info: Font family 'LatinModernMono(1)' created for font
(fontspec)             'Latin Modern Mono' with options [Renderer=Basic].
(fontspec)              
(fontspec)              This font family consists of the following NFSS
(fontspec)             series/shapes:
(fontspec)              
(fontspec)             - 'normal' (m/n) with NFSS spec.:
(fontspec)             <->"LatinModernMono:mode=base;script=latn;language=dflt;
"
(fontspec)             - 'small caps'  (m/sc) with NFSS spec.: 
(fontspec)             - 'italic' (m/it) with NFSS spec.:
(fontspec)             <->"LatinModernMono/I:mode=base;script=latn;language=dfl
t;"
(fontspec)             - 'italic small caps'  (m/scit) with NFSS spec.: 

LaTeX Font Info:    Overwriting math alphabet `\mathtt' in version `normal'
(Font)                  OT1/cmtt/m/n --> TU/LatinModernMono(1)/m/n on input lin
e 23.
LaTeX Font Info:    Overwriting math alphabet `\mathtt' in version `bold'
(Font)                  OT1/cmtt/m/n --> TU/LatinModernMono(1)/b/n on input lin
e 23.

Package fontspec Info: Could not resolve font "LatinModernMath/B" (it probably
(fontspec)             doesn't exist).


Package fontspec Info: Font family 'LatinModernMath(0)' created for font
(fontspec)             'Latin Modern Math' with options
(fontspec)             [Renderer=Basic,BoldItalicFont={},ItalicFont={},SmallCap
sFont={},Script=Math,RawFeature={mathfontdimen=xetex}].
(fontspec)              
(fontspec)              This font family consists of the following NFSS
(fontspec)             series/shapes:
(fontspec)              
(fontspec)             - 'normal' (m/n) with NFSS spec.:
(fontspec)             <->"LatinModernMath:mode=base;script=math;language=dflt;
mathfontdimen=xetex;"
(fontspec)             - 'small caps'  (m/sc) with NFSS spec.: 


Package fontspec Info: Could not resolve font "LatinModernMath/B" (it probably
(fontspec)             doesn't exist).


Package fontspec Info: Font family 'LatinModernMath(1)' created for font
(fontspec)             'Latin Modern Math' with options
(fontspec)             [Renderer=Basic,BoldItalicFont={},ItalicFont={},SmallCap
sFont={},Script=Math,SizeFeatures={{Size=9.3075-},{Size=6.57-9.3075,Font=Latin
(fontspec)             Modern Math,Style=MathScript},{Size=-6.57,Font=Latin
(fontspec)             Modern
(fontspec)             Math,Style=MathScriptScript}},RawFeature={mathfontdimen=
xetex}].
(fontspec)              
(fontspec)              This font family consists of the following NFSS
(fontspec)             series/shapes:
(fontspec)              
(fontspec)             - 'normal' (m/n) with NFSS spec.:
(fontspec)             <9.3075->"LatinModernMath:mode=base;script=math;language
=dflt;mathfontdimen=xetex;"<6.57-9.3075>"LatinModernMath:mode=base;script=math;
language=dflt;mathfontdimen=xetex;+ssty=0;"<-6.57>"LatinModernMath:mode=base;sc
ript=math;language=dflt;mathfontdimen=xetex;+ssty=1;"
(fontspec)             - 'small caps'  (m/sc) with NFSS spec.: 

LaTeX Font Info:    Encoding `OT1' has changed to `TU' for symbol font
(Font)              `operators' in the math version `normal' on input line 24.
LaTeX Font Info:    Overwriting symbol font `operators' in version `normal'
(Font)                  OT1/cmr/m/n --> TU/LatinModernMath(1)/m/n on input line
 24.
LaTeX Font Info:    Encoding `OT1' has changed to `TU' for symbol font
(Font)              `operators' in the math version `bold' on input line 24.
LaTeX Font Info:    Overwriting symbol font `operators' in version `bold'
(Font)                  OT1/cmr/bx/n --> TU/LatinModernMath(1)/b/n on input lin
e 24.

Package fontspec Info: Could not resolve font "LatinModernMath/B" (it probably
(fontspec)             doesn't exist).


Package fontspec Info: Font family 'LatinModernMath(2)' created for font
(fontspec)             'Latin Modern Math' with options
(fontspec)             [Renderer=Basic,BoldItalicFont={},ItalicFont={},SmallCap
sFont={},Script=Math,SizeFeatures={{Size=9.3075-},{Size=6.57-9.3075,Font=Latin
(fontspec)             Modern Math,Style=MathScript},{Size=-6.57,Font=Latin
(fontspec)             Modern
(fontspec)             Math,Style=MathScriptScript}},RawFeature={mathfontdimen=
xetex},RawFeature={mathfontdimen=tex2}].
(fontspec)              
(fontspec)              This font family consists of the following NFSS
(fontspec)             series/shapes:
(fontspec)              
(fontspec)             - 'normal' (m/n) with NFSS spec.:
(fontspec)             <9.3075->"LatinModernMath:mode=base;script=math;language
=dflt;mathfontdimen=xetex;mathfontdimen=tex2;"<6.57-9.3075>"LatinModernMath:mod
e=base;script=math;language=dflt;mathfontdimen=xetex;mathfontdimen=tex2;+ssty=0
;"<-6.57>"LatinModernMath:mode=base;script=math;language=dflt;mathfontdimen=xet
ex;mathfontdimen=tex2;+ssty=1;"
(fontspec)             - 'small caps'  (m/sc) with NFSS spec.: 

LaTeX Font Info:    Encoding `OMS' has changed to `TU' for symbol font
(Font)              `symbols' in the math version `normal' on input line 24.
LaTeX Font Info:    Overwriting symbol font `symbols' in version `normal'
(Font)                  OMS/cmsy/m/n --> TU/LatinModernMath(2)/m/n on input lin
e 24.
LaTeX Font Info:    Encoding `OMS' has changed to `TU' for symbol font
(Font)              `symbols' in the math version `bold' on input line 24.
LaTeX Font Info:    Overwriting symbol font `symbols' in version `bold'
(Font)                  OMS/cmsy/b/n --> TU/LatinModernMath(2)/b/n on input lin
e 24.

Package fontspec Info: Could not resolve font "LatinModernMath/B" (it probably
(fontspec)             doesn't exist).


Package fontspec Info: Font family 'LatinModernMath(3)' created for font
(fontspec)             'Latin Modern Math' with options
(fontspec)             [Renderer=Basic,BoldItalicFont={},ItalicFont={},SmallCap
sFont={},Script=Math,SizeFeatures={{Size=9.3075-},{Size=6.57-9.3075,Font=Latin
(fontspec)             Modern Math,Style=MathScript},{Size=-6.57,Font=Latin
(fontspec)             Modern
(fontspec)             Math,Style=MathScriptScript}},RawFeature={mathfontdimen=
xetex},RawFeature={mathfontdimen=tex3}].
(fontspec)              
(fontspec)              This font family consists of the following NFSS
(fontspec)             series/shapes:
(fontspec)              
(fontspec)             - 'normal' (m/n) with NFSS spec.:
(fontspec)             <9.3075->"LatinModernMath:mode=base;script=math;language
=dflt;mathfontdimen=xetex;mathfontdimen=tex3;"<6.57-9.3075>"LatinModernMath:mod
e=base;script=math;language=dflt;mathfontdimen=xetex;mathfontdimen=tex3;+ssty=0
;"<-6.57>"LatinModernMath:mode=base;script=math;language=dflt;mathfontdimen=xet
ex;mathfontdimen=tex3;+ssty=1;"
(fontspec)             - 'small caps'  (m/sc) with NFSS spec.: 

LaTeX Font Info:    Encoding `OMX' has changed to `TU' for symbol font
(Font)              `largesymbols' in the math version `normal' on input line 2
4.
LaTeX Font Info:    Overwriting symbol font `largesymbols' in version `normal'
(Font)                  OMX/cmex/m/n --> TU/LatinModernMath(3)/m/n on input lin
e 24.
LaTeX Font Info:    Encoding `OMX' has changed to `TU' for symbol font
(Font)              `largesymbols' in the math version `bold' on input line 24.

LaTeX Font Info:    Overwriting symbol font `largesymbols' in version `bold'
(Font)                  OMX/cmex/m/n --> TU/LatinModernMath(3)/b/n on input lin
e 24.
(/usr/share/texlive/texmf-dist/tex/latex/amscls/amsthm.sty
Package: amsthm 2020/05/29 v2.20.6
\thm@style=\toks22
\thm@bodyfont=\toks23
\thm@headfont=\toks24
\thm@notefont=\toks25
\thm@headpunct=\toks26
\thm@preskip=\skip53
\thm@postskip=\skip54
\thm@headsep=\skip55
\dth@everypar=\toks27
)
(/usr/share/texlive/texmf-dist/tex/latex/mathtools/mathtools.sty
Package: mathtools 2022/06/29 v1.29 mathematical typesetting tools

(/usr/share/texlive/texmf-dist/tex/latex/graphics/keyval.sty
Package: keyval 2022/05/29 v1.15 key=value parser (DPC)
\KV@toks@=\toks28
)
(/usr/share/texlive/texmf-dist/tex/latex/tools/calc.sty
Package: calc 2023/07/08 v4.3 Infix arithmetic (KKT,FJ)
\calc@Acount=\count288
\calc@Bcount=\count289
\calc@Adimen=\dimen152
\calc@Bdimen=\dimen153
\calc@Askip=\skip56
\calc@Bskip=\skip57
LaTeX Info: Redefining \setlength on input line 80.
LaTeX Info: Redefining \addtolength on input line 81.
\calc@Ccount=\count290
\calc@Cskip=\skip58
)
(/usr/share/texlive/texmf-dist/tex/latex/mathtools/mhsetup.sty
Package: mhsetup 2021/03/18 v1.4 programming setup (MH)
)

Package mathtools Warning: For best results, please load mathtools *before* 
(mathtools)                unicode-math on input line 126.

\g_MT_multlinerow_int=\count291
\l_MT_multwidth_dim=\dimen154
\origjot=\skip59
\l_MT_shortvdotswithinadjustabove_dim=\dimen155
\l_MT_shortvdotswithinadjustbelow_dim=\dimen156
\l_MT_above_intertext_sep=\dimen157
\l_MT_below_intertext_sep=\dimen158
\l_MT_above_shortintertext_sep=\dimen159
\l_MT_below_shortintertext_sep=\dimen160
\xmathstrut@box=\box54
\xmathstrut@dim=\dimen161
) (/usr/share/texlive/texmf-dist/tex/latex/jknapltx/mathrsfs.sty
Package: mathrsfs 1996/01/01 Math RSFS package v1.0 (jk)
\symrsfs=\mathgroup4
)
(/usr/share/texlive/texmf-dist/tex/latex/tools/bm.sty
Package: bm 2023/07/08 v1.2f Bold Symbol Support (DPC/FMi)
\symboldoperators=\mathgroup5
\symboldletters=\mathgroup6
\symboldsymbols=\mathgroup7
\symboldlargesymbols=\mathgroup8
Package bm Info: No bold for \U/rsfs/m/n, using \pmb.
LaTeX Font Info:    Redeclaring math alphabet \mathbf on input line 149.
)
(/usr/share/texlive/texmf-dist/tex/latex/microtype/microtype.sty
Package: microtype 2023/03/13 v3.1a Micro-typographical refinements (RS)
\MT@toks=\toks29
\MT@tempbox=\box55
\MT@count=\count292
LaTeX Info: Redefining \noprotrusionifhmode on input line 1059.
LaTeX Info: Redefining \leftprotrusion on input line 1060.
\MT@prot@toks=\toks30
LaTeX Info: Redefining \rightprotrusion on input line 1078.
LaTeX Info: Redefining \textls on input line 1368.
\MT@outer@kern=\dimen162
LaTeX Info: Redefining \textmicrotypecontext on input line 1988.
\MT@listname@count=\count293

(/usr/share/texlive/texmf-dist/tex/latex/microtype/microtype-luatex.def
File: microtype-luatex.def 2023/03/13 v3.1a Definitions specific to luatex (RS)

Lua module: microtype 2023/03/13 3.1a microtype module.
Module microtype Info: overwriting function `keepligature' on input line 63
LaTeX Info: Redefining \lsstyle on input line 688.
LaTeX Info: Redefining \lslig on input line 688.
\MT@outer@space=\skip60
)
Package microtype Info: Loading configuration file microtype.cfg.

(/usr/share/texlive/texmf-dist/tex/latex/microtype/microtype.cfg
File: microtype.cfg 2023/03/13 v3.1a microtype main configuration file (RS)
))
(/usr/share/texlive/texmf-dist/tex/latex/geometry/geometry.sty
Package: geometry 2020/01/02 v5.9 Page Geometry

(/usr/share/texlive/texmf-dist/tex/generic/iftex/ifvtex.sty
Package: ifvtex 2019/10/25 v1.7 ifvtex legacy package. Use iftex instead.

(/usr/share/texlive/texmf-dist/tex/generic/iftex/iftex.sty
Package: iftex 2022/02/03 v1.0f TeX engine tests
))
\Gm@cnth=\count294
\Gm@cntv=\count295
\c@Gm@tempcnt=\count296
\Gm@bindingoffset=\dimen163
\Gm@wd@mp=\dimen164
\Gm@odd@mp=\dimen165
\Gm@even@mp=\dimen166
\Gm@layoutwidth=\dimen167
\Gm@layoutheight=\dimen168
\Gm@layouthoffset=\dimen169
\Gm@layoutvoffset=\dimen170
\Gm@dimlist=\toks31
)
(/usr/share/texlive/texmf-dist/tex/latex/graphics/graphicx.sty
Package: graphicx 2021/09/16 v1.2d Enhanced LaTeX Graphics (DPC,SPQR)

(/usr/share/texlive/texmf-dist/tex/latex/graphics/graphics.sty
Package: graphics 2022/03/10 v1.4e Standard LaTeX Graphics (DPC,SPQR)

(/usr/share/texlive/texmf-dist/tex/latex/graphics/trig.sty
Package: trig 2021/08/11 v1.11 sin cos tan (DPC)
)
(/usr/share/texlive/texmf-dist/tex/latex/graphics-cfg/graphics.cfg
File: graphics.cfg 2016/06/04 v1.11 sample graphics configuration
)
Package graphics Info: Driver file: luatex.def on input line 107.

(/usr/share/texlive/texmf-dist/tex/latex/graphics-def/luatex.def
File: luatex.def 2022/09/22 v1.2d Graphics/color driver for luatex
))
\Gin@req@height=\dimen171
\Gin@req@width=\dimen172
)
(/usr/share/texlive/texmf-dist/tex/latex/xcolor/xcolor.sty
Package: xcolor 2023/11/15 v3.01 LaTeX color extensions (UK)

(/usr/share/texlive/texmf-dist/tex/latex/graphics-cfg/color.cfg
File: color.cfg 2016/01/02 v1.6 sample color configuration
)
Package xcolor Info: Driver file: luatex.def on input line 274.

(/usr/share/texlive/texmf-dist/tex/latex/graphics/mathcolor.ltx)
Package xcolor Info: Model `cmy' substituted by `cmy0' on input line 1350.
Package xcolor Info: Model `hsb' substituted by `rgb' on input line 1354.
Package xcolor Info: Model `RGB' extended on input line 1366.
Package xcolor Info: Model `HTML' substituted by `rgb' on input line 1368.
Package xcolor Info: Model `Hsb' substituted by `hsb' on input line 1369.
Package xcolor Info: Model `tHsb' substituted by `hsb' on input line 1370.
Package xcolor Info: Model `HSB' substituted by `hsb' on input line 1371.
Package xcolor Info: Model `Gray' substituted by `gray' on input line 1372.
Package xcolor Info: Model `wave' substituted by `hsb' on input line 1373.
)
(/usr/share/texlive/texmf-dist/tex/latex/booktabs/booktabs.sty
Package: booktabs 2020/01/12 v1.61803398 Publication quality tables
\heavyrulewidth=\dimen173
\lightrulewidth=\dimen174
\cmidrulewidth=\dimen175
\belowrulesep=\dimen176
\belowbottomsep=\dimen177
\aboverulesep=\dimen178
\abovetopsep=\dimen179
\cmidrulesep=\dimen180
\cmidrulekern=\dimen181
\defaultaddspace=\dimen182
\@cmidla=\count297
\@cmidlb=\count298
\@aboverulesep=\dimen183
\@belowrulesep=\dimen184
\@thisruleclass=\count299
\@lastruleclass=\count300
\@thisrulewidth=\dimen185
)
(/usr/share/texlive/texmf-dist/tex/latex/tools/array.sty
Package: array 2023/10/16 v2.5g Tabular extension package (FMi)
\col@sep=\dimen186
\ar@mcellbox=\box56
\extrarowheight=\dimen187
\NC@list=\toks32
\extratabsurround=\skip61
\backup@length=\skip62
\ar@cellbox=\box57
)
(/usr/share/texlive/texmf-dist/tex/latex/tools/longtable.sty
Package: longtable 2023-11-01 v4.19 Multi-page Table package (DPC)
\LTleft=\skip63
\LTright=\skip64
\LTpre=\skip65
\LTpost=\skip66
\LTchunksize=\count301
\LTcapwidth=\dimen188
\LT@head=\box58
\LT@firsthead=\box59
\LT@foot=\box60
\LT@lastfoot=\box61
\LT@gbox=\box62
\LT@cols=\count302
\LT@rows=\count303
\c@LT@tables=\count304
\c@LT@chunks=\count305
\LT@p@ftn=\toks33
)
(/usr/share/texlive/texmf-dist/tex/latex/multirow/multirow.sty
Package: multirow 2021/03/15 v2.8 Span multiple rows of a table
\multirow@colwidth=\skip67
\multirow@cntb=\count306
\multirow@dima=\skip68
\bigstrutjot=\dimen189
)
(/usr/share/texlive/texmf-dist/tex/latex/enumitem/enumitem.sty
Package: enumitem 2019/06/20 v3.9 Customized lists
\labelindent=\skip69
\enit@outerparindent=\dimen190
\enit@toks=\toks34
\enit@inbox=\box63
\enit@count@id=\count307
\enitdp@description=\count308
)
(/usr/share/texlive/texmf-dist/tex/latex/hyperref/hyperref.sty
Package: hyperref 2024-01-20 v7.01h Hypertext links for LaTeX

(/usr/share/texlive/texmf-dist/tex/latex/kvsetkeys/kvsetkeys.sty
Package: kvsetkeys 2022-10-05 v1.19 Key value parser (HO)
)
(/usr/share/texlive/texmf-dist/tex/generic/kvdefinekeys/kvdefinekeys.sty
Package: kvdefinekeys 2019-12-19 v1.6 Define keys (HO)
)
(/usr/share/texlive/texmf-dist/tex/generic/pdfescape/pdfescape.sty
Package: pdfescape 2019/12/09 v1.15 Implements pdfTeX's escape features (HO)

(/usr/share/texlive/texmf-dist/tex/generic/ltxcmds/ltxcmds.sty
Package: ltxcmds 2023-12-04 v1.26 LaTeX kernel commands for general use (HO)
)
(/usr/share/texlive/texmf-dist/tex/generic/pdftexcmds/pdftexcmds.sty
Package: pdftexcmds 2020-06-27 v0.33 Utility functions of pdfTeX for LuaTeX (HO
)

(/usr/share/texlive/texmf-dist/tex/generic/infwarerr/infwarerr.sty
Package: infwarerr 2019/12/03 v1.5 Providing info/warning/error messages (HO)
)
Package pdftexcmds Info: \pdf@primitive is available.
Package pdftexcmds Info: \pdf@ifprimitive is available.
Package pdftexcmds Info: \pdfdraftmode found.
\pdftexcmds@toks=\toks35
))
(/usr/share/texlive/texmf-dist/tex/latex/hycolor/hycolor.sty
Package: hycolor 2020-01-27 v1.10 Color options for hyperref/bookmark (HO)
)
(/usr/share/texlive/texmf-dist/tex/latex/auxhook/auxhook.sty
Package: auxhook 2019-12-17 v1.6 Hooks for auxiliary files (HO)
)
(/usr/share/texlive/texmf-dist/tex/latex/hyperref/nameref.sty
Package: nameref 2023-11-26 v2.56 Cross-referencing by name of section

(/usr/share/texlive/texmf-dist/tex/latex/refcount/refcount.sty
Package: refcount 2019/12/15 v3.6 Data extraction from label references (HO)
)
(/usr/share/texlive/texmf-dist/tex/generic/gettitlestring/gettitlestring.sty
Package: gettitlestring 2019/12/15 v1.6 Cleanup title references (HO)

(/usr/share/texlive/texmf-dist/tex/latex/kvoptions/kvoptions.sty
Package: kvoptions 2022-06-15 v3.15 Key value format for package options (HO)
))
\c@section@level=\count309
)
\@linkdim=\dimen191
\Hy@linkcounter=\count310
\Hy@pagecounter=\count311

(/usr/share/texlive/texmf-dist/tex/latex/hyperref/pd1enc.def
File: pd1enc.def 2024-01-20 v7.01h Hyperref: PDFDocEncoding definition (HO)
)
(/usr/share/texlive/texmf-dist/tex/generic/intcalc/intcalc.sty
Package: intcalc 2019/12/15 v1.3 Expandable calculations with integers (HO)
)
\Hy@SavedSpaceFactor=\count312

(/usr/share/texlive/texmf-dist/tex/latex/hyperref/puenc.def
File: puenc.def 2024-01-20 v7.01h Hyperref: PDF Unicode definition (HO)
)
Package hyperref Info: Option `colorlinks' set `true' on input line 4062.
Package hyperref Info: Hyper figures OFF on input line 4179.
Package hyperref Info: Link nesting OFF on input line 4184.
Package hyperref Info: Hyper index ON on input line 4187.
Package hyperref Info: Plain pages OFF on input line 4194.
Package hyperref Info: Backreferencing OFF on input line 4199.
Package hyperref Info: Implicit mode ON; LaTeX internals redefined.
Package hyperref Info: Bookmarks ON on input line 4446.
\c@Hy@tempcnt=\count313

(/usr/share/texlive/texmf-dist/tex/latex/url/url.sty
\Urlmuskip=\muskip18
Package: url 2013/09/16  ver 3.4  Verb mode for urls, etc.
)
LaTeX Info: Redefining \url on input line 4784.
\XeTeXLinkMargin=\dimen192

(/usr/share/texlive/texmf-dist/tex/generic/bitset/bitset.sty
Package: bitset 2019/12/09 v1.3 Handle bit-vector datatype (HO)

(/usr/share/texlive/texmf-dist/tex/generic/bigintcalc/bigintcalc.sty
Package: bigintcalc 2019/12/15 v1.5 Expandable calculations on big integers (HO
)
))
\Fld@menulength=\count314
\Field@Width=\dimen193
\Fld@charsize=\dimen194
Package hyperref Info: Hyper figures OFF on input line 6063.
Package hyperref Info: Link nesting OFF on input line 6068.
Package hyperref Info: Hyper index ON on input line 6071.
Package hyperref Info: backreferencing OFF on input line 6078.
Package hyperref Info: Link coloring ON on input line 6081.
Package hyperref Info: Link coloring with OCG OFF on input line 6088.
Package hyperref Info: PDF/A mode OFF on input line 6093.

(/usr/share/texlive/texmf-dist/tex/latex/base/atbegshi-ltx.sty
Package: atbegshi-ltx 2021/01/10 v1.0c Emulation of the original atbegshi
package with kernel methods
)
\Hy@abspage=\count315
\c@Item=\count316
\c@Hfootnote=\count317
)
Package hyperref Info: Driver (autodetected): hluatex.

(/usr/share/texlive/texmf-dist/tex/latex/hyperref/hluatex.def
File: hluatex.def 2024-01-20 v7.01h Hyperref driver for luaTeX

(/usr/share/texlive/texmf-dist/tex/generic/stringenc/stringenc.sty
Package: stringenc 2019/11/29 v1.12 Convert strings between diff. encodings (HO
)
)
(/usr/share/texlive/texmf-dist/tex/latex/base/atveryend-ltx.sty
Package: atveryend-ltx 2020/08/19 v1.0a Emulation of the original atveryend pac
kage
with kernel methods
)
\Fld@listcount=\count318
\c@bookmark@seq@number=\count319

(/usr/share/texlive/texmf-dist/tex/latex/rerunfilecheck/rerunfilecheck.sty
Package: rerunfilecheck 2022-07-10 v1.10 Rerun checks for auxiliary files (HO)

(/usr/share/texlive/texmf-dist/tex/generic/uniquecounter/uniquecounter.sty
Package: uniquecounter 2019/12/15 v1.4 Provide unlimited unique counter (HO)
)
Package uniquecounter Info: New unique counter `rerunfilecheck' on input line 2
85.
)
\Hy@SectionHShift=\skip70
)
(/usr/share/texlive/texmf-dist/tex/latex/cleveref/cleveref.sty
Package: cleveref 2018/03/27 v0.21.4 Intelligent cross-referencing
Package cleveref Info: `hyperref' support loaded on input line 2370.
LaTeX Info: Redefining \cref on input line 2370.
LaTeX Info: Redefining \Cref on input line 2370.
LaTeX Info: Redefining \crefrange on input line 2370.
LaTeX Info: Redefining \Crefrange on input line 2370.
LaTeX Info: Redefining \cpageref on input line 2370.
LaTeX Info: Redefining \Cpageref on input line 2370.
LaTeX Info: Redefining \cpagerefrange on input line 2370.
LaTeX Info: Redefining \Cpagerefrange on input line 2370.
LaTeX Info: Redefining \labelcref on input line 2370.
LaTeX Info: Redefining \labelcpageref on input line 2370.
Package cleveref Info: `amsthm' support loaded on input line 3026.
Package cleveref Info: include cross-reference names in hyperlinks on input lin
e 7836.
Package cleveref Info: include cross-reference names in hyperlinks on input lin
e 7852.
)
(/usr/share/texlive/texmf-dist/tex/latex/natbib/natbib.sty
Package: natbib 2010/09/13 8.31b (PWD, AO)
\bibhang=\skip71
\bibsep=\skip72
LaTeX Info: Redefining \cite on input line 694.
\c@NAT@ctr=\count320
)
(/usr/share/texlive/texmf-dist/tex/latex/imakeidx/imakeidx.sty
Package: imakeidx 2016/10/15 v1.3e Package for typesetting indices in a synchro
nous mode

(/usr/share/texlive/texmf-dist/tex/latex/xkeyval/xkeyval.sty
Package: xkeyval 2022/06/16 v2.9 package option processing (HA)

(/usr/share/texlive/texmf-dist/tex/generic/xkeyval/xkeyval.tex
(/usr/share/texlive/texmf-dist/tex/generic/xkeyval/xkvutils.tex
\XKV@toks=\toks36
\XKV@tempa@toks=\toks37
)
\XKV@depth=\count321
File: xkeyval.tex 2014/12/03 v2.7a key=value parser (HA)
))
(/usr/share/texlive/texmf-dist/tex/generic/iftex/ifxetex.sty
Package: ifxetex 2019/10/25 v0.7 ifxetex legacy package. Use iftex instead.
)
(/usr/share/texlive/texmf-dist/tex/generic/iftex/ifluatex.sty
Package: ifluatex 2019/10/25 v1.5 ifluatex legacy package. Use iftex instead.
)
(/usr/share/texlive/texmf-dist/tex/latex/tools/multicol.sty
Package: multicol 2023/03/30 v1.9f multicolumn formatting (FMi)
\c@tracingmulticols=\count322
\mult@box=\box64
\multicol@leftmargin=\dimen195
\c@unbalance=\count323
\c@collectmore=\count324
\doublecol@number=\count325
\multicoltolerance=\count326
\multicolpretolerance=\count327
\full@width=\dimen196
\page@free=\dimen197
\premulticols=\dimen198
\postmulticols=\dimen199
\multicolsep=\skip73
\multicolbaselineskip=\skip74
\partial@page=\box65
\last@line=\box66
\mc@boxedresult=\box67
\maxbalancingoverflow=\dimen256
\mult@rightbox=\box68
\mult@grightbox=\box69
\mult@firstbox=\box70
\mult@gfirstbox=\box71
\@tempa=\box72
\@tempa=\box73
\@tempa=\box74
\@tempa=\box75
\@tempa=\box76
\@tempa=\box77
\@tempa=\box78
\@tempa=\box79
\@tempa=\box80
\@tempa=\box81
\@tempa=\box82
\@tempa=\box83
\@tempa=\box84
\@tempa=\box85
\@tempa=\box86
\@tempa=\box87
\@tempa=\box88
\@tempa=\box89
\@tempa=\box90
\@tempa=\box91
\@tempa=\box92
\@tempa=\box93
\@tempa=\box94
\@tempa=\box95
\@tempa=\box96
\@tempa=\box97
\@tempa=\box98
\@tempa=\box99
\@tempa=\box100
\@tempa=\box101
\@tempa=\box102
\@tempa=\box103
\@tempa=\box104
\@tempa=\box105
\@tempa=\box106
\@tempa=\box107
\c@minrows=\count328
\c@columnbadness=\count329
\c@finalcolumnbadness=\count330
\last@try=\dimen257
\multicolovershoot=\dimen258
\multicolundershoot=\dimen259
\mult@nat@firstbox=\box108
\colbreak@box=\box109
\mc@col@check@num=\count331
))
\structural-semantics@idxfile=\write3

\openout3 = structural-semantics.idx

Writing index file structural-semantics.idx
(/usr/share/texlive/texmf-dist/tex/latex/fancyhdr/fancyhdr.sty
Package: fancyhdr 2022/11/09 v4.1 Extensive control of page headers and footers

\f@nch@headwidth=\skip75
\f@nch@O@elh=\skip76
\f@nch@O@erh=\skip77
\f@nch@O@olh=\skip78
\f@nch@O@orh=\skip79
\f@nch@O@elf=\skip80
\f@nch@O@erf=\skip81
\f@nch@O@olf=\skip82
\f@nch@O@orf=\skip83
)
\c@definition=\count332

(./structural-semantics.aux)
\openout1 = structural-semantics.aux

LaTeX Font Info:    Checking defaults for OML/cmm/m/it on input line 181.
LaTeX Font Info:    ... okay on input line 181.
LaTeX Font Info:    Checking defaults for OMS/cmsy/m/n on input line 181.
LaTeX Font Info:    ... okay on input line 181.
LaTeX Font Info:    Checking defaults for OT1/cmr/m/n on input line 181.
LaTeX Font Info:    ... okay on input line 181.
LaTeX Font Info:    Checking defaults for T1/cmr/m/n on input line 181.
LaTeX Font Info:    ... okay on input line 181.
LaTeX Font Info:    Checking defaults for TS1/cmr/m/n on input line 181.
LaTeX Font Info:    ... okay on input line 181.
LaTeX Font Info:    Checking defaults for TU/lmr/m/n on input line 181.
LaTeX Font Info:    ... okay on input line 181.
LaTeX Font Info:    Checking defaults for OMX/cmex/m/n on input line 181.
LaTeX Font Info:    ... okay on input line 181.
LaTeX Font Info:    Checking defaults for U/cmr/m/n on input line 181.
LaTeX Font Info:    ... okay on input line 181.
LaTeX Font Info:    Checking defaults for PD1/pdf/m/n on input line 181.
LaTeX Font Info:    ... okay on input line 181.
LaTeX Font Info:    Checking defaults for PU/pdf/m/n on input line 181.
LaTeX Font Info:    ... okay on input line 181.


Package unicode-math Warning: Using \overbracket and \underbracket from
(unicode-math)                `mathtools' package.
(unicode-math)                 
(unicode-math)                 Use \Uoverbracket and \Uunderbracket for
(unicode-math)                original `unicode-math' definition.


Package unicode-math Warning: I'm going to overwrite the following commands
(unicode-math)                from the `mathtools' package: 
(unicode-math)                 
(unicode-math)                     \dblcolon, \coloneqq, \Coloneqq, \eqqcolon.
(unicode-math)                
(unicode-math)                 
(unicode-math)                 Note that since I won't overwrite the other
(unicode-math)                colon-like commands, using them will lead to
(unicode-math)                inconsistencies.

LaTeX Info: Redefining \microtypecontext on input line 181.
Package microtype Info: Applying patch `item' on input line 181.
Package microtype Info: Applying patch `toc' on input line 181.
Package microtype Info: Applying patch `eqnum' on input line 181.
Package microtype Info: Applying patch `footnote' on input line 181.
Package microtype Info: Applying patch `verbatim' on input line 181.
Package microtype Info: Generating PDF output.
Package microtype Info: Character protrusion enabled (level 2).
Package microtype Info: Using default protrusion set `alltext'.
Package microtype Info: No font expansion.
Package microtype Info: No adjustment of tracking.
Package microtype Info: No adjustment of spacing.
Package microtype Info: No adjustment of kerning.
(/usr/share/texlive/texmf-dist/tex/latex/microtype/mt-Palatino.cfg
File: mt-Palatino.cfg 2012/03/10 v1.0 microtype config. file: Palatino and simi
lar fonts (LBD)
)
Package microtype Info: Character `ﬆ' is missing
(microtype)             in font `TU/TeXGyrePagella(0)/m/n/10.95'.
(microtype)             Ignoring protrusion settings for this character.
Package microtype Info: Character `ﬅ' is missing
(microtype)             in font `TU/TeXGyrePagella(0)/m/n/10.95'.
(microtype)             Ignoring protrusion settings for this character.
Package microtype Info: Character `‥' is missing
(microtype)             in font `TU/TeXGyrePagella(0)/m/n/10.95'.
(microtype)             Ignoring protrusion settings for this character.
Package microtype Info: Character `‼' is missing
(microtype)             in font `TU/TeXGyrePagella(0)/m/n/10.95'.
(microtype)             Ignoring protrusion settings for this character.
Package microtype Info: Character `⁰' is missing
(microtype)             in font `TU/TeXGyrePagella(0)/m/n/10.95'.
(microtype)             Ignoring protrusion settings for this character.
Package microtype Info: Character `⁴' is missing
(microtype)             in font `TU/TeXGyrePagella(0)/m/n/10.95'.
(microtype)             Ignoring protrusion settings for this character.
Package microtype Info: Character `⁵' is missing
(microtype)             in font `TU/TeXGyrePagella(0)/m/n/10.95'.
(microtype)             Ignoring protrusion settings for this character.
Package microtype Info: Character `⁶' is missing
(microtype)             in font `TU/TeXGyrePagella(0)/m/n/10.95'.
(microtype)             Ignoring protrusion settings for this character.
Package microtype Info: Character `⁷' is missing
(microtype)             in font `TU/TeXGyrePagella(0)/m/n/10.95'.
(microtype)             Ignoring protrusion settings for this character.
Package microtype Info: Character `⁸' is missing
(microtype)             in font `TU/TeXGyrePagella(0)/m/n/10.95'.
(microtype)             Ignoring protrusion settings for this character.
Package microtype Info: Character `⁹' is missing
(microtype)             in font `TU/TeXGyrePagella(0)/m/n/10.95'.
(microtype)             Ignoring protrusion settings for this character.
Package microtype Info: Character `₀' is missing
(microtype)             in font `TU/TeXGyrePagella(0)/m/n/10.95'.
(microtype)             Ignoring protrusion settings for this character.
Package microtype Info: Character `₁' is missing
(microtype)             in font `TU/TeXGyrePagella(0)/m/n/10.95'.
(microtype)             Ignoring protrusion settings for this character.
Package microtype Info: Character `₂' is missing
(microtype)             in font `TU/TeXGyrePagella(0)/m/n/10.95'.
(microtype)             Ignoring protrusion settings for this character.
Package microtype Info: Character `₃' is missing
(microtype)             in font `TU/TeXGyrePagella(0)/m/n/10.95'.
(microtype)             Ignoring protrusion settings for this character.
Package microtype Info: Character `₄' is missing
(microtype)             in font `TU/TeXGyrePagella(0)/m/n/10.95'.
(microtype)             Ignoring protrusion settings for this character.
Package microtype Info: Character `₅' is missing
(microtype)             in font `TU/TeXGyrePagella(0)/m/n/10.95'.
(microtype)             Ignoring protrusion settings for this character.
Package microtype Info: Character `₆' is missing
(microtype)             in font `TU/TeXGyrePagella(0)/m/n/10.95'.
(microtype)             Ignoring protrusion settings for this character.
Package microtype Info: Character `₇' is missing
(microtype)             in font `TU/TeXGyrePagella(0)/m/n/10.95'.
(microtype)             Ignoring protrusion settings for this character.
Package microtype Info: Character `₈' is missing
(microtype)             in font `TU/TeXGyrePagella(0)/m/n/10.95'.
(microtype)             Ignoring protrusion settings for this character.
Package microtype Info: Character `₉' is missing
(microtype)             in font `TU/TeXGyrePagella(0)/m/n/10.95'.
(microtype)             Ignoring protrusion settings for this character.
Package microtype Info: Character `₊' is missing
(microtype)             in font `TU/TeXGyrePagella(0)/m/n/10.95'.
(microtype)             Ignoring protrusion settings for this character.
Package microtype Info: Character `₋' is missing
(microtype)             in font `TU/TeXGyrePagella(0)/m/n/10.95'.
(microtype)             Ignoring protrusion settings for this character.
Package microtype Info: Character `⁺' is missing
(microtype)             in font `TU/TeXGyrePagella(0)/m/n/10.95'.
(microtype)             Ignoring protrusion settings for this character.
Package microtype Info: Character `⁻' is missing
(microtype)             in font `TU/TeXGyrePagella(0)/m/n/10.95'.
(microtype)             Ignoring protrusion settings for this character.

*geometry* driver: auto-detecting
*geometry* detected driver: luatex
*geometry* verbose mode - [ preamble ] result:
* driver: luatex
* paper: a4paper
* layout: <same size as paper>
* layoutoffset:(h,v)=(0.0pt,0.0pt)
* modes: twoside 
* h-part:(L,W,R)=(99.58464pt, 418.25552pt, 79.66771pt)
* v-part:(T,H,B)=(85.35826pt, 674.33032pt, 85.35826pt)
* \paperwidth=597.50787pt
* \paperheight=845.04684pt
* \textwidth=418.25552pt
* \textheight=674.33032pt
* \oddsidemargin=27.31465pt
* \evensidemargin=7.39772pt
* \topmargin=-21.67392pt
* \headheight=12.0pt
* \headsep=22.76219pt
* \topskip=11.0pt
* \footskip=34.1433pt
* \marginparwidth=116.0pt
* \marginparsep=7.0pt
* \columnsep=10.0pt
* \skip\footins=10.0pt plus 4.0pt minus 2.0pt
* \hoffset=0.0pt
* \voffset=0.0pt
* \mag=1000
* \@twocolumnfalse
* \@twosidetrue
* \@mparswitchtrue
* \@reversemarginfalse
* (1in=72.27pt=25.4mm, 1cm=28.453pt)

(/usr/share/texlive/texmf-dist/tex/context/base/mkii/supp-pdf.mkii
[Loading MPS to PDF converter (version 2006.09.02).]
\scratchcounter=\count333
\scratchdimen=\dimen260
\scratchbox=\box110
\nofMPsegments=\count334
\nofMParguments=\count335
\everyMPshowfont=\toks38
\MPscratchCnt=\count336
\MPscratchDim=\dimen261
\MPnumerator=\count337
\makeMPintoPDFobject=\count338
\everyMPtoPDFconversion=\toks39
) (/usr/share/texlive/texmf-dist/tex/latex/epstopdf-pkg/epstopdf-base.sty
Package: epstopdf-base 2020-01-24 v2.11 Base part for package epstopdf
Package epstopdf-base Info: Redefining graphics rule for `.eps' on input line 4
85.

(/usr/share/texlive/texmf-dist/tex/latex/latexconfig/epstopdf-sys.cfg
File: epstopdf-sys.cfg 2010/07/13 v1.3 Configuration of (r)epstopdf for TeX Liv
e
))
Package hyperref Info: Link coloring ON on input line 181.

(./structural-semantics.out) (./structural-semantics.out)
\@outlinefile=\write4

\openout4 = structural-semantics.out
Package microtype Info: Character `ﬆ' is missing
(microtype)             in font `TU/TeXGyrePagella(0)/m/n/24.88'.
(microtype)             Ignoring protrusion settings for this character.
Package microtype Info: Character `ﬅ' is missing
(microtype)             in font `TU/TeXGyrePagella(0)/m/n/24.88'.
(microtype)             Ignoring protrusion settings for this character.
Package microtype Info: Character `‥' is missing
(microtype)             in font `TU/TeXGyrePagella(0)/m/n/24.88'.
(microtype)             Ignoring protrusion settings for this character.
Package microtype Info: Character `‼' is missing
(microtype)             in font `TU/TeXGyrePagella(0)/m/n/24.88'.
(microtype)             Ignoring protrusion settings for this character.
Package microtype Info: Character `⁰' is missing
(microtype)             in font `TU/TeXGyrePagella(0)/m/n/24.88'.
(microtype)             Ignoring protrusion settings for this character.
Package microtype Info: Character `⁴' is missing
(microtype)             in font `TU/TeXGyrePagella(0)/m/n/24.88'.
(microtype)             Ignoring protrusion settings for this character.
Package microtype Info: Character `⁵' is missing
(microtype)             in font `TU/TeXGyrePagella(0)/m/n/24.88'.
(microtype)             Ignoring protrusion settings for this character.
Package microtype Info: Character `⁶' is missing
(microtype)             in font `TU/TeXGyrePagella(0)/m/n/24.88'.
(microtype)             Ignoring protrusion settings for this character.
Package microtype Info: Character `⁷' is missing
(microtype)             in font `TU/TeXGyrePagella(0)/m/n/24.88'.
(microtype)             Ignoring protrusion settings for this character.
Package microtype Info: Character `⁸' is missing
(microtype)             in font `TU/TeXGyrePagella(0)/m/n/24.88'.
(microtype)             Ignoring protrusion settings for this character.
Package microtype Info: Character `⁹' is missing
(microtype)             in font `TU/TeXGyrePagella(0)/m/n/24.88'.
(microtype)             Ignoring protrusion settings for this character.
Package microtype Info: Character `₀' is missing
(microtype)             in font `TU/TeXGyrePagella(0)/m/n/24.88'.
(microtype)             Ignoring protrusion settings for this character.
Package microtype Info: Character `₁' is missing
(microtype)             in font `TU/TeXGyrePagella(0)/m/n/24.88'.
(microtype)             Ignoring protrusion settings for this character.
Package microtype Info: Character `₂' is missing
(microtype)             in font `TU/TeXGyrePagella(0)/m/n/24.88'.
(microtype)             Ignoring protrusion settings for this character.
Package microtype Info: Character `₃' is missing
(microtype)             in font `TU/TeXGyrePagella(0)/m/n/24.88'.
(microtype)             Ignoring protrusion settings for this character.
Package microtype Info: Character `₄' is missing
(microtype)             in font `TU/TeXGyrePagella(0)/m/n/24.88'.
(microtype)             Ignoring protrusion settings for this character.
Package microtype Info: Character `₅' is missing
(microtype)             in font `TU/TeXGyrePagella(0)/m/n/24.88'.
(microtype)             Ignoring protrusion settings for this character.
Package microtype Info: Character `₆' is missing
(microtype)             in font `TU/TeXGyrePagella(0)/m/n/24.88'.
(microtype)             Ignoring protrusion settings for this character.
Package microtype Info: Character `₇' is missing
(microtype)             in font `TU/TeXGyrePagella(0)/m/n/24.88'.
(microtype)             Ignoring protrusion settings for this character.
Package microtype Info: Character `₈' is missing
(microtype)             in font `TU/TeXGyrePagella(0)/m/n/24.88'.
(microtype)             Ignoring protrusion settings for this character.
Package microtype Info: Character `₉' is missing
(microtype)             in font `TU/TeXGyrePagella(0)/m/n/24.88'.
(microtype)             Ignoring protrusion settings for this character.
Package microtype Info: Character `₊' is missing
(microtype)             in font `TU/TeXGyrePagella(0)/m/n/24.88'.
(microtype)             Ignoring protrusion settings for this character.
Package microtype Info: Character `₋' is missing
(microtype)             in font `TU/TeXGyrePagella(0)/m/n/24.88'.
(microtype)             Ignoring protrusion settings for this character.
Package microtype Info: Character `⁺' is missing
(microtype)             in font `TU/TeXGyrePagella(0)/m/n/24.88'.
(microtype)             Ignoring protrusion settings for this character.
Package microtype Info: Character `⁻' is missing
(microtype)             in font `TU/TeXGyrePagella(0)/m/n/24.88'.
(microtype)             Ignoring protrusion settings for this character.
Package microtype Info: Character `ﬆ' is missing
(microtype)             in font `TU/TeXGyrePagella(0)/b/n/24.88'.
(microtype)             Ignoring protrusion settings for this character.
Package microtype Info: Character `ﬅ' is missing
(microtype)             in font `TU/TeXGyrePagella(0)/b/n/24.88'.
(microtype)             Ignoring protrusion settings for this character.
Package microtype Info: Character `‥' is missing
(microtype)             in font `TU/TeXGyrePagella(0)/b/n/24.88'.
(microtype)             Ignoring protrusion settings for this character.
Package microtype Info: Character `‼' is missing
(microtype)             in font `TU/TeXGyrePagella(0)/b/n/24.88'.
(microtype)             Ignoring protrusion settings for this character.
Package microtype Info: Character `⁰' is missing
(microtype)             in font `TU/TeXGyrePagella(0)/b/n/24.88'.
(microtype)             Ignoring protrusion settings for this character.
Package microtype Info: Character `⁴' is missing
(microtype)             in font `TU/TeXGyrePagella(0)/b/n/24.88'.
(microtype)             Ignoring protrusion settings for this character.
Package microtype Info: Character `⁵' is missing
(microtype)             in font `TU/TeXGyrePagella(0)/b/n/24.88'.
(microtype)             Ignoring protrusion settings for this character.
Package microtype Info: Character `⁶' is missing
(microtype)             in font `TU/TeXGyrePagella(0)/b/n/24.88'.
(microtype)             Ignoring protrusion settings for this character.
Package microtype Info: Character `⁷' is missing
(microtype)             in font `TU/TeXGyrePagella(0)/b/n/24.88'.
(microtype)             Ignoring protrusion settings for this character.
Package microtype Info: Character `⁸' is missing
(microtype)             in font `TU/TeXGyrePagella(0)/b/n/24.88'.
(microtype)             Ignoring protrusion settings for this character.
Package microtype Info: Character `⁹' is missing
(microtype)             in font `TU/TeXGyrePagella(0)/b/n/24.88'.
(microtype)             Ignoring protrusion settings for this character.
Package microtype Info: Character `₀' is missing
(microtype)             in font `TU/TeXGyrePagella(0)/b/n/24.88'.
(microtype)             Ignoring protrusion settings for this character.
Package microtype Info: Character `₁' is missing
(microtype)             in font `TU/TeXGyrePagella(0)/b/n/24.88'.
(microtype)             Ignoring protrusion settings for this character.
Package microtype Info: Character `₂' is missing
(microtype)             in font `TU/TeXGyrePagella(0)/b/n/24.88'.
(microtype)             Ignoring protrusion settings for this character.
Package microtype Info: Character `₃' is missing
(microtype)             in font `TU/TeXGyrePagella(0)/b/n/24.88'.
(microtype)             Ignoring protrusion settings for this character.
Package microtype Info: Character `₄' is missing
(microtype)             in font `TU/TeXGyrePagella(0)/b/n/24.88'.
(microtype)             Ignoring protrusion settings for this character.
Package microtype Info: Character `₅' is missing
(microtype)             in font `TU/TeXGyrePagella(0)/b/n/24.88'.
(microtype)             Ignoring protrusion settings for this character.
Package microtype Info: Character `₆' is missing
(microtype)             in font `TU/TeXGyrePagella(0)/b/n/24.88'.
(microtype)             Ignoring protrusion settings for this character.
Package microtype Info: Character `₇' is missing
(microtype)             in font `TU/TeXGyrePagella(0)/b/n/24.88'.
(microtype)             Ignoring protrusion settings for this character.
Package microtype Info: Character `₈' is missing
(microtype)             in font `TU/TeXGyrePagella(0)/b/n/24.88'.
(microtype)             Ignoring protrusion settings for this character.
Package microtype Info: Character `₉' is missing
(microtype)             in font `TU/TeXGyrePagella(0)/b/n/24.88'.
(microtype)             Ignoring protrusion settings for this character.
Package microtype Info: Character `₊' is missing
(microtype)             in font `TU/TeXGyrePagella(0)/b/n/24.88'.
(microtype)             Ignoring protrusion settings for this character.
Package microtype Info: Character `₋' is missing
(microtype)             in font `TU/TeXGyrePagella(0)/b/n/24.88'.
(microtype)             Ignoring protrusion settings for this character.
Package microtype Info: Character `⁺' is missing
(microtype)             in font `TU/TeXGyrePagella(0)/b/n/24.88'.
(microtype)             Ignoring protrusion settings for this character.
Package microtype Info: Character `⁻' is missing
(microtype)             in font `TU/TeXGyrePagella(0)/b/n/24.88'.
(microtype)             Ignoring protrusion settings for this character.
Package microtype Info: Character `ﬆ' is missing
(microtype)             in font `TU/TeXGyrePagella(0)/m/n/14.4'.
(microtype)             Ignoring protrusion settings for this character.
Package microtype Info: Character `ﬅ' is missing
(microtype)             in font `TU/TeXGyrePagella(0)/m/n/14.4'.
(microtype)             Ignoring protrusion settings for this character.
Package microtype Info: Character `‥' is missing
(microtype)             in font `TU/TeXGyrePagella(0)/m/n/14.4'.
(microtype)             Ignoring protrusion settings for this character.
Package microtype Info: Character `‼' is missing
(microtype)             in font `TU/TeXGyrePagella(0)/m/n/14.4'.
(microtype)             Ignoring protrusion settings for this character.
Package microtype Info: Character `⁰' is missing
(microtype)             in font `TU/TeXGyrePagella(0)/m/n/14.4'.
(microtype)             Ignoring protrusion settings for this character.
Package microtype Info: Character `⁴' is missing
(microtype)             in font `TU/TeXGyrePagella(0)/m/n/14.4'.
(microtype)             Ignoring protrusion settings for this character.
Package microtype Info: Character `⁵' is missing
(microtype)             in font `TU/TeXGyrePagella(0)/m/n/14.4'.
(microtype)             Ignoring protrusion settings for this character.
Package microtype Info: Character `⁶' is missing
(microtype)             in font `TU/TeXGyrePagella(0)/m/n/14.4'.
(microtype)             Ignoring protrusion settings for this character.
Package microtype Info: Character `⁷' is missing
(microtype)             in font `TU/TeXGyrePagella(0)/m/n/14.4'.
(microtype)             Ignoring protrusion settings for this character.
Package microtype Info: Character `⁸' is missing
(microtype)             in font `TU/TeXGyrePagella(0)/m/n/14.4'.
(microtype)             Ignoring protrusion settings for this character.
Package microtype Info: Character `⁹' is missing
(microtype)             in font `TU/TeXGyrePagella(0)/m/n/14.4'.
(microtype)             Ignoring protrusion settings for this character.
Package microtype Info: Character `₀' is missing
(microtype)             in font `TU/TeXGyrePagella(0)/m/n/14.4'.
(microtype)             Ignoring protrusion settings for this character.
Package microtype Info: Character `₁' is missing
(microtype)             in font `TU/TeXGyrePagella(0)/m/n/14.4'.
(microtype)             Ignoring protrusion settings for this character.
Package microtype Info: Character `₂' is missing
(microtype)             in font `TU/TeXGyrePagella(0)/m/n/14.4'.
(microtype)             Ignoring protrusion settings for this character.
Package microtype Info: Character `₃' is missing
(microtype)             in font `TU/TeXGyrePagella(0)/m/n/14.4'.
(microtype)             Ignoring protrusion settings for this character.
Package microtype Info: Character `₄' is missing
(microtype)             in font `TU/TeXGyrePagella(0)/m/n/14.4'.
(microtype)             Ignoring protrusion settings for this character.
Package microtype Info: Character `₅' is missing
(microtype)             in font `TU/TeXGyrePagella(0)/m/n/14.4'.
(microtype)             Ignoring protrusion settings for this character.
Package microtype Info: Character `₆' is missing
(microtype)             in font `TU/TeXGyrePagella(0)/m/n/14.4'.
(microtype)             Ignoring protrusion settings for this character.
Package microtype Info: Character `₇' is missing
(microtype)             in font `TU/TeXGyrePagella(0)/m/n/14.4'.
(microtype)             Ignoring protrusion settings for this character.
Package microtype Info: Character `₈' is missing
(microtype)             in font `TU/TeXGyrePagella(0)/m/n/14.4'.
(microtype)             Ignoring protrusion settings for this character.
Package microtype Info: Character `₉' is missing
(microtype)             in font `TU/TeXGyrePagella(0)/m/n/14.4'.
(microtype)             Ignoring protrusion settings for this character.
Package microtype Info: Character `₊' is missing
(microtype)             in font `TU/TeXGyrePagella(0)/m/n/14.4'.
(microtype)             Ignoring protrusion settings for this character.
Package microtype Info: Character `₋' is missing
(microtype)             in font `TU/TeXGyrePagella(0)/m/n/14.4'.
(microtype)             Ignoring protrusion settings for this character.
Package microtype Info: Character `⁺' is missing
(microtype)             in font `TU/TeXGyrePagella(0)/m/n/14.4'.
(microtype)             Ignoring protrusion settings for this character.
Package microtype Info: Character `⁻' is missing
(microtype)             in font `TU/TeXGyrePagella(0)/m/n/14.4'.
(microtype)             Ignoring protrusion settings for this character.
Package microtype Info: Character `ﬆ' is missing
(microtype)             in font `TU/TeXGyrePagella(0)/m/n/12'.
(microtype)             Ignoring protrusion settings for this character.
Package microtype Info: Character `ﬅ' is missing
(microtype)             in font `TU/TeXGyrePagella(0)/m/n/12'.
(microtype)             Ignoring protrusion settings for this character.
Package microtype Info: Character `‥' is missing
(microtype)             in font `TU/TeXGyrePagella(0)/m/n/12'.
(microtype)             Ignoring protrusion settings for this character.
Package microtype Info: Character `‼' is missing
(microtype)             in font `TU/TeXGyrePagella(0)/m/n/12'.
(microtype)             Ignoring protrusion settings for this character.
Package microtype Info: Character `⁰' is missing
(microtype)             in font `TU/TeXGyrePagella(0)/m/n/12'.
(microtype)             Ignoring protrusion settings for this character.
Package microtype Info: Character `⁴' is missing
(microtype)             in font `TU/TeXGyrePagella(0)/m/n/12'.
(microtype)             Ignoring protrusion settings for this character.
Package microtype Info: Character `⁵' is missing
(microtype)             in font `TU/TeXGyrePagella(0)/m/n/12'.
(microtype)             Ignoring protrusion settings for this character.
Package microtype Info: Character `⁶' is missing
(microtype)             in font `TU/TeXGyrePagella(0)/m/n/12'.
(microtype)             Ignoring protrusion settings for this character.
Package microtype Info: Character `⁷' is missing
(microtype)             in font `TU/TeXGyrePagella(0)/m/n/12'.
(microtype)             Ignoring protrusion settings for this character.
Package microtype Info: Character `⁸' is missing
(microtype)             in font `TU/TeXGyrePagella(0)/m/n/12'.
(microtype)             Ignoring protrusion settings for this character.
Package microtype Info: Character `⁹' is missing
(microtype)             in font `TU/TeXGyrePagella(0)/m/n/12'.
(microtype)             Ignoring protrusion settings for this character.
Package microtype Info: Character `₀' is missing
(microtype)             in font `TU/TeXGyrePagella(0)/m/n/12'.
(microtype)             Ignoring protrusion settings for this character.
Package microtype Info: Character `₁' is missing
(microtype)             in font `TU/TeXGyrePagella(0)/m/n/12'.
(microtype)             Ignoring protrusion settings for this character.
Package microtype Info: Character `₂' is missing
(microtype)             in font `TU/TeXGyrePagella(0)/m/n/12'.
(microtype)             Ignoring protrusion settings for this character.
Package microtype Info: Character `₃' is missing
(microtype)             in font `TU/TeXGyrePagella(0)/m/n/12'.
(microtype)             Ignoring protrusion settings for this character.
Package microtype Info: Character `₄' is missing
(microtype)             in font `TU/TeXGyrePagella(0)/m/n/12'.
(microtype)             Ignoring protrusion settings for this character.
Package microtype Info: Character `₅' is missing
(microtype)             in font `TU/TeXGyrePagella(0)/m/n/12'.
(microtype)             Ignoring protrusion settings for this character.
Package microtype Info: Character `₆' is missing
(microtype)             in font `TU/TeXGyrePagella(0)/m/n/12'.
(microtype)             Ignoring protrusion settings for this character.
Package microtype Info: Character `₇' is missing
(microtype)             in font `TU/TeXGyrePagella(0)/m/n/12'.
(microtype)             Ignoring protrusion settings for this character.
Package microtype Info: Character `₈' is missing
(microtype)             in font `TU/TeXGyrePagella(0)/m/n/12'.
(microtype)             Ignoring protrusion settings for this character.
Package microtype Info: Character `₉' is missing
(microtype)             in font `TU/TeXGyrePagella(0)/m/n/12'.
(microtype)             Ignoring protrusion settings for this character.
Package microtype Info: Character `₊' is missing
(microtype)             in font `TU/TeXGyrePagella(0)/m/n/12'.
(microtype)             Ignoring protrusion settings for this character.
Package microtype Info: Character `₋' is missing
(microtype)             in font `TU/TeXGyrePagella(0)/m/n/12'.
(microtype)             Ignoring protrusion settings for this character.
Package microtype Info: Character `⁺' is missing
(microtype)             in font `TU/TeXGyrePagella(0)/m/n/12'.
(microtype)             Ignoring protrusion settings for this character.
Package microtype Info: Character `⁻' is missing
(microtype)             in font `TU/TeXGyrePagella(0)/m/n/12'.
(microtype)             Ignoring protrusion settings for this character.
 [1



{/var/lib/texmf/fonts/map/pdftex/updmap/pdftex.map}]

Package fancyhdr Warning: \headheight is too small (12.0pt): 
(fancyhdr)                Make it at least 13.59999pt, for example:
(fancyhdr)                \setlength{\headheight}{13.59999pt}.
(fancyhdr)                You might also make \topmargin smaller to compensate:

(fancyhdr)                \addtolength{\topmargin}{-1.59999pt}.

[2

] [3]

Package fancyhdr Warning: \headheight is too small (12.0pt): 
(fancyhdr)                Make it at least 13.59999pt, for example:
(fancyhdr)                \setlength{\headheight}{13.59999pt}.
(fancyhdr)                You might also make \topmargin smaller to compensate:

(fancyhdr)                \addtolength{\topmargin}{-1.59999pt}.

[4

]
Package microtype Info: Character `‥' is missing
(microtype)             in font `TU/TeXGyrePagella(0)/m/it/10.95'.
(microtype)             Ignoring protrusion settings for this character.
Package microtype Info: Character `⁰' is missing
(microtype)             in font `TU/TeXGyrePagella(0)/m/it/10.95'.
(microtype)             Ignoring protrusion settings for this character.
Package microtype Info: Character `⁴' is missing
(microtype)             in font `TU/TeXGyrePagella(0)/m/it/10.95'.
(microtype)             Ignoring protrusion settings for this character.
Package microtype Info: Character `⁵' is missing
(microtype)             in font `TU/TeXGyrePagella(0)/m/it/10.95'.
(microtype)             Ignoring protrusion settings for this character.
Package microtype Info: Character `⁶' is missing
(microtype)             in font `TU/TeXGyrePagella(0)/m/it/10.95'.
(microtype)             Ignoring protrusion settings for this character.
Package microtype Info: Character `⁷' is missing
(microtype)             in font `TU/TeXGyrePagella(0)/m/it/10.95'.
(microtype)             Ignoring protrusion settings for this character.
Package microtype Info: Character `⁸' is missing
(microtype)             in font `TU/TeXGyrePagella(0)/m/it/10.95'.
(microtype)             Ignoring protrusion settings for this character.
Package microtype Info: Character `⁹' is missing
(microtype)             in font `TU/TeXGyrePagella(0)/m/it/10.95'.
(microtype)             Ignoring protrusion settings for this character.
Package microtype Info: Character `₀' is missing
(microtype)             in font `TU/TeXGyrePagella(0)/m/it/10.95'.
(microtype)             Ignoring protrusion settings for this character.
Package microtype Info: Character `₁' is missing
(microtype)             in font `TU/TeXGyrePagella(0)/m/it/10.95'.
(microtype)             Ignoring protrusion settings for this character.
Package microtype Info: Character `₂' is missing
(microtype)             in font `TU/TeXGyrePagella(0)/m/it/10.95'.
(microtype)             Ignoring protrusion settings for this character.
Package microtype Info: Character `₃' is missing
(microtype)             in font `TU/TeXGyrePagella(0)/m/it/10.95'.
(microtype)             Ignoring protrusion settings for this character.
Package microtype Info: Character `₄' is missing
(microtype)             in font `TU/TeXGyrePagella(0)/m/it/10.95'.
(microtype)             Ignoring protrusion settings for this character.
Package microtype Info: Character `₅' is missing
(microtype)             in font `TU/TeXGyrePagella(0)/m/it/10.95'.
(microtype)             Ignoring protrusion settings for this character.
Package microtype Info: Character `₆' is missing
(microtype)             in font `TU/TeXGyrePagella(0)/m/it/10.95'.
(microtype)             Ignoring protrusion settings for this character.
Package microtype Info: Character `₇' is missing
(microtype)             in font `TU/TeXGyrePagella(0)/m/it/10.95'.
(microtype)             Ignoring protrusion settings for this character.
Package microtype Info: Character `₈' is missing
(microtype)             in font `TU/TeXGyrePagella(0)/m/it/10.95'.
(microtype)             Ignoring protrusion settings for this character.
Package microtype Info: Character `₉' is missing
(microtype)             in font `TU/TeXGyrePagella(0)/m/it/10.95'.
(microtype)             Ignoring protrusion settings for this character.
Package microtype Info: Character `₊' is missing
(microtype)             in font `TU/TeXGyrePagella(0)/m/it/10.95'.
(microtype)             Ignoring protrusion settings for this character.
Package microtype Info: Character `₋' is missing
(microtype)             in font `TU/TeXGyrePagella(0)/m/it/10.95'.
(microtype)             Ignoring protrusion settings for this character.
Package microtype Info: Character `⁺' is missing
(microtype)             in font `TU/TeXGyrePagella(0)/m/it/10.95'.
(microtype)             Ignoring protrusion settings for this character.
Package microtype Info: Character `⁻' is missing
(microtype)             in font `TU/TeXGyrePagella(0)/m/it/10.95'.
(microtype)             Ignoring protrusion settings for this character.
 [5]

Package fancyhdr Warning: \headheight is too small (12.0pt): 
(fancyhdr)                Make it at least 13.59999pt, for example:
(fancyhdr)                \setlength{\headheight}{13.59999pt}.
(fancyhdr)                You might also make \topmargin smaller to compensate:

(fancyhdr)                \addtolength{\topmargin}{-1.59999pt}.

[6

] (./structural-semantics.toc
Package microtype Info: Character `ﬆ' is missing
(microtype)             in font `TU/TeXGyrePagella(0)/b/n/10.95'.
(microtype)             Ignoring protrusion settings for this character.
Package microtype Info: Character `ﬅ' is missing
(microtype)             in font `TU/TeXGyrePagella(0)/b/n/10.95'.
(microtype)             Ignoring protrusion settings for this character.
Package microtype Info: Character `‥' is missing
(microtype)             in font `TU/TeXGyrePagella(0)/b/n/10.95'.
(microtype)             Ignoring protrusion settings for this character.
Package microtype Info: Character `‼' is missing
(microtype)             in font `TU/TeXGyrePagella(0)/b/n/10.95'.
(microtype)             Ignoring protrusion settings for this character.
Package microtype Info: Character `⁰' is missing
(microtype)             in font `TU/TeXGyrePagella(0)/b/n/10.95'.
(microtype)             Ignoring protrusion settings for this character.
Package microtype Info: Character `⁴' is missing
(microtype)             in font `TU/TeXGyrePagella(0)/b/n/10.95'.
(microtype)             Ignoring protrusion settings for this character.
Package microtype Info: Character `⁵' is missing
(microtype)             in font `TU/TeXGyrePagella(0)/b/n/10.95'.
(microtype)             Ignoring protrusion settings for this character.
Package microtype Info: Character `⁶' is missing
(microtype)             in font `TU/TeXGyrePagella(0)/b/n/10.95'.
(microtype)             Ignoring protrusion settings for this character.
Package microtype Info: Character `⁷' is missing
(microtype)             in font `TU/TeXGyrePagella(0)/b/n/10.95'.
(microtype)             Ignoring protrusion settings for this character.
Package microtype Info: Character `⁸' is missing
(microtype)             in font `TU/TeXGyrePagella(0)/b/n/10.95'.
(microtype)             Ignoring protrusion settings for this character.
Package microtype Info: Character `⁹' is missing
(microtype)             in font `TU/TeXGyrePagella(0)/b/n/10.95'.
(microtype)             Ignoring protrusion settings for this character.
Package microtype Info: Character `₀' is missing
(microtype)             in font `TU/TeXGyrePagella(0)/b/n/10.95'.
(microtype)             Ignoring protrusion settings for this character.
Package microtype Info: Character `₁' is missing
(microtype)             in font `TU/TeXGyrePagella(0)/b/n/10.95'.
(microtype)             Ignoring protrusion settings for this character.
Package microtype Info: Character `₂' is missing
(microtype)             in font `TU/TeXGyrePagella(0)/b/n/10.95'.
(microtype)             Ignoring protrusion settings for this character.
Package microtype Info: Character `₃' is missing
(microtype)             in font `TU/TeXGyrePagella(0)/b/n/10.95'.
(microtype)             Ignoring protrusion settings for this character.
Package microtype Info: Character `₄' is missing
(microtype)             in font `TU/TeXGyrePagella(0)/b/n/10.95'.
(microtype)             Ignoring protrusion settings for this character.
Package microtype Info: Character `₅' is missing
(microtype)             in font `TU/TeXGyrePagella(0)/b/n/10.95'.
(microtype)             Ignoring protrusion settings for this character.
Package microtype Info: Character `₆' is missing
(microtype)             in font `TU/TeXGyrePagella(0)/b/n/10.95'.
(microtype)             Ignoring protrusion settings for this character.
Package microtype Info: Character `₇' is missing
(microtype)             in font `TU/TeXGyrePagella(0)/b/n/10.95'.
(microtype)             Ignoring protrusion settings for this character.
Package microtype Info: Character `₈' is missing
(microtype)             in font `TU/TeXGyrePagella(0)/b/n/10.95'.
(microtype)             Ignoring protrusion settings for this character.
Package microtype Info: Character `₉' is missing
(microtype)             in font `TU/TeXGyrePagella(0)/b/n/10.95'.
(microtype)             Ignoring protrusion settings for this character.
Package microtype Info: Character `₊' is missing
(microtype)             in font `TU/TeXGyrePagella(0)/b/n/10.95'.
(microtype)             Ignoring protrusion settings for this character.
Package microtype Info: Character `₋' is missing
(microtype)             in font `TU/TeXGyrePagella(0)/b/n/10.95'.
(microtype)             Ignoring protrusion settings for this character.
Package microtype Info: Character `⁺' is missing
(microtype)             in font `TU/TeXGyrePagella(0)/b/n/10.95'.
(microtype)             Ignoring protrusion settings for this character.
Package microtype Info: Character `⁻' is missing
(microtype)             in font `TU/TeXGyrePagella(0)/b/n/10.95'.
(microtype)             Ignoring protrusion settings for this character.
Package microtype Info: Character `ﬆ' is missing
(microtype)             in font `TU/TeXGyrePagella(0)/b/n/12'.
(microtype)             Ignoring protrusion settings for this character.
Package microtype Info: Character `ﬅ' is missing
(microtype)             in font `TU/TeXGyrePagella(0)/b/n/12'.
(microtype)             Ignoring protrusion settings for this character.
Package microtype Info: Character `‥' is missing
(microtype)             in font `TU/TeXGyrePagella(0)/b/n/12'.
(microtype)             Ignoring protrusion settings for this character.
Package microtype Info: Character `‼' is missing
(microtype)             in font `TU/TeXGyrePagella(0)/b/n/12'.
(microtype)             Ignoring protrusion settings for this character.
Package microtype Info: Character `⁰' is missing
(microtype)             in font `TU/TeXGyrePagella(0)/b/n/12'.
(microtype)             Ignoring protrusion settings for this character.
Package microtype Info: Character `⁴' is missing
(microtype)             in font `TU/TeXGyrePagella(0)/b/n/12'.
(microtype)             Ignoring protrusion settings for this character.
Package microtype Info: Character `⁵' is missing
(microtype)             in font `TU/TeXGyrePagella(0)/b/n/12'.
(microtype)             Ignoring protrusion settings for this character.
Package microtype Info: Character `⁶' is missing
(microtype)             in font `TU/TeXGyrePagella(0)/b/n/12'.
(microtype)             Ignoring protrusion settings for this character.
Package microtype Info: Character `⁷' is missing
(microtype)             in font `TU/TeXGyrePagella(0)/b/n/12'.
(microtype)             Ignoring protrusion settings for this character.
Package microtype Info: Character `⁸' is missing
(microtype)             in font `TU/TeXGyrePagella(0)/b/n/12'.
(microtype)             Ignoring protrusion settings for this character.
Package microtype Info: Character `⁹' is missing
(microtype)             in font `TU/TeXGyrePagella(0)/b/n/12'.
(microtype)             Ignoring protrusion settings for this character.
Package microtype Info: Character `₀' is missing
(microtype)             in font `TU/TeXGyrePagella(0)/b/n/12'.
(microtype)             Ignoring protrusion settings for this character.
Package microtype Info: Character `₁' is missing
(microtype)             in font `TU/TeXGyrePagella(0)/b/n/12'.
(microtype)             Ignoring protrusion settings for this character.
Package microtype Info: Character `₂' is missing
(microtype)             in font `TU/TeXGyrePagella(0)/b/n/12'.
(microtype)             Ignoring protrusion settings for this character.
Package microtype Info: Character `₃' is missing
(microtype)             in font `TU/TeXGyrePagella(0)/b/n/12'.
(microtype)             Ignoring protrusion settings for this character.
Package microtype Info: Character `₄' is missing
(microtype)             in font `TU/TeXGyrePagella(0)/b/n/12'.
(microtype)             Ignoring protrusion settings for this character.
Package microtype Info: Character `₅' is missing
(microtype)             in font `TU/TeXGyrePagella(0)/b/n/12'.
(microtype)             Ignoring protrusion settings for this character.
Package microtype Info: Character `₆' is missing
(microtype)             in font `TU/TeXGyrePagella(0)/b/n/12'.
(microtype)             Ignoring protrusion settings for this character.
Package microtype Info: Character `₇' is missing
(microtype)             in font `TU/TeXGyrePagella(0)/b/n/12'.
(microtype)             Ignoring protrusion settings for this character.
Package microtype Info: Character `₈' is missing
(microtype)             in font `TU/TeXGyrePagella(0)/b/n/12'.
(microtype)             Ignoring protrusion settings for this character.
Package microtype Info: Character `₉' is missing
(microtype)             in font `TU/TeXGyrePagella(0)/b/n/12'.
(microtype)             Ignoring protrusion settings for this character.
Package microtype Info: Character `₊' is missing
(microtype)             in font `TU/TeXGyrePagella(0)/b/n/12'.
(microtype)             Ignoring protrusion settings for this character.
Package microtype Info: Character `₋' is missing
(microtype)             in font `TU/TeXGyrePagella(0)/b/n/12'.
(microtype)             Ignoring protrusion settings for this character.
Package microtype Info: Character `⁺' is missing
(microtype)             in font `TU/TeXGyrePagella(0)/b/n/12'.
(microtype)             Ignoring protrusion settings for this character.
Package microtype Info: Character `⁻' is missing
(microtype)             in font `TU/TeXGyrePagella(0)/b/n/12'.
(microtype)             Ignoring protrusion settings for this character.
Package microtype Info: Loading generic protrusion settings for font family
(microtype)             `LatinModernMath' (encoding: TU).
(microtype)             For optimal results, create family-specific settings.
(microtype)             See the microtype manual for details.
LaTeX Font Info:    Trying to load font information for U+rsfs on input line 8.


(/usr/share/texlive/texmf-dist/tex/latex/jknapltx/ursfs.fd
File: ursfs.fd 1998/03/24 rsfs font definition file (jk)
)

LaTeX Font Warning: Font shape `U/rsfs/m/n' in size <5.475> not available
(Font)              size <5> substituted on input line 8.


LaTeX Font Warning: Font shape `TU/LatinModernMath(1)/b/n' undefined
(Font)              using `TU/LatinModernMath(1)/m/n' instead on input line 8.


LaTeX Font Warning: Font shape `TU/LatinModernMath(2)/b/n' undefined
(Font)              using `TU/LatinModernMath(2)/m/n' instead on input line 8.


LaTeX Font Warning: Font shape `TU/LatinModernMath(3)/b/n' undefined
(Font)              using `TU/LatinModernMath(3)/m/n' instead on input line 8.

[7

]

Package fancyhdr Warning: \headheight is too small (12.0pt): 
(fancyhdr)                Make it at least 13.59999pt, for example:
(fancyhdr)                \setlength{\headheight}{13.59999pt}.
(fancyhdr)                You might also make \topmargin smaller to compensate:

(fancyhdr)                \addtolength{\topmargin}{-1.59999pt}.

[8]

Package fancyhdr Warning: \headheight is too small (12.0pt): 
(fancyhdr)                Make it at least 13.59999pt, for example:
(fancyhdr)                \setlength{\headheight}{13.59999pt}.
(fancyhdr)                You might also make \topmargin smaller to compensate:

(fancyhdr)                \addtolength{\topmargin}{-1.59999pt}.

[9]

Package fancyhdr Warning: \headheight is too small (12.0pt): 
(fancyhdr)                Make it at least 13.59999pt, for example:
(fancyhdr)                \setlength{\headheight}{13.59999pt}.
(fancyhdr)                You might also make \topmargin smaller to compensate:

(fancyhdr)                \addtolength{\topmargin}{-1.59999pt}.

[10]

Package fancyhdr Warning: \headheight is too small (12.0pt): 
(fancyhdr)                Make it at least 13.59999pt, for example:
(fancyhdr)                \setlength{\headheight}{13.59999pt}.
(fancyhdr)                You might also make \topmargin smaller to compensate:

(fancyhdr)                \addtolength{\topmargin}{-1.59999pt}.

[11])
\tf@toc=\write5

\openout5 = structural-semantics.toc


Package fancyhdr Warning: \headheight is too small (12.0pt): 
(fancyhdr)                Make it at least 13.59999pt, for example:
(fancyhdr)                \setlength{\headheight}{13.59999pt}.
(fancyhdr)                You might also make \topmargin smaller to compensate:

(fancyhdr)                \addtolength{\topmargin}{-1.59999pt}.

[12] [13


]

Package fancyhdr Warning: \headheight is too small (12.0pt): 
(fancyhdr)                Make it at least 13.59999pt, for example:
(fancyhdr)                \setlength{\headheight}{13.59999pt}.
(fancyhdr)                You might also make \topmargin smaller to compensate:

(fancyhdr)                \addtolength{\topmargin}{-1.59999pt}.

[14

] [15]

Package fancyhdr Warning: \headheight is too small (12.0pt): 
(fancyhdr)                Make it at least 13.59999pt, for example:
(fancyhdr)                \setlength{\headheight}{13.59999pt}.
(fancyhdr)                You might also make \topmargin smaller to compensate:

(fancyhdr)                \addtolength{\topmargin}{-1.59999pt}.

[16

]

LaTeX Warning: cref reference format for label type `' undefined on input line 
326.

[17]

Package fancyhdr Warning: \headheight is too small (12.0pt): 
(fancyhdr)                Make it at least 13.59999pt, for example:
(fancyhdr)                \setlength{\headheight}{13.59999pt}.
(fancyhdr)                You might also make \topmargin smaller to compensate:

(fancyhdr)                \addtolength{\topmargin}{-1.59999pt}.

[18

]
Package microtype Info: Character `ﬆ' is missing
(microtype)             in font `TU/TeXGyrePagella(1)/m/n/10.95'.
(microtype)             Ignoring protrusion settings for this character.
Package microtype Info: Character `ﬅ' is missing
(microtype)             in font `TU/TeXGyrePagella(1)/m/n/10.95'.
(microtype)             Ignoring protrusion settings for this character.
Package microtype Info: Character `‥' is missing
(microtype)             in font `TU/TeXGyrePagella(1)/m/n/10.95'.
(microtype)             Ignoring protrusion settings for this character.
Package microtype Info: Character `‼' is missing
(microtype)             in font `TU/TeXGyrePagella(1)/m/n/10.95'.
(microtype)             Ignoring protrusion settings for this character.
Package microtype Info: Character `⁰' is missing
(microtype)             in font `TU/TeXGyrePagella(1)/m/n/10.95'.
(microtype)             Ignoring protrusion settings for this character.
Package microtype Info: Character `⁴' is missing
(microtype)             in font `TU/TeXGyrePagella(1)/m/n/10.95'.
(microtype)             Ignoring protrusion settings for this character.
Package microtype Info: Character `⁵' is missing
(microtype)             in font `TU/TeXGyrePagella(1)/m/n/10.95'.
(microtype)             Ignoring protrusion settings for this character.
Package microtype Info: Character `⁶' is missing
(microtype)             in font `TU/TeXGyrePagella(1)/m/n/10.95'.
(microtype)             Ignoring protrusion settings for this character.
Package microtype Info: Character `⁷' is missing
(microtype)             in font `TU/TeXGyrePagella(1)/m/n/10.95'.
(microtype)             Ignoring protrusion settings for this character.
Package microtype Info: Character `⁸' is missing
(microtype)             in font `TU/TeXGyrePagella(1)/m/n/10.95'.
(microtype)             Ignoring protrusion settings for this character.
Package microtype Info: Character `⁹' is missing
(microtype)             in font `TU/TeXGyrePagella(1)/m/n/10.95'.
(microtype)             Ignoring protrusion settings for this character.
Package microtype Info: Character `₀' is missing
(microtype)             in font `TU/TeXGyrePagella(1)/m/n/10.95'.
(microtype)             Ignoring protrusion settings for this character.
Package microtype Info: Character `₁' is missing
(microtype)             in font `TU/TeXGyrePagella(1)/m/n/10.95'.
(microtype)             Ignoring protrusion settings for this character.
Package microtype Info: Character `₂' is missing
(microtype)             in font `TU/TeXGyrePagella(1)/m/n/10.95'.
(microtype)             Ignoring protrusion settings for this character.
Package microtype Info: Character `₃' is missing
(microtype)             in font `TU/TeXGyrePagella(1)/m/n/10.95'.
(microtype)             Ignoring protrusion settings for this character.
Package microtype Info: Character `₄' is missing
(microtype)             in font `TU/TeXGyrePagella(1)/m/n/10.95'.
(microtype)             Ignoring protrusion settings for this character.
Package microtype Info: Character `₅' is missing
(microtype)             in font `TU/TeXGyrePagella(1)/m/n/10.95'.
(microtype)             Ignoring protrusion settings for this character.
Package microtype Info: Character `₆' is missing
(microtype)             in font `TU/TeXGyrePagella(1)/m/n/10.95'.
(microtype)             Ignoring protrusion settings for this character.
Package microtype Info: Character `₇' is missing
(microtype)             in font `TU/TeXGyrePagella(1)/m/n/10.95'.
(microtype)             Ignoring protrusion settings for this character.
Package microtype Info: Character `₈' is missing
(microtype)             in font `TU/TeXGyrePagella(1)/m/n/10.95'.
(microtype)             Ignoring protrusion settings for this character.
Package microtype Info: Character `₉' is missing
(microtype)             in font `TU/TeXGyrePagella(1)/m/n/10.95'.
(microtype)             Ignoring protrusion settings for this character.
Package microtype Info: Character `₊' is missing
(microtype)             in font `TU/TeXGyrePagella(1)/m/n/10.95'.
(microtype)             Ignoring protrusion settings for this character.
Package microtype Info: Character `₋' is missing
(microtype)             in font `TU/TeXGyrePagella(1)/m/n/10.95'.
(microtype)             Ignoring protrusion settings for this character.
Package microtype Info: Character `⁺' is missing
(microtype)             in font `TU/TeXGyrePagella(1)/m/n/10.95'.
(microtype)             Ignoring protrusion settings for this character.
Package microtype Info: Character `⁻' is missing
(microtype)             in font `TU/TeXGyrePagella(1)/m/n/10.95'.
(microtype)             Ignoring protrusion settings for this character.
Package microtype Info: Character `ﬆ' is missing
(microtype)             in font `TU/TeXGyrePagella(1)/m/n/7.665'.
(microtype)             Ignoring protrusion settings for this character.
Package microtype Info: Character `ﬅ' is missing
(microtype)             in font `TU/TeXGyrePagella(1)/m/n/7.665'.
(microtype)             Ignoring protrusion settings for this character.
Package microtype Info: Character `‥' is missing
(microtype)             in font `TU/TeXGyrePagella(1)/m/n/7.665'.
(microtype)             Ignoring protrusion settings for this character.
Package microtype Info: Character `‼' is missing
(microtype)             in font `TU/TeXGyrePagella(1)/m/n/7.665'.
(microtype)             Ignoring protrusion settings for this character.
Package microtype Info: Character `⁰' is missing
(microtype)             in font `TU/TeXGyrePagella(1)/m/n/7.665'.
(microtype)             Ignoring protrusion settings for this character.
Package microtype Info: Character `⁴' is missing
(microtype)             in font `TU/TeXGyrePagella(1)/m/n/7.665'.
(microtype)             Ignoring protrusion settings for this character.
Package microtype Info: Character `⁵' is missing
(microtype)             in font `TU/TeXGyrePagella(1)/m/n/7.665'.
(microtype)             Ignoring protrusion settings for this character.
Package microtype Info: Character `⁶' is missing
(microtype)             in font `TU/TeXGyrePagella(1)/m/n/7.665'.
(microtype)             Ignoring protrusion settings for this character.
Package microtype Info: Character `⁷' is missing
(microtype)             in font `TU/TeXGyrePagella(1)/m/n/7.665'.
(microtype)             Ignoring protrusion settings for this character.
Package microtype Info: Character `⁸' is missing
(microtype)             in font `TU/TeXGyrePagella(1)/m/n/7.665'.
(microtype)             Ignoring protrusion settings for this character.
Package microtype Info: Character `⁹' is missing
(microtype)             in font `TU/TeXGyrePagella(1)/m/n/7.665'.
(microtype)             Ignoring protrusion settings for this character.
Package microtype Info: Character `₀' is missing
(microtype)             in font `TU/TeXGyrePagella(1)/m/n/7.665'.
(microtype)             Ignoring protrusion settings for this character.
Package microtype Info: Character `₁' is missing
(microtype)             in font `TU/TeXGyrePagella(1)/m/n/7.665'.
(microtype)             Ignoring protrusion settings for this character.
Package microtype Info: Character `₂' is missing
(microtype)             in font `TU/TeXGyrePagella(1)/m/n/7.665'.
(microtype)             Ignoring protrusion settings for this character.
Package microtype Info: Character `₃' is missing
(microtype)             in font `TU/TeXGyrePagella(1)/m/n/7.665'.
(microtype)             Ignoring protrusion settings for this character.
Package microtype Info: Character `₄' is missing
(microtype)             in font `TU/TeXGyrePagella(1)/m/n/7.665'.
(microtype)             Ignoring protrusion settings for this character.
Package microtype Info: Character `₅' is missing
(microtype)             in font `TU/TeXGyrePagella(1)/m/n/7.665'.
(microtype)             Ignoring protrusion settings for this character.
Package microtype Info: Character `₆' is missing
(microtype)             in font `TU/TeXGyrePagella(1)/m/n/7.665'.
(microtype)             Ignoring protrusion settings for this character.
Package microtype Info: Character `₇' is missing
(microtype)             in font `TU/TeXGyrePagella(1)/m/n/7.665'.
(microtype)             Ignoring protrusion settings for this character.
Package microtype Info: Character `₈' is missing
(microtype)             in font `TU/TeXGyrePagella(1)/m/n/7.665'.
(microtype)             Ignoring protrusion settings for this character.
Package microtype Info: Character `₉' is missing
(microtype)             in font `TU/TeXGyrePagella(1)/m/n/7.665'.
(microtype)             Ignoring protrusion settings for this character.
Package microtype Info: Character `₊' is missing
(microtype)             in font `TU/TeXGyrePagella(1)/m/n/7.665'.
(microtype)             Ignoring protrusion settings for this character.
Package microtype Info: Character `₋' is missing
(microtype)             in font `TU/TeXGyrePagella(1)/m/n/7.665'.
(microtype)             Ignoring protrusion settings for this character.
Package microtype Info: Character `⁺' is missing
(microtype)             in font `TU/TeXGyrePagella(1)/m/n/7.665'.
(microtype)             Ignoring protrusion settings for this character.
Package microtype Info: Character `⁻' is missing
(microtype)             in font `TU/TeXGyrePagella(1)/m/n/7.665'.
(microtype)             Ignoring protrusion settings for this character.
Package microtype Info: Character `ﬆ' is missing
(microtype)             in font `TU/TeXGyrePagella(1)/m/n/5.475'.
(microtype)             Ignoring protrusion settings for this character.
Package microtype Info: Character `ﬅ' is missing
(microtype)             in font `TU/TeXGyrePagella(1)/m/n/5.475'.
(microtype)             Ignoring protrusion settings for this character.
Package microtype Info: Character `‥' is missing
(microtype)             in font `TU/TeXGyrePagella(1)/m/n/5.475'.
(microtype)             Ignoring protrusion settings for this character.
Package microtype Info: Character `‼' is missing
(microtype)             in font `TU/TeXGyrePagella(1)/m/n/5.475'.
(microtype)             Ignoring protrusion settings for this character.
Package microtype Info: Character `⁰' is missing
(microtype)             in font `TU/TeXGyrePagella(1)/m/n/5.475'.
(microtype)             Ignoring protrusion settings for this character.
Package microtype Info: Character `⁴' is missing
(microtype)             in font `TU/TeXGyrePagella(1)/m/n/5.475'.
(microtype)             Ignoring protrusion settings for this character.
Package microtype Info: Character `⁵' is missing
(microtype)             in font `TU/TeXGyrePagella(1)/m/n/5.475'.
(microtype)             Ignoring protrusion settings for this character.
Package microtype Info: Character `⁶' is missing
(microtype)             in font `TU/TeXGyrePagella(1)/m/n/5.475'.
(microtype)             Ignoring protrusion settings for this character.
Package microtype Info: Character `⁷' is missing
(microtype)             in font `TU/TeXGyrePagella(1)/m/n/5.475'.
(microtype)             Ignoring protrusion settings for this character.
Package microtype Info: Character `⁸' is missing
(microtype)             in font `TU/TeXGyrePagella(1)/m/n/5.475'.
(microtype)             Ignoring protrusion settings for this character.
Package microtype Info: Character `⁹' is missing
(microtype)             in font `TU/TeXGyrePagella(1)/m/n/5.475'.
(microtype)             Ignoring protrusion settings for this character.
Package microtype Info: Character `₀' is missing
(microtype)             in font `TU/TeXGyrePagella(1)/m/n/5.475'.
(microtype)             Ignoring protrusion settings for this character.
Package microtype Info: Character `₁' is missing
(microtype)             in font `TU/TeXGyrePagella(1)/m/n/5.475'.
(microtype)             Ignoring protrusion settings for this character.
Package microtype Info: Character `₂' is missing
(microtype)             in font `TU/TeXGyrePagella(1)/m/n/5.475'.
(microtype)             Ignoring protrusion settings for this character.
Package microtype Info: Character `₃' is missing
(microtype)             in font `TU/TeXGyrePagella(1)/m/n/5.475'.
(microtype)             Ignoring protrusion settings for this character.
Package microtype Info: Character `₄' is missing
(microtype)             in font `TU/TeXGyrePagella(1)/m/n/5.475'.
(microtype)             Ignoring protrusion settings for this character.
Package microtype Info: Character `₅' is missing
(microtype)             in font `TU/TeXGyrePagella(1)/m/n/5.475'.
(microtype)             Ignoring protrusion settings for this character.
Package microtype Info: Character `₆' is missing
(microtype)             in font `TU/TeXGyrePagella(1)/m/n/5.475'.
(microtype)             Ignoring protrusion settings for this character.
Package microtype Info: Character `₇' is missing
(microtype)             in font `TU/TeXGyrePagella(1)/m/n/5.475'.
(microtype)             Ignoring protrusion settings for this character.
Package microtype Info: Character `₈' is missing
(microtype)             in font `TU/TeXGyrePagella(1)/m/n/5.475'.
(microtype)             Ignoring protrusion settings for this character.
Package microtype Info: Character `₉' is missing
(microtype)             in font `TU/TeXGyrePagella(1)/m/n/5.475'.
(microtype)             Ignoring protrusion settings for this character.
Package microtype Info: Character `₊' is missing
(microtype)             in font `TU/TeXGyrePagella(1)/m/n/5.475'.
(microtype)             Ignoring protrusion settings for this character.
Package microtype Info: Character `₋' is missing
(microtype)             in font `TU/TeXGyrePagella(1)/m/n/5.475'.
(microtype)             Ignoring protrusion settings for this character.
Package microtype Info: Character `⁺' is missing
(microtype)             in font `TU/TeXGyrePagella(1)/m/n/5.475'.
(microtype)             Ignoring protrusion settings for this character.
Package microtype Info: Character `⁻' is missing
(microtype)             in font `TU/TeXGyrePagella(1)/m/n/5.475'.
(microtype)             Ignoring protrusion settings for this character.
 [19]

Package fancyhdr Warning: \headheight is too small (12.0pt): 
(fancyhdr)                Make it at least 13.59999pt, for example:
(fancyhdr)                \setlength{\headheight}{13.59999pt}.
(fancyhdr)                You might also make \topmargin smaller to compensate:

(fancyhdr)                \addtolength{\topmargin}{-1.59999pt}.

[20

]
Package microtype Info: Character `ﬆ' is missing
(microtype)             in font `TU/TeXGyrePagella(0)/m/n/20.74'.
(microtype)             Ignoring protrusion settings for this character.
Package microtype Info: Character `ﬅ' is missing
(microtype)             in font `TU/TeXGyrePagella(0)/m/n/20.74'.
(microtype)             Ignoring protrusion settings for this character.
Package microtype Info: Character `‥' is missing
(microtype)             in font `TU/TeXGyrePagella(0)/m/n/20.74'.
(microtype)             Ignoring protrusion settings for this character.
Package microtype Info: Character `‼' is missing
(microtype)             in font `TU/TeXGyrePagella(0)/m/n/20.74'.
(microtype)             Ignoring protrusion settings for this character.
Package microtype Info: Character `⁰' is missing
(microtype)             in font `TU/TeXGyrePagella(0)/m/n/20.74'.
(microtype)             Ignoring protrusion settings for this character.
Package microtype Info: Character `⁴' is missing
(microtype)             in font `TU/TeXGyrePagella(0)/m/n/20.74'.
(microtype)             Ignoring protrusion settings for this character.
Package microtype Info: Character `⁵' is missing
(microtype)             in font `TU/TeXGyrePagella(0)/m/n/20.74'.
(microtype)             Ignoring protrusion settings for this character.
Package microtype Info: Character `⁶' is missing
(microtype)             in font `TU/TeXGyrePagella(0)/m/n/20.74'.
(microtype)             Ignoring protrusion settings for this character.
Package microtype Info: Character `⁷' is missing
(microtype)             in font `TU/TeXGyrePagella(0)/m/n/20.74'.
(microtype)             Ignoring protrusion settings for this character.
Package microtype Info: Character `⁸' is missing
(microtype)             in font `TU/TeXGyrePagella(0)/m/n/20.74'.
(microtype)             Ignoring protrusion settings for this character.
Package microtype Info: Character `⁹' is missing
(microtype)             in font `TU/TeXGyrePagella(0)/m/n/20.74'.
(microtype)             Ignoring protrusion settings for this character.
Package microtype Info: Character `₀' is missing
(microtype)             in font `TU/TeXGyrePagella(0)/m/n/20.74'.
(microtype)             Ignoring protrusion settings for this character.
Package microtype Info: Character `₁' is missing
(microtype)             in font `TU/TeXGyrePagella(0)/m/n/20.74'.
(microtype)             Ignoring protrusion settings for this character.
Package microtype Info: Character `₂' is missing
(microtype)             in font `TU/TeXGyrePagella(0)/m/n/20.74'.
(microtype)             Ignoring protrusion settings for this character.
Package microtype Info: Character `₃' is missing
(microtype)             in font `TU/TeXGyrePagella(0)/m/n/20.74'.
(microtype)             Ignoring protrusion settings for this character.
Package microtype Info: Character `₄' is missing
(microtype)             in font `TU/TeXGyrePagella(0)/m/n/20.74'.
(microtype)             Ignoring protrusion settings for this character.
Package microtype Info: Character `₅' is missing
(microtype)             in font `TU/TeXGyrePagella(0)/m/n/20.74'.
(microtype)             Ignoring protrusion settings for this character.
Package microtype Info: Character `₆' is missing
(microtype)             in font `TU/TeXGyrePagella(0)/m/n/20.74'.
(microtype)             Ignoring protrusion settings for this character.
Package microtype Info: Character `₇' is missing
(microtype)             in font `TU/TeXGyrePagella(0)/m/n/20.74'.
(microtype)             Ignoring protrusion settings for this character.
Package microtype Info: Character `₈' is missing
(microtype)             in font `TU/TeXGyrePagella(0)/m/n/20.74'.
(microtype)             Ignoring protrusion settings for this character.
Package microtype Info: Character `₉' is missing
(microtype)             in font `TU/TeXGyrePagella(0)/m/n/20.74'.
(microtype)             Ignoring protrusion settings for this character.
Package microtype Info: Character `₊' is missing
(microtype)             in font `TU/TeXGyrePagella(0)/m/n/20.74'.
(microtype)             Ignoring protrusion settings for this character.
Package microtype Info: Character `₋' is missing
(microtype)             in font `TU/TeXGyrePagella(0)/m/n/20.74'.
(microtype)             Ignoring protrusion settings for this character.
Package microtype Info: Character `⁺' is missing
(microtype)             in font `TU/TeXGyrePagella(0)/m/n/20.74'.
(microtype)             Ignoring protrusion settings for this character.
Package microtype Info: Character `⁻' is missing
(microtype)             in font `TU/TeXGyrePagella(0)/m/n/20.74'.
(microtype)             Ignoring protrusion settings for this character.
Package microtype Info: Character `ﬆ' is missing
(microtype)             in font `TU/TeXGyrePagella(0)/b/n/20.74'.
(microtype)             Ignoring protrusion settings for this character.
Package microtype Info: Character `ﬅ' is missing
(microtype)             in font `TU/TeXGyrePagella(0)/b/n/20.74'.
(microtype)             Ignoring protrusion settings for this character.
Package microtype Info: Character `‥' is missing
(microtype)             in font `TU/TeXGyrePagella(0)/b/n/20.74'.
(microtype)             Ignoring protrusion settings for this character.
Package microtype Info: Character `‼' is missing
(microtype)             in font `TU/TeXGyrePagella(0)/b/n/20.74'.
(microtype)             Ignoring protrusion settings for this character.
Package microtype Info: Character `⁰' is missing
(microtype)             in font `TU/TeXGyrePagella(0)/b/n/20.74'.
(microtype)             Ignoring protrusion settings for this character.
Package microtype Info: Character `⁴' is missing
(microtype)             in font `TU/TeXGyrePagella(0)/b/n/20.74'.
(microtype)             Ignoring protrusion settings for this character.
Package microtype Info: Character `⁵' is missing
(microtype)             in font `TU/TeXGyrePagella(0)/b/n/20.74'.
(microtype)             Ignoring protrusion settings for this character.
Package microtype Info: Character `⁶' is missing
(microtype)             in font `TU/TeXGyrePagella(0)/b/n/20.74'.
(microtype)             Ignoring protrusion settings for this character.
Package microtype Info: Character `⁷' is missing
(microtype)             in font `TU/TeXGyrePagella(0)/b/n/20.74'.
(microtype)             Ignoring protrusion settings for this character.
Package microtype Info: Character `⁸' is missing
(microtype)             in font `TU/TeXGyrePagella(0)/b/n/20.74'.
(microtype)             Ignoring protrusion settings for this character.
Package microtype Info: Character `⁹' is missing
(microtype)             in font `TU/TeXGyrePagella(0)/b/n/20.74'.
(microtype)             Ignoring protrusion settings for this character.
Package microtype Info: Character `₀' is missing
(microtype)             in font `TU/TeXGyrePagella(0)/b/n/20.74'.
(microtype)             Ignoring protrusion settings for this character.
Package microtype Info: Character `₁' is missing
(microtype)             in font `TU/TeXGyrePagella(0)/b/n/20.74'.
(microtype)             Ignoring protrusion settings for this character.
Package microtype Info: Character `₂' is missing
(microtype)             in font `TU/TeXGyrePagella(0)/b/n/20.74'.
(microtype)             Ignoring protrusion settings for this character.
Package microtype Info: Character `₃' is missing
(microtype)             in font `TU/TeXGyrePagella(0)/b/n/20.74'.
(microtype)             Ignoring protrusion settings for this character.
Package microtype Info: Character `₄' is missing
(microtype)             in font `TU/TeXGyrePagella(0)/b/n/20.74'.
(microtype)             Ignoring protrusion settings for this character.
Package microtype Info: Character `₅' is missing
(microtype)             in font `TU/TeXGyrePagella(0)/b/n/20.74'.
(microtype)             Ignoring protrusion settings for this character.
Package microtype Info: Character `₆' is missing
(microtype)             in font `TU/TeXGyrePagella(0)/b/n/20.74'.
(microtype)             Ignoring protrusion settings for this character.
Package microtype Info: Character `₇' is missing
(microtype)             in font `TU/TeXGyrePagella(0)/b/n/20.74'.
(microtype)             Ignoring protrusion settings for this character.
Package microtype Info: Character `₈' is missing
(microtype)             in font `TU/TeXGyrePagella(0)/b/n/20.74'.
(microtype)             Ignoring protrusion settings for this character.
Package microtype Info: Character `₉' is missing
(microtype)             in font `TU/TeXGyrePagella(0)/b/n/20.74'.
(microtype)             Ignoring protrusion settings for this character.
Package microtype Info: Character `₊' is missing
(microtype)             in font `TU/TeXGyrePagella(0)/b/n/20.74'.
(microtype)             Ignoring protrusion settings for this character.
Package microtype Info: Character `₋' is missing
(microtype)             in font `TU/TeXGyrePagella(0)/b/n/20.74'.
(microtype)             Ignoring protrusion settings for this character.
Package microtype Info: Character `⁺' is missing
(microtype)             in font `TU/TeXGyrePagella(0)/b/n/20.74'.
(microtype)             Ignoring protrusion settings for this character.
Package microtype Info: Character `⁻' is missing
(microtype)             in font `TU/TeXGyrePagella(0)/b/n/20.74'.
(microtype)             Ignoring protrusion settings for this character.
 [1

] [2]
Chapter 1.
Package microtype Info: Character `ﬆ' is missing
(microtype)             in font `TU/TeXGyrePagella(0)/b/n/14.4'.
(microtype)             Ignoring protrusion settings for this character.
Package microtype Info: Character `ﬅ' is missing
(microtype)             in font `TU/TeXGyrePagella(0)/b/n/14.4'.
(microtype)             Ignoring protrusion settings for this character.
Package microtype Info: Character `‥' is missing
(microtype)             in font `TU/TeXGyrePagella(0)/b/n/14.4'.
(microtype)             Ignoring protrusion settings for this character.
Package microtype Info: Character `‼' is missing
(microtype)             in font `TU/TeXGyrePagella(0)/b/n/14.4'.
(microtype)             Ignoring protrusion settings for this character.
Package microtype Info: Character `⁰' is missing
(microtype)             in font `TU/TeXGyrePagella(0)/b/n/14.4'.
(microtype)             Ignoring protrusion settings for this character.
Package microtype Info: Character `⁴' is missing
(microtype)             in font `TU/TeXGyrePagella(0)/b/n/14.4'.
(microtype)             Ignoring protrusion settings for this character.
Package microtype Info: Character `⁵' is missing
(microtype)             in font `TU/TeXGyrePagella(0)/b/n/14.4'.
(microtype)             Ignoring protrusion settings for this character.
Package microtype Info: Character `⁶' is missing
(microtype)             in font `TU/TeXGyrePagella(0)/b/n/14.4'.
(microtype)             Ignoring protrusion settings for this character.
Package microtype Info: Character `⁷' is missing
(microtype)             in font `TU/TeXGyrePagella(0)/b/n/14.4'.
(microtype)             Ignoring protrusion settings for this character.
Package microtype Info: Character `⁸' is missing
(microtype)             in font `TU/TeXGyrePagella(0)/b/n/14.4'.
(microtype)             Ignoring protrusion settings for this character.
Package microtype Info: Character `⁹' is missing
(microtype)             in font `TU/TeXGyrePagella(0)/b/n/14.4'.
(microtype)             Ignoring protrusion settings for this character.
Package microtype Info: Character `₀' is missing
(microtype)             in font `TU/TeXGyrePagella(0)/b/n/14.4'.
(microtype)             Ignoring protrusion settings for this character.
Package microtype Info: Character `₁' is missing
(microtype)             in font `TU/TeXGyrePagella(0)/b/n/14.4'.
(microtype)             Ignoring protrusion settings for this character.
Package microtype Info: Character `₂' is missing
(microtype)             in font `TU/TeXGyrePagella(0)/b/n/14.4'.
(microtype)             Ignoring protrusion settings for this character.
Package microtype Info: Character `₃' is missing
(microtype)             in font `TU/TeXGyrePagella(0)/b/n/14.4'.
(microtype)             Ignoring protrusion settings for this character.
Package microtype Info: Character `₄' is missing
(microtype)             in font `TU/TeXGyrePagella(0)/b/n/14.4'.
(microtype)             Ignoring protrusion settings for this character.
Package microtype Info: Character `₅' is missing
(microtype)             in font `TU/TeXGyrePagella(0)/b/n/14.4'.
(microtype)             Ignoring protrusion settings for this character.
Package microtype Info: Character `₆' is missing
(microtype)             in font `TU/TeXGyrePagella(0)/b/n/14.4'.
(microtype)             Ignoring protrusion settings for this character.
Package microtype Info: Character `₇' is missing
(microtype)             in font `TU/TeXGyrePagella(0)/b/n/14.4'.
(microtype)             Ignoring protrusion settings for this character.
Package microtype Info: Character `₈' is missing
(microtype)             in font `TU/TeXGyrePagella(0)/b/n/14.4'.
(microtype)             Ignoring protrusion settings for this character.
Package microtype Info: Character `₉' is missing
(microtype)             in font `TU/TeXGyrePagella(0)/b/n/14.4'.
(microtype)             Ignoring protrusion settings for this character.
Package microtype Info: Character `₊' is missing
(microtype)             in font `TU/TeXGyrePagella(0)/b/n/14.4'.
(microtype)             Ignoring protrusion settings for this character.
Package microtype Info: Character `₋' is missing
(microtype)             in font `TU/TeXGyrePagella(0)/b/n/14.4'.
(microtype)             Ignoring protrusion settings for this character.
Package microtype Info: Character `⁺' is missing
(microtype)             in font `TU/TeXGyrePagella(0)/b/n/14.4'.
(microtype)             Ignoring protrusion settings for this character.
Package microtype Info: Character `⁻' is missing
(microtype)             in font `TU/TeXGyrePagella(0)/b/n/14.4'.
(microtype)             Ignoring protrusion settings for this character.
[3

]

Package fancyhdr Warning: \headheight is too small (12.0pt): 
(fancyhdr)                Make it at least 25.44359pt, for example:
(fancyhdr)                \setlength{\headheight}{25.44359pt}.
(fancyhdr)                You might also make \topmargin smaller to compensate:

(fancyhdr)                \addtolength{\topmargin}{-13.44359pt}.

[4]
Overfull \hbox (1.48233pt too wide) in paragraph at lines 528--533
\TU/TeXGyrePagella(0)/m/n/10.95 and bi-o-log-i-cal cog-ni-tive ar-chi-tec-tures.
 The math-e-mat-i-cal frame-work de-vel-oped through-
 []


Package fancyhdr Warning: \headheight is too small (12.0pt): 
(fancyhdr)                Make it at least 13.59999pt, for example:
(fancyhdr)                \setlength{\headheight}{13.59999pt}.
(fancyhdr)                You might also make \topmargin smaller to compensate:

(fancyhdr)                \addtolength{\topmargin}{-1.59999pt}.

[5]
Overfull \hbox (0.52963pt too wide) in paragraph at lines 632--651
\TU/TeXGyrePagella(0)/m/n/10.95 mono-graph. Struc-tural Se-man-tics is not pre-s
ented as a the-ory of con-scious-ness: whether
 []


Package fancyhdr Warning: \headheight is too small (12.0pt): 
(fancyhdr)                Make it at least 25.44359pt, for example:
(fancyhdr)                \setlength{\headheight}{25.44359pt}.
(fancyhdr)                You might also make \topmargin smaller to compensate:

(fancyhdr)                \addtolength{\topmargin}{-13.44359pt}.

[6]
Package microtype Info: Loading generic protrusion settings for font family
(microtype)             `TeXGyreHeros' (encoding: TU).
(microtype)             For optimal results, create family-specific settings.
(microtype)             See the microtype manual for details.
Package microtype Info: Character `ﬆ' is missing
(microtype)             in font `TU/TeXGyrePagella(0)/m/n/7.665'.
(microtype)             Ignoring protrusion settings for this character.
Package microtype Info: Character `ﬅ' is missing
(microtype)             in font `TU/TeXGyrePagella(0)/m/n/7.665'.
(microtype)             Ignoring protrusion settings for this character.
Package microtype Info: Character `‥' is missing
(microtype)             in font `TU/TeXGyrePagella(0)/m/n/7.665'.
(microtype)             Ignoring protrusion settings for this character.
Package microtype Info: Character `‼' is missing
(microtype)             in font `TU/TeXGyrePagella(0)/m/n/7.665'.
(microtype)             Ignoring protrusion settings for this character.
Package microtype Info: Character `⁰' is missing
(microtype)             in font `TU/TeXGyrePagella(0)/m/n/7.665'.
(microtype)             Ignoring protrusion settings for this character.
Package microtype Info: Character `⁴' is missing
(microtype)             in font `TU/TeXGyrePagella(0)/m/n/7.665'.
(microtype)             Ignoring protrusion settings for this character.
Package microtype Info: Character `⁵' is missing
(microtype)             in font `TU/TeXGyrePagella(0)/m/n/7.665'.
(microtype)             Ignoring protrusion settings for this character.
Package microtype Info: Character `⁶' is missing
(microtype)             in font `TU/TeXGyrePagella(0)/m/n/7.665'.
(microtype)             Ignoring protrusion settings for this character.
Package microtype Info: Character `⁷' is missing
(microtype)             in font `TU/TeXGyrePagella(0)/m/n/7.665'.
(microtype)             Ignoring protrusion settings for this character.
Package microtype Info: Character `⁸' is missing
(microtype)             in font `TU/TeXGyrePagella(0)/m/n/7.665'.
(microtype)             Ignoring protrusion settings for this character.
Package microtype Info: Character `⁹' is missing
(microtype)             in font `TU/TeXGyrePagella(0)/m/n/7.665'.
(microtype)             Ignoring protrusion settings for this character.
Package microtype Info: Character `₀' is missing
(microtype)             in font `TU/TeXGyrePagella(0)/m/n/7.665'.
(microtype)             Ignoring protrusion settings for this character.
Package microtype Info: Character `₁' is missing
(microtype)             in font `TU/TeXGyrePagella(0)/m/n/7.665'.
(microtype)             Ignoring protrusion settings for this character.
Package microtype Info: Character `₂' is missing
(microtype)             in font `TU/TeXGyrePagella(0)/m/n/7.665'.
(microtype)             Ignoring protrusion settings for this character.
Package microtype Info: Character `₃' is missing
(microtype)             in font `TU/TeXGyrePagella(0)/m/n/7.665'.
(microtype)             Ignoring protrusion settings for this character.
Package microtype Info: Character `₄' is missing
(microtype)             in font `TU/TeXGyrePagella(0)/m/n/7.665'.
(microtype)             Ignoring protrusion settings for this character.
Package microtype Info: Character `₅' is missing
(microtype)             in font `TU/TeXGyrePagella(0)/m/n/7.665'.
(microtype)             Ignoring protrusion settings for this character.
Package microtype Info: Character `₆' is missing
(microtype)             in font `TU/TeXGyrePagella(0)/m/n/7.665'.
(microtype)             Ignoring protrusion settings for this character.
Package microtype Info: Character `₇' is missing
(microtype)             in font `TU/TeXGyrePagella(0)/m/n/7.665'.
(microtype)             Ignoring protrusion settings for this character.
Package microtype Info: Character `₈' is missing
(microtype)             in font `TU/TeXGyrePagella(0)/m/n/7.665'.
(microtype)             Ignoring protrusion settings for this character.
Package microtype Info: Character `₉' is missing
(microtype)             in font `TU/TeXGyrePagella(0)/m/n/7.665'.
(microtype)             Ignoring protrusion settings for this character.
Package microtype Info: Character `₊' is missing
(microtype)             in font `TU/TeXGyrePagella(0)/m/n/7.665'.
(microtype)             Ignoring protrusion settings for this character.
Package microtype Info: Character `₋' is missing
(microtype)             in font `TU/TeXGyrePagella(0)/m/n/7.665'.
(microtype)             Ignoring protrusion settings for this character.
Package microtype Info: Character `⁺' is missing
(microtype)             in font `TU/TeXGyrePagella(0)/m/n/7.665'.
(microtype)             Ignoring protrusion settings for this character.
Package microtype Info: Character `⁻' is missing
(microtype)             in font `TU/TeXGyrePagella(0)/m/n/7.665'.
(microtype)             Ignoring protrusion settings for this character.
Package microtype Info: Character `ﬆ' is missing
(microtype)             in font `TU/TeXGyrePagella(0)/m/n/5.475'.
(microtype)             Ignoring protrusion settings for this character.
Package microtype Info: Character `ﬅ' is missing
(microtype)             in font `TU/TeXGyrePagella(0)/m/n/5.475'.
(microtype)             Ignoring protrusion settings for this character.
Package microtype Info: Character `‥' is missing
(microtype)             in font `TU/TeXGyrePagella(0)/m/n/5.475'.
(microtype)             Ignoring protrusion settings for this character.
Package microtype Info: Character `‼' is missing
(microtype)             in font `TU/TeXGyrePagella(0)/m/n/5.475'.
(microtype)             Ignoring protrusion settings for this character.
Package microtype Info: Character `⁰' is missing
(microtype)             in font `TU/TeXGyrePagella(0)/m/n/5.475'.
(microtype)             Ignoring protrusion settings for this character.
Package microtype Info: Character `⁴' is missing
(microtype)             in font `TU/TeXGyrePagella(0)/m/n/5.475'.
(microtype)             Ignoring protrusion settings for this character.
Package microtype Info: Character `⁵' is missing
(microtype)             in font `TU/TeXGyrePagella(0)/m/n/5.475'.
(microtype)             Ignoring protrusion settings for this character.
Package microtype Info: Character `⁶' is missing
(microtype)             in font `TU/TeXGyrePagella(0)/m/n/5.475'.
(microtype)             Ignoring protrusion settings for this character.
Package microtype Info: Character `⁷' is missing
(microtype)             in font `TU/TeXGyrePagella(0)/m/n/5.475'.
(microtype)             Ignoring protrusion settings for this character.
Package microtype Info: Character `⁸' is missing
(microtype)             in font `TU/TeXGyrePagella(0)/m/n/5.475'.
(microtype)             Ignoring protrusion settings for this character.
Package microtype Info: Character `⁹' is missing
(microtype)             in font `TU/TeXGyrePagella(0)/m/n/5.475'.
(microtype)             Ignoring protrusion settings for this character.
Package microtype Info: Character `₀' is missing
(microtype)             in font `TU/TeXGyrePagella(0)/m/n/5.475'.
(microtype)             Ignoring protrusion settings for this character.
Package microtype Info: Character `₁' is missing
(microtype)             in font `TU/TeXGyrePagella(0)/m/n/5.475'.
(microtype)             Ignoring protrusion settings for this character.
Package microtype Info: Character `₂' is missing
(microtype)             in font `TU/TeXGyrePagella(0)/m/n/5.475'.
(microtype)             Ignoring protrusion settings for this character.
Package microtype Info: Character `₃' is missing
(microtype)             in font `TU/TeXGyrePagella(0)/m/n/5.475'.
(microtype)             Ignoring protrusion settings for this character.
Package microtype Info: Character `₄' is missing
(microtype)             in font `TU/TeXGyrePagella(0)/m/n/5.475'.
(microtype)             Ignoring protrusion settings for this character.
Package microtype Info: Character `₅' is missing
(microtype)             in font `TU/TeXGyrePagella(0)/m/n/5.475'.
(microtype)             Ignoring protrusion settings for this character.
Package microtype Info: Character `₆' is missing
(microtype)             in font `TU/TeXGyrePagella(0)/m/n/5.475'.
(microtype)             Ignoring protrusion settings for this character.
Package microtype Info: Character `₇' is missing
(microtype)             in font `TU/TeXGyrePagella(0)/m/n/5.475'.
(microtype)             Ignoring protrusion settings for this character.
Package microtype Info: Character `₈' is missing
(microtype)             in font `TU/TeXGyrePagella(0)/m/n/5.475'.
(microtype)             Ignoring protrusion settings for this character.
Package microtype Info: Character `₉' is missing
(microtype)             in font `TU/TeXGyrePagella(0)/m/n/5.475'.
(microtype)             Ignoring protrusion settings for this character.
Package microtype Info: Character `₊' is missing
(microtype)             in font `TU/TeXGyrePagella(0)/m/n/5.475'.
(microtype)             Ignoring protrusion settings for this character.
Package microtype Info: Character `₋' is missing
(microtype)             in font `TU/TeXGyrePagella(0)/m/n/5.475'.
(microtype)             Ignoring protrusion settings for this character.
Package microtype Info: Character `⁺' is missing
(microtype)             in font `TU/TeXGyrePagella(0)/m/n/5.475'.
(microtype)             Ignoring protrusion settings for this character.
Package microtype Info: Character `⁻' is missing
(microtype)             in font `TU/TeXGyrePagella(0)/m/n/5.475'.
(microtype)             Ignoring protrusion settings for this character.


Package fancyhdr Warning: \headheight is too small (12.0pt): 
(fancyhdr)                Make it at least 13.59999pt, for example:
(fancyhdr)                \setlength{\headheight}{13.59999pt}.
(fancyhdr)                You might also make \topmargin smaller to compensate:

(fancyhdr)                \addtolength{\topmargin}{-1.59999pt}.

[7]

Package fancyhdr Warning: \headheight is too small (12.0pt): 
(fancyhdr)                Make it at least 25.44359pt, for example:
(fancyhdr)                \setlength{\headheight}{25.44359pt}.
(fancyhdr)                You might also make \topmargin smaller to compensate:

(fancyhdr)                \addtolength{\topmargin}{-13.44359pt}.

[8]
Overfull \hbox (5.64946pt too wide) in paragraph at lines 771--779
\TU/TeXGyrePagella(0)/m/n/10.95 rewrit-ing sys-tems, in-for-ma-tion ge-om-e-try,
 cat-e-gory the-ory, and dy-nam-i-cal sys-tems; rather
 []


Overfull \hbox (8.17229pt too wide) in paragraph at lines 791--801
[]\TU/TeXGyrePagella(0)/m/n/10.95 Fi-nally, ev-ery math-e-mat-i-cal model in-ten
ded to de-scribe com-pu-ta-tional sys-tems should
 []


Package fancyhdr Warning: \headheight is too small (12.0pt): 
(fancyhdr)                Make it at least 13.59999pt, for example:
(fancyhdr)                \setlength{\headheight}{13.59999pt}.
(fancyhdr)                You might also make \topmargin smaller to compensate:

(fancyhdr)                \addtolength{\topmargin}{-1.59999pt}.

[9]

Package fancyhdr Warning: \headheight is too small (12.0pt): 
(fancyhdr)                Make it at least 25.44359pt, for example:
(fancyhdr)                \setlength{\headheight}{25.44359pt}.
(fancyhdr)                You might also make \topmargin smaller to compensate:

(fancyhdr)                \addtolength{\topmargin}{-13.44359pt}.

[10]

Package fancyhdr Warning: \headheight is too small (12.0pt): 
(fancyhdr)                Make it at least 13.59999pt, for example:
(fancyhdr)                \setlength{\headheight}{13.59999pt}.
(fancyhdr)                You might also make \topmargin smaller to compensate:

(fancyhdr)                \addtolength{\topmargin}{-1.59999pt}.

[11]

Package fancyhdr Warning: \headheight is too small (12.0pt): 
(fancyhdr)                Make it at least 25.44359pt, for example:
(fancyhdr)                \setlength{\headheight}{25.44359pt}.
(fancyhdr)                You might also make \topmargin smaller to compensate:

(fancyhdr)                \addtolength{\topmargin}{-13.44359pt}.

[12

]
Chapter 2.

Overfull \hbox (7.8308pt too wide) in paragraph at lines 941--953
\TU/TeXGyrePagella(0)/m/n/10.95 The ex-pres-sion \TU/TeXGyrePagella(0)/m/it/10.
95 struc-tural se-man-tics \TU/TeXGyrePagella(0)/m/n/10.95 has a well-establishe
d his-tory within twentieth-century
 []

[13]

Package fancyhdr Warning: \headheight is too small (12.0pt): 
(fancyhdr)                Make it at least 13.59999pt, for example:
(fancyhdr)                \setlength{\headheight}{13.59999pt}.
(fancyhdr)                You might also make \topmargin smaller to compensate:

(fancyhdr)                \addtolength{\topmargin}{-1.59999pt}.

[14]

Package fancyhdr Warning: \headheight is too small (12.0pt): 
(fancyhdr)                Make it at least 13.59999pt, for example:
(fancyhdr)                \setlength{\headheight}{13.59999pt}.
(fancyhdr)                You might also make \topmargin smaller to compensate:

(fancyhdr)                \addtolength{\topmargin}{-1.59999pt}.

[15]

Package fancyhdr Warning: \headheight is too small (12.0pt): 
(fancyhdr)                Make it at least 13.59999pt, for example:
(fancyhdr)                \setlength{\headheight}{13.59999pt}.
(fancyhdr)                You might also make \topmargin smaller to compensate:

(fancyhdr)                \addtolength{\topmargin}{-1.59999pt}.

[16]

Package fancyhdr Warning: \headheight is too small (12.0pt): 
(fancyhdr)                Make it at least 13.59999pt, for example:
(fancyhdr)                \setlength{\headheight}{13.59999pt}.
(fancyhdr)                You might also make \topmargin smaller to compensate:

(fancyhdr)                \addtolength{\topmargin}{-1.59999pt}.

[17]
Overfull \hbox (3.06232pt too wide) in paragraph at lines 1252--1270
[]\TU/TeXGyrePagella(0)/m/n/10.95 Pre-dic-tive Pro-cess-ing uni-fies per-cep-tio
n, learn-ing, mem-ory, and mo-tor con-trol within
 []


Package fancyhdr Warning: \headheight is too small (12.0pt): 
(fancyhdr)                Make it at least 13.59999pt, for example:
(fancyhdr)                \setlength{\headheight}{13.59999pt}.
(fancyhdr)                You might also make \topmargin smaller to compensate:

(fancyhdr)                \addtolength{\topmargin}{-1.59999pt}.

[18]

Package fancyhdr Warning: \headheight is too small (12.0pt): 
(fancyhdr)                Make it at least 13.59999pt, for example:
(fancyhdr)                \setlength{\headheight}{13.59999pt}.
(fancyhdr)                You might also make \topmargin smaller to compensate:

(fancyhdr)                \addtolength{\topmargin}{-1.59999pt}.

[19]
Overfull \hbox (0.17314pt too wide) in paragraph at lines 1336--1351
\TU/TeXGyrePagella(0)/m/n/10.95 gory the-ory stud-ies structure- pre-serv-ing ma
p-pings, pre-dic-tive pro-cess-ing mod-els adap-
 []


Package fancyhdr Warning: \headheight is too small (12.0pt): 
(fancyhdr)                Make it at least 13.59999pt, for example:
(fancyhdr)                \setlength{\headheight}{13.59999pt}.
(fancyhdr)                You might also make \topmargin smaller to compensate:

(fancyhdr)                \addtolength{\topmargin}{-1.59999pt}.

[20]
Chapter 3.
[21

]
Overfull \hbox (0.17688pt too wide) in paragraph at lines 1426--1432
\TU/TeXGyrePagella(0)/m/n/10.95 cerns sub-jec-tive ex-pe-ri-ence, for func-tiona
l the-o-ries be-hav-ioral com-pe-tence, and for Struc-
 []


Overfull \hbox (8.04265pt too wide) in paragraph at lines 1446--1461
\TU/TeXGyrePagella(0)/m/n/10.95 anal-y-sis of sub-jec-tive ex-pe-ri-ence, Searle
’s cri-tique of com-pu-ta-tional in-tel-li-gence, Chalmers’
 []


Package fancyhdr Warning: \headheight is too small (12.0pt): 
(fancyhdr)                Make it at least 13.59999pt, for example:
(fancyhdr)                \setlength{\headheight}{13.59999pt}.
(fancyhdr)                You might also make \topmargin smaller to compensate:

(fancyhdr)                \addtolength{\topmargin}{-1.59999pt}.

[22]

Package fancyhdr Warning: \headheight is too small (12.0pt): 
(fancyhdr)                Make it at least 13.59999pt, for example:
(fancyhdr)                \setlength{\headheight}{13.59999pt}.
(fancyhdr)                You might also make \topmargin smaller to compensate:

(fancyhdr)                \addtolength{\topmargin}{-1.59999pt}.

[23]
Overfull \hbox (2.6024pt too wide) in paragraph at lines 1559--1566
[]\TU/TeXGyrePagella(0)/m/n/10.95 Struc-tural Se-man-tics ac-cepts the func-tion
-al-ist in-sight that se-man-tic or-ga-ni-za-tion need
 []


Package fancyhdr Warning: \headheight is too small (12.0pt): 
(fancyhdr)                Make it at least 13.59999pt, for example:
(fancyhdr)                \setlength{\headheight}{13.59999pt}.
(fancyhdr)                You might also make \topmargin smaller to compensate:

(fancyhdr)                \addtolength{\topmargin}{-1.59999pt}.

[24]
Underfull \hbox (badness 10000) in paragraph at lines 1647--1647
[]|\TU/TeXGyrePagella(0)/m/n/10.95 First-person
 []


Underfull \hbox (badness 10000) in paragraph at lines 1648--1649
[]|\TU/TeXGyrePagella(0)/m/n/10.95 Husserl, Hei-deg-ger,
 []


Underfull \hbox (badness 10000) in paragraph at lines 1648--1649
\TU/TeXGyrePagella(0)/m/n/10.95 White-head, Nagel,
 []


Underfull \hbox (badness 10000) in paragraph at lines 1649--1649
[]|\TU/TeXGyrePagella(0)/m/n/10.95 Be-hav-ioral com-
 []


Underfull \hbox (badness 10000) in paragraph at lines 1649--1649
[]|\TU/TeXGyrePagella(0)/m/n/10.95 Ob-serv-able per-
 []


Underfull \hbox (badness 7613) in paragraph at lines 1650--1651
[]|\TU/TeXGyrePagella(0)/m/n/10.95 Tur-ing, Put-nam, Fodor,
 []


Underfull \hbox (badness 7540) in paragraph at lines 1651--1651
[]|\TU/TeXGyrePagella(0)/m/n/10.95 Con-tex-tual or-ga-
 []


Overfull \hbox (28.08302pt too wide) in paragraph at lines 1643--1655
 [][] 
 []


Package fancyhdr Warning: \headheight is too small (12.0pt): 
(fancyhdr)                Make it at least 13.59999pt, for example:
(fancyhdr)                \setlength{\headheight}{13.59999pt}.
(fancyhdr)                You might also make \topmargin smaller to compensate:

(fancyhdr)                \addtolength{\topmargin}{-1.59999pt}.

[25]
Overfull \hbox (0.97252pt too wide) in paragraph at lines 1683--1688
[]\TU/TeXGyrePagella(0)/b/n/10.95 Em-pir-i-cal hy-pothe-ses.[] \TU/TeXGyrePagel
la(0)/m/n/10.95 Struc-tural se-man-tic ca-pac-ity con-sti-tutes an in-de-pen-den
tly mea-
 []


Package fancyhdr Warning: \headheight is too small (12.0pt): 
(fancyhdr)                Make it at least 13.59999pt, for example:
(fancyhdr)                \setlength{\headheight}{13.59999pt}.
(fancyhdr)                You might also make \topmargin smaller to compensate:

(fancyhdr)                \addtolength{\topmargin}{-1.59999pt}.

[26]
Chapter 4.
[27

]

Package fancyhdr Warning: \headheight is too small (12.0pt): 
(fancyhdr)                Make it at least 13.59999pt, for example:
(fancyhdr)                \setlength{\headheight}{13.59999pt}.
(fancyhdr)                You might also make \topmargin smaller to compensate:

(fancyhdr)                \addtolength{\topmargin}{-1.59999pt}.

[28]
Overfull \hbox (5.25026pt too wide) in paragraph at lines 1826--1829
[]\TU/TeXGyrePagella(0)/b/n/10.95 Es-tab-lished back-ground.[] \TU/TeXGyrePagel
la(0)/m/n/10.95 White-head’s pro-cess on-tol-ogy, ac-tual oc-ca-sions, pre-hen
-sions,
 []


Overfull \hbox (6.8587pt too wide) in paragraph at lines 1834--1837
[]\TU/TeXGyrePagella(0)/b/n/10.95 Em-pir-i-cal hy-pothe-ses.[] \TU/TeXGyrePagel
la(0)/m/n/10.95 None. This chap-ter re-con-structs an ex-ist-ing philo-soph-i-ca
l frame-
 []


Package fancyhdr Warning: \headheight is too small (12.0pt): 
(fancyhdr)                Make it at least 13.59999pt, for example:
(fancyhdr)                \setlength{\headheight}{13.59999pt}.
(fancyhdr)                You might also make \topmargin smaller to compensate:

(fancyhdr)                \addtolength{\topmargin}{-1.59999pt}.

[29]

Package fancyhdr Warning: \headheight is too small (12.0pt): 
(fancyhdr)                Make it at least 13.59999pt, for example:
(fancyhdr)                \setlength{\headheight}{13.59999pt}.
(fancyhdr)                You might also make \topmargin smaller to compensate:

(fancyhdr)                \addtolength{\topmargin}{-1.59999pt}.

[30

]
Chapter 5.

Overfull \hbox (8.78716pt too wide) in paragraph at lines 1873--1884
\TU/TeXGyrePagella(0)/m/n/10.95 The re-con-struc-tion of Chap-ter 4 nat-u-rally par-ti-tions White-head
’s on-tol-ogy into two classes.
 []

[31]

Package fancyhdr Warning: \headheight is too small (12.0pt): 
(fancyhdr)                Make it at least 13.59999pt, for example:
(fancyhdr)                \setlength{\headheight}{13.59999pt}.
(fancyhdr)                You might also make \topmargin smaller to compensate:

(fancyhdr)                \addtolength{\topmargin}{-1.59999pt}.

[32]
Overfull \hbox (1.30093pt too wide) in paragraph at lines 1989--1993
[]\TU/TeXGyrePagella(0)/b/n/10.95 Es-tab-lished back-ground.[] \TU/TeXGyrePagel
la(0)/m/n/10.95 White-head’s dis-tinc-tion be-tween struc-tural pro-cess and 
Sub-
 []


Package fancyhdr Warning: \headheight is too small (12.0pt): 
(fancyhdr)                Make it at least 13.59999pt, for example:
(fancyhdr)                \setlength{\headheight}{13.59999pt}.
(fancyhdr)                You might also make \topmargin smaller to compensate:

(fancyhdr)                \addtolength{\topmargin}{-1.59999pt}.

[33]

Package fancyhdr Warning: \headheight is too small (12.0pt): 
(fancyhdr)                Make it at least 13.59999pt, for example:
(fancyhdr)                \setlength{\headheight}{13.59999pt}.
(fancyhdr)                You might also make \topmargin smaller to compensate:

(fancyhdr)                \addtolength{\topmargin}{-1.59999pt}.

[34

] [35] [36]
Chapter 6.
[37

]

Package fancyhdr Warning: \headheight is too small (12.0pt): 
(fancyhdr)                Make it at least 13.59999pt, for example:
(fancyhdr)                \setlength{\headheight}{13.59999pt}.
(fancyhdr)                You might also make \topmargin smaller to compensate:

(fancyhdr)                \addtolength{\topmargin}{-1.59999pt}.

[38]

Package fancyhdr Warning: \headheight is too small (12.0pt): 
(fancyhdr)                Make it at least 13.59999pt, for example:
(fancyhdr)                \setlength{\headheight}{13.59999pt}.
(fancyhdr)                You might also make \topmargin smaller to compensate:

(fancyhdr)                \addtolength{\topmargin}{-1.59999pt}.

[39]

Package fancyhdr Warning: \headheight is too small (12.0pt): 
(fancyhdr)                Make it at least 13.59999pt, for example:
(fancyhdr)                \setlength{\headheight}{13.59999pt}.
(fancyhdr)                You might also make \topmargin smaller to compensate:

(fancyhdr)                \addtolength{\topmargin}{-1.59999pt}.

[40]
Overfull \hbox (1.11853pt too wide) in paragraph at lines 2314--2327
\TU/TeXGyrePagella(0)/m/n/10.95 The ge-om-e-try in-tro-duced thus far de-lib-er-
ately re-mains static: we have de-fined the spaces
 []


Overfull \hbox (14.07474pt too wide) in paragraph at lines 2330--2342
\TU/TeXGyrePagella(0)/m/n/10.95 man-tics. Be-gin-ning with state do-mains and bo
und-ary con-straints, we con-structed bounded
 []


Package fancyhdr Warning: \headheight is too small (12.0pt): 
(fancyhdr)                Make it at least 13.59999pt, for example:
(fancyhdr)                \setlength{\headheight}{13.59999pt}.
(fancyhdr)                You might also make \topmargin smaller to compensate:

(fancyhdr)                \addtolength{\topmargin}{-1.59999pt}.

[41]
Overfull \hbox (8.10097pt too wide) in paragraph at lines 2345--2348
[]\TU/TeXGyrePagella(0)/b/n/10.95 Es-tab-lished back-ground.[] \TU/TeXGyrePagel
la(0)/m/n/10.95 Hi-er-ar-chi-cal con-texts in for-mal logic, programming-languag
e
 []


Overfull \hbox (14.36064pt too wide) in paragraph at lines 2349--2352
[]\TU/TeXGyrePagella(0)/b/n/10.95 For-mal de-vel-op-ments.[] \TU/TeXGyrePagella
(0)/m/n/10.95 Def-i-ni-tions of par-ent and child scopes, scope con-tain-ment, 
bound-
 []


Package fancyhdr Warning: \headheight is too small (12.0pt): 
(fancyhdr)                Make it at least 13.59999pt, for example:
(fancyhdr)                \setlength{\headheight}{13.59999pt}.
(fancyhdr)                You might also make \topmargin smaller to compensate:

(fancyhdr)                \addtolength{\topmargin}{-1.59999pt}.

[42]
Chapter 7.

Overfull \hbox (21.7228pt too wide) in paragraph at lines 2377--2394
\TU/TeXGyrePagella(0)/m/n/10.95 de-fined in-de-pen-dently of any par-tic-u-lar 
com-pu-ta-tional sub-strate: they are not programming-
 []

[43

]

Package fancyhdr Warning: \headheight is too small (12.0pt): 
(fancyhdr)                Make it at least 13.59999pt, for example:
(fancyhdr)                \setlength{\headheight}{13.59999pt}.
(fancyhdr)                You might also make \topmargin smaller to compensate:

(fancyhdr)                \addtolength{\topmargin}{-1.59999pt}.

[44]
Overfull \hbox (0.63275pt too wide) in paragraph at lines 2513--2516
[]\TU/TeXGyrePagella(0)/b/n/10.95 The-o-rem 7.6 \TU/TeXGyrePagella(0)/m/n/10.95
 (Op-er-a-tional com-plete-ness)\TU/TeXGyrePagella(0)/b/n/10.95 . []\TU/TeXGyre
Pagella(0)/m/it/10.95 Ev-ery ad-mis-si-ble trans-for-ma-tion of bounded scope
 []


Overfull \hbox (3.74867pt too wide) in paragraph at lines 2513--2516
\TU/TeXGyrePagella(0)/m/it/10.95 ge-ome-tries ad-mits a fi-nite pre-sen-ta-tion as a com-po-si-tion of the prim-i-tive op-er-a-tions $\TU/LatinModernMath(1)/m/n/10.95 {
𝒫, ℛ, ℬ[], 𝒞[]}$\TU/TeXGyrePagella(0)/m/it/10.95 . 
 []


Package fancyhdr Warning: \headheight is too small (12.0pt): 
(fancyhdr)                Make it at least 13.59999pt, for example:
(fancyhdr)                \setlength{\headheight}{13.59999pt}.
(fancyhdr)                You might also make \topmargin smaller to compensate:

(fancyhdr)                \addtolength{\topmargin}{-1.59999pt}.

[45]

LaTeX Warning: `h' float specifier changed to `ht'.


Package fancyhdr Warning: \headheight is too small (12.0pt): 
(fancyhdr)                Make it at least 13.59999pt, for example:
(fancyhdr)                \setlength{\headheight}{13.59999pt}.
(fancyhdr)                You might also make \topmargin smaller to compensate:

(fancyhdr)                \addtolength{\topmargin}{-1.59999pt}.

[46]
Overfull \hbox (14.41449pt too wide) in paragraph at lines 2686--2689
[]\TU/TeXGyrePagella(0)/b/n/10.95 Def-i-ni-tion 7.14 \TU/TeXGyrePagella(0)/m/n/
10.95 (Op-er-a-tional equiv-a-lence)\TU/TeXGyrePagella(0)/b/n/10.95 . []\TU/TeX
GyrePagella(0)/m/n/10.95 Two prim-i-tive words $\TU/LatinModernMath(1)/m/n/10.9
5 𝑢, 𝑣 ∈ Σ = {𝒫, ℛ, ℬ[], 𝒞[]}[]$
 []


Overfull \hbox (6.79788pt too wide) in paragraph at lines 2691--2695
\TU/TeXGyrePagella(0)/m/n/10.95 mem-bers de-scribe iden-ti-cal ad-mis-si-ble com
-pu-ta-tions, so the Scope Cal-cu-lus dis-tin-guishes
 []


Package fancyhdr Warning: \headheight is too small (12.0pt): 
(fancyhdr)                Make it at least 13.59999pt, for example:
(fancyhdr)                \setlength{\headheight}{13.59999pt}.
(fancyhdr)                You might also make \topmargin smaller to compensate:

(fancyhdr)                \addtolength{\topmargin}{-1.59999pt}.

[47]

Package fancyhdr Warning: \headheight is too small (12.0pt): 
(fancyhdr)                Make it at least 13.59999pt, for example:
(fancyhdr)                \setlength{\headheight}{13.59999pt}.
(fancyhdr)                You might also make \topmargin smaller to compensate:

(fancyhdr)                \addtolength{\topmargin}{-1.59999pt}.

[48]

Package fancyhdr Warning: \headheight is too small (12.0pt): 
(fancyhdr)                Make it at least 13.59999pt, for example:
(fancyhdr)                \setlength{\headheight}{13.59999pt}.
(fancyhdr)                You might also make \topmargin smaller to compensate:

(fancyhdr)                \addtolength{\topmargin}{-1.59999pt}.

[49]

Package fancyhdr Warning: \headheight is too small (12.0pt): 
(fancyhdr)                Make it at least 13.59999pt, for example:
(fancyhdr)                \setlength{\headheight}{13.59999pt}.
(fancyhdr)                You might also make \topmargin smaller to compensate:

(fancyhdr)                \addtolength{\topmargin}{-1.59999pt}.

[50]
Chapter 8.
[51

]

Package fancyhdr Warning: \headheight is too small (12.0pt): 
(fancyhdr)                Make it at least 13.59999pt, for example:
(fancyhdr)                \setlength{\headheight}{13.59999pt}.
(fancyhdr)                You might also make \topmargin smaller to compensate:

(fancyhdr)                \addtolength{\topmargin}{-1.59999pt}.

[52]

Package fancyhdr Warning: \headheight is too small (12.0pt): 
(fancyhdr)                Make it at least 13.59999pt, for example:
(fancyhdr)                \setlength{\headheight}{13.59999pt}.
(fancyhdr)                You might also make \topmargin smaller to compensate:

(fancyhdr)                \addtolength{\topmargin}{-1.59999pt}.

[53]
Overfull \hbox (6.89653pt too wide) in paragraph at lines 3074--3078
\TU/TeXGyrePagella(0)/m/n/10.95 Prin-ci-ple, cat-e-gor-i-cal in-ter-pre-ta-tion of bounded scope ge-ome-tries, ad-mis-si-ble mor-phisms,
 []


Package fancyhdr Warning: \headheight is too small (12.0pt): 
(fancyhdr)                Make it at least 13.59999pt, for example:
(fancyhdr)                \setlength{\headheight}{13.59999pt}.
(fancyhdr)                You might also make \topmargin smaller to compensate:

(fancyhdr)                \addtolength{\topmargin}{-1.59999pt}.

[54]
Chapter 9.
[55

]
Overfull \hbox (0.15688pt too wide) in paragraph at lines 3152--3155
[]\TU/TeXGyrePagella(0)/m/n/10.95 The Clo-sure The-o-rem guar-an-tees that se-ma
n-tic com-pu-ta-tion can-not es-cape the math-
 []


Package fancyhdr Warning: \headheight is too small (12.0pt): 
(fancyhdr)                Make it at least 13.59999pt, for example:
(fancyhdr)                \setlength{\headheight}{13.59999pt}.
(fancyhdr)                You might also make \topmargin smaller to compensate:

(fancyhdr)                \addtolength{\topmargin}{-1.59999pt}.

[56]
Overfull \hbox (2.8413pt too wide) in paragraph at lines 3248--3252
[]\TU/TeXGyrePagella(0)/m/n/10.95 Each col-lapse records pre-cisely those ad-mis
-si-ble bound-ary mod-i-fi-ca-tions re-quired
 []


Package fancyhdr Warning: \headheight is too small (12.0pt): 
(fancyhdr)                Make it at least 13.59999pt, for example:
(fancyhdr)                \setlength{\headheight}{13.59999pt}.
(fancyhdr)                You might also make \topmargin smaller to compensate:

(fancyhdr)                \addtolength{\topmargin}{-1.59999pt}.

[57]
Overfull \hbox (17.06374pt too wide) in paragraph at lines 3322--3330
\TU/TeXGyrePagella(0)/m/it/10.95 state spaces $\TU/LatinModernMath(1)/m/n/10.95
 𝒟[], 𝒟[]$\TU/TeXGyrePagella(0)/m/it/10.95 . Sup-pose there ex-ist admissi
bility-preserving pro-jec-tions $\TU/LatinModernMath(1)/m/n/10.95 ℎ[] ∶ 
𝒟[] → []([])$
 []


Package fancyhdr Warning: \headheight is too small (12.0pt): 
(fancyhdr)                Make it at least 13.59999pt, for example:
(fancyhdr)                \setlength{\headheight}{13.59999pt}.
(fancyhdr)                You might also make \topmargin smaller to compensate:

(fancyhdr)                \addtolength{\topmargin}{-1.59999pt}.

[58]
Overfull \hbox (0.91043pt too wide) in paragraph at lines 3399--3417
\TU/TeXGyrePagella(0)/m/n/10.95 scope hi-er-ar-chy, and variable-binding re-la-t
ion-ships, and within the Scope Cal-cu-lus these
 []


Overfull \hbox (9.05728pt too wide) in paragraph at lines 3418--3433
\TU/TeXGyrePagella(0)/m/n/10.95 lished tra-di-tions: de-no-ta-tional equiv-a-len
ce in for-mal se-man-tics iden-ti-fies pro-grams whose
 []


Package fancyhdr Warning: \headheight is too small (12.0pt): 
(fancyhdr)                Make it at least 13.59999pt, for example:
(fancyhdr)                \setlength{\headheight}{13.59999pt}.
(fancyhdr)                You might also make \topmargin smaller to compensate:

(fancyhdr)                \addtolength{\topmargin}{-1.59999pt}.

[59]
Overfull \hbox (17.20036pt too wide) in paragraph at lines 3436--3453
\TU/TeXGyrePagella(0)/m/n/10.95 con-clu-sions de-pend on the hy-pothe-ses stated
 ex-plic-itly in The-o-rem [][]9.10[][], and if admissibility-
 []


Overfull \hbox (2.87418pt too wide) in paragraph at lines 3477--3481
[]\TU/TeXGyrePagella(0)/b/n/10.95 Es-tab-lished back-ground.[] \TU/TeXGyrePagel
la(0)/m/n/10.95 Canon-i-cal rewrit-ing sys-tems, equiv-a-lence re-la-tions, quo-
tient
 []


Overfull \hbox (21.66801pt too wide) in paragraph at lines 3482--3487
\TU/TeXGyrePagella(0)/m/n/10.95 to-gether with the Rep-re-sen-ta-tion In-vari-an
ce The-o-rem and its corol-lary es-tab-lish-ing substrate-
 []


Package fancyhdr Warning: \headheight is too small (12.0pt): 
(fancyhdr)                Make it at least 13.59999pt, for example:
(fancyhdr)                \setlength{\headheight}{13.59999pt}.
(fancyhdr)                You might also make \topmargin smaller to compensate:

(fancyhdr)                \addtolength{\topmargin}{-1.59999pt}.

[60]
Overfull \hbox (2.0517pt too wide) in paragraph at lines 3488--3493
\TU/TeXGyrePagella(0)/m/n/10.95 mat-i-cal, con-di-tional on the stated hy-pothe-
ses. The con-struc-tion of prac-ti-cal admissibility-
 []


Package fancyhdr Warning: \headheight is too small (12.0pt): 
(fancyhdr)                Make it at least 13.59999pt, for example:
(fancyhdr)                \setlength{\headheight}{13.59999pt}.
(fancyhdr)                You might also make \topmargin smaller to compensate:

(fancyhdr)                \addtolength{\topmargin}{-1.59999pt}.

[61]

Package fancyhdr Warning: \headheight is too small (12.0pt): 
(fancyhdr)                Make it at least 13.59999pt, for example:
(fancyhdr)                \setlength{\headheight}{13.59999pt}.
(fancyhdr)                You might also make \topmargin smaller to compensate:

(fancyhdr)                \addtolength{\topmargin}{-1.59999pt}.

[62

]
Chapter 10.
[63]
Overfull \hbox (18.49852pt too wide) in paragraph at lines 3611--3620
[]\TU/TeXGyrePagella(0)/m/n/10.95 The op-er-a-tional com-po-nent of the trans-la
-tion is de-ter-mined by the as-sign-ments $\TU/LatinModernMath(1)/m/n/10.95 
𝐹(𝑃[]) =
 []


Package fancyhdr Warning: \headheight is too small (12.0pt): 
(fancyhdr)                Make it at least 13.59999pt, for example:
(fancyhdr)                \setlength{\headheight}{13.59999pt}.
(fancyhdr)                You might also make \topmargin smaller to compensate:

(fancyhdr)                \addtolength{\topmargin}{-1.59999pt}.

[64]
Overfull \hbox (0.22325pt too wide) in paragraph at lines 3653--3663
[]\TU/TeXGyrePagella(0)/m/n/10.95 Sup-pose $\TU/LatinModernMath(1)/m/n/10.95 
𝑓$ \TU/TeXGyrePagella(0)/m/n/10.95 in-duces the prim-i-tive se-quence $\TU/L
atinModernMath(1)/m/n/10.95 (𝛼[], … , 𝛼[])$ \TU/TeXGyrePagella(0)/m/n/1
0.95 while $\TU/LatinModernMath(1)/m/n/10.95 𝑔$ \TU/TeXGyrePagella(0)/m/n/10
.95 in-duces $\TU/LatinModernMath(1)/m/n/10.95 (𝛽[], … , 𝛽[])$\TU/TeXGy
rePagella(0)/m/n/10.95 .
 []


Package fancyhdr Warning: \headheight is too small (12.0pt): 
(fancyhdr)                Make it at least 13.59999pt, for example:
(fancyhdr)                \setlength{\headheight}{13.59999pt}.
(fancyhdr)                You might also make \topmargin smaller to compensate:

(fancyhdr)                \addtolength{\topmargin}{-1.59999pt}.

[65]
Overfull \hbox (8.84918pt too wide) in paragraph at lines 3745--3749
[]$\TU/TeXGyrePagella(0)/m/n/10.95 , proofs of iden-tity and com-po-si-tion pres
er-va-tion, and the Phe-nomeno-log-i-cal Bound-
 []


Package fancyhdr Warning: \headheight is too small (12.0pt): 
(fancyhdr)                Make it at least 13.59999pt, for example:
(fancyhdr)                \setlength{\headheight}{13.59999pt}.
(fancyhdr)                You might also make \topmargin smaller to compensate:

(fancyhdr)                \addtolength{\topmargin}{-1.59999pt}.

[66]

Package fancyhdr Warning: \headheight is too small (12.0pt): 
(fancyhdr)                Make it at least 13.59999pt, for example:
(fancyhdr)                \setlength{\headheight}{13.59999pt}.
(fancyhdr)                You might also make \topmargin smaller to compensate:

(fancyhdr)                \addtolength{\topmargin}{-1.59999pt}.

[67]

Package fancyhdr Warning: \headheight is too small (12.0pt): 
(fancyhdr)                Make it at least 13.59999pt, for example:
(fancyhdr)                \setlength{\headheight}{13.59999pt}.
(fancyhdr)                You might also make \topmargin smaller to compensate:

(fancyhdr)                \addtolength{\topmargin}{-1.59999pt}.

[68

] [69] [70]
Chapter 11.
[71

]

Package fancyhdr Warning: \headheight is too small (12.0pt): 
(fancyhdr)                Make it at least 25.44359pt, for example:
(fancyhdr)                \setlength{\headheight}{25.44359pt}.
(fancyhdr)                You might also make \topmargin smaller to compensate:

(fancyhdr)                \addtolength{\topmargin}{-13.44359pt}.

[72]
Overfull \hbox (8.20314pt too wide) in paragraph at lines 3872--3887
\TU/TeXGyrePagella(0)/m/n/10.95 rons to-ward un-der-stand-ing dis-tributed com-p
u-ta-tional cir-cuits, in-clud-ing in-duc-tion heads,
 []


Overfull \hbox (2.95084pt too wide) in paragraph at lines 3918--3922
\TU/TeXGyrePagella(0)/m/n/10.95 feed-forward net-works, ac-ti-va-tion man-i-fold
s, scal-ing laws, and mech-a-nis-tic in-ter-pretabil-
 []


Package fancyhdr Warning: \headheight is too small (12.0pt): 
(fancyhdr)                Make it at least 13.59999pt, for example:
(fancyhdr)                \setlength{\headheight}{13.59999pt}.
(fancyhdr)                You might also make \topmargin smaller to compensate:

(fancyhdr)                \addtolength{\topmargin}{-1.59999pt}.

[73]
Overfull \hbox (5.84402pt too wide) in paragraph at lines 3923--3925
[]\TU/TeXGyrePagella(0)/b/n/10.95 For-mal de-vel-op-ments.[] \TU/TeXGyrePagella
(0)/m/n/10.95 None. This chap-ter es-tab-lishes no-ta-tion, ter-mi-nol-ogy, and math-
 []


Package fancyhdr Warning: \headheight is too small (12.0pt): 
(fancyhdr)                Make it at least 25.44359pt, for example:
(fancyhdr)                \setlength{\headheight}{25.44359pt}.
(fancyhdr)                You might also make \topmargin smaller to compensate:

(fancyhdr)                \addtolength{\topmargin}{-13.44359pt}.

[74]
Chapter 12.
[75

]
Overfull \hbox (4.82527pt too wide) in paragraph at lines 4025--4030
[]\TU/TeXGyrePagella(0)/m/n/10.95 Cur-va-ture mea-sures the rate at which the di
-rec-tion of the ac-ti-va-tion tra-jec-tory changes
 []


Package fancyhdr Warning: \headheight is too small (12.0pt): 
(fancyhdr)                Make it at least 13.59999pt, for example:
(fancyhdr)                \setlength{\headheight}{13.59999pt}.
(fancyhdr)                You might also make \topmargin smaller to compensate:

(fancyhdr)                \addtolength{\topmargin}{-1.59999pt}.

[76]
Overfull \hbox (5.01312pt too wide) in paragraph at lines 4084--4093
\TU/TeXGyrePagella(0)/m/n/10.95 This chap-ter re-for-mu-lated trans-former com-p
u-ta-tion as a dis-crete dy-nam-i-cal sys-tem evolv-
 []


Overfull \hbox (9.86755pt too wide) in paragraph at lines 4096--4099
[]\TU/TeXGyrePagella(0)/b/n/10.95 Es-tab-lished back-ground.[] \TU/TeXGyrePagel
la(0)/m/n/10.95 Dis-crete dy-nam-i-cal sys-tems, Ja-co-bian ma-tri-ces, sin-gu-l
ar value
 []


Package fancyhdr Warning: \headheight is too small (12.0pt): 
(fancyhdr)                Make it at least 13.59999pt, for example:
(fancyhdr)                \setlength{\headheight}{13.59999pt}.
(fancyhdr)                You might also make \topmargin smaller to compensate:

(fancyhdr)                \addtolength{\topmargin}{-1.59999pt}.

[77]

Package fancyhdr Warning: \headheight is too small (12.0pt): 
(fancyhdr)                Make it at least 13.59999pt, for example:
(fancyhdr)                \setlength{\headheight}{13.59999pt}.
(fancyhdr)                You might also make \topmargin smaller to compensate:

(fancyhdr)                \addtolength{\topmargin}{-1.59999pt}.

[78

]
Chapter 13.
[79]
Overfull \hbox (21.04213pt too wide) in paragraph at lines 4192--4194
[]\TU/TeXGyrePagella(0)/b/n/10.95 Def-i-ni-tion 13.2 \TU/TeXGyrePagella(0)/m/n/
10.95 (Phase Lock-ing Value)\TU/TeXGyrePagella(0)/b/n/10.95 . []\TU/TeXGyrePage
lla(0)/m/n/10.95 Given $\TU/LatinModernMath(1)/m/n/10.95 𝑁$ \TU/TeXGyrePagel
la(0)/m/n/10.95 paired ob-ser-va-tions, $[] \TU/LatinModernMath(1)/m/n/10.95 = 
[]$\TU/TeXGyrePagella(0)/m/n/10.95 . 
 []


Package fancyhdr Warning: \headheight is too small (12.0pt): 
(fancyhdr)                Make it at least 13.59999pt, for example:
(fancyhdr)                \setlength{\headheight}{13.59999pt}.
(fancyhdr)                You might also make \topmargin smaller to compensate:

(fancyhdr)                \addtolength{\topmargin}{-1.59999pt}.

[80]

Package fancyhdr Warning: \headheight is too small (12.0pt): 
(fancyhdr)                Make it at least 13.59999pt, for example:
(fancyhdr)                \setlength{\headheight}{13.59999pt}.
(fancyhdr)                You might also make \topmargin smaller to compensate:

(fancyhdr)                \addtolength{\topmargin}{-1.59999pt}.

[81]

Package fancyhdr Warning: \headheight is too small (12.0pt): 
(fancyhdr)                Make it at least 13.59999pt, for example:
(fancyhdr)                \setlength{\headheight}{13.59999pt}.
(fancyhdr)                You might also make \topmargin smaller to compensate:

(fancyhdr)                \addtolength{\topmargin}{-1.59999pt}.

[82]
Overfull \hbox (3.15887pt too wide) in paragraph at lines 4392--4397
[]\TU/TeXGyrePagella(0)/b/n/10.95 For-mal de-vel-op-ments.[] \TU/TeXGyrePagella
(0)/m/n/10.95 The an-a-lytic ac-ti-va-tion sig-nal, dis-crete in-stan-ta-neous 
fre-quency,
 []


Package fancyhdr Warning: \headheight is too small (12.0pt): 
(fancyhdr)                Make it at least 13.59999pt, for example:
(fancyhdr)                \setlength{\headheight}{13.59999pt}.
(fancyhdr)                You might also make \topmargin smaller to compensate:

(fancyhdr)                \addtolength{\topmargin}{-1.59999pt}.

[83]

Package fancyhdr Warning: \headheight is too small (12.0pt): 
(fancyhdr)                Make it at least 13.59999pt, for example:
(fancyhdr)                \setlength{\headheight}{13.59999pt}.
(fancyhdr)                You might also make \topmargin smaller to compensate:

(fancyhdr)                \addtolength{\topmargin}{-1.59999pt}.

[84

]
Chapter 14.

Overfull \hbox (0.16713pt too wide) in paragraph at lines 4417--4428
\TU/TeXGyrePagella(0)/m/n/10.95 Through-out this chap-ter we re-main de-lib-er-a
tely implementation-neutral; the al-go-rithms
 []


Overfull \hbox (15.60004pt too wide) in paragraph at lines 4439--4451
[]\TU/TeXGyrePagella(0)/m/n/10.95 For a trans-former model $\TU/LatinModernMath
(1)/m/n/10.95 𝑀$ \TU/TeXGyrePagella(0)/m/n/10.95 con-sist-ing of $\TU/LatinM
odernMath(1)/m/n/10.95 𝐿$ \TU/TeXGyrePagella(0)/m/n/10.95 lay-ers and an in-p
ut se-quence $\TU/LatinModernMath(1)/m/n/10.95 𝑋 = (𝑥[], … , 𝑥[])$\T
U/TeXGyrePagella(0)/m/n/10.95 ,
 []

[85]

Package fancyhdr Warning: \headheight is too small (12.0pt): 
(fancyhdr)                Make it at least 25.44359pt, for example:
(fancyhdr)                \setlength{\headheight}{25.44359pt}.
(fancyhdr)                You might also make \topmargin smaller to compensate:

(fancyhdr)                \addtolength{\topmargin}{-13.44359pt}.

[86]

Package fancyhdr Warning: \headheight is too small (12.0pt): 
(fancyhdr)                Make it at least 13.59999pt, for example:
(fancyhdr)                \setlength{\headheight}{13.59999pt}.
(fancyhdr)                You might also make \topmargin smaller to compensate:

(fancyhdr)                \addtolength{\topmargin}{-1.59999pt}.

[87]

Package fancyhdr Warning: \headheight is too small (12.0pt): 
(fancyhdr)                Make it at least 25.44359pt, for example:
(fancyhdr)                \setlength{\headheight}{25.44359pt}.
(fancyhdr)                You might also make \topmargin smaller to compensate:

(fancyhdr)                \addtolength{\topmargin}{-13.44359pt}.

[88

]
Chapter 15.
[89]
Overfull \hbox (9.95114pt too wide) in paragraph at lines 4640--4642
[]\TU/TeXGyrePagella(0)/b/n/10.95 Hy-poth-e-sis 15.2. []\TU/TeXGyrePagella(0)/m
/n/10.95 Abrupt se-man-tic in-con-sis-tency is ac-com-pa-nied by sta-tis-ti-call
y de-tectable
 []


Overfull \hbox (1.71964pt too wide) in paragraph at lines 4660--4669
\TU/TeXGyrePagella(0)/m/n/10.95 com-pu-ta-tion. For ev-ery gen-er-ated se-quence
, the first ob-serv-able out-put er-ror is recorded,
 []


Package fancyhdr Warning: \headheight is too small (12.0pt): 
(fancyhdr)                Make it at least 25.44359pt, for example:
(fancyhdr)                \setlength{\headheight}{25.44359pt}.
(fancyhdr)                You might also make \topmargin smaller to compensate:

(fancyhdr)                \addtolength{\topmargin}{-13.44359pt}.

[90]

Package fancyhdr Warning: \headheight is too small (12.0pt): 
(fancyhdr)                Make it at least 13.59999pt, for example:
(fancyhdr)                \setlength{\headheight}{13.59999pt}.
(fancyhdr)                You might also make \topmargin smaller to compensate:

(fancyhdr)                \addtolength{\topmargin}{-1.59999pt}.

[91]

Package fancyhdr Warning: \headheight is too small (12.0pt): 
(fancyhdr)                Make it at least 25.44359pt, for example:
(fancyhdr)                \setlength{\headheight}{25.44359pt}.
(fancyhdr)                You might also make \topmargin smaller to compensate:

(fancyhdr)                \addtolength{\topmargin}{-13.44359pt}.

[92] [93

] [94]
Chapter 16.
[95

]

Package fancyhdr Warning: \headheight is too small (12.0pt): 
(fancyhdr)                Make it at least 25.44359pt, for example:
(fancyhdr)                \setlength{\headheight}{25.44359pt}.
(fancyhdr)                You might also make \topmargin smaller to compensate:

(fancyhdr)                \addtolength{\topmargin}{-13.44359pt}.

[96]
Overfull \hbox (1.03827pt too wide) in paragraph at lines 4886--4897
\TU/TeXGyrePagella(0)/m/n/10.95 Com-par-i-son across these di-verse frame-works re-veals a com-mon pat-tern: ev-ery ap-proach
 []


Overfull \hbox (2.67708pt too wide) in paragraph at lines 4886--4897
\TU/TeXGyrePagella(0)/m/n/10.95 tax, pre-dic-tion, con-scious-ness, nor op-ti-mi
za-tion, but the preser-va-tion of ad-mis-si-ble struc-
 []


Package fancyhdr Warning: \headheight is too small (12.0pt): 
(fancyhdr)                Make it at least 13.59999pt, for example:
(fancyhdr)                \setlength{\headheight}{13.59999pt}.
(fancyhdr)                You might also make \topmargin smaller to compensate:

(fancyhdr)                \addtolength{\topmargin}{-1.59999pt}.

[97]

Package fancyhdr Warning: \headheight is too small (12.0pt): 
(fancyhdr)                Make it at least 25.44359pt, for example:
(fancyhdr)                \setlength{\headheight}{25.44359pt}.
(fancyhdr)                You might also make \topmargin smaller to compensate:

(fancyhdr)                \addtolength{\topmargin}{-13.44359pt}.

[98]
Chapter 17.

Overfull \hbox (0.2517pt too wide) in paragraph at lines 4935--4944
[]\TU/TeXGyrePagella(0)/m/n/10.95 Ev-ery math-e-mat-i-cal the-ory pos-sesses bou
nd-aries, and one of the dis-tin-guish-ing char-
 []

[99

]
Overfull \hbox (9.55002pt too wide) in paragraph at lines 5027--5035
\TU/TeXGyrePagella(0)/m/n/10.95 among the most im-por-tant be-ing the ex-is-tenc
e of bounded scope ge-ome-tries, admissibility-
 []


Package fancyhdr Warning: \headheight is too small (12.0pt): 
(fancyhdr)                Make it at least 13.59999pt, for example:
(fancyhdr)                \setlength{\headheight}{13.59999pt}.
(fancyhdr)                You might also make \topmargin smaller to compensate:

(fancyhdr)                \addtolength{\topmargin}{-1.59999pt}.

[100]

Package fancyhdr Warning: \headheight is too small (12.0pt): 
(fancyhdr)                Make it at least 13.59999pt, for example:
(fancyhdr)                \setlength{\headheight}{13.59999pt}.
(fancyhdr)                You might also make \topmargin smaller to compensate:

(fancyhdr)                \addtolength{\topmargin}{-1.59999pt}.

[101]

Package fancyhdr Warning: \headheight is too small (12.0pt): 
(fancyhdr)                Make it at least 13.59999pt, for example:
(fancyhdr)                \setlength{\headheight}{13.59999pt}.
(fancyhdr)                You might also make \topmargin smaller to compensate:

(fancyhdr)                \addtolength{\topmargin}{-1.59999pt}.

[102

]
Chapter 18.

Overfull \hbox (7.99513pt too wide) in paragraph at lines 5128--5138
\TU/TeXGyrePagella(0)/m/n/10.95 and ad-mis-si-bil-ity re-la-tions, we de-vel-ope
d a min-i-mal al-ge-bra ca-pa-ble of de-scrib-ing context-
 []

[103]
Overfull \hbox (0.5455pt too wide) in paragraph at lines 5169--5179
\TU/TeXGyrePagella(0)/m/n/10.95 dis-tinc-tions among for-mal math-e-mat-i-cal th
e-o-rems, proved de-duc-tively within the Scope
 []


Package fancyhdr Warning: \headheight is too small (12.0pt): 
(fancyhdr)                Make it at least 25.44359pt, for example:
(fancyhdr)                \setlength{\headheight}{25.44359pt}.
(fancyhdr)                You might also make \topmargin smaller to compensate:

(fancyhdr)                \addtolength{\topmargin}{-13.44359pt}.

[104]
Overfull \hbox (12.86424pt too wide) in paragraph at lines 5231--5245
\TU/TeXGyrePagella(0)/m/n/10.95 Rep-re-sen-ta-tion In-vari-ance The-o-rem es-tab
-lish-ing se-man-tic equiv-a-lence un-der admissibility-
 []


Package fancyhdr Warning: \headheight is too small (12.0pt): 
(fancyhdr)                Make it at least 13.59999pt, for example:
(fancyhdr)                \setlength{\headheight}{13.59999pt}.
(fancyhdr)                You might also make \topmargin smaller to compensate:

(fancyhdr)                \addtolength{\topmargin}{-1.59999pt}.

[105]
Overfull \hbox (3.62968pt too wide) in paragraph at lines 5261--5264
[]\TU/TeXGyrePagella(0)/b/n/10.95 Es-tab-lished back-ground.[] \TU/TeXGyrePagel
la(0)/m/n/10.95 Sum-mary and syn-the-sis of the math-e-mat-i-cal, com-pu-ta-tion
al,
 []


Package fancyhdr Warning: \headheight is too small (12.0pt): 
(fancyhdr)                Make it at least 25.44359pt, for example:
(fancyhdr)                \setlength{\headheight}{25.44359pt}.
(fancyhdr)                You might also make \topmargin smaller to compensate:

(fancyhdr)                \addtolength{\topmargin}{-13.44359pt}.

[106]
Appendix A.
[107

]

Package fancyhdr Warning: \headheight is too small (12.0pt): 
(fancyhdr)                Make it at least 13.59999pt, for example:
(fancyhdr)                \setlength{\headheight}{13.59999pt}.
(fancyhdr)                You might also make \topmargin smaller to compensate:

(fancyhdr)                \addtolength{\topmargin}{-1.59999pt}.

[108]
Appendix B.
[109

]
Overfull \hbox (3.09679pt too wide) in paragraph at lines 5457--5462
\TU/TeXGyrePagella(0)/m/n/10.95 typed lambda cal-cu-lus em-beds into the Scope 
Cal-cu-lus as a ter-mi-nat-ing, con-flu-ent rewrit-
 []


Package fancyhdr Warning: \headheight is too small (12.0pt): 
(fancyhdr)                Make it at least 13.59999pt, for example:
(fancyhdr)                \setlength{\headheight}{13.59999pt}.
(fancyhdr)                You might also make \topmargin smaller to compensate:

(fancyhdr)                \addtolength{\topmargin}{-1.59999pt}.

[110]

Package fancyhdr Warning: \headheight is too small (12.0pt): 
(fancyhdr)                Make it at least 13.59999pt, for example:
(fancyhdr)                \setlength{\headheight}{13.59999pt}.
(fancyhdr)                You might also make \topmargin smaller to compensate:

(fancyhdr)                \addtolength{\topmargin}{-1.59999pt}.

[111]

Package fancyhdr Warning: \headheight is too small (12.0pt): 
(fancyhdr)                Make it at least 13.59999pt, for example:
(fancyhdr)                \setlength{\headheight}{13.59999pt}.
(fancyhdr)                You might also make \topmargin smaller to compensate:

(fancyhdr)                \addtolength{\topmargin}{-1.59999pt}.

[112

]
Appendix C.
[113]

Package fancyhdr Warning: \headheight is too small (12.0pt): 
(fancyhdr)                Make it at least 13.59999pt, for example:
(fancyhdr)                \setlength{\headheight}{13.59999pt}.
(fancyhdr)                You might also make \topmargin smaller to compensate:

(fancyhdr)                \addtolength{\topmargin}{-1.59999pt}.

[114]

Package fancyhdr Warning: \headheight is too small (12.0pt): 
(fancyhdr)                Make it at least 13.59999pt, for example:
(fancyhdr)                \setlength{\headheight}{13.59999pt}.
(fancyhdr)                You might also make \topmargin smaller to compensate:

(fancyhdr)                \addtolength{\topmargin}{-1.59999pt}.

[115]

Package fancyhdr Warning: \headheight is too small (12.0pt): 
(fancyhdr)                Make it at least 13.59999pt, for example:
(fancyhdr)                \setlength{\headheight}{13.59999pt}.
(fancyhdr)                You might also make \topmargin smaller to compensate:

(fancyhdr)                \addtolength{\topmargin}{-1.59999pt}.

[116

]
Appendix D.
[117]
Overfull \hbox (8.90671pt too wide) in paragraph at lines 5705--5708
[]\TU/TeXGyrePagella(0)/m/n/10.95 Ap-pendix [][]B[][] es-tab-lished unique nor-m
al forms, so ev-ery com-pos-ite re-duces uniquely,
 []


Package fancyhdr Warning: \headheight is too small (12.0pt): 
(fancyhdr)                Make it at least 25.44359pt, for example:
(fancyhdr)                \setlength{\headheight}{25.44359pt}.
(fancyhdr)                You might also make \topmargin smaller to compensate:

(fancyhdr)                \addtolength{\topmargin}{-13.44359pt}.

[118]

Package fancyhdr Warning: \headheight is too small (12.0pt): 
(fancyhdr)                Make it at least 13.59999pt, for example:
(fancyhdr)                \setlength{\headheight}{13.59999pt}.
(fancyhdr)                You might also make \topmargin smaller to compensate:

(fancyhdr)                \addtolength{\topmargin}{-1.59999pt}.

[119]

Package fancyhdr Warning: \headheight is too small (12.0pt): 
(fancyhdr)                Make it at least 25.44359pt, for example:
(fancyhdr)                \setlength{\headheight}{25.44359pt}.
(fancyhdr)                You might also make \topmargin smaller to compensate:

(fancyhdr)                \addtolength{\topmargin}{-13.44359pt}.

[120

]
Appendix E.

Overfull \hbox (13.61807pt too wide) in paragraph at lines 5770--5773
[]\TU/TeXGyrePagella(0)/m/n/10.95 The topol-ogy de-scribes se-man-tic neigh-bor-
hoods rather than ge-o-met-ric dis-tance: nearby
 []


Overfull \hbox (5.91176pt too wide) in paragraph at lines 5804--5807
[]\TU/TeXGyrePagella(0)/b/n/10.95 Def-i-ni-tion E.4 \TU/TeXGyrePagella(0)/m/n/1
0.95 (Ad-mis-si-ble map)\TU/TeXGyrePagella(0)/b/n/10.95 . []\TU/TeXGyrePagella(
0)/m/n/10.95 A con-tin-u-ous map $\TU/LatinModernMath(1)/m/n/10.95 𝑓 ∶ S 
→ S$ \TU/TeXGyrePagella(0)/m/n/10.95 is \TU/TeXGyrePagella(0)/m/it/10.95 ad-mi
s-si-ble \TU/TeXGyrePagella(0)/m/n/10.95 if $\TU/LatinModernMath(1)/m/n/10.95 
𝑓([](𝐴)) ⊆
 []

[121]

Package fancyhdr Warning: \headheight is too small (12.0pt): 
(fancyhdr)                Make it at least 13.59999pt, for example:
(fancyhdr)                \setlength{\headheight}{13.59999pt}.
(fancyhdr)                You might also make \topmargin smaller to compensate:

(fancyhdr)                \addtolength{\topmargin}{-1.59999pt}.

[122]
Appendix F.

Underfull \vbox (badness 1142) has occurred while \output is active []

 [123

]

Package fancyhdr Warning: \headheight is too small (12.0pt): 
(fancyhdr)                Make it at least 13.59999pt, for example:
(fancyhdr)                \setlength{\headheight}{13.59999pt}.
(fancyhdr)                You might also make \topmargin smaller to compensate:

(fancyhdr)                \addtolength{\topmargin}{-1.59999pt}.

[124]
Appendix G.
[125

]

Package fancyhdr Warning: \headheight is too small (12.0pt): 
(fancyhdr)                Make it at least 13.59999pt, for example:
(fancyhdr)                \setlength{\headheight}{13.59999pt}.
(fancyhdr)                You might also make \topmargin smaller to compensate:

(fancyhdr)                \addtolength{\topmargin}{-1.59999pt}.

[126]
Appendix H.

Overfull \hbox (8.6375pt too wide) in paragraph at lines 6078--6083
\TU/TeXGyrePagella(0)/m/n/10.95 This ap-pendix col-lects, in one place, ev-ery 
sym-bol, op-er-a-tor, and con-ven-tion used through-
 []

[127

]

Package fancyhdr Warning: \headheight is too small (12.0pt): 
(fancyhdr)                Make it at least 13.59999pt, for example:
(fancyhdr)                \setlength{\headheight}{13.59999pt}.
(fancyhdr)                You might also make \topmargin smaller to compensate:

(fancyhdr)                \addtolength{\topmargin}{-1.59999pt}.

[128]
Appendix I.

Overfull \hbox (8.20044pt too wide) in paragraph at lines 6196--6196
[]\TU/TeXGyrePagella(0)/b/n/14.4 Lo-cal Con-flu-ence Ver-i-fi-ca-tion (Chap-ter 7, 
§7 and Ap-pendix [][]B[][]) 
 []

[129

] (./structural-semantics.bbl

Package fancyhdr Warning: \headheight is too small (12.0pt): 
(fancyhdr)                Make it at least 13.59999pt, for example:
(fancyhdr)                \setlength{\headheight}{13.59999pt}.
(fancyhdr)                You might also make \topmargin smaller to compensate:

(fancyhdr)                \addtolength{\topmargin}{-1.59999pt}.

[130] [131

]
Underfull \hbox (badness 1831) in paragraph at lines 146--149
[]\TU/TeXGyrePagella(0)/m/n/10.95 Jor-dan Hoff-mann et al.  Train-ing compute-op
timal large lan-guage mod-els.
 []


Package fancyhdr Warning: \headheight is too small (12.0pt): 
(fancyhdr)                Make it at least 13.59999pt, for example:
(fancyhdr)                \setlength{\headheight}{13.59999pt}.
(fancyhdr)                You might also make \topmargin smaller to compensate:

(fancyhdr)                \addtolength{\topmargin}{-1.59999pt}.

[132]
Underfull \hbox (badness 1360) in paragraph at lines 279--283
[]\TU/TeXGyrePagella(0)/m/n/10.95 Ashish Vaswani, Noam Shazeer, Niki Par-mar, Ja
kob Uszko-r-eit, Llion Jones,
 []

)

Package fancyhdr Warning: \headheight is too small (12.0pt): 
(fancyhdr)                Make it at least 13.59999pt, for example:
(fancyhdr)                \setlength{\headheight}{13.59999pt}.
(fancyhdr)                You might also make \topmargin smaller to compensate:

(fancyhdr)                \addtolength{\topmargin}{-1.59999pt}.

[133] (./structural-semantics.aux)
 ***********
LaTeX2e <2023-11-01> patch level 1
L3 programming layer <2024-01-22>
 ***********


LaTeX Font Warning: Size substitutions with differences
(Font)              up to 0.475pt have occurred.


LaTeX Font Warning: Some font shapes were not available, defaults substituted.


LaTeX Warning: There were undefined references.

Package rerunfilecheck Info: File `structural-semantics.out' has not changed.
(rerunfilecheck)             Checksum: ACD7361215C1F62EFA3D01D488B1AF69;45533.
)

Here is how much of LuaTeX's memory you used:
 24284 strings out of 476553
 125240,1977958 words of node,token memory allocated
 685 words of node memory still in use:
   7 hlist, 2 vlist, 2 rule, 1 local_par, 4 glue, 5 kern, 1 penalty, 1 margin_ke
rn, 4 glyph, 17 attribute, 71 glue_spec, 17 attribute_list, 1 write nodes
   avail lists: 2:1210,3:466,4:345,5:982,6:147,7:9921,8:36,9:770,10:20,11:1139
 45254 multiletter control sequences out of 65536+600000
 110 fonts using 25896383 bytes
 86i,15n,89p,1016b,561s stack positions out of 10000i,1000n,20000p,200000b,200000s
</usr/share/texmf/fonts/opentype/public/lm-math/latinmodern-math.otf></usr/share
/texmf/fonts/opentype/public/tex-gyre/texgyreheros-regular.otf></usr/share/texmf
/fonts/opentype/public/lm-math/latinmodern-math.otf></usr/share/texmf/fonts/open
type/public/tex-gyre/texgyrepagella-regular.otf></usr/share/texmf/fonts/opentype
/public/lm-math/latinmodern-math.otf></usr/share/texmf/fonts/opentype/public/tex
-gyre/texgyrepagella-italic.otf></usr/share/texmf/fonts/opentype/public/tex-gyre
/texgyrepagella-regular.otf></usr/share/texmf/fonts/opentype/public/tex-gyre/tex
gyrepagella-bold.otf>
Output written on structural-semantics.pdf (153 pages, 513736 bytes).

PDF statistics: 2429 PDF objects out of 2487 (max. 8388607)
 2227 compressed objects within 23 object streams
 657 named destinations out of 1000 (max. 131072)
 1833 words of extra memory for PDF output out of 10000 (max. 100000000)

